"line_id","order_id","book_id","price"
1,5198,2208,8.44
2,2653,6586,16.04
3,3604,8936,8.75
4,3201,9416,5.35
5,3735,8598,0.54
6,6081,3971,3.26
7,7194,7603,16.86
8,3386,8497,1.66
9,1642,5496,5.13
10,4427,10740,9.19
11,3219,2628,11.08
12,1388,220,4.5
13,5519,1430,10.56
14,961,6328,8.52
15,4175,10578,18.37
16,4454,2115,4.16
17,47,5312,5.11
18,4591,5874,12.15
19,7164,2209,1.36
20,4406,3173,19.16
21,2977,8224,15.86
22,7425,2998,19.41
23,1321,8675,0.57
24,744,7221,12.71
25,4188,8467,5.12
26,3263,950,15.35
27,5335,7567,2.97
28,4205,9997,14.24
29,372,1836,14.38
30,5155,10019,14.34
31,1801,6296,1.97
32,6584,5717,16.72
33,936,6552,1.1
34,5035,9313,18.4
35,1248,9283,3.83
36,2069,5359,3.15
37,3679,2135,9.73
38,259,295,12.48
39,4428,3939,2.97
40,2696,7097,6.52
41,3424,6932,9.91
42,6302,1278,0.44
43,739,5126,6.02
44,6434,11012,5.74
45,442,2440,18.07
46,5217,6998,2.51
47,72,3528,10.22
48,1754,1893,1.67
49,2053,952,19.35
50,1747,6359,18.68
51,7093,9040,10.26
52,815,10022,7.27
53,3994,9126,11.38
54,588,11105,1.68
55,5,598,7.33
56,5539,1243,18.24
57,4750,649,1.2
58,4125,4829,5.96
59,7470,9164,5.78
60,4978,3755,13.09
61,5456,5551,9.24
62,5934,6466,7.14
63,6137,5434,2.33
64,3335,8673,17.48
65,5970,195,0.09
66,6223,10330,10.16
67,4542,7408,5.49
68,7292,5532,6.67
69,5856,8095,18.92
70,6430,9413,17.83
71,1855,7165,2.56
72,6300,10558,0.24
73,3574,991,8.96
74,2133,7495,12.01
75,5284,10150,4.88
76,5930,1846,1.34
77,3717,544,13.86
78,2011,7315,9.89
79,2387,5574,2.67
80,4030,6882,10.81
81,1052,8349,9.36
82,5215,2287,2.23
83,7098,4179,14.46
84,2548,8880,12.68
85,2964,4346,10.12
86,604,3188,18.9
87,1685,6672,15.65
88,879,5137,9.97
89,7288,4020,17.04
90,6945,7123,16.16
91,5672,10588,12
92,3781,6877,3.8
93,6093,6886,15.78
94,3939,5228,12.76
95,7159,9862,2.08
96,2939,8667,12.24
97,669,4380,12.92
98,2102,939,10.03
99,6242,7238,9.26
100,2842,7034,1.98
101,3253,3542,0.57
102,1717,7435,13.38
103,7463,794,0.7
104,93,3763,6.54
105,7139,10688,12.36
106,3860,6861,11.61
107,1803,1262,7.41
108,1650,948,8.62
109,2517,5569,18.63
110,893,2300,6.64
111,1182,186,16.64
112,56,5387,12.67
113,7034,1137,16.3
114,5129,1743,2.26
115,2072,9828,11.03
116,1221,2047,18.12
117,582,7706,6.66
118,1842,5132,16.52
119,4227,3899,1.37
120,4816,6274,1.26
121,4479,8959,3.23
122,2971,2232,15.73
123,2862,418,18.26
124,3540,10274,5.14
125,5180,6501,16.74
126,6930,8181,19.77
127,725,9123,16.99
128,5256,6993,5.91
129,3507,4040,7.33
130,1306,10909,3.95
131,4528,6896,4.56
132,4216,9681,7.12
133,6121,4879,10.87
134,6277,8668,19.94
135,7002,8825,7.87
136,7048,8380,14.14
137,3893,4387,1.69
138,1837,2977,2.51
139,1845,6308,2.13
140,3473,3465,0.14
141,5524,5366,18.78
142,4332,4368,0.26
143,5074,4202,1.72
144,2401,1368,11
145,7493,7211,0.83
146,2393,10696,12.96
147,6476,9840,5.11
148,3815,7089,8.1
149,584,7447,6.19
150,5620,5933,5.32
151,3905,8169,14.93
152,1939,3095,13.56
153,953,6202,8.06
154,7383,6624,9.66
155,5887,1995,2.63
156,540,5251,7.76
157,358,7551,13.42
158,4478,10763,11.01
159,5942,2812,9.39
160,116,9215,17.8
161,5849,1199,16.32
162,6133,1412,7.15
163,4720,7764,9.87
164,1054,10643,3.22
165,5000,2865,17.03
166,7268,7627,2.79
167,3641,3151,6.34
168,5414,1388,9.23
169,6153,9421,11.8
170,5429,11104,4.09
171,5658,7694,8.81
172,4536,3835,2.26
173,4508,962,14.56
174,7186,1981,13.51
175,2697,1830,5.53
176,897,7598,13.78
177,3839,6907,13.47
178,2736,9456,13.47
179,3606,7990,16.65
180,3643,4590,19.39
181,7180,4118,4.32
182,5818,5284,13.71
183,836,3867,1.81
184,6541,1018,15.2
185,113,2318,18.55
186,6545,10926,0.4
187,3420,3749,1.97
188,188,4434,1.07
189,4232,2753,10.46
190,4238,10846,9.79
191,3989,9304,15.35
192,5382,6137,3.35
193,1715,8124,17.05
194,5858,2757,3.51
195,4556,2781,7.61
196,378,360,17.21
197,4552,3169,3.36
198,6163,1687,15.23
199,3095,6162,17.23
200,4624,7133,7.75
201,640,4445,13.76
202,6682,5917,0.85
203,2609,285,9.97
204,2595,5584,5.62
205,1296,9131,14.8
206,4921,3575,4.8
207,5110,6011,13.58
208,135,7031,9.1
209,3249,641,9.93
210,7261,4660,15.17
211,3985,4819,16.38
212,5659,2958,7.91
213,6250,9917,0.15
214,1995,10575,10.47
215,5649,9984,19.45
216,5274,8748,10.56
217,4849,9217,19.58
218,3364,1802,11.97
219,163,5069,15.68
220,6460,1949,4.28
221,3855,5226,13.86
222,7041,5596,16.47
223,5821,6105,18.84
224,2519,4605,1.14
225,1485,8157,14.41
226,4054,6173,3.77
227,2052,2108,4.11
228,1295,2810,11.48
229,4108,1653,10
230,3770,692,5.32
231,411,775,11.39
232,4804,3065,7.18
233,5102,829,15.65
234,3010,8607,8.57
235,722,2721,0.34
236,6853,3307,13.9
237,871,4940,17.7
238,6912,5688,3.24
239,883,8170,16.94
240,66,8452,11.57
241,3093,4447,11.79
242,4939,3464,6.03
243,6810,5280,5.33
244,1700,1194,12.68
245,5408,6401,16.02
246,2430,7106,3.37
247,6886,840,17.84
248,4794,9616,14.57
249,3433,582,14.03
250,6807,7879,6.8
251,2434,7753,17.84
252,4281,4013,6.85
253,2938,2197,18.56
254,6071,372,5.93
255,6439,553,15.5
256,6944,4125,1.22
257,1293,8196,13.09
258,1892,965,19.94
259,3277,6887,4.69
260,5342,6754,5.87
261,6804,488,0.33
262,6245,185,12.83
263,5491,2862,17.53
264,998,1184,16.23
265,3184,3510,10.99
266,3788,2214,6.89
267,5805,8038,2.3
268,4662,4067,1.37
269,4256,6319,0.56
270,1391,10856,12.79
271,7071,5410,10.21
272,7328,6677,8.5
273,2709,2992,11
274,2856,2496,13.74
275,6490,8076,0.19
276,7462,677,11.47
277,5402,11003,19.25
278,6450,1870,0.42
279,7015,4141,2.15
280,5722,5477,18.82
281,1621,9068,17.63
282,1301,10686,7.85
283,4491,6899,0.09
284,1770,4576,6.63
285,272,5769,17
286,7320,1061,2.58
287,786,5495,10.13
288,2800,8462,11.72
289,7232,7556,9.49
290,1930,10272,17.23
291,2931,8047,1.94
292,137,10192,6.39
293,3812,3826,4.19
294,2121,6134,10.6
295,2914,7304,4.53
296,3695,1634,1.84
297,4652,6435,14.39
298,2531,4613,18.82
299,5995,9819,0.66
300,1081,2173,15.04
301,5455,8619,13.96
302,2049,6465,14.41
303,2462,3873,10.34
304,1283,8092,1.18
305,7437,10146,16.17
306,4069,9181,14.27
307,5474,10021,5.73
308,918,2819,18.84
309,7083,6115,4.7
310,6837,8416,8.23
311,2655,2770,3.44
312,6146,8887,5.09
313,3666,5092,2.91
314,2492,320,13.83
315,5207,2802,4.75
316,6752,5682,11.19
317,3575,8265,18.42
318,3757,5831,15.31
319,1103,2703,13.94
320,3708,1307,8.16
321,3962,4418,13.94
322,3455,4289,8.49
323,7154,7832,16.89
324,2100,5859,6.84
325,4254,1141,2.8
326,7152,3609,14.57
327,3621,5637,3.19
328,4770,9966,18.02
329,1804,3367,17.54
330,2749,1892,9.93
331,1314,11123,4.45
332,4435,2368,7.8
333,2081,9887,18.4
334,7272,1467,18.95
335,4771,262,12.71
336,5125,9838,0.45
337,4089,729,0.61
338,1873,7975,16.23
339,3652,2392,14.1
340,1830,1400,14.93
341,7496,4386,16.29
342,7445,1057,13.74
343,2177,7004,15.33
344,2689,7036,8.64
345,193,1576,7.42
346,6503,9861,16.1
347,386,6915,16.97
348,6987,8515,14.83
349,5400,943,15.25
350,1702,7776,4.85
351,3256,10111,19.34
352,2371,1218,12.84
353,4980,10067,8.34
354,6524,3018,3.79
355,2487,10270,11.5
356,812,2424,1.41
357,6,869,9.92
358,5749,9119,12.18
359,4128,5928,19.27
360,6368,5984,7.03
361,5258,2540,13.73
362,1395,10317,8.57
363,466,9727,7.97
364,2954,97,5.22
365,2542,7427,0.32
366,6148,10020,17.75
367,6513,7512,13.77
368,2234,6973,5.25
369,4580,2151,7.05
370,6113,3128,17.61
371,3673,1965,0.31
372,2840,4720,12.71
373,896,3161,9.09
374,5557,2254,2.3
375,3572,7316,9.19
376,1478,3669,11.21
377,418,10971,3.65
378,5077,4398,14.37
379,5779,9849,17.95
380,4048,106,18.34
381,5847,6597,16.32
382,317,7841,2.92
383,3084,9863,8.15
384,2270,5355,10.41
385,2002,7801,3.62
386,6720,2374,4.06
387,285,1807,5
388,2160,2915,7.44
389,4800,241,9.53
390,5366,2217,19.88
391,5955,3713,5.04
392,3466,8956,18.46
393,4854,8345,7.63
394,5685,2079,11.34
395,6236,2830,11.45
396,2020,1918,6.19
397,5817,7614,8.33
398,492,1682,19.7
399,5692,6243,4.8
400,5266,8304,14.71
401,2163,6028,12.13
402,962,2791,5.4
403,1775,2304,15.05
404,457,5026,3.3
405,7343,2740,0.27
406,3946,6049,3.58
407,194,865,13.75
408,5865,3530,1.15
409,6888,3430,2.02
410,6391,4251,15.87
411,5371,2441,14.39
412,24,4549,3.67
413,6674,5626,19.85
414,2506,2944,2.11
415,5169,10546,16.5
416,7273,8088,18.48
417,3235,1066,3.52
418,1904,1737,8.71
419,3534,7718,3.17
420,1611,6705,0.43
421,4179,8585,8
422,7336,9425,7.57
423,4649,3231,12.99
424,1812,1433,6.8
425,2878,7539,3.77
426,3829,4868,1.58
427,576,8719,9.39
428,4859,233,3.53
429,6557,9999,14.04
430,2051,538,18.38
431,6588,10709,3.44
432,3458,10490,12.82
433,3492,9787,15.59
434,1148,698,1.9
435,4590,6228,6.49
436,5929,2006,12.58
437,4806,8710,9.38
438,7423,9991,6.65
439,1643,10644,9
440,258,4165,11.5
441,6646,1205,12.55
442,6289,8797,15.07
443,1815,4477,3.71
444,1114,5509,19.79
445,3026,7434,12.12
446,4404,8431,6.58
447,5009,8148,17.49
448,6858,8156,2.97
449,1167,8730,8.49
450,3227,4192,5.85
451,2204,8865,3.28
452,3670,1754,5.03
453,4638,10654,15.57
454,5106,4739,17.08
455,3057,7804,5.11
456,3472,4123,5.72
457,3739,9629,11.92
458,6269,1711,4.86
459,6549,4804,19.37
460,4341,6903,17.78
461,5863,3264,4.77
462,96,4314,18.13
463,2535,9061,10.22
464,4753,1479,7.69
465,4065,2899,7.37
466,3452,2177,13.45
467,5709,463,9.17
468,3683,2037,1.87
469,4136,7936,6.75
470,2326,9457,15.1
471,5297,7588,14.85
472,1897,6515,8.3
473,5070,3332,5.19
474,2168,3553,13.8
475,1322,8312,1.54
476,6125,2459,3.95
477,3721,9103,17.92
478,3427,1535,16.98
479,3032,5656,12.56
480,1824,8187,13.57
481,6335,1854,16.54
482,3056,4732,12.38
483,1118,8301,6.4
484,3793,10549,10.54
485,7472,10338,3.22
486,1124,10684,10.85
487,2490,5058,11.23
488,1933,5858,12.54
489,6794,303,4.67
490,5397,8275,5.75
491,668,8390,5.11
492,181,3705,18.02
493,4228,4846,1.89
494,1369,8347,13.04
495,1380,9189,2.19
496,6814,2234,15.02
497,1001,2445,19.91
498,6694,1007,2.54
499,1278,5840,15.58
500,1459,1726,18.46
501,4524,6064,7.83
502,1749,3144,15.2
503,4321,3113,13.82
504,6509,4998,17.37
505,7258,3050,10.03
506,2768,3981,10.61
507,6474,3698,6.63
508,5251,8677,2.21
509,6884,10323,12.73
510,4897,7632,7.31
511,5535,8171,6.49
512,1355,706,19.29
513,5394,8376,5.75
514,2213,313,17.49
515,795,10798,1.49
516,3355,2906,1.08
517,973,10224,16.29
518,291,9816,11.16
519,2126,5199,17.6
520,2933,11069,5.21
521,2380,5326,1.89
522,3109,3736,5.13
523,4565,4842,7.77
524,3027,4077,15.46
525,2412,5932,15.86
526,6811,7581,5.57
527,993,10646,6.82
528,6023,6457,8.81
529,4795,1154,17.41
530,1559,9116,3.95
531,3193,6252,4.7
532,683,2804,11.8
533,4343,5146,0.99
534,906,164,15.2
535,5327,9488,4.55
536,123,5157,9.9
537,2261,1135,7.35
538,6423,5560,11.79
539,7393,10408,12.21
540,3456,7377,0.86
541,1503,9527,14.5
542,1877,1487,7.85
543,6307,9091,15.37
544,5304,6474,18.13
545,2233,607,11.21
546,2993,9601,11.83
547,5042,3733,15.49
548,4781,901,5.01
549,885,1813,14.73
550,3765,7683,12.88
551,1613,4066,10.82
552,2340,9295,15.94
553,6599,6622,1.19
554,3082,9605,16.03
555,7377,5099,3.37
556,4814,10033,1.24
557,6805,7358,4.35
558,2597,7741,5.79
559,3394,2040,14.41
560,4469,8985,1.63
561,1035,7606,11.21
562,6475,3635,4.01
563,1941,8476,18.68
564,5442,1304,0.94
565,721,7059,6.1
566,5530,3226,16.7
567,987,8208,12.01
568,5655,1924,5.78
569,5046,9716,8.54
570,5349,4693,4.29
571,3086,7205,11.39
572,3830,3482,7.9
573,1195,6451,19.48
574,2021,4548,9.81
575,4889,10403,10.55
576,6882,10714,4.32
577,403,8372,7.93
578,6974,9302,9.81
579,3354,3363,5.65
580,1191,5783,0.53
581,3409,2461,13.31
582,3197,4721,18.55
583,5036,9265,10.89
584,1565,4270,4.6
585,1794,10747,3.09
586,6969,3411,17.82
587,4932,8591,5.89
588,4875,1708,6.38
589,2222,4747,5.18
590,5872,4609,7.57
591,7089,475,16.24
592,5480,10097,15.1
593,6012,7348,12.83
594,1616,7933,9.57
595,1959,4608,17.32
596,3512,1808,19.7
597,6007,1274,1.61
598,4762,6237,2.65
599,5309,8747,17.05
600,159,9466,5.26
601,7449,7099,4.82
602,1980,10518,9.23
603,1712,8434,1.52
604,5122,806,0.6
605,7046,2841,15.24
606,3223,2984,17.42
607,2085,4878,9.02
608,6943,3075,1.76
609,817,8513,4.27
610,5292,4127,16.34
611,4362,10943,17.47
612,2991,1024,4.48
613,3711,4974,0.78
614,542,6957,2.58
615,4168,1343,5.88
616,3291,6182,13.31
617,160,3842,12.51
618,3406,5522,12.57
619,2293,7426,5.65
620,2552,394,13.88
621,5790,4272,6.88
622,1129,605,1.48
623,2266,4070,7.36
624,1433,4877,0.26
625,2720,4007,3.32
626,2663,9661,14.74
627,274,6667,4.07
628,1697,2458,8.1
629,6203,6749,15.44
630,6166,7519,14.12
631,4531,3869,3.95
632,6104,8734,18.8
633,6150,5205,19.61
634,2771,4297,12.16
635,3983,7030,12.79
636,1657,6908,1.14
637,2247,8080,11.57
638,2096,10947,18.36
639,3145,4606,0.45
640,2357,10898,3.25
641,5338,3194,14.22
642,569,5252,6.9
643,6491,3102,7.17
644,7467,11056,16.94
645,4190,8138,9.07
646,7436,9796,12.32
647,7104,6768,1.83
648,4237,2556,7.8
649,6355,7595,18.44
650,4558,11043,18.47
651,5915,802,11.87
652,3991,3016,0.58
653,6324,9487,11.44
654,2666,2383,1.5
655,5999,1810,10.69
656,4482,9587,1.65
657,4703,3062,13.38
658,3633,9422,3.12
659,6633,3146,17.41
660,7409,1080,9.84
661,2887,10398,10.2
662,6731,8229,12.84
663,3593,6551,2.87
664,3853,9223,11.25
665,2354,6859,10.83
666,3451,4960,13.32
667,3774,3039,4.21
668,5210,2953,9.17
669,6005,10590,6.92
670,713,5319,14.88
671,3904,5307,3.8
672,3417,6004,4.58
673,3920,40,8.64
674,1330,10446,0.81
675,3087,3017,12.1
676,2994,5782,14.22
677,3251,6327,12.65
678,7380,5698,16.18
679,7350,6416,11.59
680,1853,9216,3.97
681,5253,4303,13.18
682,4098,7724,1.94
683,983,528,7.62
684,2178,1258,5.6
685,820,8483,12.06
686,2075,8819,13.57
687,3469,7387,7.23
688,2137,6231,7.87
689,2185,1476,9.3
690,7363,3671,0.16
691,2763,8682,1.27
692,1596,7523,1.7
693,3055,3911,0.66
694,7251,9112,19.85
695,5731,3425,1.82
696,1679,1105,15.54
697,387,6445,11.2
698,738,1936,14.71
699,7264,8262,6.3
700,1162,6291,12.28
701,136,8884,15.43
702,3461,2369,4.19
703,5340,4494,15.67
704,287,6946,5.63
705,5642,7432,9.99
706,133,1622,7.61
707,2715,2223,18.78
708,5268,6264,6.21
709,4758,4491,16.7
710,5789,5711,5.23
711,3952,3780,8.85
712,1858,387,9.85
713,4183,7356,17.11
714,7135,6829,12.68
715,5951,10098,7
716,267,3897,3.03
717,2948,9676,2.73
718,3025,5372,15.84
719,6149,1506,0.43
720,1889,9831,6.47
721,550,3639,16.67
722,1030,10591,19.58
723,6128,4237,12.66
724,2040,8742,5.06
725,1041,5161,5.45
726,2970,9312,0.18
727,6864,5038,3.66
728,5976,8732,5.63
729,525,485,2.27
730,2647,4134,14.3
731,675,10284,1.69
732,4608,1022,14.94
733,2184,6251,19.24
734,4680,3376,12.66
735,4901,10979,5.06
736,4613,9909,13.5
737,6261,10635,10.72
738,1902,5595,4.65
739,2665,4258,2.17
740,1346,5914,13.89
741,5412,7351,15.06
742,487,4259,18.79
743,5159,6513,9
744,4329,5579,18.41
745,2539,4471,18.97
746,4839,10555,15.54
747,7459,9437,17.24
748,1780,635,2.22
749,5811,8567,12.11
750,1836,2733,16.44
751,5427,3108,10.4
752,4354,3587,10.8
753,4239,6591,14.91
754,6529,6857,3.65
755,916,1081,17.58
756,2565,3961,14.8
757,3827,2211,19.19
758,2956,3154,13.96
759,45,2145,6.47
760,6897,1897,19.93
761,2152,7164,14.76
762,5900,7352,17.82
763,6209,1729,16.97
764,2032,9206,15.13
765,5684,325,13.47
766,4796,8838,7.13
767,7361,10371,19.98
768,5360,568,10.96
769,6035,7455,8.03
770,4451,7217,2.59
771,1862,11116,1.73
772,706,1947,4.51
773,951,6311,15.77
774,2331,6831,7.52
775,3009,4598,14.11
776,1461,10223,3.56
777,1365,179,9.29
778,1313,10804,5.75
779,237,6970,0.48
780,6337,10427,12.97
781,4353,7838,8.24
782,6386,2624,16.77
783,2934,5368,1.65
784,1280,3837,0.32
785,6691,5956,16.98
786,2366,7858,19.52
787,7428,3244,16.98
788,504,7260,4.16
789,3571,2472,14.12
790,7270,7578,6.9
791,2925,10972,17.62
792,5083,8294,15.99
793,3470,10441,4.97
794,5908,4093,8.52
795,6593,8604,10.12
796,3881,9254,18.19
797,7321,2505,15.48
798,2251,229,0.99
799,2726,7884,3.79
800,5622,1979,12.08
801,1260,5710,13.06
802,81,1720,12.75
803,671,8168,0.45
804,1437,1464,0.72
805,6753,4805,7.29
806,2849,591,14.3
807,5560,1778,14.12
808,5735,10106,0.04
809,4684,2070,2.86
810,611,2889,11.63
811,6171,3197,12.9
812,4835,10157,6.66
813,749,3051,1.5
814,4820,5287,4.3
815,1966,5723,6.09
816,296,5901,9.74
817,1303,7713,15.57
818,3628,3758,18.68
819,3228,5129,0.8
820,3908,9212,12.46
821,2104,6759,5.99
822,4289,6170,13.41
823,4007,3554,16.68
824,2610,4838,13.01
825,2188,10561,5.42
826,6444,4932,14.05
827,1171,8595,19.01
828,2817,2586,7.41
829,6675,146,18.25
830,1911,8197,5.28
831,4082,444,12.19
832,4214,2645,15.98
833,6989,2942,0.4
834,7294,5393,13.37
835,7227,10992,6.29
836,1016,517,4.57
837,2884,5383,8.33
838,4655,7232,0.53
839,6417,8041,2.96
840,54,6431,17.88
841,7404,431,13.59
842,301,6486,17.38
843,2869,5820,3.53
844,2285,3613,11.98
845,6890,8108,19.36
846,1871,10084,13.27
847,3648,7755,19.96
848,6349,3663,3.84
849,7483,7702,3.62
850,658,3400,8.08
851,1817,8302,8.07
852,2563,10278,19.52
853,6455,707,6.71
854,5139,7273,10.41
855,6994,9742,15.35
856,5406,10181,19.64
857,1004,3481,8.33
858,458,10551,5.71
859,6369,1073,9.49
860,4913,1242,11.52
861,5989,5356,17.21
862,7253,2612,19.08
863,3535,2321,15.89
864,6452,7849,9.15
865,1226,5295,15.9
866,6798,3568,5.38
867,6283,4602,13.52
868,4931,5409,3.75
869,1833,10309,3.37
870,4802,7306,3.87
871,6560,7739,9.16
872,1633,3298,16.37
873,2464,4570,14.76
874,4654,9813,2.67
875,196,9725,14.13
876,6195,6086,9.72
877,6589,913,9.6
878,3709,5081,13.41
879,1145,2522,10.68
880,1923,2860,17.31
881,3361,6567,15.59
882,4459,6965,8.35
883,1048,4252,12.86
884,4979,5937,0.62
885,2727,4580,14.31
886,7357,5625,4.53
887,7387,1934,17.78
888,7051,10608,0.88
889,6264,10153,4.09
890,6162,9521,12.49
891,7047,5713,17.88
892,1854,3368,11.08
893,5132,9533,11.63
894,5503,7010,3.57
895,410,4572,12.2
896,3034,2226,10.63
897,2423,1052,6.58
898,3423,5464,1.59
899,3842,10395,7.37
900,1212,6227,7.49
901,6101,5200,4.84
902,1121,3659,2.08
903,6648,8866,6.87
904,4588,1069,9.58
905,4146,10287,9.36
906,242,8046,17.73
907,3924,3440,15.06
908,1115,6594,10.55
909,3326,5401,9.8
910,5944,6362,9.37
911,38,6126,10.09
912,741,7816,9.73
913,1491,5328,9.05
914,5260,7328,12.73
915,36,6728,10.13
916,2164,3420,17.17
917,2277,474,6.66
918,3000,7966,17.34
919,4581,7327,0.49
920,6260,3771,13.49
921,6178,6839,15.51
922,1411,9762,17.02
923,7366,9483,2.35
924,2145,5510,13.8
925,3205,8352,17.6
926,7120,10177,17.74
927,3001,4193,14.18
928,4660,8399,16.11
929,2283,7503,10.24
930,512,9852,8.15
931,2362,8620,0.94
932,4735,4733,4.13
933,2315,6732,15.2
934,494,7874,5.93
935,7408,5159,18.08
936,1208,5911,0.57
937,1158,1336,11.74
938,234,1120,9.32
939,6040,836,0.91
940,3646,7141,9.46
941,4778,10771,13.27
942,6179,10378,2.43
943,1651,2429,8.2
944,5223,6847,5.95
945,6389,4982,7.83
946,6783,4293,5.66
947,4320,6715,15.68
948,4724,2561,1.25
949,1397,2662,6.74
950,216,3786,9.33
951,2061,3611,17.7
952,4743,2087,6.38
953,2116,9705,4.7
954,4376,6683,10.88
955,6607,5759,3.27
956,3885,2955,2.09
957,1034,9056,17.87
958,949,8456,8.46
959,3270,4023,13.03
960,3766,7952,2.1
961,5410,3809,11.34
962,1714,2661,13.16
963,6673,5642,9.49
964,4516,3839,11.08
965,2217,10294,14.71
966,2320,8901,9.82
967,1364,3909,2.79
968,2396,4746,8.83
969,6876,6342,8.08
970,409,10024,12.03
971,347,99,6.9
972,591,3322,14.82
973,2588,4568,9.81
974,799,8517,15.22
975,3961,7367,13.36
976,7247,4958,3.67
977,5279,7071,8.71
978,6478,7386,6.37
979,5428,10079,14.79
980,6214,9565,18.04
981,6159,5517,16.91
982,2153,4465,15.15
983,2139,2430,4.44
984,688,5592,18.09
985,699,9810,15.26
986,1166,3290,3.24
987,2292,688,16.48
988,4587,6107,3.85
989,4752,4750,10.64
990,1500,1481,5.78
991,752,1577,6.6
992,3471,7341,19.27
993,3328,9243,0.07
994,2996,6592,2.76
995,7219,7362,7.14
996,4664,10513,13.59
997,5631,72,16.81
998,4737,555,4.99
999,4723,3049,3.07
1000,499,4511,10.19
1001,6906,6888,1.6
1002,3382,14,12.53
1003,5151,5665,15.84
1004,4863,9594,14.89
1005,874,5125,10.13
1006,5880,7360,17.32
1007,4715,5373,13.06
1008,5053,11004,1.09
1009,7473,10958,6.96
1010,2770,8549,2.57
1011,7004,4808,0.54
1012,5756,1026,2.64
1013,3213,679,0.95
1014,1120,7951,1.05
1015,4038,1889,7.72
1016,508,4524,2.82
1017,6188,8043,7.51
1018,5897,2681,14.63
1019,1669,10010,4.76
1020,3834,5633,16.35
1021,6841,2665,3.47
1022,4348,4761,17.61
1023,2039,5009,17.14
1024,621,7680,3.12
1025,5283,6433,0.94
1026,4560,298,3.69
1027,6964,9172,3.18
1028,2624,10193,7.02
1029,1177,5523,14.57
1030,1482,5582,1.47
1031,2631,9380,6.78
1032,6375,6950,4.22
1033,2729,10368,8.33
1034,6459,3291,19.13
1035,395,6087,7.9
1036,5644,5978,3.01
1037,2161,7946,5.3
1038,4545,7892,9.8
1039,4222,4716,7.76
1040,2368,3569,16.44
1041,2755,5519,15.87
1042,158,9440,12.59
1043,5112,4149,14.31
1044,619,395,18.45
1045,2134,8297,8.09
1046,6865,7707,19.45
1047,3426,7373,7.42
1048,1974,2638,4.82
1049,5878,8540,6.21
1050,4954,1833,14.72
1051,6960,4099,0.45
1052,4658,1227,10.56
1053,83,5805,8.22
1054,2068,4176,15.46
1055,6641,7002,0.66
1056,1262,6596,1.65
1057,1350,411,15.88
1058,810,6848,18.91
1059,4937,2100,1.39
1060,7391,10892,3.96
1061,5741,327,19.37
1062,3307,6409,1.39
1063,5668,1761,0.2
1064,4551,7140,11.63
1065,2839,2982,12.4
1066,6933,5537,13.4
1067,4113,10931,13.03
1068,80,6871,14.83
1069,6963,3834,8.42
1070,3587,10144,3.29
1071,6406,9234,14.44
1072,7276,2051,15.12
1073,673,8885,4.28
1074,4277,2688,18.69
1075,6068,1330,2.62
1076,6796,1252,0.62
1077,6517,998,6.53
1078,6863,10137,11.59
1079,3533,10794,9.85
1080,98,9904,15.95
1081,7175,10400,3.37
1082,4998,9950,19.31
1083,4948,9405,1.05
1084,1619,6386,15.05
1085,6048,10746,8.77
1086,3769,5350,10.2
1087,5927,4378,19.35
1088,2182,10237,5.24
1089,142,8141,19.85
1090,6510,10469,15.85
1091,4564,2469,7.71
1092,5727,6701,12.7
1093,5445,2652,7.36
1094,3861,9430,9.91
1095,366,8765,10.48
1096,3862,3101,8.76
1097,146,3583,16.7
1098,3143,3997,14.8
1099,4923,4414,5.18
1100,2358,5088,19.3
1101,7389,9286,4.16
1102,5202,8688,2.2
1103,4600,7594,13.41
1104,4392,7711,2.4
1105,7011,646,5.97
1106,3495,2415,17.67
1107,506,9426,18.86
1108,616,2774,13.51
1109,5910,8336,16.67
1110,7441,6654,4.75
1111,4864,10758,13.36
1112,3748,9188,13.17
1113,166,3037,8.51
1114,5263,3665,4.15
1115,3744,7690,14.29
1116,2344,5603,15.63
1117,7212,4638,8.9
1118,3513,10081,16.3
1119,3480,4039,12.12
1120,4124,9613,19.51
1121,4258,7845,7.45
1122,6818,3422,8.66
1123,5481,1733,3.62
1124,6543,1954,12.86
1125,7531,5860,3.88
1126,4137,9995,5.45
1127,6850,10450,17.4
1128,4458,293,3.76
1129,5699,7391,0.17
1130,161,10602,1.33
1131,2124,3954,10.57
1132,4016,7715,5.16
1133,2377,879,19.65
1134,1040,1049,5.67
1135,1224,9088,2.14
1136,1584,7855,14.83
1137,6493,9151,3.66
1138,3308,10087,15.07
1139,4112,8077,16.71
1140,4062,8417,17.15
1141,6525,1201,4.46
1142,3188,2886,11.69
1143,2193,3181,13.03
1144,3849,9806,0.85
1145,5280,3446,13.99
1146,6468,756,6.78
1147,7513,10404,3.22
1148,6088,6902,6.9
1149,3225,8905,7.08
1150,1373,5447,7.16
1151,6639,8568,10.96
1152,6422,172,13.02
1153,5774,7324,16.37
1154,141,3395,4.45
1155,5806,8474,15.79
1156,7303,7986,5.1
1157,5996,6876,6.34
1158,7332,7388,1.55
1159,5591,8381,19.66
1160,6809,6268,2.12
1161,3508,7248,11.09
1162,909,2873,19.97
1163,5867,3596,0.38
1164,1484,4686,6.57
1165,2092,3628,4.64
1166,3186,4997,9.24
1167,5014,9879,17.67
1168,5308,558,11.64
1169,251,3778,10.94
1170,826,9578,9.29
1171,1593,9930,10.53
1172,2131,8121,8.43
1173,1415,1369,17.83
1174,589,1648,11.02
1175,4018,3079,3.74
1176,754,1895,15.79
1177,5743,10462,14.54
1178,1851,10396,13.44
1179,2946,10820,12.88
1180,5062,1534,17.2
1181,534,2806,17.46
1182,2410,8332,10.82
1183,4477,1407,2.22
1184,1046,4969,4.79
1185,7314,1436,10.93
1186,1706,8685,3.04
1187,3286,10257,12.84
1188,7124,6962,0
1189,2404,9688,13.33
1190,1123,1401,2.97
1191,6400,508,9.36
1192,5205,9719,19.12
1193,110,8194,18.67
1194,3594,6584,11.99
1195,650,1458,12.02
1196,3329,4142,9.55
1197,6399,3283,1.94
1198,2756,7117,17.96
1199,4850,6808,11.5
1200,3680,1643,1.62
1201,5160,2599,8.09
1202,792,7378,19.23
1203,3254,6685,17.72
1204,5717,10927,14.68
1205,3279,5344,3.01
1206,2474,4159,11.06
1207,2318,6650,5.6
1208,3266,4026,11.33
1209,7265,3344,8.35
1210,5462,8109,7.47
1211,1722,3105,9
1212,2744,880,11.67
1213,947,827,2.1
1214,946,7862,11.12
1215,1360,10600,4.27
1216,3488,8433,3.59
1217,6309,1451,17.42
1218,2683,6819,4.5
1219,3161,999,0.79
1220,2510,3171,13.46
1221,6840,10225,7.42
1222,3395,5485,8.76
1223,1327,11059,7.22
1224,4964,5676,0.24
1225,3957,7766,13.18
1226,2322,691,2.52
1227,5657,6275,11.69
1228,2628,2789,14.54
1229,3259,7920,14.21
1230,3557,5648,8.55
1231,5788,10476,3.94
1232,1097,5843,0.41
1233,253,2931,16.2
1234,364,2299,18.48
1235,1078,9357,0.95
1236,5066,10470,13.38
1237,2888,8524,13.48
1238,4196,8639,6.74
1239,2107,6405,2.88
1240,6164,1387,11.64
1241,7188,8577,19.63
1242,882,8980,2.58
1243,4465,771,15.7
1244,2747,9871,12.08
1245,4798,1144,7.39
1246,4156,2396,5.29
1247,1807,8654,5.7
1248,5204,10515,0.66
1249,7070,6189,16.83
1250,1677,1563,7.58
1251,3119,8758,16.33
1252,3043,8589,3.31
1253,3206,4573,2.68
1254,5295,1919,19.96
1255,2244,2835,18.61
1256,4192,834,18.59
1257,6077,861,11.33
1258,4417,3774,17.57
1259,1608,1200,3.31
1260,6550,10868,0.01
1261,1806,3406,6.11
1262,6443,2696,0.76
1263,4346,7014,7.9
1264,1240,3245,0.95
1265,5038,3700,11.88
1266,389,3874,11.11
1267,4872,6598,4.62
1268,5772,7444,12.74
1269,7178,3741,18.85
1270,6105,3851,18.26
1271,269,9025,16.03
1272,4484,7482,19.91
1273,850,4244,2.38
1274,5359,3953,17.83
1275,4495,9352,0.75
1276,171,114,5.59
1277,742,7462,11.24
1278,2583,10596,9.49
1279,7395,5096,9.28
1280,6046,1628,15.42
1281,4929,978,5.3
1282,4357,10962,15.54
1283,5372,1758,15.57
1284,6544,8193,6.44
1285,2504,3429,0.76
1286,5518,10465,19.91
1287,5791,8192,6.97
1288,2271,1190,18.47
1289,4885,5299,12.91
1290,6845,4835,11.59
1291,7060,5476,15.39
1292,6777,8263,18.47
1293,7201,9046,8.67
1294,276,1136,18.95
1295,2324,8311,14.03
1296,6880,9674,15.69
1297,2254,10818,15.78
1298,4898,4692,10.39
1299,907,1356,9.42
1300,4877,7456,8.84
1301,2761,944,7.17
1302,6941,8576,15.05
1303,6371,10679,1.84
1304,6435,8367,0.84
1305,407,7007,10.95
1306,3560,6432,4.46
1307,1509,2630,6.23
1308,5457,11001,7.15
1309,5040,2270,5.48
1310,2361,6030,1.96
1311,4927,2045,7.77
1312,3984,5884,19.33
1313,209,4427,1.9
1314,3644,3157,0.97
1315,1802,1775,5.73
1316,4585,2990,12.24
1317,2265,7250,8.53
1318,3544,3474,7.97
1319,5293,245,11.37
1320,1557,9551,12.1
1321,155,6528,2.23
1322,1628,189,10.43
1323,4550,11092,5.07
1324,1174,9398,6.24
1325,149,8477,17.96
1326,967,6380,19.98
1327,4874,10533,19.54
1328,3210,10840,8.93
1329,3111,6699,18.36
1330,1528,10631,4.75
1331,4507,3214,3.14
1332,4721,2330,2.08
1333,2806,3532,8.36
1334,2382,8113,11.33
1335,32,7547,2.03
1336,663,10773,2.85
1337,3313,183,16.52
1338,5676,6612,0.29
1339,3369,2671,5.83
1340,7327,7768,4.9
1341,3804,6729,14.94
1342,4772,2718,11
1343,6239,4616,8.51
1344,3910,9886,6.93
1345,1821,5242,10.16
1346,7106,3452,12.18
1347,1670,7969,19.09
1348,7533,5910,14.15
1349,4862,7240,7.38
1350,5776,6255,2.9
1351,2921,8790,17.64
1352,6413,5879,5.85
1353,5986,6341,1.65
1354,5690,2141,13.08
1355,7326,3472,19.81
1356,6451,9800,6.84
1357,5943,9098,5.47
1358,5206,5030,4.02
1359,7271,10222,18.28
1360,2475,2562,16.99
1361,41,4188,11.12
1362,1963,10212,1.95
1363,2450,2619,15.88
1364,4696,5270,4.19
1365,3490,3784,11.05
1366,4827,871,9.51
1367,6644,5801,17.77
1368,3024,9328,1.51
1369,2255,4124,3.92
1370,4547,4865,9.28
1371,3411,6149,17.99
1372,1116,6085,15.45
1373,4577,4399,4.1
1374,3272,4076,0.75
1375,2843,516,3.57
1376,6875,1345,18.05
1377,22,9673,4.25
1378,4677,4326,18.87
1379,4223,2946,15.45
1380,1893,6585,7.9
1381,1219,2297,5.78
1382,765,4236,15.68
1383,6304,6660,5.68
1384,5318,10208,4
1385,4,1721,1.15
1386,4488,9746,17.35
1387,6013,9069,2.5
1388,1632,6949,5.14
1389,6727,10320,13.12
1390,514,6146,17.06
1391,3346,6796,14.35
1392,4845,3297,1.92
1393,6348,9972,7.33
1394,7324,8851,4.57
1395,5485,9231,13.19
1396,2207,8907,15.16
1397,1408,5222,8.82
1398,5310,9803,15.12
1399,3265,8258,2.36
1400,1556,11044,15.52
1401,2231,7859,3.15
1402,4252,35,6.92
1403,5563,6866,18.98
1404,994,10115,11.27
1405,4966,4255,1.04
1406,4940,848,7.12
1407,869,6731,14.81
1408,7057,2256,11.31
1409,6546,250,19.26
1410,3590,5617,9.33
1411,1143,8997,11.33
1412,822,545,14.07
1413,3338,5589,2.83
1414,5627,2719,0.5
1415,2808,8621,13.11
1416,2221,1920,18.82
1417,400,5305,3.76
1418,3837,6464,16.87
1419,3826,1588,9.2
1420,6582,5500,12.21
1421,5956,988,17.73
1422,1577,915,9.11
1423,7221,1679,0.67
1424,5802,2813,7.24
1425,580,9564,4.56
1426,5747,8778,14.53
1427,396,9768,16.2
1428,6988,10422,0.31
1429,6251,2247,0.17
1430,3016,2798,1.62
1431,2310,6589,2.48
1432,1641,2158,15.35
1433,7293,3370,3.59
1434,6134,1217,12.37
1435,4313,36,3.52
1436,2553,1990,14.1
1437,4210,4939,18.92
1438,7117,169,15.37
1439,518,392,13.2
1440,1159,5540,6.42
1441,3442,8994,7.85
1442,2224,615,4.62
1443,557,455,0.35
1444,1686,10139,13.95
1445,5073,3604,13.55
1446,1233,730,19.16
1447,3843,3209,2.06
1448,6043,8447,1.76
1449,2803,5681,11.05
1450,3065,9377,5.05
1451,2600,3258,9.59
1452,2834,4531,10.92
1453,183,9034,19.87
1454,7016,7249,16.48
1455,203,8829,2.79
1456,6064,5837,11.17
1457,5673,4705,0.99
1458,5270,9623,14.66
1459,5714,9919,16.99
1460,2685,2761,0.93
1461,4483,10630,0.72
1462,1026,6379,6.15
1463,6701,2499,7.68
1464,1779,4858,12.03
1465,6210,5668,11.27
1466,3537,10340,6.01
1467,1119,9346,8
1468,345,8927,7.33
1469,4242,3751,0.49
1470,3515,3333,0.94
1471,1866,10242,6.46
1472,2892,3767,13.76
1473,6390,8285,10.74
1474,875,6055,14.59
1475,3189,877,0.21
1476,3579,329,13.08
1477,3937,3938,7.22
1478,58,10241,16.92
1479,5558,2934,13.06
1480,5362,2576,3.42
1481,1325,5501,9.56
1482,4282,4474,12.67
1483,2480,7067,14.81
1484,6338,6548,14.83
1485,4769,3068,3.34
1486,6392,9143,4.57
1487,7403,9106,13.24
1488,1242,7275,17.6
1489,5921,10953,1.54
1490,2902,5669,15.01
1491,5759,3906,0.72
1492,1639,439,10.28
1493,7107,3886,19.54
1494,3900,4496,12.89
1495,3275,942,14.32
1496,6313,7928,11.64
1497,3102,2456,4.04
1498,6018,10848,5.8
1499,2201,10873,13.99
1500,3838,2649,14.97
1501,3822,6428,13.1
1502,2243,801,6.43
1503,837,5293,3.23
1504,7401,7765,17.25
1505,3684,8737,6.74
1506,5886,2727,17.26
1507,432,7198,19.77
1508,4262,10597,15.22
1509,5011,8704,1.4
1510,7082,5362,1.76
1511,827,2393,2.37
1512,3029,6610,12.44
1513,4627,8752,1.83
1514,4701,6694,17.98
1515,1607,8572,3.45
1516,1151,5131,19.01
1517,5028,1551,2.74
1518,873,10895,17.38
1519,1093,9663,7.33
1520,840,1529,14.43
1521,1667,10127,1.83
1522,2774,9317,11.34
1523,2494,6897,3.36
1524,5748,4578,5.5
1525,7054,1586,16.17
1526,3410,8708,7.17
1527,5331,8518,8.77
1528,5891,5684,1.16
1529,4671,1434,19.36
1530,6900,1689,12.95
1531,2686,1615,7.16
1532,4071,8934,4.03
1533,841,8637,10.23
1534,6420,4044,17.37
1535,1867,9824,7.39
1536,6353,2600,17.36
1537,1088,2608,1.92
1538,6856,157,8.52
1539,6801,9744,13.42
1540,4970,3153,8.24
1541,3918,6697,1.35
1542,4191,5003,6.06
1543,6330,9821,2.16
1544,1798,194,12.36
1545,4174,8391,17.94
1546,5737,5880,11.12
1547,2452,6853,13.13
1548,536,534,8.76
1549,1127,2555,2.52
1550,6267,9011,18.51
1551,2264,4930,18.64
1552,3285,6765,16.4
1553,7202,8053,1.09
1554,7545,5578,7.48
1555,4059,4022,6.1
1556,1888,2999,8.94
1557,6181,1710,19.66
1558,350,3256,1.94
1559,5107,974,19.97
1560,330,9975,16.95
1561,5651,8054,4.26
1562,1132,6158,15.18
1563,4570,5114,3.88
1564,5489,7058,19.91
1565,759,5399,19.37
1566,3132,7368,12.34
1567,4710,1311,3.9
1568,2454,5643,12.23
1569,6594,3268,1.15
1570,6160,32,14.54
1571,295,9752,19.26
1572,2327,5321,15.43
1573,4207,4615,16.93
1574,7497,1471,15.28
1575,4053,10605,19.14
1576,6270,9844,18.32
1577,3038,7941,9.9
1578,1901,9279,14.66
1579,3398,9027,9.84
1580,5527,4489,11.6
1581,4973,6742,19.43
1582,794,8724,10.08
1583,1726,10761,5.21
1584,5235,10833,7.88
1585,7385,3488,11.13
1586,2562,7381,3.95
1587,4197,7337,6.7
1588,4881,8443,1.35
1589,4087,7027,1.63
1590,6487,10704,1.51
1591,4106,5524,9.31
1592,5764,6543,7.45
1593,2313,2692,13.63
1594,2295,10968,12.25
1595,913,8972,14.44
1596,139,9105,7.44
1597,4857,7701,12.77
1598,157,1160,6.2
1599,5172,10527,4.14
1600,3723,2427,11.9
1601,6733,9227,14.58
1602,5190,9122,5.94
1603,1498,8864,10.75
1604,7177,5481,4.94
1605,2028,2272,3.63
1606,7215,741,1.83
1607,5136,9898,17.82
1608,5316,763,19.02
1609,7397,4136,6.7
1610,1625,5006,5.96
1611,3167,7093,18.37
1612,4870,9660,5.61
1613,5765,6141,4.57
1614,7524,11076,5.44
1615,783,8405,5.12
1616,6034,7630,3.06
1617,2860,9196,10
1618,3031,4304,4.36
1619,1910,3229,12.04
1620,3542,6867,16.74
1621,3583,8799,16.71
1622,5671,1595,6.39
1623,3067,7111,6.6
1624,1694,4157,16.51
1625,1756,2877,3.21
1626,5795,9714,2.13
1627,2638,8017,3.81
1628,5973,1680,11.94
1629,4744,2292,1.69
1630,3747,5957,9.93
1631,7526,9390,17.11
1632,4698,9911,11.11
1633,5870,3900,11.75
1634,6707,7353,0.65
1635,4440,331,13.67
1636,6606,6145,5.53
1637,1341,10757,19.36
1638,6288,10183,3.85
1639,634,511,10.39
1640,5578,10952,2.67
1641,1940,6009,5.94
1642,4936,5253,13.72
1643,655,9650,2.67
1644,4414,6344,11.05
1645,1290,535,13.13
1646,7224,3830,5.6
1647,4011,750,6.98
1648,7170,346,12.6
1649,1010,4053,13.63
1650,2825,1104,18.27
1651,4172,9711,15.55
1652,707,6760,18.66
1653,6186,2622,9.56
1654,385,5283,3.65
1655,6671,8484,17.73
1656,3042,9523,11.05
1657,890,4994,2.67
1658,1432,1349,5.08
1659,1518,2557,8.72
1660,5343,7687,4.78
1661,6982,3885,0.38
1662,1544,9239,8.81
1663,6226,5873,14.98
1664,1982,9971,7.86
1665,5585,1078,3.83
1666,5128,6621,5.58
1667,6620,7096,11.4
1668,4494,914,2.69
1669,2793,8379,13.54
1670,3151,1013,0.8
1671,1818,576,14.06
1672,3400,2261,6.52
1673,7511,10863,9.77
1674,6008,3808,16.59
1675,3149,3335,3.92
1676,4076,826,16.84
1677,1266,11102,17.49
1678,6118,10040,3.52
1679,6521,2312,1.88
1680,2432,8658,5.67
1681,6063,10289,15.36
1682,2419,10836,7.18
1683,1338,10864,5.31
1684,5682,351,9.59
1685,53,2481,11.65
1686,4808,6163,5
1687,4527,8587,2.65
1688,1392,268,8.55
1689,919,8784,5.58
1690,5104,6065,19.46
1691,3576,3163,14.57
1692,2528,11077,18.85
1693,2644,5063,14.29
1694,2913,5964,10.91
1695,5533,9901,4.45
1696,7095,4727,13.27
1697,205,1441,8.12
1698,2005,4821,0.26
1699,3726,10803,15.48
1700,6140,3135,5.49
1701,7125,248,18.19
1702,2796,6278,4.73
1703,593,5746,7.75
1704,1261,8811,7.77
1705,2769,1444,14.46
1706,1326,2601,9.09
1707,1423,10347,11.32
1708,5652,6856,15.73
1709,4856,891,8.89
1710,1071,5916,12.38
1711,7151,2960,7.26
1712,2742,8130,10.31
1713,891,4928,6.74
1714,603,9927,1.95
1715,2268,8240,3.9
1716,7456,8821,5.82
1717,1915,9083,10.13
1718,660,2844,8.99
1719,5695,3868,10.29
1720,4731,9588,3.37
1721,3813,4211,15.71
1722,3479,5981,0.66
1723,6526,10258,0.31
1724,2717,5327,10.35
1725,1601,7243,14.94
1726,233,10344,5.82
1727,2833,7756,7.69
1728,3710,5416,5.05
1729,807,1172,7.78
1730,4807,588,10.23
1731,5961,797,14.44
1732,5981,198,19.68
1733,6079,5773,15.54
1734,1829,10207,13.98
1735,2269,266,19.27
1736,4429,8539,10.15
1737,4989,5634,13.42
1738,7299,4634,10.49
1739,719,1030,12.12
1740,6696,5869,2.79
1741,952,7978,4.62
1742,6193,8929,10.84
1743,1935,7088,16.2
1744,6773,136,16.86
1745,6779,7320,4.21
1746,367,8632,2.06
1747,5626,9470,9.49
1748,316,5221,1.55
1749,6839,11113,12.76
1750,6990,6312,10.77
1751,1921,2890,18.51
1752,3638,8034,17.04
1753,554,2914,4.81
1754,4118,8558,5.22
1755,6962,5391,6.39
1756,4430,10042,18.88
1757,7121,5421,15
1758,1232,7496,15.68
1759,2493,6036,4.91
1760,5388,1849,7.2
1761,2777,212,4.87
1762,6230,58,0.18
1763,3563,4438,8.98
1764,5607,9562,5.17
1765,2501,5875,4.35
1766,5487,4062,10.29
1767,1970,1090,16.84
1768,5538,8228,6.21
1769,4822,9672,8.32
1770,4996,996,2.93
1771,905,7681,4.87
1772,5939,6693,0.76
1773,638,8522,13
1774,5615,9115,3.98
1775,6114,6377,3.59
1776,7487,2864,8.53
1777,4834,1602,14.51
1778,293,1413,16.67
1779,404,7308,13.25
1780,5529,159,4.54
1781,7022,10657,14.74
1782,1276,6441,5.23
1783,5696,9855,12.06
1784,1644,1002,1.84
1785,6666,1665,10.83
1786,3061,8133,3.1
1787,6872,6492,10.32
1788,5227,7187,0.65
1789,1507,8189,0.01
1790,948,1697,1.35
1791,2128,4595,5.91
1792,3622,2843,14.73
1793,1534,1315,0.41
1794,2894,10420,16.47
1795,6795,9248,11.9
1796,495,6684,11.54
1797,5299,9057,15.09
1798,5286,772,5.84
1799,7525,28,13.27
1800,4203,182,7.23
1801,390,9627,5.15
1802,469,2832,14.45
1803,5940,3852,11.35
1804,3697,7734,7.76
1805,4607,7649,8.33
1806,982,3024,14.72
1807,439,2880,14.09
1808,4335,1554,6.85
1809,5547,9471,19.19
1810,7394,10236,1.77
1811,2676,10956,16.49
1812,1489,2964,14.5
1813,7196,1273,9.09
1814,1693,8002,10.11
1815,6508,11060,3.99
1816,4708,4262,0.09
1817,1480,1829,14.94
1818,6824,436,12.39
1819,4749,7610,16.28
1820,2311,1102,15.02
1821,6440,10326,14.45
1822,6729,10998,17.72
1823,1429,3594,16.98
1824,1074,11078,19.32
1825,5367,5997,5.23
1826,539,6398,1.23
1827,6629,1233,17.11
1828,4747,6476,1.23
1829,4997,1143,7.48
1830,7369,4754,15.71
1831,2645,4417,10.11
1832,3976,10027,16.32
1833,7134,10498,13.61
1834,91,7950,2.15
1835,2876,3565,17.24
1836,438,6215,14.11
1837,7374,5912,19.47
1838,1739,6043,11.86
1839,200,1524,16.36
1840,1270,322,9.7
1841,784,1553,3.11
1842,3377,6616,19.61
1843,4448,7354,8.79
1844,49,3133,9.31
1845,5483,1449,16.83
1846,4471,728,14.65
1847,3104,2065,4.51
1848,5846,3305,1.49
1849,6664,6935,9.49
1850,5007,7613,19.85
1851,7064,3220,11.3
1852,6746,3189,3.61
1853,1988,10000,16.41
1854,4810,6810,7.09
1855,5243,2186,5.24
1856,2181,1821,6.25
1857,6592,2800,5.73
1858,6003,10770,15.24
1859,7203,9730,12.64
1860,3293,9101,17.84
1861,5324,2795,6.55
1862,4166,7757,11.97
1863,3450,3178,0.65
1864,1720,682,6.96
1865,6096,362,17.27
1866,1681,10028,18.43
1867,1273,9784,10.93
1868,7241,9703,10.19
1869,3348,9236,11.96
1870,1997,10130,2.75
1871,3532,7241,18.52
1872,1142,8478,1.37
1873,6609,247,6.78
1874,4730,3632,4.15
1875,5693,867,5.12
1876,1816,6159,5.28
1877,4757,5938,2.54
1878,6454,887,5.97
1879,7148,5294,18.57
1880,6433,2405,14.97
1881,2457,10610,17.16
1882,5486,1272,15.94
1883,1245,4782,1.24
1884,7477,2204,6.38
1885,785,6092,15.47
1886,2027,7486,16.75
1887,3269,5135,7.68
1888,7132,8826,16.74
1889,2886,4756,4.49
1890,6320,1320,13.03
1891,7333,4677,15.62
1892,724,6799,16.67
1893,5783,10765,11.94
1894,2698,6185,19.2
1895,6318,10244,4.98
1896,1179,8857,2.14
1897,6624,8957,15.67
1898,3768,361,8.86
1899,5543,7448,17.7
1900,3978,3419,16.95
1901,5840,2403,6.78
1902,3191,9429,10.23
1903,5820,5570,6.55
1904,743,2128,8.33
1905,4206,9237,9.95
1906,3523,8503,12.15
1907,6790,647,4.09
1908,6055,6307,12.75
1909,3866,8039,2.86
1910,6240,3274,3.85
1911,4675,3859,1.53
1912,3511,1788,3.7
1913,5201,905,5.34
1914,6067,5144,7.85
1915,5005,2650,16.16
1916,7464,3514,1.55
1917,6656,902,5.3
1918,7044,8614,13.8
1919,1610,6095,7.66
1920,4987,5546,1.09
1921,6021,5451,15.72
1922,684,7484,19.73
1923,3501,9274,2.39
1924,5814,9729,10.52
1925,7228,5774,19.74
1926,1110,10357,16.58
1927,6695,10082,10.2
1928,856,7773,5.82
1929,3651,10945,11.4
1930,6373,9745,6.95
1931,1814,3437,12.85
1932,3278,5846,18.86
1933,3617,9776,9.04
1934,4485,5484,13.46
1935,6947,5329,19.15
1936,3300,1652,10.61
1937,5987,2626,12.04
1938,6224,286,12.2
1939,2431,10455,5.92
1940,861,265,2.17
1941,3785,11037,0.02
1942,3030,3348,4.05
1943,6860,10989,15.66
1944,6354,1127,6.74
1945,185,539,3.88
1946,6333,3864,19.46
1947,4674,9870,19.87
1948,1660,2394,7.4
1949,862,3043,3.95
1950,1072,4575,5.17
1951,7453,3620,18.97
1952,4968,7666,17.1
1953,3144,7095,6.65
1954,2097,4456,2.9
1955,3596,6782,2.14
1956,3389,1075,9.13
1957,5837,2487,16.76
1958,6033,6758,9.95
1959,1869,6659,4.3
1960,5618,68,3.67
1961,2447,2235,2.61
1962,6419,9335,7.12
1963,5608,9417,7.5
1964,4020,8149,19.21
1965,1075,3443,19.21
1966,17,10651,0.44
1967,7516,2684,8.95
1968,2522,2571,10.72
1969,4490,9154,18.96
1970,3317,9006,5.75
1971,808,4729,12.36
1972,1989,7334,19.36
1973,229,7517,0.03
1974,5004,8844,11.22
1975,2751,6762,18.32
1976,2048,10991,10.15
1977,5418,10209,11.89
1978,1840,6702,1.35
1979,6758,123,0.2
1980,5099,1930,17.1
1981,4324,1374,19.88
1982,2440,1455,19.43
1983,261,6186,4.18
1984,2990,3099,1.71
1985,2346,6316,14.25
1986,3294,9387,3.99
1987,4741,4935,6.78
1988,4300,8872,9.88
1989,4562,4301,16.3
1990,6849,4683,7.39
1991,997,725,11.21
1992,857,4004,0.8
1993,4489,705,19.16
1994,4505,1594,13.89
1995,5289,8268,16.23
1996,5565,10282,5.19
1997,1300,3454,4.57
1998,1523,4745,4.02
1999,2348,5151,11.79
2000,1993,2902,3.31
2001,5977,3895,1.64
2002,1590,6262,0.89
2003,101,3718,10.93
2004,190,907,0.31
2005,1358,4565,11.18
2006,3835,10577,13.81
2007,6938,8810,17.88
2008,6189,10080,18.85
2009,1850,1398,3.61
2010,6716,9544,5.18
2011,414,1662,4
2012,6547,1880,4.52
2013,1598,6361,10.87
2014,864,3241,13.8
2015,3608,9308,3.7
2016,5679,10677,19.88
2017,3446,3030,10.71
2018,678,7333,0.06
2019,5465,8870,17.72
2020,103,4323,5.48
2021,7538,8083,16.14
2022,4631,3702,3.95
2023,3350,7,12.5
2024,3141,3672,14.88
2025,2852,8713,12.94
2026,1623,373,0.92
2027,2909,3106,2.66
2028,516,5814,1.84
2029,7506,8663,17.69
2030,703,9937,8.8
2031,435,5924,17.51
2032,3284,1295,17.75
2033,1268,1502,15.59
2034,417,6824,16.19
2035,7142,2022,6.14
2036,2192,6658,16.47
2037,2149,4669,14.61
2038,4444,4132,19.09
2039,7013,5145,7.42
2040,5871,5586,0.05
2041,2753,746,18.03
2042,3890,9400,4.83
2043,1835,4321,11.57
2044,7494,519,18.52
2045,1957,10065,13.42
2046,3487,9687,2.45
2047,2356,5950,16.41
2048,1962,2404,12.94
2049,3836,9566,18.17
2050,3555,9294,6.08
2051,5510,7559,6.39
2052,7038,2444,3.45
2053,4093,2525,12.05
2054,5120,6026,2.9
2055,3668,9051,0.43
2056,5941,6838,8.19
2057,562,512,5.26
2058,1709,782,9.75
2059,4234,9171,2.17
2060,644,10424,1.45
2061,858,9910,0.34
2062,7354,9505,1.28
2063,5156,2296,19.02
2064,4751,6977,6.01
2065,572,8975,12.48
2066,7454,3295,5.08
2067,3407,1915,4.24
2068,5965,2592,4.82
2069,7097,10009,11.34
2070,1750,4390,19.28
2071,1063,2139,2.42
2072,1973,7584,5.72
2073,441,8011,14.57
2074,1526,5895,11.45
2075,4425,10188,3.68
2076,5089,5920,6.76
2077,7482,1604,2.89
2078,1595,4975,19.37
2079,938,738,16.71
2080,5873,8855,8.25
2081,394,9595,5.17
2082,5499,1641,18.33
2083,78,6549,6.43
2084,3092,7043,2.66
2085,2093,1994,13.69
2086,2599,8930,16.19
2087,628,8162,4.84
2088,3299,5849,19.86
2089,5707,1613,1.91
2090,2684,5568,5.61
2091,1428,9005,6.08
2092,7287,3617,7.8
2093,5512,4990,15.03
2094,7240,1573,18.42
2095,4499,3073,19.79
2096,6345,8056,4.81
2097,4687,7441,14.09
2098,4088,5400,7.18
2099,6718,9514,18.69
2100,7368,3319,13.46
2101,4538,10903,3.04
2102,2150,765,4.89
2103,747,7008,13.63
2104,2734,4446,4.3
2105,2070,5553,7.74
2106,71,6818,19.12
2107,4052,4837,4.98
2108,3603,3986,16.36
2109,3797,1019,17.61
2110,5725,7538,7.38
2111,4594,610,0.16
2112,199,3693,6.52
2113,5590,9842,7.12
2114,6292,9463,3.67
2115,1454,8802,15.6
2116,2652,10538,14.19
2117,1658,1558,9.01
2118,3585,6157,6.62
2119,3891,8191,8.92
2120,321,2437,19.07
2121,1247,4425,8.8
2122,1316,2905,18.08
2123,354,7827,15.82
2124,4302,1281,5.84
2125,3002,6123,2.06
2126,2829,7797,7.62
2127,5240,4162,19.24
2128,4539,8650,4.16
2129,2113,10328,7.85
2130,7548,9086,5.37
2131,7406,4644,0.63
2132,6425,2672,14.54
2133,1764,3124,15.99
2134,1442,7626,4.54
2135,3782,5047,8.05
2136,1659,8646,11.54
2137,7451,9021,17.69
2138,716,882,19.44
2139,1157,10135,11.8
2140,3567,1663,8.33
2141,1381,8473,5.78
2142,1366,2193,6.45
2143,7147,1996,7
2144,6846,6229,10.39
2145,7014,386,0.45
2146,128,4534,3.02
2147,1852,2951,18.63
2148,1113,283,17.21
2149,7285,10715,12.28
2150,7523,7419,7.6
2151,3624,3754,2
2152,6303,9134,2.04
2153,1522,727,10.28
2154,4866,5117,3.49
2155,3371,3949,16.2
2156,480,881,6.62
2157,3168,5025,0.83
2158,3967,4710,5.15
2159,3404,3855,6.74
2160,5556,2107,5.65
2161,4699,10233,14.5
2162,5161,8843,4.52
2163,2573,6427,7.79
2164,6131,7452,17.49
2165,4000,8264,5.78
2166,2590,787,9.85
2167,3127,1809,7.43
2168,3439,1087,14.46
2169,6244,1314,15.83
2170,3823,6056,7.99
2171,3854,7488,8.65
2172,1834,11031,10.19
2173,5516,3979,4.03
2174,6665,1500,13.64
2175,6995,810,10.03
2176,2227,2085,3.47
2177,5482,9610,0.23
2178,979,9271,1.84
2179,6042,7199,5.13
2180,4991,9693,16
2181,6760,975,17.39
2182,9,4227,19.79
2183,2187,6767,3.17
2184,4162,5547,6.14
2185,1505,1944,9.72
2186,975,9541,15.63
2187,2762,10025,18.31
2188,119,4577,19.47
2189,2171,1157,13.47
2190,7027,7131,3.37
2191,3778,560,8.8
2192,1275,118,10.68
2193,4167,10845,19.42
2194,4717,1890,9.42
2195,7347,2547,19.46
2196,4036,2184,13.8
2197,6650,976,16.15
2198,3437,5671,17
2199,1206,8611,19.21
2200,5285,6088,6.65
2201,5262,8942,6.19
2202,7396,1950,5.08
2203,1563,156,11.32
2204,5917,846,2.46
2205,2375,9362,3.04
2206,1298,6415,15.82
2207,2592,4915,1.32
2208,1574,10445,6.02
2209,2864,8629,19.97
2210,3449,7125,19.54
2211,2930,3854,3.84
2212,333,6863,10.6
2213,5114,2895,9.62
2214,6347,4048,12.1
2215,5355,6780,18.96
2216,7192,1191,13.73
2217,2973,8511,14.98
2218,4338,10967,14.52
2219,2468,780,9.57
2220,6800,8733,6.92
2221,102,10132,15.35
2222,2407,5945,14.19
2223,632,4742,18.46
2224,6051,8126,4.77
2225,5909,5162,10.09
2226,6889,4687,8.55
2227,1043,1716,4.77
2228,6184,3712,9.34
2229,5654,8256,16.14
2230,547,3552,17.16
2231,2870,7251,12.69
2232,416,1571,14.07
2233,4060,6244,9.1
2234,4779,3972,19.26
2235,7353,1826,2.44
2236,6967,8590,9.65
2237,7033,5241,4.76
2238,6968,4230,9.11
2239,5025,2716,5.76
2240,4797,8699,7.4
2241,3664,341,11.01
2242,5434,2636,14.03
2243,4177,9781,1.96
2244,6394,6100,9.1
2245,4669,896,14.52
2246,7311,6790,19.83
2247,1917,6070,19.74
2248,5193,8763,15.18
2249,5275,3716,17.23
2250,3268,2301,18.09
2251,124,3795,10.56
2252,565,6996,1.86
2253,2043,10869,19.5
2254,645,4356,6.5
2255,5702,5288,8.52
2256,6485,4240,5.9
2257,6480,4056,8.1
2258,3502,55,16.76
2259,3923,3916,9.54
2260,6323,7703,11.98
2261,4412,501,0.38
2262,5972,3801,6.75
2263,1417,1213,15.43
2264,510,6607,18.83
2265,4891,7061,12.1
2266,6287,11072,18.18
2267,4067,3166,5.97
2268,6297,3646,11.87
2269,1371,10739,8.55
2270,7043,2268,1.05
2271,892,10090,12.11
2272,4573,6892,0.36
2273,1023,8421,9.86
2274,6643,708,15.06
2275,4609,8828,9.22
2276,4971,2052,1.59
2277,3468,4153,4.64
2278,322,1779,5.07
2279,3214,3743,14.04
2280,256,2207,17.04
2281,5146,7870,3.89
2282,1033,903,0.4
2283,1953,7807,6.07
2284,4413,9082,13.82
2285,1021,967,0.81
2286,5669,9775,3.44
2287,3325,4966,18.9
2288,1638,5260,13.53
2289,7235,922,8.03
2290,5341,4824,12.41
2291,4886,6629,13.91
2292,5027,3480,11.09
2293,5186,6408,6.97
2294,227,8037,8.96
2295,6649,2144,4.13
2296,2325,6841,8.22
2297,2509,9708,19.44
2298,1688,8287,5.74
2299,6112,1555,13.52
2300,2604,4115,2.11
2301,646,4933,5.59
2302,5478,8209,13.34
2303,5374,6084,14.72
2304,1947,940,1.61
2305,2400,6191,4.29
2306,5531,4621,6.75
2307,511,1537,3.4
2308,4158,306,4.16
2309,2399,4486,16.24
2310,2889,10214,12.38
2311,434,3595,10.13
2312,3474,2717,14.12
2313,430,9643,18.51
2314,4944,7677,12.33
2315,3358,8070,14.05
2316,2473,9659,4.9
2317,2654,6954,10.98
2318,1168,10136,3.98
2319,4766,3955,19.64
2320,1379,3286,17.61
2321,5598,8445,14.53
2322,3655,1015,13.12
2323,4115,3694,13.42
2324,548,8165,2.02
2325,717,10471,7.41
2326,3602,7944,13.14
2327,241,6245,17.73
2328,917,2367,13.35
2329,5094,10322,10.78
2330,1476,2983,5.7
2331,3139,11013,11.44
2332,4334,1801,0.84
2333,1552,8013,4.08
2334,4756,2575,6.38
2335,6687,1000,19.17
2336,1519,246,9.96
2337,5278,4981,18.96
2338,1105,6948,5.77
2339,3667,9829,19.97
2340,1530,1819,9.66
2341,218,5004,10.6
2342,2838,9139,13.39
2343,2958,5085,8.13
2344,4349,2822,5.51
2345,489,8970,17.58
2346,2711,1636,3.21
2347,5306,3494,15.42
2348,1881,3282,10.77
2349,29,3354,15.04
2350,4865,3252,4.46
2351,2559,3580,17.28
2352,5365,9502,1.68
2353,4276,5024,9.21
2354,5311,2468,0.19
2355,2086,5240,10.76
2356,2863,1560,8.04
2357,3489,634,9.33
2358,7530,7535,2.39
2359,7138,25,12.24
2360,4221,5209,18.39
2361,4260,1816,17.15
2362,6901,3417,14.11
2363,5177,5756,4.89
2364,2943,2014,4.8
2365,7275,2598,14.2
2366,3561,9669,9.66
2367,7338,6106,14.19
2368,4378,89,12.76
2369,2162,6456,12.8
2370,6961,6183,17.66
2371,732,6016,7.59
2372,3806,236,6.38
2373,7549,1856,8.92
2374,5860,6921,1.34
2375,2622,9511,16.43
2376,398,9939,19.54
2377,564,1171,13.16
2378,7302,2289,10.5
2379,1008,2523,8.38
2380,6562,4462,16.42
2381,5281,9603,11.23
2382,6748,3253,3.68
2383,37,2988,11.45
2384,151,8415,12.25
2385,6020,10012,2.05
2386,610,4137,17.61
2387,6056,8751,3.97
2388,4942,10092,9.6
2389,5254,2281,6.81
2390,594,10960,5.16
2391,6379,10799,2.3
2392,5130,6539,11.35
2393,1730,10548,9.79
2394,3408,7329,18.78
2395,278,252,9.54
2396,5826,1465,16.81
2397,523,10853,2.94
2398,4754,4743,4.59
2399,3103,4826,12.74
2400,6374,4395,1.91
2401,1249,400,16.78
2402,2518,127,14.81
2403,169,7634,2.2
2404,3808,8764,5.66
2405,1691,7787,18.41
2406,6831,10619,11.31
2407,1591,1086,18.03
2408,359,717,10.83
2409,687,660,18.53
2410,3419,5730,14.17
2411,4656,8346,1.67
2412,3459,9500,11.36
2413,4455,5273,11.08
2414,4640,8893,12.63
2415,3129,7909,15.3
2416,3138,2552,8.07
2417,5317,3692,12.04
2418,2648,7984,8.43
2419,6970,661,6.29
2420,1571,77,15.73
2421,3053,5798,11.16
2422,1077,440,12.07
2423,6196,6413,16.9
2424,1742,441,14.72
2425,144,672,7.77
2426,740,656,4.04
2427,7427,4797,0.92
2428,2714,396,15.9
2429,7267,10057,9.78
2430,2918,7989,4.67
2431,6180,2007,17.99
2432,3570,9493,10.43
2433,5739,8371,1.74
2434,2514,10541,18.72
2435,6958,6073,19.81
2436,3510,5455,1.66
2437,1028,219,6.51
2438,1216,8939,9.89
2439,3147,937,13.26
2440,5339,10319,15.58
2441,3506,10614,7.82
2442,5247,2056,3.72
2443,6601,8232,7.89
2444,4567,2066,7.6
2445,4819,3875,1.83
2446,3033,4731,5.96
2447,1813,6129,17.07
2448,4689,8963,19.8
2449,4119,8005,16.93
2450,637,7022,8.68
2451,834,2524,7.42
2452,405,4223,5.86
2453,3907,4320,15.54
2454,1991,5272,12.61
2455,1908,3517,6.89
2456,6090,894,10.91
2457,4902,9664,16.03
2458,3135,9679,11.67
2459,6276,10544,17.17
2460,6380,10215,10.55
2461,2123,2399,18.54
2462,5345,4376,4.12
2463,7478,5303,12.19
2464,7418,9111,0.67
2465,641,1176,16.55
2466,1741,4109,0.79
2467,6838,5898,8.93
2468,6602,4405,2.64
2469,3241,4075,11.27
2470,6975,5740,11.15
2471,6272,3047,4.35
2472,6759,2912,0.85
2473,7381,3889,5.39
2474,5003,5302,15.08
2475,1990,855,19.64
2476,4453,7407,9.07
2477,5138,2925,19.32
2478,5949,9435,3.06
2479,726,5392,15.66
2480,3712,3502,14.83
2481,5573,1305,9.96
2482,6135,3513,19.05
2483,800,3623,3.41
2484,2105,5068,15.37
2485,1631,10896,2.78
2486,3613,3701,4.78
2487,2018,4702,4.5
2488,4920,4049,8.54
2489,4616,4146,6.07
2490,4145,470,18.32
2491,6556,9298,18.17
2492,2209,10303,10.38
2493,5012,3876,4.24
2494,886,4533,6.11
2495,5904,5438,16.29
2496,5090,3872,7.12
2497,3548,7548,11.63
2498,1254,1240,17.9
2499,5088,11038,17.22
2500,7358,10493,2.04
2501,4785,617,8.84
2502,2242,3261,18
2503,6754,10571,19.33
2504,7400,9892,6.7
2505,4398,5120,19.58
2506,1753,10276,16.37
2507,7345,2243,11.01
2508,7344,7633,12.24
2509,2497,7601,11.9
2510,821,1100,5.39
2511,5705,6675,13.12
2512,881,7497,19.97
2513,3751,10096,9.13
2514,6977,4360,12.07
2515,4582,5403,5.4
2516,7172,10815,8.87
2517,2570,4777,1.28
2518,228,7045,12.8
2519,164,9026,7.47
2520,3620,3990,1.25
2521,2066,3277,19.78
2522,2465,3394,5.76
2523,6370,10517,3.8
2524,2007,7005,4.99
2525,929,4113,2.27
2526,2352,5090,0.21
2527,7262,2738,0.2
2528,2783,1782,1.54
2529,1310,9740,12.72
2530,7502,1463,1.74
2531,1337,1863,6.5
2532,7205,3529,14.94
2533,2402,9955,4.6
2534,4496,5217,12.07
2535,963,8298,2.07
2536,5545,10053,0.17
2537,6740,10180,12.14
2538,2329,1056,12.83
2539,6920,2395,12.65
2540,1354,6669,4.45
2541,6971,2659,11.88
2542,1069,8090,6.69
2543,5746,1237,8.01
2544,3231,7374,10.88
2545,2290,8382,0.16
2546,3841,622,9.53
2547,3636,10983,14.32
2548,4782,5871,14.7
2549,3828,5076,19.61
2550,4043,7216,1.67
2551,7024,9401,16.71
2552,5736,2474,12.71
2553,690,5070,4.34
2554,6608,2179,19.03
2555,2557,8060,11.48
2556,1890,6096,14.39
2557,3741,5601,19.63
2558,4301,3353,3.4
2559,1282,9560,0.35
2560,4861,6844,11.95
2561,3906,10085,16.06
2562,5536,10163,1.52
2563,2533,6606,7.96
2564,6143,5023,19.95
2565,14,3315,7.97
2566,2952,533,8.28
2567,620,465,2.44
2568,4907,6559,9.78
2569,381,9600,7.17
2570,2944,4869,15.09
2571,853,5463,13.08
2572,6127,7223,2.06
2573,2296,9459,6.26
2574,6939,8137,9.94
2575,1011,504,11.24
2576,5437,8177,10.16
2577,811,6588,5.01
2578,6986,5220,0.32
2579,2571,10254,3.69
2580,4215,4204,19.62
2581,4683,9967,5.68
2582,4042,2027,17.14
2583,5508,5194,14.72
2584,6904,9698,0.3
2585,3230,7466,19.83
2586,6532,9229,1.22
2587,4555,7763,16.01
2588,1400,1982,8.66
2589,175,6505,12
2590,313,8772,18.5
2591,823,10047,6.16
2592,5058,1047,6.4
2593,6660,3828,1.46
2594,2911,10690,12.47
2595,5097,9167,11.71
2596,5678,10203,15.04
2597,7243,1294,3.82
2598,623,10645,15.75
2599,3435,9121,4.92
2600,2630,8282,10.83
2601,6103,7208,15.36
2602,3776,8182,18.51
2603,5287,3325,17.31
2604,4888,5752,4.82
2605,5244,5763,5.67
2606,4958,4143,19.16
2607,4434,8340,16.53
2608,4853,3216,7.67
2609,6359,119,9.88
2610,1740,7553,8.28
2611,2477,9985,10.13
2612,4935,3967,18.35
2613,248,10692,14.03
2614,5801,9633,4.28
2615,1948,2331,1.25
2616,5421,8735,16.36
2617,2895,10775,4.21
2618,695,7899,13.25
2619,2822,8562,8.19
2620,2853,7545,11.53
2621,5738,232,14.32
2622,940,7604,6.63
2623,4304,7074,12.4
2624,4789,7108,8.41
2625,6059,6181,14.01
2626,2098,7331,18.74
2627,3403,2825,2.58
2628,2969,10508,8.71
2629,3803,5121,12.79
2630,1204,345,3.78
2631,5154,2271,18.5
2632,4984,5369,17.84
2633,2478,786,14.4
2634,3332,7836,9.05
2635,1708,8085,4.35
2636,2351,5697,8.22
2637,3863,9602,4.18
2638,5885,7940,11.82
2639,1493,3521,4.48
2640,3448,5022,1.16
2641,1894,8570,4.17
2642,866,29,7.56
2643,5635,4884,4.72
2644,3527,9743,12.33
2645,3155,9345,1.95
2646,5439,551,18.52
2647,6155,2412,7.75
2648,1763,930,0.67
2649,2013,6336,3.42
2650,6931,6639,0.62
2651,4218,850,9.57
2652,6364,2175,0.29
2653,1810,597,16.58
2654,2437,3520,15.74
2655,4755,17,11.51
2656,4895,7018,1.34
2657,6704,7954,13.66
2658,3250,6792,5.15
2659,2814,2488,10.2
2660,976,8215,8.79
2661,2585,8536,12.47
2662,246,8830,13.57
2663,6095,9067,1.86
2664,3832,7301,11.38
2665,4450,2229,19.67
2666,3928,7445,9.37
2667,6908,1911,3.47
2668,7498,4377,10.28
2669,4051,6881,2.18
2670,5752,8933,14.83
2671,4063,4098,14.5
2672,1271,7171,1.56
2673,6109,8661,5.15
2674,1587,336,11.49
2675,1969,10779,5.99
2676,6821,5646,15.72
2677,5307,10617,17.11
2678,1942,1564,1.28
2679,3434,2320,11.02
2680,3146,3777,18.2
2681,3763,8579,4.5
2682,3491,5163,3.41
2683,2281,7544,5.82
2684,1013,166,5.35
2685,5059,7336,1.19
2686,5024,1988,15.48
2687,3345,1032,17.68
2688,3176,3372,0.54
2689,5075,8670,10.13
2690,6047,3288,8.93
2691,2436,3445,9.51
2692,1566,5492,7.44
2693,187,3449,15.41
2694,1141,374,11.64
2695,5116,4499,16.31
2696,4633,122,5.11
2697,5502,4955,1.13
2698,384,10291,0.81
2699,771,3408,10.81
2700,6410,9339,10.7
2701,7173,9574,7.05
2702,198,744,5.81
2703,3642,7867,8.08
2704,4725,4144,14.7
2705,974,4841,10.8
2706,449,5827,1.61
2707,1269,2660,3.32
2708,665,2668,10.2
2709,760,337,5.96
2710,7129,2617,3.07
2711,5423,4374,4.03
2712,2602,4097,1.83
2713,3871,2796,11.34
2714,304,3648,4.31
2715,2196,5834,6.69
2716,2827,6647,16.59
2717,7438,8686,18.75
2718,911,4556,15.65
2719,3882,9225,0.8
2720,824,8003,15.04
2721,4315,8386,17.55
2722,3179,1460,18.65
2723,4025,2690,19.51
2724,7301,8178,9.23
2725,1109,5768,8.39
2726,5037,9315,14.05
2727,7168,7736,11.93
2728,2910,7785,7.23
2729,4686,5384,1.12
2730,4226,10034,6.51
2731,6755,3343,0.13
2732,4347,7965,11.42
2733,4713,7737,4.38
2734,1797,10264,10.03
2735,1914,10805,3.5
2736,4869,3299,3.1
2737,6376,6045,12.17
2738,4598,7991,13.28
2739,3925,4163,13.87
2740,1696,5726,9.64
2741,6385,9127,18.8
2742,3618,1610,12.88
2743,2444,9754,9.14
2744,5787,3903,17.64
2745,7468,5341,8.9
2746,5661,527,16.15
2747,7365,2538,17.73
2748,5967,9712,2.24
2749,2750,3998,17.24
2750,5407,10119,18.03
2751,2238,8030,19.52
2752,4924,5744,8.06
2753,1496,3407,4.28
2754,2981,3478,18.47
2755,4091,1077,4.16
2756,1443,8946,18.85
2757,5458,8396,8.11
2758,6766,9604,9.32
2759,7534,10754,6.66
2760,1422,2147,11.53
2761,5593,596,15.95
2762,4041,5141,17.58
2763,3884,5822,14.48
2764,121,5301,1.12
2765,4096,8071,19.04
2766,2223,2194,7.15
2767,4068,2805,5.52
2768,5936,8218,10.93
2769,868,11055,17.52
2770,5822,10748,10.85
2771,3526,8743,8.17
2772,89,6846,19.53
2773,2034,6940,7.58
2774,4288,1245,10.18
2775,6258,10435,19.83
2776,4322,9885,13.97
2777,6142,10957,11.8
2778,1289,6131,4.32
2779,6062,2319,1.53
2780,5832,3952,5.05
2781,4647,10629,8.73
2782,6596,1313,9.82
2783,507,2866,11.36
2784,4519,2353,16.83
2785,7414,7129,19.35
2786,5515,9467,12.53
2787,991,1177,1.95
2788,7249,8485,3.08
2789,7375,278,12.29
2790,249,6190,9.25
2791,1943,4091,4.95
2792,5827,10789,15.82
2793,5368,10711,9.08
2794,4774,2018,6.04
2795,6927,348,17.11
2796,6586,9733,18.46
2797,3236,2857,3.13
2798,3436,1054,6.1
2799,6278,4896,2.95
2800,3722,7457,3.17
2801,1106,9992,15.75
2802,942,7433,5.09
2803,401,3728,11.41
2804,7379,214,10.89
2805,3475,9030,19.77
2806,5191,4495,16.05
2807,6176,577,17.2
2808,6551,3710,19.49
2809,6310,10889,19.37
2810,3588,9597,8.62
2811,5757,8427,2.96
2812,4718,2028,11.33
2813,2463,9609,2.04
2814,3954,1051,16.2
2815,4029,10232,18.44
2816,2392,7847,17.09
2817,1370,3426,13.31
2818,6537,11023,12.89
2819,6191,9542,10.18
2820,1112,1866,3.94
2821,7236,5053,0.75
2822,4199,10550,18.62
2823,3933,4561,18.72
2824,6627,1284,2.62
2825,4791,2885,6.32
2826,4917,7934,5.75
2827,2955,4684,7.8
2828,3972,8680,4.78
2829,3705,7866,14.7
2830,2173,1901,9.31
2831,4728,5184,1.42
2832,5277,272,12.41
2833,945,10071,9.2
2834,5076,7637,11.11
2835,2129,10988,19.53
2836,1101,4707,8.84
2837,4402,6761,0.88
2838,1376,8466,19.72
2839,6219,9965,5.43
2840,4363,4532,1
2841,6488,3120,4.72
2842,355,3123,13.2
2843,7515,2816,12.67
2844,4066,10413,8.85
2845,2738,367,18.12
2846,2901,9246,14.97
2847,6996,9889,8.27
2848,4110,2074,6.01
2849,2613,6778,10.25
2850,3634,3029,18.7
2851,3258,7761,3.49
2852,1570,4633,10.65
2853,7179,8014,18.04
2854,7231,2491,15.48
2855,4911,3504,2.71
2856,4768,10268,10.99
2857,2370,11062,7.7
2858,4938,1569,15.3
2859,3704,2262,12.25
2860,130,9902,17.82
2861,5166,11112,5.78
2862,245,812,12.03
2863,4198,7410,19.88
2864,5313,2766,17.91
2865,3625,2063,11.01
2866,7426,4913,6.14
2867,1209,6292,14.24
2868,887,5817,16.04
2869,4040,4567,18.32
2870,2905,6389,1.87
2871,1184,2565,16.94
2872,1102,2114,7.31
2873,5559,4776,18.17
2874,1849,7676,0.74
2875,5165,9540,3.16
2876,3789,2146,16.45
2877,1538,1964,10.75
2878,6489,5072,16.31
2879,3551,7287,9.4
2880,7105,7968,11.07
2881,1064,4665,3.36
2882,915,4632,17.88
2883,1954,8918,1.54
2884,2642,701,12.55
2885,5579,7935,13.74
2886,4397,2470,0.75
2887,3467,9213,13.41
2888,3182,290,2.55
2889,5619,6668,9.1
2890,775,8362,1.08
2891,2716,4147,13.19
2892,2044,4404,10.43
2893,5049,2755,15.2
2894,6073,3756,3.97
2895,5584,3192,7.55
2896,1022,33,5.63
2897,6903,5969,5.07
2898,2417,3857,1.07
2899,5358,5609,16.98
2900,463,8952,4.76
2901,3181,8233,17.03
2902,1684,6213,17.78
2903,6092,7786,2.71
2904,736,4158,2.01
2905,2394,398,13.93
2906,4467,2582,4.7
2907,2710,7771,9.77
2908,5724,3211,0.25
2909,2317,1868,13.6
2910,2225,5660,10.95
2911,2576,663,8.99
2912,1781,9079,18.17
2913,6436,9750,10.42
2914,1545,2061,15.61
2915,986,4052,3
2916,5063,433,12.71
2917,1318,10570,16.54
2918,4005,9906,13.24
2919,5140,5536,14.47
2920,6414,7722,4.55
2921,2785,7265,6.97
2922,138,2054,5.91
2923,4379,8832,12.04
2924,2106,2073,12.03
2925,2819,412,14.74
2926,1734,6297,10.43
2927,6339,3674,10.76
2928,5721,6399,3.09
2929,6504,4199,13.08
2930,1937,7536,3.88
2931,6263,653,16.05
2932,1981,1751,6.59
2933,6495,9539,1.05
2934,2960,841,11.56
2935,2302,6468,2.77
2936,4497,6002,18.02
2937,3352,9962,0.65
2938,5369,5473,4.48
2939,878,10380,17.22
2940,4692,1366,7.21
2941,7384,1156,4.46
2942,2415,982,6.29
2943,4309,6166,15.9
2944,1944,6516,7.68
2945,1673,2279,0.06
2946,1525,3483,10.33
2947,4492,1389,12.02
2948,1580,10732,18.88
2949,6038,2741,2.73
2950,5513,3468,3.1
2951,5245,4488,14.33
2952,6372,6330,15.69
2953,6409,5208,0.01
2954,3545,4899,10.41
2955,6763,7087,6.22
2956,6710,4073,1.57
2957,7466,5622,7.5
2958,1424,5109,8.42
2959,356,10336,19.08
2960,340,7929,2.03
2961,6802,7237,18.75
2962,1387,11046,19.8
2963,6726,2936,19.04
2964,3876,4342,1.47
2965,4073,8225,2.46
2966,1952,8079,16.15
2967,2230,3861,15.05
2968,3107,3537,10.59
2969,2908,5614,14.01
2970,6590,1466,17.51
2971,2367,5075,8.83
2972,6741,2363,6.17
2973,3942,4512,15.82
2974,5938,11010,0.46
2975,3992,6649,3.01
2976,4665,10652,12.07
2977,5174,5244,12.7
2978,3412,6130,4
2979,3006,5760,15.51
2980,6942,4212,3.02
2981,3685,919,19.89
2982,7455,3729,4.68
2983,6855,323,1.88
2984,6940,6777,13.88
2985,5473,5804,14.23
2986,2664,4628,11.24
2987,3264,3891,16.37
2988,7128,1532,1.89
2989,5905,9158,5.01
2990,5370,3913,14.55
2991,5226,8335,14.35
2992,3414,7750,7.44
2993,6427,2706,10.16
2994,3914,3917,12.48
2995,2640,5877,17.8
2996,5232,4019,9.15
2997,4369,1845,15
2998,3541,6494,6.23
2999,3124,1508,19.51
3000,3715,8370,16.15
3001,6911,6898,18.72
3002,5189,184,7.73
3003,4534,10537,8.48
3004,4976,3717,1.69
3005,6713,3922,12.93
3006,2472,4015,7.64
3007,4142,2961,5.27
3008,6301,4768,6.48
3009,195,10129,5.27
3010,4092,6394,7.81
3011,443,10105,4.02
3012,830,2298,7.93
3013,5404,9375,12.22
3014,2797,4243,18.73
3015,789,4299,12.85
3016,5305,1174,16.84
3017,1578,9109,2.9
3018,1479,8251,17.06
3019,971,3436,3.48
3020,1891,9549,15.24
3021,7084,115,7.66
3022,4852,11117,8.42
3023,6256,4334,4
3024,4740,305,3.27
3025,964,1565,17.98
3026,894,1493,19.28
3027,3012,9857,1.6
3028,4283,2618,4.96
3029,5532,9326,13.65
3030,4224,3020,8.73
3031,6061,4979,17.61
3032,4097,9888,2.76
3033,2707,7917,15.53
3034,3818,2956,17.13
3035,2147,9553,17.37
3036,4617,402,15.9
3037,3203,7424,18.47
3038,2606,10718,18.04
3039,2101,5174,8.84
3040,3008,7846,9.34
3041,7045,2154,12.26
3042,85,2183,15.86
3043,6154,1891,14.49
3044,104,924,10.79
3045,7431,4719,9.69
3046,472,8785,6.57
3047,3252,91,12.34
3048,1243,9291,15.15
3049,5809,3098,7.39
3050,1231,5647,12.3
3051,6066,2801,19.1
3052,2353,9636,2.15
3053,5534,6286,1.46
3054,3786,1005,4.87
3055,2443,10004,3.95
3056,4618,1587,3.7
3057,402,9591,10.15
3058,7029,5105,5.41
3059,6829,1851,7.67
3060,4972,65,2.3
3061,5548,2980,15.56
3062,926,6507,11.28
3063,7319,1035,7.6
3064,1928,6512,6.63
3065,551,10409,6.16
3066,2848,9009,4.72
3067,215,9837,19.02
3068,3639,10013,11.01
3069,2867,8807,9.76
3070,5528,4266,6.79
3071,4032,1223,0.44
3072,4486,9637,16.05
3073,577,10999,12.89
3074,2087,4949,3.93
3075,2594,1955,16.01
3076,4437,2759,6.79
3077,309,3414,16.17
3078,7171,8408,17.74
3079,943,6735,11.28
3080,464,9077,1.52
3081,4709,6625,5.46
3082,931,6927,17.35
3083,3767,1358,11.14
3084,2625,1843,9.77
3085,77,2993,15.49
3086,1788,340,12.04
3087,1029,9204,14.49
3088,3996,7509,10.99
3089,6022,9251,9.03
3090,7036,575,5.4
3091,3995,4513,14.64
3092,3101,10994,14.41
3093,2063,9921,14.2
3094,921,1585,4.33
3095,1018,7078,13.88
3096,5302,7643,16.32
3097,5968,4475,0.61
3098,451,1672,19.21
3099,1473,6385,2.91
3100,6514,2621,6.09
3101,3160,3817,18.13
3102,1588,1089,10.94
3103,3070,6733,5.92
3104,6108,9018,17.07
3105,374,3382,6.1
3106,7023,5856,17.2
3107,2099,7599,19.73
3108,3799,8842,15.37
3109,7278,10389,6.43
3110,7476,2118,14.24
3111,6887,669,18.01
3112,5387,8241,13.89
3113,468,5185,8.86
3114,6690,2050,9.28
3115,6446,2039,14.4
3116,2855,1931,4.44
3117,7342,7161,13.21
3118,3431,888,9.43
3119,243,8861,17.53
3120,6792,10970,18.08
3121,7416,7624,16.01
3122,4154,10667,8.73
3123,1104,9520,2.19
3124,1160,5311,7.93
3125,5194,4148,13.44
3126,4578,7379,8.22
3127,1752,8573,2
3128,6398,10335,16.93
3129,1183,1188,1.34
3130,6494,10345,2.41
3131,5521,1169,12.72
3132,479,6365,2.58
3133,3787,7644,16.17
3134,455,1690,11.16
3135,5296,8082,9.86
3136,6228,9874,15.59
3137,6765,10361,8.58
3138,260,3015,1.97
3139,2875,316,18.95
3140,3615,8329,9
3141,3327,9869,8.33
3142,5127,3526,16.17
3143,100,7693,7.63
3144,4912,6815,8.67
3145,3385,9183,2.98
3146,2575,6062,15.56
3147,5124,4510,9.19
3148,2046,4107,12.9
3149,4843,2088,14.69
3150,6467,10834,9.11
3151,6952,5946,1.3
3152,5322,4889,0.03
3153,5133,1627,17.65
3154,6934,8869,2.11
3155,3568,2705,18.73
3156,5751,10611,1.24
3157,988,10143,12.23
3158,5694,10615,16.34
3159,4153,8377,12.65
3160,1609,4635,7.02
3161,3692,3787,8.71
3162,3238,3548,6.15
3163,7411,1178,8.09
3164,526,92,1.4
3165,6976,1691,13.66
3166,2421,6560,17.61
3167,5834,2945,14.64
3168,4606,1021,14.9
3169,5261,9078,1.51
3170,12,6623,10.54
3171,2022,8768,8.85
3172,5920,1499,6.42
3173,3657,4854,16.4
3174,2195,6356,11.8
3175,6505,1280,5.56
3176,3755,1042,13.23
3177,2374,1446,7.05
3178,5490,10729,3.43
3179,3595,3008,6.11
3180,4452,8435,10.26
3181,3752,1469,6.35
3182,4918,1860,4.84
3183,3582,2305,12.78
3184,4385,970,6.97
3185,6730,8024,10.51
3186,876,8448,4.32
3187,1984,10397,17.98
3188,4900,448,8.74
3189,5665,487,8.09
3190,1585,11093,5.71
3191,718,1674,10.9
3192,5913,8554,18.52
3193,6036,10391,9.15
3194,5952,4781,17.44
3195,1342,10568,19.53
3196,6784,10458,13.25
3197,6693,1584,12.75
3198,729,813,5.49
3199,6202,6298,16.59
3200,68,972,0.15
3201,1965,8395,3.86
3202,4887,4222,2.32
3203,2252,4286,7.97
3204,2917,7200,14.98
3205,6393,5292,8.3
3206,4919,7981,1.31
3207,3094,9811,2.67
3208,5185,5864,2.56
3209,6861,2164,12.09
3210,4501,1523,4.78
3211,5225,6665,18.58
3212,925,9638,1.47
3213,3142,3164,11.61
3214,4143,3831,19.09
3215,7086,5835,13.72
3216,4670,8250,14.44
3217,1255,1825,13.65
3218,5001,2149,5.62
3219,1627,2723,8.05
3220,2980,9667,6.12
3221,4706,7136,5.27
3222,6340,3032,13.57
3223,2857,3155,19.16
3224,7509,6232,8.94
3225,3762,994,16.44
3226,4114,2501,7.59
3227,4894,8612,17.94
3228,972,5224,10.75
3229,578,6603,17.59
3230,7242,7555,15.17
3231,7490,8582,7.46
3232,2962,6679,14.48
3233,7360,5212,2.48
3234,206,7558,17.67
3235,2194,9059,0.06
3236,1304,1150,7.44
3237,5377,4277,11.39
3238,541,5851,13.07
3239,4967,3184,18.93
3240,1820,3898,10.96
3241,7080,5346,4.79
3242,3612,3956,19.95
3243,5523,2408,13.09
3244,2037,7060,3.72
3245,3218,5781,14.11
3246,7239,1269,15.83
3247,5857,3950,8.61
3248,2333,10678,6.92
3249,546,7670,4.9
3250,6086,5732,1.34
3251,3790,3794,17.5
3252,2365,1824,1.96
3253,2903,10229,0.19
3254,1220,7949,19.46
3255,6980,10353,2.68
3256,5218,9379,1.14
3257,6470,9054,16.99
3258,6881,10049,19.27
3259,5222,3031,9.11
3260,1887,5654,12
3261,4635,7285,1.15
3262,4812,1043,17.24
3263,4963,6628,4.55
3264,3635,6771,0.87
3265,3616,9548,10.94
3266,5425,9913,12.29
3267,70,7239,2.32
3268,4644,1739,8.33
3269,6076,11094,6.14
3270,3028,3083,13.75
3271,7007,2793,8.37
3272,3556,7230,8.67
3273,2516,2722,4.7
3274,5390,845,18.07
3275,5571,4749,17.68
3276,39,6855,17.16
3277,6591,8530,6.21
3278,4400,565,1.93
3279,2789,2932,14.04
3280,6132,3625,5.11
3281,221,5074,15.5
3282,6464,8150,14.05
3283,7313,8725,2.93
3284,6054,10128,2.25
3285,723,4800,7.05
3286,2349,282,10.78
3287,2304,9418,12.49
3288,3257,6400,13.33
3289,2657,3748,3.08
3290,2687,461,0.03
3291,201,289,7.38
3292,6634,3117,15
3293,4690,4470,16.77
3294,1680,5612,17.4
3295,2008,1567,11.42
3296,6919,9510,18.76
3297,1458,8678,6.81
3298,140,8948,9.85
3299,4493,7340,5.85
3300,3310,3789,6.54
3301,3810,4775,19.51
3302,4411,3862,9.1
3303,5647,4796,14.75
3304,6234,8091,18.2
3305,2737,317,16.58
3306,1543,4965,3.96
3307,6315,9337,11.58
3308,3847,1600,17.57
3309,7187,4852,15.77
3310,59,4283,18.9
3311,7537,9224,18.63
3312,505,890,3.72
3313,2879,3964,18.34
3314,7412,4816,8.56
3315,2874,9023,2.12
3316,7190,4071,18.52
3317,6803,2920,1.41
3318,5763,11014,9.1
3319,3653,1983,14.5
3320,1885,6326,2.29
3321,1936,9201,4.67
3322,4127,11067,10.61
3323,2118,8341,10.64
3324,7216,8460,16.85
3325,2520,10879,5.34
3326,6659,301,7.17
3327,4170,1347,15.35
3328,2073,8600,19.42
3329,1098,1850,17.61
3330,4015,1572,14.35
3331,4072,10482,2.76
3332,3493,4774,7.23
3333,2425,6793,6.39
3334,4284,5333,12.62
3335,1344,5738,1.42
3336,4959,6904,6.32
3337,3425,2002,8.98
3338,3550,477,11.77
3339,2428,10874,12.52
3340,6190,10647,10.03
3341,3415,1730,15.08
3342,6482,6195,19.3
3343,2229,6204,10.67
3344,5600,1812,4.12
3345,6173,11007,19.5
3346,3718,2310,7.93
3347,928,8756,4.32
3348,7030,8586,16.75
3349,7475,10861,9.21
3350,2441,3063,4.05
3351,16,3957,12.33
3352,3195,8333,3.62
3353,213,11002,2.16
3354,6208,10662,10.57
3355,996,2850,15.36
3356,3934,10915,12.94
3357,2810,5254,5.3
3358,5861,4492,18.72
3359,7317,1108,9.77
3360,7422,7641,18.85
3361,674,10842,3.83
3362,6776,4331,5.8
3363,2154,6626,14.03
3364,6271,5544,17.43
3365,2682,9394,15.92
3366,6558,5027,2.3
3367,697,9535,19.78
3368,2527,10364,15.86
3369,6152,9314,3.3
3370,2389,3061,7.04
3371,3192,244,5.55
3372,5384,10444,2.95
3373,1211,8750,1.21
3374,3441,9007,4.5
3375,6597,8817,15.94
3376,6797,154,0.77
3377,1460,968,6.02
3378,4130,6000,2.56
3379,76,10168,10.99
3380,5188,9697,9.4
3381,3725,6710,18.64
3382,1512,5041,13.8
3383,3356,1168,4.89
3384,6680,10641,7.47
3385,1896,9875,0.49
3386,428,5709,4.61
3387,4278,2137,10.13
3388,6233,4959,11.9
3389,69,6565,19.31
3390,2578,8363,3.27
3391,2135,3827,8.94
3392,5770,8359,16.54
3393,609,7868,4.01
3394,3081,9499,3.38
3395,176,3460,1.45
3396,5588,4895,9.53
3397,4337,7642,5.85
3398,2009,7130,0.7
3399,300,8506,16.37
3400,3045,10569,17.03
3401,4773,3544,18.14
3402,1336,10521,10.15
3403,7237,2295,5.37
3404,5348,5396,8.16
3405,513,4194,11.82
3406,4155,9403,8.73
3407,3078,6224,3.39
3408,4004,10668,19.32
3409,7420,8703,9.38
3410,2530,7344,2.46
3411,62,11087,14.8
3412,5255,3766,17.88
3413,5350,3461,5.21
3414,7263,10637,4.1
3415,462,10251,7.76
3416,7161,5380,12.91
3417,4390,3802,5.49
3418,297,817,5.85
3419,7099,8991,19.58
3420,5079,4890,7.03
3421,3372,2386,12.64
3422,4047,3240,13.59
3423,5068,4603,8.6
3424,5332,10907,5.24
3425,3522,1773,7.04
3426,2274,1264,16.62
3427,2760,10620,10.12
3428,2607,1299,13.59
3429,4571,4541,9.05
3430,4243,7048,0.88
3431,3178,7178,13.84
3432,4841,6407,9.93
3433,2820,6005,6.67
3434,2582,10586,16.06
3435,1181,9973,17.37
3436,3775,522,18.53
3437,6681,180,0.76
3438,2764,912,5.94
3439,1017,116,3.08
3440,5323,3334,13.73
3441,3591,6090,1.32
3442,6684,378,15.64
3443,2679,6770,13.59
3444,7050,5057,11.31
3445,3311,276,7.01
3446,3098,3654,6.89
3447,168,10900,12.86
3448,4575,6785,2.26
3449,4204,3883,6.18
3450,42,8073,12.91
3451,1349,10855,3.67
3452,6111,5050,9.26
3453,2280,4714,15.1
3454,122,4811,6.33
3455,664,1009,6.37
3456,1751,6572,11.34
3457,4818,8164,15.97
3458,4220,1491,12.39
3459,2776,4344,12.34
3460,1986,5225,19.68
3461,2854,3251,11.06
3462,4070,6791,17.65
3463,5947,9191,7.2
3464,4080,120,14.19
3465,2505,10705,14.56
3466,1170,8482,15.08
3467,1451,2078,10.23
3468,4790,4373,12.66
3469,715,8767,14.12
3470,6110,7042,2.21
3471,1251,7001,4.59
3472,2844,1247,13.86
3473,6334,8669,19.76
3474,3820,9438,3.77
3475,3267,979,3.61
3476,3175,7423,4.5
3477,2732,5543,18.18
3478,3912,5116,2.47
3479,3373,9577,12.98
3480,3187,2097,5.37
3481,5234,616,14.09
3482,1117,6542,0.31
3483,2851,2731,12.94
3484,5119,10744,5.98
3485,7220,4539,2.41
3486,2584,10659,7.27
3487,5711,9432,11.16
3488,3848,9381,15.51
3489,3915,6420,10.14
3490,677,2745,14.77
3491,4983,9341,17.74
3492,1977,7830,6.12
3493,7432,82,13
3494,6327,4583,1.98
3495,2345,10352,17.96
3496,1487,6299,17.84
3497,2151,7322,17.36
3498,4419,6834,3.02
3499,3131,2919,9.55
3500,6174,825,0.93
3501,709,10006,1.11
3502,3059,8992,12.51
3503,2669,4081,8.35
3504,3932,8883,9.77
3505,6527,10288,3.08
3506,2681,1958,6.76
3507,4502,11074,13.21
3508,4248,5566,6.92
3509,3817,6250,9.23
3510,7259,10044,12.57
3511,4905,7489,9.66
3512,7522,5102,8.49
3513,1713,7116,12.36
3514,767,2379,9.74
3515,5093,8023,5.05
3516,7504,3294,4.14
3517,5300,4171,3.49
3518,391,3691,11.52
3519,1675,3196,18.93
3520,2966,3089,2.48
3521,4512,7848,2.09
3522,6097,6012,19.58
3523,4074,8247,1.14
3524,1800,8210,16.05
3525,3658,1395,13.82
3526,5935,4740,18.49
3527,3759,5922,12.25
3528,5667,6580,15.15
3529,2191,10963,10.01
3530,1955,1811,3.56
3531,6706,363,9.05
3532,2754,2725,14.74
3533,4028,8641,17.15
3534,5819,562,0.27
3535,4094,10616,14.79
3536,2561,8468,1.66
3537,1649,7475,5.98
3538,5634,10286,15.45
3539,4078,6748,9.16
3540,2369,83,2.64
3541,4711,6335,6.69
3542,1277,3925,7.09
3543,1060,8118,19.93
3544,6815,1869,16.24
3545,2705,3813,14.46
3546,2579,10882,10.04
3547,1682,1485,0.33
3548,791,8388,4.02
3549,1263,1539,18.99
3550,7260,8924,11.15
3551,2050,1419,16.64
3552,3898,3060,18.66
3553,3478,8402,1.1
3554,5108,9518,9.53
3555,7257,8941,7.23
3556,1663,1657,11.65
3557,4336,9472,16.77
3558,2788,1909,14.72
3559,5249,2720,12.24
3560,5023,3586,14.53
3561,5504,1384,9.19
3562,6182,6037,8.27
3563,3483,5456,2
3564,6396,7963,5.38
3565,6725,7015,7.38
3566,6129,1853,9.91
3567,4947,2910,14.17
3568,3524,1338,3.9
3569,4050,249,1.24
3570,5844,8538,4.19
3571,6703,205,14.76
3572,4847,7956,3.78
3573,2987,1123,16.13
3574,3171,10367,0.35
3575,2114,9556,6.68
3576,6316,1046,7.66
3577,7230,5118,15.66
3578,2112,2004,13.85
3579,2065,2409,9.24
3580,3123,3849,15.51
3581,3698,5832,15.68
3582,1827,314,3.86
3583,5061,6378,16.69
3584,2078,9873,18.48
3585,3322,6691,2.99
3586,2089,8782,7.22
3587,3913,7514,17.73
3588,3975,3269,1.11
3589,4953,155,15.3
3590,2467,10285,3.29
3591,4293,482,10.13
3592,6925,8806,8.63
3593,3105,8781,16.51
3594,3353,8824,2.42
3595,33,3655,5.5
3596,7341,2771,3.93
3597,444,8318,0.8
3598,3694,8608,3.5
3599,2088,1800,10.68
3600,5637,3985,17.46
3601,1724,7871,3.17
3602,3564,1393,10.51
3603,5113,5112,1.66
3604,787,3428,12.89
3605,5881,4682,15.09
3606,4279,1772,6.8
3607,3945,385,6.86
3608,3052,8025,2.52
3609,2094,6769,11.96
3610,7448,7814,19.77
3611,6533,777,18.46
3612,2780,4453,14.6
3613,2429,7188,2
3614,575,10260,0
3615,1125,9827,11.8
3616,2381,6960,12.64
3617,3874,3769,19.48
3618,6868,3199,9.34
3619,4117,1583,19.75
3620,1511,10680,19.67
3621,6294,10386,12.88
3622,1636,4830,19.06
3623,4475,8978,1.42
3624,654,923,1.89
3625,4909,637,4.39
3626,5443,6283,9.44
3627,5467,7607,19.78
3628,6734,3273,17.35
3629,710,5772,15.36
3630,6936,7672,4.51
3631,553,3926,4.58
3632,6859,3179,6.7
3633,3922,8016,2.99
3634,5195,8107,2.11
3635,7297,218,18.19
3636,595,10339,18.83
3637,4099,2034,18.32
3638,6377,3243,13.76
3639,2132,5158,8.89
3640,3075,9486,5.93
3641,6630,9287,4.67
3642,1865,883,11.36
3643,3864,8605,18.07
3644,1375,3527,8.66
3645,4031,3112,13.2
3646,6098,1326,12.51
3647,6486,9808,19.64
3648,3212,8881,16.96
3649,2538,7024,15.92
3650,1913,8749,18.59
3651,1027,4379,17.33
3652,4194,3357,9.06
3653,1347,277,12.42
3654,7209,6373,10.22
3655,2673,5555,13.37
3656,2693,5777,1.32
3657,761,8449,5.99
3658,4817,521,16.17
3659,177,6967,5.13
3660,6506,3704,7.8
3661,3562,3824,8.06
3662,5874,3278,7.19
3663,5918,8048,19.54
3664,5883,4402,10.44
3665,1385,2952,1.73
3666,4296,4643,1.78
3667,7266,1903,14.02
3668,7032,3373,14.47
3669,2439,3201,5.59
3670,4323,10001,15.1
3671,1506,5791,14.19
3672,2949,8773,16.87
3673,6030,10618,2.85
3674,5753,9262,1.34
3675,2405,2799,7.21
3676,4003,3818,10.17
3677,4892,1495,10.25
3678,2448,3735,12.81
3679,4331,6925,18.53
3680,7460,48,18.79
3681,5405,5279,4.21
3682,2082,6180,14.84
3683,6638,7793,1.43
3684,4259,2364,11.14
3685,2656,10075,18.39
3686,528,6188,18.77
3687,5330,4145,16.84
3688,6351,1822,16.06
3689,3687,6828,10.12
3690,701,1511,1.1
3691,244,10884,7.25
3692,2757,2422,17.47
3693,682,718,17.13
3694,6298,9397,19.78
3695,252,5478,18.65
3696,1615,5692,13.27
3697,5605,10887,14.07
3698,1265,2172,7.58
3699,4111,8238,12.16
3700,6950,5906,9.04
3701,1999,5033,4.21
3702,2850,583,14.79
3703,6775,8066,4.93
3704,6816,9561,16.92
3705,3702,1363,11.12
3706,1199,8488,2.17
3707,2976,2117,3.88
3708,5762,10925,15.31
3709,3599,1562,7.25
3710,606,7820,12.79
3711,2406,9270,2.29
3712,2957,5758,4.67
3713,6004,6682,6.99
3714,855,5375,2.32
3715,2210,1126,9.5
3716,2488,2558,6.22
3717,3938,9135,5.19
3718,2476,1477,2.69
3719,5719,460,19.79
3720,446,4317,14.24
3721,5889,5573,10.47
3722,6728,2634,16.24
3723,2999,1515,19.57
3724,4824,380,16.53
3725,880,4440,0.2
3726,4009,4154,17.17
3727,1604,128,14.36
3728,1795,9970,6
3729,958,10149,9.27
3730,1971,9198,3.78
3731,4884,8779,7.31
3732,3036,7400,12.4
3733,3113,10961,15.02
3734,2074,3633,11.77
3735,1524,7743,12.5
3736,2724,4370,17.07
3737,696,7440,0.94
3738,4351,7293,19.47
3739,5799,5211,9.47
3740,6640,5921,17.43
3741,6957,833,5.24
3742,3315,3403,12.95
3743,1367,8998,3.02
3744,1339,10293,0.86
3745,4831,1221,9.14
3746,6616,6497,6.83
3747,2460,2654,11.91
3748,3950,6280,14.65
3749,3678,7114,6.44
3750,2190,9455,19.94
3751,1426,6840,11.57
3752,6362,7446,8.69
3753,2821,3027,12.94
3754,2959,3470,4.36
3755,7364,7281,9.46
3756,544,5632,11.81
3757,7450,10743,4.93
3758,2672,7110,3.55
3759,1238,494,2.42
3760,4878,5845,9.85
3761,1531,5893,15
3762,5448,2227,4.99
3763,780,3002,19.04
3764,1051,4388,11.57
3765,270,10640,8.13
3766,3514,10598,10.5
3767,4249,1855,11.78
3768,5688,5556,14.77
3769,793,9370,3.1
3770,1340,2360,17.82
3771,3980,10724,18.69
3772,207,2008,16.05
3773,1131,7394,19.55
3774,4934,2519,19.23
3775,6002,9670,10.71
3776,3784,6562,15.13
3777,4101,5972,13.19
3778,3321,10329,2.56
3779,360,2195,5.44
3780,728,8270,13.12
3781,3234,2257,9.37
3782,2306,1475,19.87
3783,5087,5381,5.5
3784,1332,10707,3.28
3785,2706,9839,14.67
3786,3413,4074,13.68
3787,2922,9269,0.38
3788,2300,10735,17.82
3789,773,4688,11.58
3790,3136,6698,11.72
3791,3833,10788,1.38
3792,6552,9646,6.12
3793,2532,2225,7.72
3794,5884,731,14.01
3795,1062,9498,5.11
3796,1769,8426,4.99
3797,5326,10318,9.6
3798,1154,2732,19.11
3799,5549,2605,1.32
3800,6697,6870,9.07
3801,1859,3125,9.64
3802,7542,4469,2.46
3803,5797,8308,13.45
3804,7149,8728,3.61
3805,1791,1707,7.51
3806,4563,9724,0.51
3807,814,611,11.24
3808,315,5490,16.2
3809,27,6164,1.18
3810,7296,4441,12.31
3811,2001,7902,12.67
3812,5648,8652,16.7
3813,3173,3104,4.56
3814,1938,9706,8.15
3815,954,7384,6.88
3816,4407,2714,18.31
3817,4266,10585,2.49
3818,7492,4910,17.37
3819,7518,8134,11.22
3820,1978,9020,9.12
3821,4422,697,12.71
3822,4988,9989,7.41
3823,1213,5418,1.04
3824,2605,10624,2.75
3825,6751,5979,10.8
3826,5899,5127,9.91
3827,5259,10523,6.84
3828,247,10456,11
3829,1163,7365,2.62
3830,145,11034,7.73
3831,2558,5504,14.82
3832,361,1749,3.29
3833,1738,7449,4.68
3834,1192,1364,4.53
3835,288,8566,19.21
3836,6771,3413,6.43
3837,1089,9598,11.65
3838,7269,4372,15.51
3839,5019,2451,3.32
3840,1542,4952,16.41
3841,1723,10083,11.58
3842,3728,5994,19.28
3843,6416,9149,18.87
3844,5576,3162,2.62
3845,7010,5483,16.93
3846,4990,9501,7.83
3847,1735,177,12.34
3848,1569,8051,5.59
3849,5168,10103,15.32
3850,6657,1740,12.94
3851,4676,4319,18.33
3852,5726,9986,3.71
3853,6477,854,19.06
3854,2899,567,13.55
3855,3108,547,6.81
3856,6492,3892,17.2
3857,6411,10277,2.9
3858,2989,9464,1.52
3859,3886,8850,7.35
3860,4310,7017,5.18
3861,1964,659,11.78
3862,6873,11025,2.68
3863,5761,422,1.85
3864,3969,8926,10.32
3865,4345,10308,12.29
3866,6789,5965,19.51
3867,6206,3168,12.08
3868,3306,3647,0.11
3869,898,8339,9.05
3870,6341,4117,19.64
3871,7056,9624,16.73
3872,627,9245,2.88
3873,6257,1348,7.92
3874,7348,9485,5.21
3875,1603,1206,10.02
3876,4420,10924,9.51
3877,1149,10862,15.2
3878,7485,1864,12.82
3879,3447,4172,3.97
3880,6769,7552,3.48
3881,1099,3797,13.03
3882,6678,1470,6.07
3883,5060,3689,0.09
3884,6973,5140,16.44
3885,6626,758,17.52
3886,5610,1837,11.37
3887,7087,10554,8
3888,1864,10290,10.54
3889,6293,8915,4.09
3890,6595,2646,13.48
3891,5975,9349,9.52
3892,3387,9979,4.74
3893,2891,1328,13.15
3894,2413,10776,12.2
3895,7447,10178,4.03
3896,4914,3234,14.04
3897,6929,5379,6.04
3898,1471,808,6.68
3899,362,7252,19.33
3900,3566,2875,18.27
3901,4851,4911,16.41
3902,6894,700,12.67
3903,4529,4239,2.49
3904,1389,1797,10.58
3905,5786,5308,6.17
3906,960,1110,0.51
3907,4566,2987,18.21
3908,2031,524,0.59
3909,4739,8701,16.89
3910,657,1148,13.61
3911,3221,98,17.65
3912,515,7254,6.01
3913,1414,7259,5.98
3914,6828,8296,0.3
3915,5444,9552,7.15
3916,308,9876,18.47
3917,6757,9363,5.09
3918,7144,10332,19.55
3919,5484,3585,5.32
3920,2699,287,10.35
3921,4439,10356,6.14
3922,5150,8642,15.82
3923,7390,1509,17.67
3924,5065,9419,11.97
3925,656,6755,11.87
3926,2680,1904,6.98
3927,5031,3538,16.83
3928,4826,10095,18.8
3929,2694,2826,15.44
3930,5848,10030,15.93
3931,2491,13,0.72
3932,5553,904,16.29
3933,465,7176,9.99
3934,2199,3673,19.82
3935,3298,819,5.39
3936,745,10199,17.72
3937,3796,6196,9.21
3938,5687,3158,13.65
3939,1420,7520,16.31
3940,4292,5390,7.74
3941,816,2048,3.93
3942,4999,933,16.3
3943,6564,7898,15.03
3944,6587,8096,1.33
3945,2784,1815,6.06
3946,5812,2863,12.41
3947,2239,897,15.6
3948,5754,5458,14.92
3949,7160,5094,10.84
3950,3014,4909,1.41
3951,1096,5013,16.83
3952,1547,7166,0.25
3953,6611,619,3.51
3954,5522,1871,6.33
3955,5720,1228,17.93
3956,612,11040,16.22
3957,2790,21,10.81
3958,5796,4555,18.14
3959,2614,9783,19.97
3960,3319,1580,10.82
3961,1156,7924,18.12
3962,2643,10017,16.79
3963,6049,2897,3.01
3964,3688,5472,4.63
3965,2543,5604,4.98
3966,5381,2764,4.77
3967,6676,2853,11.28
3968,471,1796,2.4
3969,7300,10666,3.23
3970,3100,6470,5.73
3971,4628,1875,12.65
3972,344,1027,5.16
3973,4643,8557,8.56
3974,5643,2414,9.51
3975,346,6193,2
3976,6144,8569,13.94
3977,109,2213,17.68
3978,4691,424,0.11
3979,3943,2326,4.95
3980,6497,432,14.07
3981,935,1706,2.7
3982,3654,3390,0.54
3983,617,4795,4.24
3984,1005,10750,4.46
3985,48,7819,5.86
3986,597,570,8.16
3987,5639,1192,5.92
3988,5492,6029,6.5
3989,4992,4336,5.73
3990,2091,6555,9.66
3991,3122,9411,7.06
3992,4140,10774,19.78
3993,5962,1647,8.66
3994,1838,10431,18.81
3995,3262,6776,15.87
3996,1687,4476,2.73
3997,6220,7168,11.25
3998,2486,3,7.42
3999,6813,500,16.21
4000,4569,8812,16.49
4001,3156,1991,1.73
4002,6447,779,5.87
4003,6024,1694,2.54
4004,5105,8022,6.09
4005,280,9205,3.34
4006,3331,2697,5.45
4007,2288,5317,1.14
4008,6739,4950,14.54
4009,2541,9918,15.21
4010,6479,4724,9.06
4011,57,1397,17.73
4012,5946,5192,5.07
4013,3867,2418,16.02
4014,1704,5378,4.11
4015,7339,1362,4.92
4016,809,8306,8.21
4017,1576,421,16.95
4018,1421,4537,1.29
4019,6761,8291,2.31
4020,2731,4631,7.38
4021,5810,7767,4.9
4022,4169,9415,1.92
4023,720,237,9.22
4024,531,7513,14.08
4025,776,5339,7.2
4026,2109,222,14.03
4027,6542,7321,7.14
4028,3460,9120,17.22
4029,475,1259,18.81
4030,3091,5170,8.27
4031,530,6906,6.97
4032,5629,4357,5.63
4033,845,7960,14.32
4034,3707,2821,1.92
4035,127,9751,4
4036,2403,8705,4.28
4037,5101,8996,13.89
4038,1620,6114,3.64
4039,1467,9327,10.15
4040,6050,3865,6.44
4041,1927,10402,2.06
4042,6200,1806,19.79
4043,266,10219,3.06
4044,4661,6680,18.64
4045,5364,8115,2.57
4046,1305,7997,13.54
4047,6566,414,1.89
4048,3498,6417,1.76
4049,2241,6740,2.44
4050,5447,4038,7.6
4051,3118,9250,2.77
4052,1844,8086,7.16
4053,5740,4600,8.34
4054,4350,4783,12.41
4055,3302,3069,8.36
4056,6465,4298,7.47
4057,3731,6322,8.22
4058,4401,9920,15.92
4059,7133,8112,3.51
4060,1733,1039,1.23
4061,6711,4701,3.68
4062,2807,6938,6.44
4063,2837,7026,14.76
4064,2688,2794,17.41
4065,1256,319,11.65
4066,3115,2381,14.44
4067,2907,3019,2.55
4068,5051,7589,4.97
4069,2926,1203,11.45
4070,5403,8602,8.38
4071,338,8326,14.75
4072,2350,7439,16.21
4073,3877,454,12.4
4074,5171,6845,4.77
4075,4733,1431,10.44
4076,1655,10037,9.77
4077,1905,8770,10.13
4078,1299,542,0.62
4079,7059,10913,10.28
4080,4621,10897,7.75
4081,5704,2253,13.08
4082,5183,4129,1.08
4083,4045,8597,5.22
4084,7362,10005,4.11
4085,1372,2236,4.19
4086,1541,1351,3
4087,4084,9632,6.81
4088,1831,6340,0.88
4089,4830,6524,11.05
4090,1452,5040,5.39
4091,748,6225,19.6
4092,52,1417,18.28
4093,7544,7153,8.77
4094,6356,8519,14.45
4095,503,8805,7.21
4096,1692,8199,5.51
4097,6319,4273,6.82
4098,5700,2930,15.72
4099,1003,9364,19.44
4100,282,5793,3.76
4101,222,4363,14.98
4102,6290,3130,14.03
4103,2057,6972,1.51
4104,4899,3479,15.44
4105,6808,3722,14.26
4106,1445,6964,6.8
4107,4933,4449,13.03
4108,4181,7271,10.12
4109,1100,7028,7.85
4110,937,958,13.81
4111,7199,6039,14.08
4112,4922,6067,12.75
4113,6555,1289,16.32
4114,2832,2635,12.66
4115,796,5944,4.09
4116,753,472,2.67
4117,7520,9203,16.91
4118,2623,1325,18.9
4119,6951,167,0.71
4120,7100,1340,4.42
4121,5334,4784,11.65
4122,3297,1618,5.81
4123,1860,4292,8.31
4124,431,1513,9.99
4125,7112,7182,4.91
4126,35,561,1.21
4127,6519,7472,5.28
4128,2015,3626,1.65
4129,4374,7212,2.16
4130,978,3918,14.58
4131,700,6910,13.28
4132,5196,3572,15.98
4133,6852,1776,6.44
4134,306,4897,2.99
4135,968,7270,11.47
4136,1975,6438,5.54
4137,6662,5954,8.5
4138,452,6547,8.35
4139,4546,1365,2.49
4140,4636,6566,3.18
4141,4759,3381,9.57
4142,97,1287,6.53
4143,1533,5854,19.96
4144,2646,10481,11.92
4145,1490,6478,5.75
4146,2016,1422,1.47
4147,6937,5904,15
4148,4727,4139,13.32
4149,74,5967,7.09
4150,6539,4089,5.05
4151,1015,7602,11.65
4152,6661,7056,19.28
4153,170,3539,5.12
4154,2312,3658,3.93
4155,3779,6390,18.68
4156,5015,10745,11.72
4157,34,4280,1.7
4158,6404,3329,17.75
4159,4510,1298,2.07
4160,5050,231,7.34
4161,2940,4325,12.34
4162,3558,4876,16.17
4163,5413,9378,6.82
4164,6715,469,18.66
4165,3750,9383,13.61
4166,2214,2563,19.03
4167,477,9832,18.92
4168,1589,5526,14.03
4169,408,2,18.14
4170,2503,9228,12.6
4171,3429,8886,5.03
4172,1745,6536,2.43
4173,4815,9765,7.12
4174,923,3259,3.03
4175,6141,3378,12.93
4176,1532,5499,7.25
4177,2036,456,10.74
4178,7491,8057,8.15
4179,1180,8331,6.12
4180,6605,6781,12.42
4181,2900,4945,9.21
4182,2880,4214,8.73
4183,4873,1437,6.9
4184,6698,7291,7.57
4185,498,1755,11.75
4186,7289,10920,14.05
4187,1744,1045,5.1
4188,4780,8365,1.38
4189,1133,11049,7.08
4190,1886,540,2.4
4191,1521,10866,10.83
4192,5438,5839,2.17
4193,5609,7569,17.07
4194,4012,8420,8.46
4195,5958,3177,19.28
4196,3979,2531,4.05
4197,4107,961,15.75
4198,7309,126,8.43
4199,6100,7799,15.39
4200,5298,5198,19.64
4201,412,478,17.1
4202,3363,2855,6.12
4203,325,4444,15.52
4204,5853,256,1.77
4205,5876,10529,18.92
4206,1799,7192,12.08
4207,2308,168,13.65
4208,6774,3812,9.61
4209,7307,8237,3.38
4210,7429,8166,9.27
4211,5091,7474,4.24
4212,6835,1111,13.03
4213,2794,9749,2.47
4214,2798,8245,12.13
4215,6561,318,14.65
4216,1084,7137,2.42
4217,4828,1224,3.46
4218,6540,10930,1.77
4219,3106,6436,10.98
4220,1477,10576,9.2
4221,1549,2336,19.92
4222,5315,10154,12.27
4223,2411,6239,9.49
4224,7233,1306,3.12
4225,5583,353,19.48
4226,3656,8974,8.97
4227,573,6266,0.07
4228,8,2249,10.07
4229,5646,6138,4.7
4230,5380,2062,14.28
4231,5835,1886,2.89
4232,6998,6035,19.57
4233,5937,11026,8.45
4234,1674,10158,17.52
4235,4396,207,8.26
4236,2534,1894,14.82
4237,3340,5909,7.77
4238,1906,5611,9.83
4239,6001,10031,9.41
4240,1067,1770,14.05
4241,2554,6587,13.29
4242,2211,5148,8.6
4243,4187,8007,17.85
4244,2307,5469,1.48
4245,1470,5951,8.51
4246,7399,9843,17.73
4247,3858,9496,8.32
4248,239,1418,8.41
4249,2619,4695,0.13
4250,1637,2892,16.48
4251,4641,9166,11.35
4252,7370,7107,9.14
4253,2117,253,9.24
4254,3304,3598,8.28
4255,4836,131,17.14
4256,7528,10854,18.33
4257,2226,7914,16.37
4258,3716,1967,2.57
4259,5373,5182,1.78
4260,3626,5890,11.75
4261,762,3564,6.22
4262,2786,8190,16.66
4263,6249,7531,18.8
4264,3614,10447,17.69
4265,5118,9095,3.73
4266,7021,6929,12.22
4267,4371,3838,14.68
4268,5424,2938,3.47
4269,6281,11124,15.29
4270,7435,4409,11.95
4271,4405,9509,3.83
4272,1235,8327,6.83
4273,6222,8662,13.72
4274,2567,7961,13.14
4275,2691,6382,9.01
4276,7119,11045,9.19
4277,3060,2528,16.56
4278,3499,6923,6.38
4279,3580,1637,2.29
4280,2127,3090,15.79
4281,5645,4671,0.25
4282,6570,5404,14.91
4283,6737,10875,6.15
4284,5636,7709,15.84
4285,4421,5095,1.7
4286,2155,6294,10.38
4287,7373,7541,11.72
4288,6781,4522,14.94
4289,6928,2044,17.9
4290,5978,10061,9.25
4291,7174,6541,14.9
4292,1279,4674,2.09
4293,7238,8027,10.19
4294,2115,224,4.79
4295,1427,4460,15.56
4296,3039,492,13.74
4297,5514,9244,4.74
4298,4842,6154,6.89
4299,4355,675,9.95
4300,5677,2568,5.51
4301,5453,1277,15.39
4302,1553,7800,12.08
4303,13,2382,14.12
4304,3929,785,4.46
4305,3669,10642,2.93
4306,7118,6643,13.58
4307,601,9458,2.03
4308,1144,8021,3.43
4309,5237,5175,9.79
4310,6600,4508,9.56
4311,7505,9925,6.7
4312,67,10954,11.66
4313,2397,1440,11.69
4314,1597,7977,7.95
4315,4290,2140,8.88
4316,4625,6178,18.74
4317,2299,9155,18.75
4318,3701,5747,10.02
4319,1605,2471,18.44
4320,5948,6463,3.87
4321,5246,10980,7.73
4322,3825,2372,14.79
4323,5021,5172,10.78
4324,2555,5803,12.62
4325,3516,73,3.92
4326,4521,9048,15.9
4327,2593,9146,10.61
4328,4160,5751,16
4329,6259,9376,0.57
4330,6466,2981,1.16
4331,527,3233,1.71
4332,4217,5064,10
4333,5611,1189,19.6
4334,5488,6475,7.16
4335,5969,5334,19.97
4336,2077,4929,17.72
4337,23,10500,7.4
4338,7371,6038,16.44
4339,7254,8457,5.96
4340,7143,2971,18.1
4341,3482,8760,11.87
4342,6585,6817,16.15
4343,3393,6627,12.5
4344,7123,10311,14.31
4345,4648,5808,13.24
4346,6528,10384,10.71
4347,6126,8373,10.02
4348,2267,6317,15.28
4349,2779,1626,14.35
4350,5732,10443,15.03
4351,2935,2837,10.02
4352,5792,5139,2.02
4353,6979,54,5.2
4354,6778,7443,1.94
4355,373,3752,8.31
4356,922,4354,8.9
4357,2426,7669,18.57
4358,5540,6651,8.68
4359,5804,4215,0.29
4360,1153,3439,7.4
4361,4786,3036,2.87
4362,6044,9851,0.5
4363,1929,9993,2.35
4364,4666,820,1.07
4365,3689,2648,9.97
4366,5314,1517,3.05
4367,7337,3720,19.53
4368,7514,1910,17.82
4369,7136,6820,4.3
4370,1463,2071,6.07
4371,4509,6736,8.96
4372,2773,10497,1.57
4373,6449,5347,13.21
4374,2186,1614,17.59
4375,2453,1877,13.93
4376,482,5558,6.63
4377,1581,10671,17.28
4378,3807,9619,1.95
4379,1618,8487,1.27
4380,5181,5883,11.06
4381,2496,7562,5.67
4382,7207,6809,10.9
4383,5175,3469,14.42
4384,6842,6022,15.43
4385,1345,3989,0.51
4386,4632,4817,12.14
4387,6604,3490,1.3
4388,1721,4381,9.27
4389,6574,3077,17.31
4390,6536,5281,2.87
4391,2156,6199,0.8
4392,2589,8651,13.46
4393,4793,3984,18.97
4394,825,234,2.67
4395,1135,467,10.18
4396,4541,10847,15.86
4397,1843,9926,4.77
4398,6123,5204,7.27
4399,854,10310,3.64
4400,6284,7825,18.12
4401,4264,10829,7.8
4402,4620,4569,11.51
4403,910,2842,18.06
4404,341,4155,0.64
4405,4738,9320,5.48
4406,2598,1279,14.58
4407,4366,4365,9.57
4408,5868,413,17.6
4409,5002,3638,10.05
4410,230,7654,19.98
4411,1073,4275,2.65
4412,5506,4697,13.37
4413,7189,3215,14.38
4414,5017,1599,5.51
4415,6956,8266,0.19
4416,933,5775,1.79
4417,847,7226,16.52
4418,1468,10204,17.2
4419,1668,7822,13
4420,6902,2655,7.25
4421,5984,4168,6.2
4422,1068,3080,7.61
4423,4668,4773,19.08
4424,2373,7090,14.43
4425,643,10054,19.59
4426,3237,8102,1.34
4427,6102,10140,12.02
4428,496,4008,9.95
4429,5566,10186,17.55
4430,7424,11115,19.55
4431,5852,8123,15.12
4432,3816,3516,8.44
4433,2064,3434,11.96
4434,2409,192,1.79
4435,1130,4673,3.93
4436,3295,4195,7.96
4437,1594,2656,4.17
4438,3990,1031,19.07
4439,4360,8793,19.24
4440,88,1268,1.9
4441,6285,3462,12.78
4442,3320,5051,11.46
4443,6343,693,4.62
4444,5808,2529,10.53
4445,5319,5712,10.18
4446,5187,8787,17.31
4447,30,7134,14.04
4448,3672,10511,10.98
4449,5896,6310,3.64
4450,5603,4599,14.34
4451,750,9258,0.88
4452,6559,1309,3.08
4453,2458,10036,11.98
4454,1550,5376,7.65
4455,4956,6226,2.5
4456,1931,3782,6.76
4457,1169,1712,2.21
4458,2140,447,8.33
4459,622,9428,16.99
4460,5877,3711,3.42
4461,1334,2160,9.27
4462,1302,11036,13.24
4463,7291,1124,18.48
4464,6567,7880,3.61
4465,1934,3847,15.61
4466,3309,9671,19.48
4467,3428,2480,9.85
4468,1200,6295,18.64
4469,1796,5780,11.07
4470,2489,8330,1.9
4471,1398,7274,11.17
4472,4969,10195,17.27
4473,5574,3435,2.5
4474,2383,2965,8.49
4475,727,585,16.63
4476,4518,898,5.9
4477,6053,6673,18.79
4478,7000,2596,19.5
4479,3208,5325,4.46
4480,4161,6258,5.03
4481,5798,5216,13.82
4482,3811,10126,19.76
4483,1646,197,6.8
4484,2408,6640,19.47
4485,7025,9495,10.17
4486,567,7900,1.12
4487,1014,10379,0.66
4488,4382,7769,7.04
4489,5333,10249,13.92
4490,1292,7255,9.15
4491,2739,3943,4.6
4492,2927,6209,5.09
4493,2257,1091,14.38
4494,3754,6439,0.15
4495,2336,2274,1.71
4496,236,5853,3.75
4497,1186,3821,9.82
4498,3007,3145,8.55
4499,1924,7279,16.53
4500,6091,8343,9.41
4501,1215,8325,4.87
4502,1568,4717,13.75
4503,652,3602,3.94
4504,4883,8293,6.15
4505,147,10026,19.57
4506,7488,601,1.12
4507,4280,1332,19.54
4508,2523,4978,4.19
4509,4729,2258,15.46
4510,3019,1308,3.9
4511,5184,10261,15.58
4512,3362,5861,14.17
4513,5831,804,2.09
4514,5450,6192,9.24
4515,6314,7256,12.47
4516,5781,9778,4.03
4517,5638,2918,16.42
4518,7193,6884,17.12
4519,1872,749,5.98
4520,2823,9350,3.61
4521,667,1497,4.57
4522,393,9884,8.17
4523,1407,5274,4.3
4524,5095,9,8.44
4525,1985,5670,6.5
4526,6311,3040,18.77
4527,303,7516,6.83
4528,5496,3910,9.04
4529,5415,7309,19.41
4530,7382,6653,6.65
4531,483,6518,0.06
4532,2951,2838,10.09
4533,2079,5315,11.18
4534,4460,6806,13.4
4535,6248,3600,19.73
4536,2674,5143,9.06
4537,3959,9049,0.11
4538,1139,1164,9.85
4539,5123,3592,5.16
4540,4307,3475,7.12
4541,1086,2122,11.16
4542,5085,8906,5.75
4543,6295,9177,3.22
4544,6617,5266,5.33
4545,6255,3860,8.17
4546,4961,6703,4.12
4547,1362,10486,12.95
4548,4384,1112,17.66
4549,5276,3148,12.98
4550,51,2484,4.43
4551,3476,1820,6.88
4552,2041,10987,11.63
4553,2141,8973,18.73
4554,552,8099,8.39
4555,2871,8425,8.35
4556,6074,6293,4.95
4557,6518,8366,6.69
4558,2540,4069,14.56
4559,5708,8967,15.03
4560,4386,2994,19.72
4561,2920,5734,18.53
4562,519,7296,1.34
4563,1767,874,0.23
4564,3586,1355,5.35
4565,4393,10056,7.05
4566,7108,2882,17.75
4567,2025,5238,10.68
4568,1875,1881,9.8
4569,5555,788,14.91
4570,3525,5437,16.76
4571,3486,3228,2.37
4572,298,1734,19.08
4573,1736,4016,6.01
4574,2485,6279,13.55
4575,3895,9497,17.71
4576,757,8910,16.83
4577,3857,2514,0.83
4578,2616,8534,13.68
4579,314,5585,8.88
4580,6874,2221,3.66
4581,6199,1119,9.49
4582,4441,9075,0.38
4583,3011,4799,19.73
4584,3,1370,1.47
4585,3054,7876,10.79
4586,4408,3618,14.92
4587,2550,6364,3.99
4588,7308,678,2.43
4589,2564,9257,5.79
4590,2456,5263,7.03
4591,3780,8593,11.88
4592,1841,8356,19.23
4593,1464,8862,10.3
4594,2961,1921,16.13
4595,2881,8723,0.63
4596,4472,8012,18.87
4597,4352,7617,4.03
4598,3547,328,12.33
4599,5542,3444,0.98
4600,5054,3807,2.78
4601,1698,4177,12.59
4602,1384,7904,10.87
4603,2560,6802,7.54
4604,3529,8588,12.84
4605,15,6620,17.7
4606,7101,2911,14.84
4607,4602,6155,7
4608,1412,10918,16.52
4609,4480,4530,14.87
4610,1230,10138,0.73
4611,2767,9689,13.2
4612,3044,9755,5.45
4613,1809,10894,0.92
4614,941,2315,3.57
4615,4543,66,7.96
4616,5158,10104,12.24
4617,4057,1621,11.39
4618,1335,4119,5.77
4619,7315,3816,4.56
4620,3121,4718,17.64
4621,3384,548,14.59
4622,379,6696,5.71
4623,3764,7662,1.65
4624,1328,10304,3.4
4625,92,5453,14.83
4626,120,6963,1.71
4627,3339,217,11.01
4628,1728,2657,3.55
4629,5233,4803,6.78
4630,4356,8879,2.46
4631,1037,3666,8.11
4632,797,2699,8.51
4633,3795,8616,14.56
4634,4672,257,0.89
4635,3073,1943,17.72
4636,5755,176,8.3
4637,3048,7147,14.79
4638,3733,3597,0.08
4639,6932,3640,9.63
4640,4416,10114,2.08
4641,5399,6520,5.53
4642,1602,10373,1.1
4643,1635,6741,7.41
4644,509,2623,18.01
4645,2176,7194,14.7
4646,984,6430,2.36
4647,5103,9809,10.42
4648,3629,9960,11.98
4649,1351,893,9.37
4650,4568,2165,9.47
4651,2639,10580,9.96
4652,5602,694,10.89
4653,3941,9290,11.51
4654,4557,10530,8.83
4655,2256,5868,6.87
4656,3736,7628,16.21
4657,7072,10562,19.88
4658,5845,8955,12.2
4659,2218,7908,19.81
4660,1214,9331,1.91
4661,1586,1101,9.86
4662,659,3644,14.6
4663,1624,10448,15.64
4664,7214,790,5.88
4665,6484,10015,11.7
4666,31,4042,2.09
4667,6721,5505,5.37
4668,3543,7943,13.94
4669,6216,10639,19.81
4670,3185,1182,10.12
4671,3083,8495,15.91
4672,4678,2834,9.05
4673,3504,1421,15.01
4674,4022,7622,19.81
4675,4327,4825,12.64
4676,2995,11118,6.19
4677,6871,8411,12.53
4678,6613,10914,14.14
4679,4554,4654,6.54
4680,5592,6619,4.36
4681,1319,6369,11.24
4682,329,7678,8.63
4683,3280,2763,16.4
4684,1353,466,9.33
4685,989,1575,4.25
4686,1562,1814,0.5
4687,3405,7235,12.98
4688,1333,4173,6.34
4689,6913,2616,2.38
4690,1515,8613,6.91
4691,420,3107,5.56
4692,11,258,15.54
4693,478,1212,10.89
4694,4083,2896,6.55
4695,977,10501,1.82
4696,2469,5687,18.64
4697,579,1003,10.37
4698,255,8900,12.84
4699,3597,5436,19.7
4700,867,8874,0.34
4701,4049,7465,13.46
4702,1440,8305,5.4
4703,607,4210,14.53
4704,7281,3593,2.61
4705,2159,1130,14.12
4706,5838,4043,1.78
4707,5866,2680,12.45
4708,4776,7415,15.23
4709,335,4313,16.06
4710,448,153,4.69
4711,3390,9759,0.23
4712,178,8716,12.44
4713,4265,391,18.39
4714,1486,6118,12.18
4715,6305,3661,9.68
4716,1600,5980,17.94
4717,5546,275,19.48
4718,3380,5407,16.94
4719,7019,7696,15.74
4720,1225,3206,16.54
4721,2735,4416,19.7
4722,3589,4197,12.34
4723,5145,4874,9.27
4724,7508,3965,6.24
4725,1085,7405,6.53
4726,7465,473,9.53
4727,6218,7668,10.29
4728,7532,7661,9.77
4729,681,1527,0.69
4730,6683,3977,10.26
4731,666,1709,8
4732,6366,9558,1.96
4733,6833,6288,3.84
4734,179,6813,18.7
4735,60,4880,12.09
4736,1880,3309,6.2
4737,1661,10959,6.31
4738,3623,1676,2.77
4739,50,7910,14.15
4740,4159,658,13.76
4741,7061,6670,6.61
4742,2544,8044,17.92
4743,6325,11110,12.17
4744,4639,85,17.77
4745,3174,3202,16.86
4746,1768,7282,13
4747,1474,4288,13.8
4748,1006,2483,10.11
4749,2323,3254,14.82
4750,3997,2387,13.72
4751,532,3519,10.24
4752,2146,6557,3.72
4753,2549,6449,16.42
4754,3598,2358,4.62
4755,6462,1986,8.7
4756,6473,699,14.15
4757,2581,1187,9.05
4758,4257,3501,12.06
4759,1291,8309,16.85
4760,1307,10171,12.98
4761,3578,3902,9.9
4762,4415,7326,11.58
4763,4261,8679,0.68
4764,4837,3588,13.86
4765,1425,3250,12.16
4766,5698,7561,3.25
4767,2830,1297,4.13
4768,6652,969,13.95
4769,7312,7738,4.09
4770,691,6223,8.61
4771,6636,5953,16.24
4772,4619,7640,18.46
4773,6229,6803,11.57
4774,4409,84,9.51
4775,6384,9856,12.1
4776,273,1067,9.46
4777,6331,10331,12.2
4778,3607,3045,8
4779,6157,7664,6.75
4780,7331,10599,10.6
4781,2781,1300,11.55
4782,406,8684,1.71
4783,7376,9043,18.74
4784,1510,8317,18.73
4785,3887,4500,0.26
4786,4306,10068,4.74
4787,6836,7396,15.98
4788,6647,5001,12.86
4789,3020,6798,16.5
4790,1976,1060,3.04
4791,6806,1222,12.14
4792,3745,2585,4.91
4793,4176,10312,11.84
4794,2621,5446,7.06
4795,3496,4792,16.34
4796,2730,9140,12.95
4797,2010,579,8.27
4798,4424,5594,19.57
4799,3844,7009,3.5
4800,3964,10492,19.79
4801,2915,4589,8.46
4802,5862,8921,3.03
4803,7277,1546,15.54
4804,1958,1832,6.08
4805,3457,5995,2.5
4806,6843,2082,7.33
4807,2659,2970,5.88
4808,833,9726,17.88
4809,6614,612,4.93
4810,849,6017,11.44
4811,4391,9641,3.66
4812,5793,6787,9.69
4813,1761,11106,17.85
4814,966,6928,4.95
4815,2278,10969,8.3
4816,3071,7770,6.97
4817,1662,6093,10.4
4818,1076,10231,9.71
4819,4653,838,4.41
4820,2060,5265,9.21
4821,1190,1381,7.45
4822,7540,3033,2.18
4823,6407,6575,19.68
4824,5703,2772,1.05
4825,2202,4024,0.02
4826,1711,9446,18.61
4827,5663,9695,9.39
4828,1126,4645,1.03
4829,969,10919,15.1
4830,302,4991,15.46
4831,1413,4463,14.48
4832,5452,5213,5.72
4833,5691,10881,19.88
4834,2752,2317,12.62
4835,4447,6631,11.15
4836,3911,921,3.01
4837,694,7699,18.94
4838,6568,3103,4.68
4839,3072,8995,13.04
4840,4314,8357,2.45
4841,3824,1735,17.21
4842,5509,6257,14.47
4843,3800,4864,15.05
4844,5621,932,7.31
4845,3681,5173,11.14
4846,5922,8721,10.41
4847,904,6216,9.16
4848,1281,748,10.38
4849,1899,10218,17.48
4850,3334,1974,14.33
4851,6367,4253,16.69
4852,2364,6487,9.31
4853,7126,9934,4.07
4854,3085,980,14.58
4855,6010,2641,11.21
4856,134,5998,7.42
4857,3282,7195,12.34
4858,5398,6122,10.71
4859,7103,8610,14.87
4860,4035,6827,16.77
4861,1861,3127,4.53
4862,6978,2730,14.77
4863,3140,4403,15.08
4864,348,5722,12.2
4865,7191,4166,4.1
4866,5451,2639,6.91
4867,3772,53,9.67
4868,1731,3170,5.7
4869,4116,3232,4.92
4870,3359,2807,12.04
4871,4135,11051,7.18
4872,4821,7312,8.88
4873,5179,3687,8.82
4874,1755,5465,14.04
4875,5047,3191,3.21
4876,6723,11021,3
4877,6205,2185,18.92
4878,2200,4407,12.36
4879,4746,9060,13.47
4880,1472,10416,5.28
4881,3378,546,11.31
4882,7028,8337,10.94
4883,4403,4308,4.03
4884,5554,6050,12.2
4885,5067,1072,2.78
4886,629,3149,7.39
4887,4904,10478,11.12
4888,1324,1118,5.42
4889,1514,7813,0.58
4890,1622,10997,4.32
4891,5882,8006,9.75
4892,3229,3055,16.21
4893,493,5290,1.24
4894,3521,5905,10.02
4895,1065,4006,4.53
4896,965,9801,5.86
4897,3255,5084,1.89
4898,4410,2176,3.42
4899,3370,302,1.27
4900,6738,6381,1.97
4901,2826,3326,0.46
4902,2831,2633,15.37
4903,6623,10029,11.49
4904,670,10860,17.98
4905,2240,3942,18.03
4906,5264,8592,18.7
4907,7183,8953,6.64
4908,461,864,2.71
4909,4075,925,9.23
4910,2721,6959,3.79
4911,5098,2950,10.9
4912,4134,3882,13.47
4913,5813,9336,10.61
4914,2024,8617,4.1
4915,2649,5196,18.44
4916,5674,8,14.44
4917,3477,9444,9.37
4918,2611,3762,4.66
4919,5422,543,6.93
4920,6291,10374,3.16
4921,4373,11091,11
4922,6762,10038,12.34
4923,4184,5181,17.26
4924,1792,9908,4.84
4925,427,4130,15.3
4926,3963,2969,6.95
4927,932,1616,0.07
4928,3703,80,1.47
4929,3982,407,6.9
4930,1793,2391,6.06
4931,7217,743,15.64
4932,2355,3267,1.36
4933,1378,1668,0.78
4934,1189,1155,15.38
4935,4525,6836,12.73
4936,2297,4186,7.82
4937,4896,7939,10.8
4938,1527,2238,4.64
4939,4611,6031,16.78
4940,1227,6210,0.39
4941,3691,10041,3.69
4942,7252,5653,13.45
4943,3110,10817,18.66
4944,4476,7728,13.44
4945,563,8547,0.83
4946,6618,3004,13.47
4947,1218,8860,0.03
4948,2363,6169,15.44
4949,5733,2252,0.2
4950,3809,2191,4.09
4951,6217,1568,9.63
4952,2929,8961,7.68
4953,6722,3011,17.31
4954,6346,5629,14.86
4955,4592,1316,2.78
4956,3323,10426,5.22
4957,6254,8836,15.08
4958,3112,5680,7.04
4959,4436,10973,18.76
4960,6286,11058,19.56
4961,4775,4936,5.29
4962,1847,5800,16.64
4963,1007,623,5.65
4964,5890,7524,14.93
4965,1462,1698,5.34
4966,5267,1096,3.28
4967,5614,9084,7.87
4968,126,2929,8.71
4969,5426,2917,8.45
4970,5209,8489,2.18
4971,521,9860,19.41
4972,5078,5749,12.67
4973,5641,1834,19.53
4974,3137,8631,13.88
4975,4965,10723,7.96
4976,2975,7510,2.7
4977,5475,9668,19.79
4978,4291,5691,14.81
4979,3018,10217,4.71
4980,5167,7854,12.96
4981,5718,10399,18.22
4982,5029,1147,19.29
4983,445,862,11.02
4984,7163,4060,14.79
4985,772,304,16.43
4986,2391,908,1.7
4987,197,1496,16.06
4988,6642,9361,7.32
4989,1152,3545,8.4
4990,1946,5180,2
4991,5257,7029,13.17
4992,4474,7003,3.07
4993,5361,5480,19.49
4994,6867,2939,14.44
4995,4123,7529,10.39
4996,6212,5591,13.67
4997,4344,3296,9.45
4998,6243,7156,12.92
4999,6194,10557,0.44
5000,2272,1390,1.54
5001,3165,5878,12.14
5002,4144,5610,17.41
5003,2422,10190,5.89
5004,2180,6396,16.48
5005,1402,11066,19.12
5006,3690,2064,13.71
5007,481,4820,9.2
5008,7388,6854,4.41
5009,5640,1291,19.69
5010,6670,7784,11.13
5011,3802,7895,8.83
5012,777,5686,0.96
5013,4209,7225,11.69
5014,114,5278,7.7
5015,5933,8089,9.63
5016,5501,6484,14.17
5017,6500,6360,9.35
5018,1229,9178,1.09
5019,3637,95,4.49
5020,746,4678,5.54
5021,5269,4276,10.86
5022,7250,6773,14.3
5023,486,3096,12.77
5024,2284,8745,2.85
5025,2791,1516,0.77
5026,1311,2828,5.83
5027,6511,7612,2.09
5028,3988,1442,1.7
5029,419,9087,5.26
5030,5595,2713,19.28
5031,1916,7620,9.78
5032,2090,2460,7.8
5033,6266,76,13.24
5034,5176,2093,15.13
5035,2219,4174,0.93
5036,7049,949,16.99
5037,6151,8453,12.93
5038,310,10488,10.45
5039,3090,7174,13.49
5040,3965,22,3.4
5041,6787,280,9.38
5042,2835,7667,17.67
5043,376,10227,0.76
5044,3209,2150,6.33
5045,6453,10827,19.96
5046,3503,2343,6.33
5047,7359,7139,12.73
5048,5071,3336,8.1
5049,5325,9325,12.57
5050,5960,7982,1.41
5051,323,9833,2.58
5052,3966,1590,14.3
5053,959,674,3.01
5054,6637,929,8.07
5055,4186,8404,13.17
5056,4375,11086,19.82
5057,79,6573,15
5058,2667,6635,18.47
5059,4225,10831,15.36
5060,7003,1887,12.33
5061,798,11088,19.51
5062,7439,5870,4.16
5063,3517,715,8.27
5064,6437,8634,8.05
5065,4388,333,11.52
5066,6072,8061,18.45
5067,312,1372,2.26
5068,1176,3218,13.46
5069,7210,7817,7.45
5070,6428,1835,4.32
5071,6147,4095,10.84
5072,286,393,3.82
5073,2537,7044,16.36
5074,7157,2679,18.82
5075,1161,8289,4.3
5076,4764,1382,12.13
5077,7246,6751,18.7
5078,4468,4284,14.59
5079,6006,7049,1.65
5080,3732,5060,2.23
5081,914,4218,3.86
5082,4268,5031,3.66
5083,415,8139,6.81
5084,5354,9137,13.08
5085,5829,7409,17.86
5086,4002,2163,9.82
5087,5055,3574,5.61
5088,6201,7852,0.23
5089,5433,3457,4.85
5090,802,5164,9.06
5091,3150,5264,14.08
5092,5597,1953,2.24
5093,4879,2881,11.36
5094,3892,6076,7.02
5095,2157,4859,19.85
5096,1884,1629,0.82
5097,3927,8533,19.77
5098,5794,9420,11.32
5099,6365,3843,7.12
5100,6820,46,14.38
5101,488,572,8.01
5102,4316,3567,0.69
5103,1446,7888,17.16
5104,3700,2678,14.02
5105,1617,7882,14.26
5106,152,3721,14.15
5107,2741,6171,17.02
5108,3058,4384,18.23
5109,3351,6147,19.34
5110,3125,1016,6.11
5111,1122,6577,4.46
5112,7166,7145,6.06
5113,4085,9353,2
5114,737,10661,14.96
5115,6772,2739,1.2
5116,257,7577,11.4
5117,4141,5700,14.42
5118,1492,8254,10.33
5119,4219,2903,12.7
5120,1239,6707,6.12
5121,3921,5210,1.22
5122,1175,20,8.15
5123,4579,8986,16.74
5124,1808,667,6.06
5125,4171,6249,13.6
5126,3901,5289,11.9
5127,5471,3968,3.07
5128,2258,5561,19.01
5129,3659,108,10.32
5130,5544,2011,4.8
5131,219,1391,13.45
5132,2321,6878,10.5
5133,5013,2947,17.27
5134,2332,8551,16.81
5135,7037,1129,18.08
5136,1716,5996,17.67
5137,4449,6991,1.02
5138,3281,10978,2.37
5139,7198,7907,4.08
5140,4150,2431,0.86
5141,5163,375,2.93
5142,5417,6774,6.14
5143,1748,2968,11.66
5144,3821,7744,2.34
5145,549,7118,2.67
5146,1320,2089,18.6
5147,3088,7247,16.83
5148,4561,9691,17.37
5149,1707,10928,7.84
5150,3674,4106,8.43
5151,1416,1883,8.15
5152,5236,5304,7.35
5153,6322,3374,9.52
5154,7141,1196,18.33
5155,2395,6168,1.6
5156,262,1592,6.87
5157,5581,3210,7.34
5158,5320,6593,19.14
5159,2502,7554,16.37
5160,4553,8892,14
5161,1630,9572,1.6
5162,2967,3190,1.19
5163,4589,6872,14.83
5164,4026,4831,7.88
5165,2702,10064,6.93
5166,4426,2455,13.03
5167,3714,9012,18.38
5168,5148,6716,3.69
5169,4657,9867,15.53
5170,5043,6198,11.87
5171,4593,10768,11.05
5172,3416,8630,2.09
5173,6548,769,12.2
5174,4213,5975,8.45
5175,3180,2255,16.05
5176,7204,6471,9.55
5177,6791,5427,12.01
5178,7223,8922,18.94
5179,289,595,12.75
5180,6274,3615,16.83
5181,884,9424,2.91
5182,7065,8059,15.87
5183,5923,767,19.45
5184,2108,10923,7.54
5185,3531,8255,7.69
5186,838,2888,9.75
5187,5575,7019,1.54
5188,766,8249,4.39
5189,1846,10405,0.72
5190,6709,6060,6.16
5191,1444,70,18.36
5192,5152,1646,8.36
5193,2792,3359,14.09
5194,559,11016,16.14
5195,4008,1257,11.3
5196,3662,6990,4.06
5197,1312,2682,0.16
5198,1825,11011,14.82
5199,3169,6744,10.63
5200,6535,11028,9.45
5201,735,2609,10.42
5202,6080,4961,5.5
5203,3215,668,18.49
5204,473,1566,8.66
5205,2513,2894,14.76
5206,1430,4667,19.87
5207,6273,7229,1.07
5208,7457,4886,14.25
5209,3383,6309,18.85
5210,2212,644,16.43
5211,3290,6403,14.59
5212,265,9607,13.91
5213,3397,2486,10.13
5214,5664,4989,6.91
5215,6120,6655,3.24
5216,2286,1484,3.24
5217,2245,10088,1.38
5218,7005,3143,3.32
5219,4523,1717,9.47
5220,3494,5991,3.86
5221,2662,9545,2.1
5222,1676,5408,0.02
5223,7452,4664,6.6
5224,2023,6726,17.57
5225,5728,3589,3.82
5226,6799,6061,13.48
5227,7026,9956,15.91
5228,4951,5042,9.85
5229,2435,2683,17.99
5230,5525,2260,11.76
5231,3154,1204,12.3
5232,7167,6201,12.41
5233,955,7647,19.75
5234,4105,1703,10.21
5235,6172,2419,2.45
5236,7499,81,2.84
5237,3164,9133,12.93
5238,4736,2989,5.62
5239,2950,4883,5.69
5240,6405,3761,4.13
5241,5479,152,4.3
5242,2197,3121,1.06
5243,1210,6739,3.5
5244,4023,2691,15.22
5245,4930,6406,3.36
5246,326,9249,10.03
5247,4061,2309,7.85
5248,1828,4312,18.39
5249,5034,2178,2.19
5250,6124,8278,17.45
5251,1783,8280,0.74
5252,6631,2818,7.39
5253,2385,7157,1.76
5254,437,2640,16.52
5255,5569,5564,18.82
5256,2216,11090,14.25
5257,5683,2923,13.23
5258,7318,9764,16.28
5259,1746,4473,7.95
5260,6252,2020,9.75
5261,5902,4916,7.53
5262,2279,3227,14.7
5263,332,5659,1.1
5264,112,10563,16.51
5265,1070,6071,7.06
5266,5135,1859,2.02
5267,1091,774,10.26
5268,4236,7189,4.8
5269,4229,4646,11.26
5270,1140,3345,13.22
5271,3418,9767,15.72
5272,3630,498,18.3
5273,2414,8981,6.12
5274,5288,6641,12.19
5275,3296,2171,3.9
5276,2004,7149,18.8
5277,636,2512,4.36
5278,2136,9940,17.68
5279,679,9252,2.87
5280,3899,6893,8.71
5281,336,1317,11.41
5282,7008,10648,16.75
5283,3177,847,17.54
5284,440,427,2.01
5285,7229,751,10.37
5286,7062,8690,2.87
5287,3552,8351,2.19
5288,2805,7201,19.85
5289,5767,10440,6.45
5290,4148,9194,8.25
5291,927,7897,15.77
5292,6575,5429,2.97
5293,4383,10825,0.81
5294,1517,1997,8.92
5295,5828,10191,17.32
5296,1701,3844,9.13
5297,1535,784,17.47
5298,6383,2473,3.27
5299,4423,2823,1.85
5300,5363,9176,19.12
5301,1356,704,2.66
5302,399,6109,18.01
5303,1759,6219,16.15
5304,3239,8018,2.05
5305,1441,417,16.73
5306,3742,3320,17.4
5307,734,1321,15.73
5308,6432,10351,2.75
5309,7092,9168,2.18
5310,4100,5351,7.14
5311,6530,4185,7.43
5312,204,8969,7.92
5313,1776,9256,7.85
5314,846,8397,15.36
5315,502,174,10.06
5316,2802,5169,1.34
5317,7413,5271,14.4
5318,1155,8116,12.92
5319,6463,10298,9.91
5320,5018,10205,2.12
5321,2248,1014,9.07
5322,7226,4201,9.43
5323,5953,811,18.4
5324,2997,3757,13.3
5325,4470,5528,0.54
5326,5916,9222,5.18
5327,2449,9769,8.45
5328,7211,1817,2.04
5329,3233,6775,3.58
5330,6027,5245,18.3
5331,5230,2765,13.93
5332,1967,5320,0.58
5333,6578,3563,19.44
5334,1540,762,9.69
5335,3610,8744,2.67
5336,5252,8436,3.7
5337,1058,7193,15.54
5338,2893,5605,7.11
5339,7316,8322,11.25
5340,3069,10934,1.84
5341,3720,4759,3.84
5342,3960,3503,17.12
5343,10,7339,7.42
5344,1765,1151,15.63
5345,4537,138,15.49
5346,2703,6540,15.02
5347,1382,3776,0.14
5348,3676,4131,5.93
5349,3878,94,3.06
5350,1647,7414,3.84
5351,1094,9990,12.9
5352,2372,10050,7.05
5353,7334,2148,19.91
5354,2885,5423,5.96
5355,2084,5583,2.47
5356,5396,7310,5.69
5357,1823,3579,9.19
5358,6472,1786,14.48
5359,3819,4542,12.84
5360,5778,1310,1.46
5361,863,4543,6.69
5362,6949,11108,0.24
5363,5650,1392,5.25
5364,1876,3362,8.77
5365,990,2346,15.59
5366,730,9517,8.63
5367,1090,2340,19.85
5368,497,9104,2.14
5369,4574,10372,6.2
5370,3248,7720,10.39
5371,2338,4406,17.28
5372,6786,9684,8.99
5373,4294,8516,2.34
5374,5914,9878,12.74
5375,3734,11070,11.97
5376,2866,8584,11.86
5377,5782,10786,7.23
5378,1409,7501,12.1
5379,4442,6234,11.69
5380,4712,4443,18.85
5381,6448,10850,19.58
5382,3148,129,15.45
5383,6705,11127,13.71
5384,3464,7735,7.38
5385,7058,3129,18.94
5386,2042,9311,12.26
5387,3973,4063,10.47
5388,1,10886,18.16
5389,598,7261,11.63
5390,2305,1318,17
5391,3706,7508,16.32
5392,2328,3726,9.89
5393,889,8106,2.67
5394,3627,2283,0.25
5395,5265,7033,16.8
5396,3749,8498,11.67
5397,1951,4245,8.67
5398,6621,917,8.78
5399,2723,6217,16.49
5400,4359,4593,5.59
5401,1811,4296,16.56
5402,2529,7364,5.29
5403,6083,10778,17.72
5404,4372,8623,10.64
5405,1529,1935,4.19
5406,5680,8523,19.18
5407,1359,2091,5.41
5408,5460,8640,10.7
5409,4880,5491,2.21
5410,3852,7098,16.2
5411,704,7436,0.39
5412,75,5363,10.35
5413,7225,8442,0.28
5414,2968,2357,18.09
5415,2882,3497,8.28
5416,454,7102,0.5
5417,6231,6098,18.54
5418,4466,2927,14.63
5419,4584,4498,5.89
5420,2067,7881,4.42
5421,4456,510,13.14
5422,3740,9296,13.32
5423,4255,5086,14.92
5424,6507,2142,4.41
5425,4926,4612,4.51
5426,225,7266,12.78
5427,5662,5694,14.36
5428,4846,67,1.79
5429,3194,11084,18.15
5430,2420,3974,7.28
5431,5329,3999,10.07
5432,1024,5748,5.82
5433,311,5630,15.89
5434,6663,9253,3.87
5435,7055,4364,15.78
5436,2812,5256,11.12
5437,3649,7530,18.79
5438,343,8655,8.37
5439,5328,10325,0.1
5440,5723,8273,13.65
5441,3798,3132,11.25
5442,1555,9543,8.4
5443,5843,10305,18.72
5444,4010,6807,6.82
5445,5048,4544,16.85
5446,5893,1542,15.92
5447,2690,2700,18.09
5448,3699,7204,6.53
5449,1919,6723,10.76
5450,3896,4815,13.44
5451,433,1640,5.11
5452,4189,6657,16.72
5453,1348,7305,11.05
5454,4297,8261,11.94
5455,7471,7242,6.49
5456,6830,8635,0.56
5457,3981,9537,5.2
5458,6215,9374,3.98
5459,3600,4241,16.44
5460,1309,1942,14.75
5461,2203,5942,1.48
5462,1979,7404,19.83
5463,7115,3076,9.38
5464,2858,3115,11.45
5465,7501,3338,6.12
5466,842,330,9.11
5467,3453,3745,12.28
5468,4745,6053,1.38
5469,7066,9891,1.78
5470,4006,8422,19.89
5471,970,4551,19.16
5472,4840,6978,4.06
5473,6352,9933,5.75
5474,1743,6042,5.67
5475,4533,11111,2.22
5476,7255,4329,12.45
5477,3041,2613,14.23
5478,1404,8755,18.51
5479,1699,4550,9.04
5480,3089,6027,19.2
5481,4481,8722,13.07
5482,781,7546,7.65
5483,4792,2701,14.43
5484,6812,11075,16.46
5485,5980,2351,15.85
5486,2546,9161,19.32
5487,467,1937,8.06
5488,5750,6083,14.49
5489,1147,7124,5.35
5490,1450,3085,15.36
5491,7035,1818,5.61
5492,7503,3584,2.1
5493,5526,2216,19.88
5494,470,3759,2.74
5495,4044,1692,13.37
5496,4829,4322,2.72
5497,1252,8374,2.97
5498,143,9575,2.58
5499,369,849,17.26
5500,90,2069,14.53
5501,2572,2996,5.92
5502,7197,4184,17
5503,5656,132,19.2
5504,1895,9076,6.13
5505,6878,2489,19.24
5506,1805,9648,15.8
5507,6424,4455,10.04
5508,5616,6339,3.84
5509,3484,3742,8.34
5510,4104,3404,6.74
5511,3303,10166,11.27
5512,635,3730,16.08
5513,5780,10769,3.36
5514,184,7560,6.32
5515,1579,1117,3.48
5516,5715,6944,6.07
5517,3388,5235,19.74
5518,583,6006,3.28
5519,6742,1885,1.07
5520,63,5548,5.19
5521,1286,2811,8.32
5522,813,3013,2.52
5523,5901,8075,18.64
5524,5022,3927,2.29
5525,1418,4918,3.23
5526,7137,5080,1.93
5527,3152,733,15.62
5528,5855,4611,17.5
5529,5250,4559,9.94
5530,2228,1603,9.37
5531,3903,7842,17.93
5532,3500,1884,2.63
5533,2495,4170,1
5534,388,8916,0.46
5535,957,1416,13.27
5536,769,2080,16.81
5537,6187,6144,2.46
5538,4151,1482,13.56
5539,5238,3285,8.79
5540,3539,7760,19.09
5541,5239,566,11.69
5542,2945,6851,18.65
5543,294,8158,9.97
5544,1185,8789,18.94
5545,6770,9062,3.99
5546,1087,3260,11.49
5547,2924,4411,8.09
5548,3949,10156,19.71
5549,1536,10230,0.14
5550,1438,1454,18.63
5551,271,4976,19
5552,5773,4415,6.27
5553,5582,709,9.43
5554,6039,10525,0.93
5555,5378,4108,14.98
5556,2701,5559,17.26
5557,6156,143,6.96
5558,4317,3896,8.9
5559,3724,4228,18.07
5560,6060,8235,14.37
5561,5815,800,5.73
5562,3035,4607,5.53
5563,1903,7723,0.17
5564,4705,5742,17.29
5565,1285,9651,2.29
5566,1059,9157,9.53
5567,4765,5349,8.02
5568,4333,8831,8.67
5569,7407,7464,9.38
5570,1481,9774,11.38
5571,423,2715,2.13
5572,6045,3684,3.92
5573,6429,9850,6.5
5574,7340,4032,4.65
5575,1172,1984,14.22
5576,2511,8792,6.92
5577,5807,4926,3.18
5578,2189,8163,5.53
5579,803,8153,6.01
5580,1009,4382,3.58
5581,4461,4122,19.26
5582,5505,8492,8.96
5583,1288,1429,14.74
5584,307,3301,12.47
5585,4033,640,5.8
5586,2220,1380,1.9
5587,5850,6920,17.78
5588,7096,4087,13.58
5589,5839,3467,4.56
5590,3440,3836,16.94
5591,3481,5008,4.69
5592,3046,5764,12.06
5593,5604,5394,2.63
5594,4952,8418,10.96
5595,4286,5651,13.74
5596,6028,4681,10.41
5597,5476,8410,19.96
5598,2416,3279,2.19
5599,382,6823,19.78
5600,5117,8236,6.84
5601,2314,6218,9.09
5602,6917,5973,3.35
5603,4949,4209,13.76
5604,5912,9406,4.46
5605,7053,4072,6.46
5606,3889,267,6.65
5607,3430,3493,18.11
5608,592,1282,2.08
5609,2658,10187,7.59
5610,7077,1828,15.5
5611,4645,2788,4.51
5612,6094,7350,3.33
5613,2471,9382,1.5
5614,1629,10838,1.35
5615,6336,10531,13.81
5616,4504,37,16.49
5617,3360,1839,2.94
5618,6848,11103,17.04
5619,7222,4086,16.08
5620,5111,6718,6.69
5621,556,6874,2.72
5622,3940,5395,15.45
5623,4295,425,5.28
5624,5945,5818,0.46
5625,4650,8212,8.59
5626,590,5044,1.66
5627,7020,3230,7.92
5628,6655,6850,5.62
5629,7068,6140,0.54
5630,2418,4861,19.39
5631,5344,7383,18.99
5632,3242,9617,7.27
5633,4586,5414,4.13
5634,860,6019,15.19
5635,5064,1012,14.93
5636,778,104,5.07
5637,5272,9113,9.68
5638,6235,3366,18.87
5639,5375,3931,4.87
5640,4596,10086,8.44
5641,1983,9943,18.85
5642,7076,2708,17.68
5643,1863,1876,12.38
5644,392,1951,3.7
5645,86,6110,4.62
5646,3845,4855,12.94
5647,4193,7798,0.08
5648,7290,6473,0.79
5649,2071,3800,1.42
5650,5836,1181,19.98
5651,3663,5638,18.51
5652,5454,5055,15.71
5653,3287,9299,19.39
5654,4462,2567,4.94
5655,7040,7070,8.43
5656,4982,2435,0.41
5657,4595,9631,3.32
5658,5824,10116,2.68
5659,7162,6121,9.48
5660,6378,4472,7.63
5661,1516,2161,6.78
5662,1267,223,8.39
5663,1874,139,11.85
5664,1194,2278,15.86
5665,865,5988,6.8
5666,154,1403,15.94
5667,1390,4224,13.48
5668,5959,9300,8.67
5669,7213,1544,3.95
5670,2861,354,0.94
5671,5784,3829,18.21
5672,6058,2854,1.83
5673,5081,6605,17.24
5674,1998,4383,6.17
5675,839,1905,7.21
5676,818,10099,4.1
5677,6426,9233,15.25
5678,2743,45,19.43
5679,3324,7411,19.36
5680,2668,4887,0.59
5681,930,4557,6.4
5682,4133,5166,9.14
5683,6522,4604,4.21
5684,1019,10984,7.32
5685,5537,1570,5.98
5686,1898,7549,1.65
5687,5395,56,3.13
5688,3349,9371,12.36
5689,711,7810,18.56
5690,6183,8419,10.68
5691,7102,5960,1.18
5692,1042,5797,4.83
5693,6651,5842,18.11
5694,3022,4279,3.15
5695,2985,4234,7.06
5696,852,6652,16.08
5697,240,8859,15.99
5698,3875,9834,9.44
5699,363,3803,1.71
5700,1465,5115,16.07
5701,2253,9792,15
5702,4629,9685,12.34
5703,1925,4256,0.6
5704,2836,3696,18.86
5705,5379,10807,2.66
5706,1508,3905,3.72
5707,4876,10858,2.32
5708,250,7719,8.67
5709,4090,1598,16.71
5710,2347,5608,1.69
5711,4077,8501,7.91
5712,625,2580,18.73
5713,2183,9306,19.04
5714,214,1574,11.55
5715,782,8114,1.68
5716,5633,3678,9.56
5717,1047,4873,5.07
5718,7304,1159,16.79
5719,2319,8378,8.47
5720,5894,8909,8.6
5721,5221,11122,19.48
5722,1732,7995,7.68
5723,5149,9001,3.57
5724,6119,6260,16.86
5725,4275,4031,19.93
5726,4928,1229,14.84
5727,4463,3706,11.26
5728,895,4396,7.83
5729,357,2495,7.8
5730,3037,10601,14.39
5731,995,7169,5.52
5732,2166,11096,15.73
5733,3068,6917,9.62
5734,6246,5597,17.75
5735,3077,7684,1.7
5736,43,11107,1.89
5737,6654,7537,4.37
5738,3549,2143,1.26
5739,537,6936,18.09
5740,1456,4045,14.49
5741,4251,4517,15.29
5742,1297,11047,16.36
5743,6992,7361,8.1
5744,5282,4328,4.81
5745,613,9825,11.79
5746,3062,4657,10.47
5747,4576,1261,2.85
5748,125,5674,19.01
5749,6458,7075,2.46
5750,4147,491,11.22
5751,2566,736,5.65
5752,1146,2603,18.97
5753,5974,9826,15.61
5754,2601,8873,11.98
5755,6554,7481,0.85
5756,3645,3265,11.16
5757,4208,2887,18.7
5758,5466,1528,14.58
5759,6069,5268,7.55
5760,6972,5432,3.44
5761,1137,9351,1.55
5762,7521,1728,7.6
5763,6898,8206,7.33
5764,3696,2072,4.92
5765,4182,483,11
5766,5461,1175,2.73
5767,6211,1612,11.72
5768,5907,4092,11.83
5769,2294,5229,18.17
5770,7517,6091,14.48
5771,6896,2858,6.48
5772,2424,8315,12.96
5773,2398,3084,0.62
5774,956,2569,4.35
5775,1401,4785,9.08
5776,2883,6256,15.07
5777,1374,4514,17.51
5778,6854,5771,16.54
5779,1038,3441,7.99
5780,4311,10965,2.16
5781,4985,6811,15.04
5782,4604,8628,5.77
5783,614,1966,9.92
5784,680,5233,9.6
5785,7075,5435,2.65
5786,5577,2035,14.85
5787,4433,7100,9.73
5788,2815,4047,7.5
5789,1410,6075,9.25
5790,1237,8222,1.83
5791,3536,2219,17.22
5792,4245,9866,2.72
5793,3660,9977,14.73
5794,3133,7919,5.96
5795,2172,3682,12.25
5796,105,6508,15.79
5797,788,1125,17.31
5798,4526,1956,3.4
5799,4799,6240,0.56
5800,3761,1619,19.92
5801,2276,4466,10.79
5802,2301,7370,2.93
5803,901,1285,12.97
5804,6457,9044,12.97
5805,7114,7492,2.96
5806,3640,1378,14.85
5807,4387,6338,12.43
5808,3801,6913,19.49
5809,944,4479,7.93
5810,6499,12,10.41
5811,5561,5678,9.55
5812,5435,3570,18.64
5813,4185,9404,7.18
5814,1244,5,1.58
5815,4955,2457,12.48
5816,4803,1082,1.54
5817,3631,1977,2.69
5818,6279,4972,3.26
5819,7208,4439,18.59
5820,1773,3339,8.26
5821,5220,6007,7.61
5822,4339,6254,16.73
5823,3289,3699,7.68
5824,4622,835,6.97
5825,82,739,5.65
5826,1777,7659,8.31
5827,2641,10221,16.83
5828,6983,10802,18.76
5829,500,10687,9.37
5830,7305,993,5.87
5831,429,1715,5.41
5832,4370,358,12.46
5833,4811,2846,9.94
5834,7335,1695,9.51
5835,4908,6523,14.5
5836,2936,8694,4.88
5837,115,2829,17.32
5838,1567,24,17.22
5839,6822,4708,16.02
5840,1061,4630,18.11
5841,4612,9128,3.99
5842,5137,1114,18.32
5843,4868,7657,7.48
5844,111,7213,12.19
5845,4211,9089,8.21
5846,4498,5113,0.74
5847,156,5498,18.2
5848,4319,6357,3.74
5849,3097,9478,9.87
5850,5589,4413,9.1
5851,5963,8217,9.55
5852,6688,8729,15.28
5853,4867,3677,17.94
5854,4667,6502,15.49
5855,3005,9453,7.11
5856,543,6352,9.97
5857,5162,10908,8.22
5858,1449,3009,9.4
5859,5541,1079,11.22
5860,7079,4207,4.52
5861,2479,2201,3.83
5862,2427,5619,16.31
5863,2029,9343,16.87
5864,283,2133,10.84
5865,3432,7611,18.56
5866,5356,1152,4
5867,4659,10430,4.95
5868,2651,6211,13.16
5869,5182,9434,4.7
5870,3577,8274,13.83
5871,3805,311,2.43
5872,7176,10612,12.47
5873,5411,3034,18.7
5874,342,995,16.64
5875,2466,4307,9.47
5876,6221,1655,16.51
5877,7434,10412,7.78
5878,2719,9284,1.66
5879,2799,7473,6.28
5880,6032,10851,8.77
5881,4305,6564,13.81
5882,1513,11073,14.25
5883,6332,6461,7.35
5884,4081,10007,17.52
5885,1223,405,5.15
5886,4195,2973,6.81
5887,6847,4528,7.67
5888,1856,8575,11.13
5889,6531,10713,11.04
5890,1055,3310,4.04
5891,6788,6556,1.86
5892,1546,3605,4.67
5893,4487,10536,9.79
5894,5766,1293,8.19
5895,6227,6788,2.38
5896,3619,7705,2.76
5897,2591,6453,16.91
5898,5357,4429,2.96
5899,3080,3878,6.68
5900,5919,6600,2.33
5901,7322,5029,16.44
5902,3305,4623,13.41
5903,801,5100,13.3
5904,4787,7650,1.51
5905,1665,9779,9.78
5906,2712,2809,17.87
5907,5596,4436,19.84
5908,1399,6370,19.64
5909,1150,2322,19.09
5910,5686,5028,17.81
5911,223,6454,17.29
5912,2801,7740,14.26
5913,2845,5054,15.33
5914,377,8633,16.66
5915,7165,4863,11.93
5916,324,4464,1.85
5917,3301,1396,17.57
5918,3519,4736,11.45
5919,7150,8350,0.13
5920,7484,2502,11.12
5921,3120,8211,2.88
5922,6879,1115,7.96
5923,4013,8180,16.31
5924,2289,3070,1.9
5925,2235,10625,5.93
5926,2445,8403,18
5927,5144,2010,16.31
5928,2236,2959,9.94
5929,6026,6711,13.68
5930,7325,10812,14.18
5931,4445,9507,16.83
5932,2612,7883,2.02
5933,5612,6983,18.63
5934,6456,9170,16.86
5935,843,9474,5.1
5936,6136,7674,9.95
5937,4381,9074,9.85
5938,4623,7163,7.94
5939,4663,8606,15.27
5940,733,2614,15.56
5941,490,6261,14.94
5942,6826,3543,17.31
5943,3609,9630,14.45
5944,7469,1959,11.46
5945,6834,1041,18.88
5946,108,10155,7.76
5947,6099,8645,14.8
5948,7039,3785,0.69
5949,1315,7591,8.88
5950,6421,8966,13.66
5951,1259,4760,8.53
5952,331,9278,19.49
5953,6395,3388,3.84
5954,6523,2476,0.26
5955,20,6495,16.81
5956,4511,10299,18.19
5957,5376,5019,6.78
5958,2608,1488,16.39
5959,6577,7470,9.72
5960,6538,10663,11.9
5961,2521,6795,15.91
5962,6632,1912,2.8
5963,3727,5015,1.33
5964,2675,7609,2.27
5965,529,6916,8.58
5966,1703,6220,5.8
5967,6870,638,6.96
5968,7372,1301,13.44
5969,6866,860,8.39
5970,2054,1938,10.45
5971,912,9412,10.11
5972,4520,1453,0.78
5973,1839,5962,0.29
5974,3846,2121,0.74
5975,4312,8441,6.19
5976,365,1874,15.82
5977,284,9281,12.22
5978,5044,1288,19.87
5979,1284,3770,8.59
5980,2335,4011,14.35
5981,2704,1183,17.5
5982,6685,10809,2.82
5983,2816,10055,5.54
5984,484,4848,6.94
5985,1431,228,2.68
5986,1257,10843,9.61
5987,3224,6885,13.23
5988,3783,1605,9
5989,2983,8564,18.05
5990,992,927,4.9
5991,7127,10681,10.16
5992,6520,8720,19.52
5993,5928,1251,0.39
5994,6052,10043,10.32
5995,3204,1438,14.92
5996,5291,7012,3.63
5997,1786,7526,6.19
5998,1045,7543,7.29
5999,5851,8084,9.24
6000,6700,7828,3.62
6001,5016,10016,10.87
6002,6581,9347,19.32
6003,3336,1235,8.29
6004,4813,6184,15.06
6005,6764,11,17.26
6006,5389,7286,17.63
6007,5586,10165,17.29
6008,4761,5005,13.16
6009,4240,334,18.15
6010,5816,8234,6.8
6011,2337,10151,6.84
6012,2671,8877,5.68
6013,4610,3186,2.91
6014,3944,10474,10.2
6015,6946,6057,7.64
6016,626,9922,18.89
6017,3202,1266,13.54
6018,264,8834,15.45
6019,3738,6662,12.55
6020,3399,4527,13.05
6021,6168,8712,11.69
6022,3879,9508,14.4
6023,6923,2264,3.46
6024,6065,9735,19.76
6025,4318,5322,13.81
6026,5100,2976,14.12
6027,1383,5857,5.61
6028,7245,1248,14.52
6029,6207,7710,11.41
6030,3873,3042,2.05
6031,2169,9715,2.46
6032,4694,8791,1.06
6033,1246,8601,14.22
6034,7295,2220,4.8
6035,6677,1167,14.39
6036,5242,8783,7.42
6037,5925,4103,5.26
6038,352,6534,8.96
6039,2988,842,6.9
6040,6909,10078,6.4
6041,6145,4844,6.78
6042,7352,1008,14.22
6043,6953,4587,8.48
6044,277,9322,15.23
6045,2547,11024,2.01
6046,768,476,18.71
6047,6793,171,17.6
6048,4368,6179,10.43
6049,3831,10415,15.81
6050,5401,9100,1.83
6051,4637,7532,13.9
6052,1419,5934,16.24
6053,3454,4987,15.79
6054,7116,10669,7.89
6055,5430,7080,15.63
6056,5617,7418,5.52
6057,693,9445,8.87
6058,1501,5977,13.94
6059,1057,7937,11.11
6060,5587,102,10.03
6061,980,6021,0.93
6062,1778,4254,0.91
6063,2708,9700,2.15
6064,2896,5043,9.44
6065,7145,5961,4.67
6066,4165,9777,2.59
6067,5892,5733,19.69
6068,3916,4755,5.5
6069,6238,8687,16.65
6070,4651,2242,9.05
6071,1599,7749,11.22
6072,6997,753,5.72
6073,1762,2527,13.78
6074,3074,8977,19.24
6075,662,4260,1.39
6076,3367,6852,16.54
6077,4615,6550,18.35
6078,1386,3091,2.38
6079,5966,9369,7.28
6080,5601,3122,4.62
6081,5950,3156,9.3
6082,1361,4845,1.66
6083,6966,3819,4.78
6084,939,3933,11.79
6085,2568,4553,1.67
6086,1207,9209,13.38
6087,5697,7196,18.78
6088,872,8300,12.1
6089,6563,3088,12.72
6090,4200,7823,8.45
6091,2928,803,18.88
6092,2577,10857,15.1
6093,6732,8919,16.26
6094,424,8354,5.01
6095,7410,3715,1.49
6096,7069,1993,4.61
6097,2165,7745,1.43
6098,1857,4152,3.73
6099,2650,2839,3.81
6100,5346,4339,5.96
6101,117,4509,7.56
6102,2170,9238,3.98
6103,4202,6349,18.23
6104,4180,9124,8.56
6105,1678,4435,10.08
6106,7446,2785,15.44
6107,1561,8072,7.76
6108,5859,9423,3.69
6109,6139,1478,14.11
6110,3814,8894,16.98
6111,851,7905,12.02
6112,4064,1092,19.23
6113,1053,3993,7.47
6114,6534,7938,10.3
6115,1554,3823,3.72
6116,2615,8625,13.84
6117,6553,9570,1.16
6118,1771,8151,12.16
6119,1575,6271,14.56
6120,1495,2324,1.91
6121,5823,10437,14.39
6122,1729,3962,16.41
6123,4086,4769,12.46
6124,305,2511,5.43
6125,6328,1408,18.3
6126,4943,6663,2.17
6127,4103,3783,1.94
6128,3283,742,3.96
6129,3260,7574,18.78
6130,903,3451,4.1
6131,4601,8543,12.43
6132,1772,2190,11.88
6133,6496,655,4.82
6134,2569,2354,15.91
6135,131,4278,13.92
6136,2972,3172,13.75
6137,4149,3495,19.49
6138,459,5202,7.19
6139,7417,4518,9.77
6140,4975,11121,14
6141,2865,8999,3.04
6142,6262,5479,2.22
6143,4603,7264,17.12
6144,574,7032,10.4
6145,2059,816,8.99
6146,2635,2494,5.55
6147,888,9301,7.56
6148,5562,10581,5.67
6149,6603,9118,15.14
6150,5294,8947,19.06
6151,689,2533,7.5
6152,3422,5624,10.74
6153,2998,9736,15.17
6154,5552,5899,19.92
6155,4642,9503,9.52
6156,2890,11068,18.46
6157,3956,8283,16.86
6158,2634,5527,7.63
6159,7063,7037,19.95
6160,1868,6041,3.71
6161,2660,6412,12.72
6162,5441,7636,19.45
6163,6107,2711,1.9
6164,1436,3988,9.23
6165,3650,10721,14.84
6166,5742,10334,2.89
6167,2045,4366,6.82
6168,3581,5792,12.99
6169,3974,7349,15.11
6170,3998,6745,6.17
6171,5744,10621,9
6172,3158,740,4.02
6173,7421,7903,5.51
6174,5432,3643,18.25
6175,4673,10093,11.6
6176,5470,5729,17.06
6177,1922,7967,2.78
6178,1690,5119,5.98
6179,6483,7403,6.58
6180,5775,9534,0.16
6181,1198,4772,3.04
6182,3713,112,11.21
6183,1870,549,1.59
6184,5500,8766,19.56
6185,4095,7671,3.22
6186,6106,824,15.98
6187,5803,4021,1.72
6188,3753,5218,18.11
6189,1972,1906,3.42
6190,5008,10063,1.67
6191,3314,3048,19.72
6192,3292,10279,12.73
6193,7256,721,15.47
6194,425,2909,9.47
6195,1329,3365,19.36
6196,3948,9002,12.35
6197,4540,4178,7.6
6198,2433,4433,18
6199,7282,8201,17.78
6200,6197,712,10.57
6201,6299,6429,19.99
6202,4358,2591,8.8
6203,1138,989,1.17
6204,1504,6421,9.77
6205,5109,5340,15.42
6206,2275,10434,5.49
6207,5231,5014,11.27
6208,6138,2182,18.73
6209,7443,1483,10.03
6210,1822,2277,6.28
6211,647,4752,19.36
6212,4164,2000,15.88
6213,106,9652,8.49
6214,4079,3455,0.28
6215,4535,2777,3.31
6216,1403,9583,16.58
6217,7479,966,3.98
6218,692,10741,2.69
6219,3443,10245,15.72
6220,7078,9571,13.6
6221,1907,4187,6.95
6222,7009,2153,7.4
6223,608,1220,14.28
6224,4716,7925,0.6
6225,4882,5666,14.61
6226,4399,3540,4.99
6227,5729,5521,2.25
6228,6991,1474,7.51
6229,3163,3150,7.34
6230,2482,4100,5.14
6231,2390,5936,2.57
6232,7031,4423,1.6
6233,5594,3811,10.84
6234,3872,8432,11.52
6235,5628,1367,5.32
6236,4513,7714,16.31
6237,1705,8727,6.38
6238,3958,10201,10.39
6239,3247,6579,8.41
6240,6177,5718,3.87
6241,5895,7016,4.46
6242,281,4812,17.16
6243,7486,5616,16.2
6244,383,685,11.54
6245,7113,5149,12.15
6246,533,10459,4.66
6247,2483,8580,15.15
6248,6204,10623,19.49
6249,1558,2746,14.44
6250,7006,5508,18.73
6251,4432,8176,9.47
6252,1848,4882,18.32
6253,5630,8505,6.76
6254,6225,3371,18.01
6255,2481,9978,3.58
6256,2728,6604,2.7
6257,1435,3459,5.34
6258,3130,6561,10.97
6259,1343,9988,2.94
6260,6481,376,1.86
6261,55,2848,19.65
6262,5911,10939,15.76
6263,1819,8216,19.61
6264,705,384,5.37
6265,3917,6302,16.51
6266,7507,5443,14.29
6267,5431,814,9.62
6268,3357,3380,0.75
6269,3497,9557,1.61
6270,21,8361,5.13
6271,5716,8659,4.9
6272,3865,3793,15.73
6273,1614,799,10.96
6274,672,6982,16.41
6275,5142,9324,8.3
6276,1439,3850,19.73
6277,7480,9536,11.07
6278,6185,8545,9.34
6279,3157,920,13.13
6280,6583,9760,0.16
6281,4299,6931,10.79
6282,4241,9272,7.93
6283,6009,5234,7.69
6284,5084,2202,13.69
6285,1196,5343,12.43
6286,651,9468,15.76
6287,6280,9273,1.02
6288,292,4352,3.86
6289,1920,9868,4.54
6290,819,9710,18.17
6291,6401,1688,14.71
6292,5290,8920,0.09
6293,2260,3958,5.4
6294,5625,7780,1.96
6295,162,4656,0.18
6296,290,6353,5.86
6297,5670,987,0.88
6298,685,203,17.63
6299,1475,7401,10.34
6300,6565,4261,0.23
6301,4760,9880,10.64
6302,4515,2323,17.18
6303,4138,7499,6.68
6304,5660,4065,12.57
6305,3162,6203,15.36
6306,6015,2251,4.27
6307,2047,926,0.25
6308,6161,5766,6.01
6309,167,3306,10.77
6310,6924,10417,18.35
6311,708,7363,0.75
6312,191,10996,15.74
6313,129,6568,9.37
6314,2942,6230,19.26
6315,4163,10592,7.48
6316,2470,5323,2.06
6317,6954,5103,16.57
6318,1228,5881,6.61
6319,3023,6676,12.29
6320,6576,581,15.56
6321,5030,9589,14.01
6322,2138,10023,5
6323,4805,10844,1.84
6324,46,10169,16.35
6325,3392,620,8.06
6326,319,7300,5.55
6327,1645,8709,9.36
6328,4267,532,13.65
6329,6402,9144,1.68
6330,337,7207,6.77
6331,4377,9386,13.59
6332,587,6943,2.44
6333,714,10516,3.72
6334,2670,7861,9.91
6335,2158,206,17.51
6336,2745,1805,1.68
6337,3391,9713,7.47
6338,5567,10321,18.37
6339,7206,633,5.05
6340,2174,9896,8.13
6341,585,3525,0.42
6342,1758,7872,11.74
6343,1080,7052,11.07
6344,6087,3966,11.3
6345,5041,4068,8.46
6346,5134,4892,7.95
6347,6667,5168,18.62
6348,5241,4591,16.42
6349,2388,3983,0.75
6350,624,4305,13.65
6351,2733,6708,18.71
6352,6082,6578,2.62
6353,6029,5628,3.46
6354,6869,6315,1.1
6355,7392,6510,5.32
6356,5211,216,2.06
6357,4549,895,10.56
6358,4024,381,13.38
6359,1197,4012,16.96
6360,2175,873,1.35
6361,25,170,18.78
6362,2978,1928,8.02
6363,5998,4009,15.64
6364,5173,8271,9.87
6365,934,900,17.02
6366,6893,9199,3.38
6367,6782,1760,16.72
6368,2076,4235,10.19
6369,1945,8450,8.05
6370,3375,9836,3.19
6371,5710,426,4.65
6372,1672,7805,12.99
6373,4974,5071,2.57
6374,7085,6812,5.14
6375,7185,10795,18.92
6376,1787,3347,19.12
6377,6158,10891,8.53
6378,6431,665,3.42
6379,6253,2550,7.35
6380,6516,8438,7.9
6381,192,9348,11.96
6382,5420,10324,19.87
6383,5386,4450,11.86
6384,7081,6926,17.01
6385,2766,4169,7.79
6386,2617,1004,10.56
6387,6922,1121,13.02
6388,6914,3612,16.68
6389,6360,7485,19.85
6390,4544,5896,16.65
6391,1173,2231,17.52
6392,676,7311,4.75
6393,6019,4814,6.86
6394,5200,3044,11.66
6395,2586,9569,5.59
6396,3919,713,3.18
6397,450,9780,1.9
6398,1551,8260,1.07
6399,2633,4893,13.35
6400,7111,6419,5.08
6401,6037,7420,15.63
6402,210,8313,2.5
6403,7346,9666,2.6
6404,538,1162,6.86
6405,3063,1353,9.54
6406,6899,5300,4.39
6407,7306,4709,3.43
6408,6085,2957,7.2
6409,3909,4028,15.49
6410,4058,6267,8.49
6411,95,9163,19.41
6412,2167,7055,5.25
6413,4037,1163,8.62
6414,5769,10535,9.77
6415,334,10901,2.4
6416,3856,2033,13.56
6417,5983,2685,7.2
6418,2846,5683,11.42
6419,7329,3293,11.04
6420,6993,7132,0.79
6421,150,4676,10.22
6422,3977,2356,17.42
6423,5392,7280,16.25
6424,3999,1462,14.22
6425,436,2293,17.58
6426,5924,5724,14.91
6427,5121,10589,7.3
6428,320,2664,15.56
6429,3968,4461,18.86
6430,3276,4924,15.27
6431,3040,9492,8.92
6432,5419,5035,3.73
6433,570,9184,17.68
6434,4380,7272,0.58
6435,1883,8161,13.54
6436,6321,2689,2.05
6437,3743,5037,19.48
6438,5228,160,8.96
6439,7,3484,17.17
6440,6832,3300,7.38
6441,3546,8364,11.86
6442,4893,7158,1.08
6443,3153,10161,18.79
6444,2603,4563,10.97
6445,107,6300,17.32
6446,2198,3645,17.18
6447,6916,4128,18.37
6448,4910,9460,17.19
6449,4634,1545,7.03
6450,3207,1862,15.85
6451,4844,3257,7.92
6452,3632,5533,16.47
6453,6000,4282,7.01
6454,6089,4827,9.66
6455,3935,5514,19.44
6456,2512,9773,0.24
6457,6819,1165,15.24
6458,605,8666,0.9
6459,208,7976,18
6460,2058,6010,6.32
6461,6702,2817,1.85
6462,1652,1765,0.14
6463,3200,1961,10.73
6464,5141,6052,1.64
6465,6512,10976,13.58
6466,6653,557,18.96
6467,6714,10933,18.05
6468,5842,2966,9.43
6469,1079,3518,17.58
6470,476,284,8.68
6471,3463,3506,15.6
6472,3686,6499,7.91
6473,3869,6263,11.45
6474,3246,3581,4.99
6475,5493,10749,5.58
6476,3760,11019,6.22
6477,3693,8147,19.63
6478,1483,4151,10.27
6479,6918,6830,3.89
6480,2343,10182,0.13
6481,7529,1404,12.35
6482,6699,3396,13.18
6483,1049,1270,4.46
6484,5069,7385,15.85
6485,299,9031,3.64
6486,4027,10664,15.42
6487,2232,3660,0.65
6488,902,1457,8.94
6489,3050,2425,8.73
6490,3330,8029,14
6491,1447,6354,11.69
6492,5045,7837,7.35
6493,5511,9512,18.64
6494,2898,9525,19.57
6495,453,6615,3.53
6496,1188,6332,6.3
6497,6645,852,17.55
6498,4250,281,8.18
6499,3894,11029,12.44
6500,3947,1922,12.83
6501,3792,8093,12.23
6502,1108,8848,14.2
6503,7109,6545,5.12
6504,2334,3630,7.58
6505,1499,977,12.51
6506,5869,4726,15.49
6507,2700,9275,16.27
6508,3243,9732,11.96
6509,5039,11071,15.02
6510,6891,3195,15.4
6511,2904,7590,16.69
6512,4506,8816,17.22
6513,5131,3057,19.98
6514,4271,10341,11.78
6515,2291,8375,0.09
6516,1560,4397,16.65
6517,5337,5931,7.44
6518,1258,10904,9.69
6519,3986,3275,0.31
6520,4833,4189,14.34
6521,7495,1827,16.54
6522,5599,5261,14.45
6523,4605,2712,8.86
6524,3402,10003,18.27
6525,7012,6801,3.24
6526,4500,3022,16.98
6527,1031,2762,3.5
6528,756,2113,11.13
6529,6165,10477,10.96
6530,5212,604,19.71
6531,2330,1608,3.63
6532,1695,5852,18.36
6533,3079,3676,14.66
6534,6981,3248,10.38
6535,3851,3853,15.96
6536,2019,8846,13.31
6537,2130,7227,16.77
6538,3343,6047,18.62
6539,3647,7834,1.32
6540,3116,6525,8.29
6541,1656,6101,19.86
6542,2215,3067,0.71
6543,4945,6583,8.13
6544,456,1334,6.75
6545,755,3951,12.57
6546,7090,9982,9.6
6547,3244,10480,13.16
6548,3438,2188,0.05
6549,6717,1335,18.56
6550,2142,8696,19.83
6551,4522,2273,1.37
6552,2455,4661,12.86
6553,5271,4917,2.87
6554,1664,9954,19.58
6555,4021,7811,19.28
6556,4700,10603,8.74
6557,2438,4993,10.2
6558,2713,7082,6.03
6559,4039,7289,4.75
6560,180,1625,8.85
6561,6361,3664,0.31
6562,4848,6725,13.08
6563,268,87,11.18
6564,6031,5701,13
6565,6041,7621,0.12
6566,5990,9207,3.26
6567,3159,7912,1.8
6568,5080,7675,9.94
6569,535,3463,7.64
6570,1377,9791,0.39
6571,4823,7144,3.42
6572,5507,662,17.44
6573,6921,4238,8.86
6574,4925,1649,2.38
6575,40,51,12.51
6576,4253,1962,15.75
6577,5214,11008,14.65
6578,2461,5165,19.55
6579,5436,1239,6.89
6580,3953,10246,9.25
6581,7052,7751,14.98
6582,6388,9029,17.55
6583,7284,7540,10.68
6584,5213,7180,5.57
6585,4122,844,4.2
6586,908,1360,5.47
6587,5997,5577,4.72
6588,7248,9804,10.71
6589,3553,4971,0.42
6590,6985,6116,7.8
6591,491,10653,9.71
6592,2692,3987,14.31
6593,174,9529,4.31
6594,4340,4737,9.31
6595,5864,9677,2.14
6596,3318,6152,9.6
6597,353,8219,11.27
6598,2499,714,5.72
6599,1020,5091,7.9
6600,2695,7000,18.36
6601,2661,5190,7.54
6602,1317,4493,12.55
6603,4702,2241,4.8
6604,4201,1406,7.85
6605,5498,6503,9.38
6606,5303,6450,15.8
6607,6442,438,17.63
6608,6895,7173,5.83
6609,5994,892,7.12
6610,148,1106,18.65
6611,2596,5152,15.3
6612,1832,9354,3.41
6613,6635,3649,1.58
6614,3505,8220,12.49
6615,5675,11101,18.88
6616,3216,2290,3.39
6617,5010,9958,16.59
6618,5653,590,9.52
6619,2026,2433,1.92
6620,4325,366,0.12
6621,2376,4229,9.28
6622,6122,4802,16.24
6623,6892,3820,17.35
6624,7351,3183,6.86
6625,828,10587,7.15
6626,2965,1882,12.12
6627,1950,946,5.65
6628,3316,9899,3.02
6629,6329,4941,10.2
6630,2003,6730,17.57
6631,2868,4102,14.87
6632,5931,8693,1.25
6633,351,650,17.29
6634,3013,9307,3.22
6635,6412,6489,19.28
6636,2787,11015,3.6
6637,7330,7477,0.44
6638,5192,2029,1.15
6639,630,781,19.72
6640,2484,109,11.13
6641,6735,8195,5.53
6642,3777,9608,14.4
6643,1272,6351,7.81
6644,3341,4361,12.49
6645,805,554,3.24
6646,1308,9516,16.75
6647,3485,5838,10.53
6648,3520,4725,9.33
6649,4986,200,13.02
6650,44,4764,3.93
6651,2877,4995,11.47
6652,3584,352,0.83
6653,4726,6222,12.02
6654,4046,3314,13.37
6655,7519,10835,4.46
6656,1790,8001,7.89
6657,2718,4478,19.57
6658,5052,3392,19.73
6659,642,5812,13.78
6660,2526,9355,2.69
6661,774,909,12.58
6662,61,10125,0.09
6663,3592,3555,16.26
6664,596,8835,8.8
6665,1826,3507,11.04
6666,5613,3815,5.61
6667,3379,8891,15.17
6668,6857,3384,13.57
6669,1205,1139,8.33
6670,3211,2948,16.58
6671,586,2967,15.58
6672,421,5298,10.96
6673,7398,6242,11.01
6674,3096,6125,4.29
6675,1926,10572,17.99
6676,2459,2134,16.73
6677,4431,11006,3.85
6678,7541,9805,9.4
6679,1583,1623,10.42
6680,4389,8409,5.44
6681,4109,5377,10.69
6682,3559,1357,10.03
6683,804,4432,5.77
6684,2912,8310,19.78
6685,5706,9142,17.49
6686,1032,3887,2.92
6687,5072,5331,5.01
6688,5580,6241,6.92
6689,6014,7717,6.81
6690,4446,4051,10.27
6691,4809,10062,9.29
6692,1932,10986,11.76
6693,6686,1319,7.16
6694,4364,2744,1.2
6695,1203,9392,7.08
6696,211,10337,19.92
6697,1539,4894,6.33
6698,6070,831,8.29
6699,2677,9881,3.95
6700,3126,4332,16.59
6701,6312,6595,10.89
6702,5032,10164,8.21
6703,254,4585,3.87
6704,7146,10800,0.59
6705,4767,10950,4.18
6706,790,4385,7.4
6707,7402,7803,2.13
6708,3021,3000,5.93
6709,2782,10865,5.72
6710,7535,8904,12.98
6711,1757,6112,17.11
6712,4121,10489,12.24
6713,6306,7998,1.35
6714,5351,4832,9.54
6715,3232,8561,5.48
6716,1394,6833,15.35
6717,4120,2442,18.2
6718,6628,6117,1.28
6719,4395,5621,19.44
6720,2778,6374,4.43
6721,844,5599,11.94
6722,5472,2615,4.84
6723,3730,5741,11.04
6724,7378,7103,9.03
6725,981,7262,8.79
6726,6926,631,0.93
6727,4418,1704,7.74
6728,1782,9219,0.58
6729,555,6822,11.64
6730,2144,1550,1.89
6731,6689,8202,9.77
6732,3611,4420,16.5
6733,7430,2266,3.45
6734,2316,10543,11.08
6735,4001,10940,4.71
6736,3047,9165,15.87
6737,1671,1193,1.89
6738,5903,6485,5.55
6739,3366,10816,16.22
6740,2556,764,8.12
6741,4977,9323,7.75
6742,3791,9330,16.32
6743,2014,8481,4.93
6744,950,3788,3.76
6745,3049,6343,4.96
6746,4941,807,1.5
6747,2859,4084,4.21
6748,474,8738,10.98
6749,4230,6414,16.47
6750,220,7119,5.36
6751,829,4437,5.12
6752,2263,10069,9.41
6753,5988,9451,14.32
6754,84,8429,3.93
6755,3605,4274,11.29
6756,4688,7857,3.9
6757,764,6981,17.21
6758,649,10784,5.91
6759,6317,9701,3.36
6760,5517,8253,1.76
6761,5086,10728,9.27
6762,4994,1208,6.76
6763,2772,1029,12.94
6764,2119,4294,18.14
6765,2947,3947,13.29
6766,7298,9683,1.84
6767,132,7313,11.95
6768,3199,2031,17.6
6769,4273,8971,17.12
6770,1466,666,17.38
6771,2287,5762,12.28
6772,5991,6727,0.89
6773,3381,4216,1.23
6774,6025,5918,16.05
6775,6935,2328,15.61
6776,4287,9396,11.58
6777,6712,7450,19.88
6778,263,7962,10.24
6779,6955,4400,16.35
6780,779,4164,7.35
6781,2919,1823,6.62
6782,1987,5488,0.1
6783,4903,8863,16.72
6784,5216,3289,14.99
6785,7218,9585,17.85
6786,5713,2995,2.39
6787,2678,1681,18.4
6788,599,288,14.29
6789,1083,3064,8.46
6790,4801,9480,15.47
6791,4443,9454,15.03
6792,2273,4333,4.64
6793,4995,5649,4.24
6794,1352,3881,11.83
6795,3312,8889,16.46
6796,4303,2096,5.78
6797,5126,2954,12.43
6798,7539,1341,8.09
6799,6785,858,10.17
6800,3401,8800,7.55
6801,5825,2868,14.23
6802,279,4571,3
6803,1572,4422,5.79
6804,7042,8736,10.09
6805,7244,9947,0.56
6806,4763,5815,4.04
6807,1396,2316,16.66
6808,6883,4394,11.52
6809,64,573,5.96
6810,758,2291,11.27
6811,7153,5337,5.89
6812,1187,10108,12.28
6813,3344,6894,12.12
6814,6708,4641,16.1
6815,6116,9230,0.49
6816,835,3937,6.51
6817,349,10811,18.46
6818,2828,8338,14.78
6819,712,2669,0.65
6820,5551,10710,15.21
6821,3222,1941,17.12
6822,5199,9182,2.57
6823,2282,3355,2.88
6824,661,4954,12.31
6825,5385,2560,14.8
6826,2359,1149,17.62
6827,877,6139,2.92
6828,3134,4866,11.45
6829,1457,627,10.81
6830,1760,1,10.23
6831,186,1292,13.57
6832,1044,484,18.66
6833,3951,8656,19.6
6834,1165,2269,0.7
6835,2587,8465,3.81
6836,7367,9017,19.77
6837,5971,4458,18.09
6838,3859,10485,11.22
6839,371,1980,7.99
6840,1564,8771,0.46
6841,2618,8546,18.91
6842,4019,3321,9.75
6843,4825,7422,11.03
6844,6016,4629,15.23
6845,6169,2943,17.39
6846,3117,2986,19.68
6847,3530,6880,4.03
6848,26,10438,18.04
6849,4783,8794,16.78
6850,5301,4920,9.67
6851,1128,3110,14.13
6852,7474,8775,5.06
6853,4950,10813,12.07
6854,2386,745,7.07
6855,3365,10196,13.19
6856,1606,5575,18.85
6857,6441,10916,10.36
6858,2309,5353,19.65
6859,1178,8428,9.18
6860,7323,10487,0.74
6861,5875,7985,10.11
6862,5982,1486,10.32
6863,5464,4789,4.29
6864,6580,10632,12.12
6865,600,10824,13.43
6866,3220,3924,17.1
6867,6282,7267,3.23
6868,7017,2694,8.14
6869,2122,5767,10.68
6870,2035,5715,3.08
6871,2982,5565,9.23
6872,7461,7980,19.11
6873,5391,6269,18.86
6874,1264,9944,14.47
6875,2298,9462,19.43
6876,4860,7844,8
6877,6469,7371,4.48
6878,3245,5702,11.17
6879,1193,1070,17.86
6880,5964,2595,14.93
6881,6350,2003,5.08
6882,6965,3750,18.37
6883,7442,1725,10.21
6884,4597,3685,1.15
6885,3970,8316,13.18
6886,3226,1283,8.55
6887,173,39,0.64
6888,6265,4703,7.88
6889,2923,4856,7.76
6890,2205,3737,15.18
6891,3004,3936,16.55
6892,3347,2099,18.3
6893,5020,520,14.36
6894,2095,6402,15.09
6895,7405,3165,9.23
6896,5712,6483,15.33
6897,6768,10301,15.27
6898,6117,187,3.42
6899,4890,10785,8.95
6900,4871,5655,6.51
6901,6363,4268,15.05
6902,2620,3805,4.15
6903,5992,3806,19.6
6904,1994,6900,7.78
6905,1363,4025,15.65
6906,6326,1932,10.61
6907,4055,6527,4.92
6908,19,503,12.07
6909,4946,5444,0.69
6910,4626,213,15.38
6911,5666,9050,2.49
6912,1217,9680,1.22
6913,5841,2653,2.56
6914,5164,7479,9.51
6915,1766,5799,18.61
6916,1718,10700,1.79
6917,4784,8984,3.49
6918,6619,5314,9.8
6919,5730,3364,1.99
6920,1274,7605,17.91
6921,2916,1209,17.17
6922,1689,8949,15.75
6923,7512,9042,3.21
6924,6749,5136,0.96
6925,653,906,3.29
6926,1111,9476,19.17
6927,1025,5352,16.15
6928,6767,5786,2.29
6929,806,1946,14.33
6930,5926,7115,18.1
6931,545,6422,16.91
6932,1774,10370,13.61
6933,1582,3747,11.73
6934,2110,7926,9.64
6935,6501,4353,1.09
6936,4679,8062,14.86
6937,1634,2263,4.82
6938,5520,1132,14.73
6939,3665,7113,15.53
6940,5092,9185,14.95
6941,6622,6984,5.76
6942,899,11095,9.09
6943,5564,4338,4.94
6944,602,7911,18
6945,4960,6889,18.05
6946,3888,776,14.16
6947,4572,8097,5.76
6948,4732,10451,13.48
6949,5409,5635,3.72
6950,4131,2388,6.75
6951,5033,1879,9.18
6952,6780,7781,16.78
6953,1592,11126,9.2
6954,5854,8490,1.71
6955,5898,4246,8.6
6956,4646,1323,2.26
6957,226,5374,7.76
6958,6192,8754,8.95
6959,3661,26,7.42
6960,6344,8753,13.46
6961,7433,735,16.46
6962,87,9812,16.2
6963,1134,201,12.4
6964,6569,10964,13.32
6965,28,2526,9.71
6966,65,4428,12.46
6967,4530,7086,19.97
6968,1434,5787,12.18
6969,3337,6966,12.81
6970,5336,4723,15.69
6971,1612,4670,12.71
6972,7546,10066,17.49
6973,1789,2250,12.93
6974,4342,2365,14.66
6975,6017,243,6.76
6976,5273,1661,4.74
6977,1640,1414,18.03
6978,5785,2350,8.99
6979,182,2485,7.78
6980,4682,3082,3.2
6981,3926,8204,7.99
6982,4514,9738,6.23
6983,3190,4914,6.55
6984,6679,8822,16.2
6985,4270,5888,18.86
6986,6445,8964,7.94
6987,7074,8935,18.9
6988,4473,7083,11.54
6989,1497,7430,11.91
6990,18,9261,2.73
6991,4361,254,15.79
6992,6745,4938,13.63
6993,4285,1028,15.96
6994,4707,162,19.15
6995,1912,2042,16.11
6996,202,145,11.45
6997,1879,7063,19.16
6998,6825,4614,1.61
6999,7094,5587,7.7
7000,380,8368,11.23
7001,2580,8759,15.37
7002,6241,3349,11.2
7003,2451,6804,9.52
7004,2626,3880,14.89
7005,4915,2933,6.42
7006,1092,1781,11.24
7007,3183,8544,15.62
7008,4017,710,4.16
7009,1002,2012,10.21
7010,6213,2157,0.86
7011,3870,6480,3.66
7012,2125,3921,8.45
7013,3017,7343,17.61
7014,6573,9449,15.47
7015,2795,41,18.93
7016,3573,828,8.04
7017,6724,1723,9.44
7018,5957,11048,17.65
7019,2208,9941,4.48
7020,2740,371,15.97
7021,4906,71,0.07
7022,7184,1312,1.92
7023,1236,211,12.4
7024,2237,3533,3.24
7025,2259,1505,19.25
7026,1648,2878,18.69
7027,3421,6995,2.04
7028,6130,7648,4.23
7029,5469,5776,0.61
7030,4532,2439,18.83
7031,2984,9410,4.99
7032,4855,9187,1.42
7033,6170,3352,4.89
7034,6571,4582,11.6
7035,4212,613,16.15
7036,4394,8550,12.12
7037,3737,10118,1.31
7038,4503,8888,3.63
7039,2824,6642,19.33
7040,920,3219,6.95
7041,4129,10243,0.44
7042,631,8100,12.71
7043,118,9045,13.28
7044,2748,1795,18.98
7045,2030,6671,7.14
7046,3902,985,0.64
7047,5096,5652,3.35
7048,5932,9192,7.5
7049,2083,1490,17.97
7050,5416,9461,3.76
7051,2179,6531,6.73
7052,1036,2539,1.17
7053,5768,1185,14.33
7054,3374,5237,7.42
7055,3396,10387,11.22
7056,7355,4662,0.99
7057,2360,8207,12.25
7058,3128,7893,12.16
7059,7458,5134,3.73
7060,7543,3093,16.58
7061,1956,10247,4.43
7062,6078,3038,12.21
7063,7280,8761,13.84
7064,2551,5330,7.81
7065,368,10719,3.48
7066,2636,3262,11.67
7067,1537,6460,11.81
7068,5026,3578,11.82
7069,1294,1759,1.03
7070,3066,6133,5.01
7071,568,681,12.53
7072,770,148,3.28
7073,2524,6235,5.88
7074,7073,3919,1.56
7075,2804,4451,3.29
7076,318,3059,12.18
7077,5624,8531,11.55
7078,6461,6206,14.57
7079,1520,8119,2.47
7080,6750,10955,3.77
7081,3172,2436,17.22
7082,3444,8360,12.66
7083,7182,9628,8.79
7084,6167,4196,18.84
7085,224,8213,13.36
7086,6198,1547,18.45
7087,5758,8552,4.03
7088,7088,7025,5.61
7089,5056,9596,16.72
7090,2000,8692,2.97
7091,2627,3217,11.68
7092,5681,5986,10.4
7093,1725,6632,7.49
7094,7234,2676,14.23
7095,5147,5468,2.94
7096,1992,783,6.42
7097,4126,3799,10.81
7098,6415,7948,10.48
7099,1368,6097,15.53
7100,3773,6630,12.3
7101,2809,7402,15.4
7102,4916,3923,9.93
7103,7200,7932,9.43
7104,3554,9915,12.79
7105,6342,2200,4.94
7106,7349,8847,15.37
7107,3288,9739,15.34
7108,3971,9822,1.82
7109,5497,589,10.68
7110,7550,9035,19.56
7111,5477,5571,2.18
7112,6275,6270,3.01
7113,3462,6734,7.44
7114,6057,8983,13.37
7115,1453,4316,16.47
7116,3850,7731,5.86
7117,6612,10333,13.53
7118,751,9073,19.63
7119,763,7856,4.69
7120,3993,4311,10.6
7121,3840,8159,13.08
7122,5879,1581,13.13
7123,1996,3511,17.26
7124,4247,8064,12.66
7125,5734,5494,8.58
7126,1136,8815,11
7127,520,7619,18.92
7128,6851,2667,14.04
7129,1683,10573,0.45
7130,7279,10262,2.37
7131,5771,7802,0.34
7132,94,5992,10.54
7133,5082,10650,8.67
7134,7110,5130,3.63
7135,3771,6207,4.45
7136,6948,5983,2.1
7137,5494,7691,3.04
7138,2897,7712,6.72
7139,238,1660,7.13
7140,5606,4200,14.31
7141,6268,5101,12.99
7142,2525,9259,10.88
7143,2515,2244,7.27
7144,6502,3119,13.27
7145,2841,4501,1.09
7146,3601,8221,7.24
7147,1719,2907,19.8
7148,2062,6865,8.05
7149,1909,6069,0.18
7150,7001,5191,11.9
7151,648,10760,16.39
7152,3274,9611,16.98
7153,2847,1838,2.69
7154,4838,2670,10.22
7155,4328,8035,11.33
7156,2006,6608,17.9
7157,3271,1053,9.8
7158,1654,5876,9.44
7159,1949,1445,7.75
7160,7018,6411,5.94
7161,4173,2196,12.22
7162,3003,4181,1.79
7163,2384,2352,7.54
7164,1406,7064,3.05
7165,2545,1094,17.78
7166,153,4150,19.7
7167,4681,7629,4.41
7168,2746,4263,15.21
7169,5353,10532,15.84
7170,2246,2311,4.04
7171,2379,2380,0.21
7172,4056,5847,8.16
7173,3198,9431,5.61
7174,6823,11018,7.35
7175,1784,2329,7.16
7176,3261,4335,13.42
7177,3931,1620,3.8
7178,1455,8914,1.24
7179,1494,9344,9.99
7180,172,215,14.8
7181,4231,2206,19.72
7182,6011,1006,18.91
7183,4139,11054,8.04
7184,900,3255,17.07
7185,1253,1461,17.04
7186,1573,752,16.45
7187,5830,10877,5.12
7188,6827,10638,4.77
7189,1000,1276,2.86
7190,3936,4642,7.54
7191,1626,5887,9.05
7192,6719,5885,18.59
7193,73,5450,17.29
7194,4788,9136,4.61
7195,275,1831,18.61
7196,5568,9945,4.11
7197,5993,1677,19.4
7198,6885,7175,17.2
7199,485,4903,4.98
7200,5057,3074,8.72
7201,1968,7504,15.27
7202,1039,7428,1.72
7203,2974,6099,4.34
7204,3930,3418,13.79
7205,165,8717,19.63
7206,6905,2566,13.63
7207,7419,6969,5.91
7208,5312,6443,14.67
7209,1012,3969,18.51
7210,1469,9785,5.5
7211,2498,10946,15.71
7212,6692,1658,18.98
7213,5468,8574,9.95
7214,7283,6883,17.85
7215,3569,8470,9.76
7216,6382,7618,2.23
7217,1164,2607,9.12
7218,2446,10421,5.04
7219,633,8555,13.98
7220,5383,2327,14.21
7221,460,52,5.98
7222,2056,2820,15.07
7223,571,2180,4.15
7224,5570,4431,5.38
7225,3196,3026,19.02
7226,2775,606,1.37
7227,212,4867,1.14
7228,2249,7970,15.6
7229,5347,1867,3.82
7230,1287,3848,0.02
7231,1448,1225,15.61
7232,7131,4430,6.93
7233,5777,11035,9.72
7234,413,7824,12.33
7235,2937,10993,12.29
7236,6598,8406,3.9
7237,3955,5150,16.94
7238,6672,10429,2.82
7239,1202,4699,12.89
7240,3538,761,11.08
7241,560,7253,8.68
7242,3273,9399,4.63
7243,1737,1265,17.49
7244,2979,10762,16.36
7245,397,11065,2.93
7246,4777,2883,4.8
7247,6910,1654,8.48
7248,1878,8578,3.44
7249,2033,1303,0.29
7250,6387,355,18.96
7251,2038,3650,5.39
7252,4269,6975,3.62
7253,1357,7066,13.77
7254,3064,5886,14.17
7255,2872,9053,11.4
7256,3675,3028,7.41
7257,1882,4793,15.03
7258,6658,11061,10.68
7259,4722,8439,19.47
7260,1331,9443,11.25
7261,3342,8459,16.26
7262,4693,7081,8.77
7263,2508,8128,6.28
7264,4583,6063,13.62
7265,2,4058,1.58
7266,5459,6248,1.87
7267,7156,4324,12.88
7268,5623,2507,11.18
7269,2629,9858,2.93
7270,2250,2043,3.49
7271,6115,2075,10.62
7272,5219,8674,7.2
7273,870,6756,0.11
7274,1234,4871,1.58
7275,1548,7886,16.45
7276,4559,4525,18.39
7277,5495,1062,2.36
7278,4367,7258,4.42
7279,618,8279,1.79
7280,2906,6272,17.35
7281,4957,2060,18.86
7282,447,4497,11.84
7283,2055,3608,0.82
7284,7481,2673,4.4
7285,231,10410,10.71
7286,3333,9957,13.06
7287,2111,5590,19.66
7288,4298,4391,13.36
7289,7140,8965,6.28
7290,517,435,7.64
7291,3756,3524,3.8
7292,2811,3476,14.38
7293,6381,6678,11.62
7294,5143,8638,11.33
7295,6232,6535,13.66
7296,4246,4121,13.18
7297,1710,1926,19.52
7298,4748,1945,15.64
7299,2873,1427,6.69
7300,7155,5735,5.33
7301,3166,2210,15.51
7302,4233,7615,5.98
7303,6736,10828,9.63
7304,3445,971,6.8
7305,5906,3734,7.54
7306,3987,884,5.25
7307,7415,9794,2.91
7308,859,7762,4.08
7309,7286,6971,17.1
7310,2017,3959,9.12
7311,1488,3562,14.16
7312,3376,6,1.48
7313,5550,1992,4.35
7314,4517,981,0.43
7315,3682,4985,1.51
7316,6669,9016,8.41
7317,5979,6617,5.38
7318,6747,1848,11.3
7319,2813,2102,2.4
7320,5006,2106,15.05
7321,615,5107,19.76
7322,4719,9255,14.24
7323,5689,10275,5.71
7324,6572,9264,19.08
7325,1241,9319,8.7
7326,2507,1450,8.98
7327,7122,2702,14.23
7328,6296,10752,10.69
7329,6403,7860,9.71
7330,4330,5644,0.55
7331,2339,8896,5.71
7332,4695,8841,4.32
7333,2342,7345,17.62
7334,1201,5082,4.2
7335,2953,4906,16.39
7336,1107,9266,11.22
7337,4308,9996,5.89
7338,702,3877,8.88
7339,3051,6238,14.01
7340,4981,2362,12.33
7341,5248,8475,4.5
7342,422,4689,12.52
7343,4272,10266,5.56
7344,2986,10442,4.87
7345,4704,6666,6.79
7346,2206,4002,1.62
7347,5745,6455,7.08
7348,6743,629,14.12
7349,7310,7809,11.27
7350,2378,4798,15.89
7351,1666,10109,10.42
7352,7356,8269,2.57
7353,5203,75,14.19
7354,5208,10731,9.15
7355,5888,5061,19.67
7356,1653,10120,5.29
7357,1323,6395,3.37
7358,6625,9268,5.27
7359,4630,10472,3.41
7360,5760,3423,16.93
7361,1900,6721,12.3
7362,566,9070,7.74
7363,1056,255,3.42
7364,7547,2532,8.24
7365,1082,4401,13.08
7366,4326,3914,5.1
7367,2932,6835,18.55
7368,5572,10821,0.1
7369,6084,5891,3.09
7370,6907,6410,13.83
7371,3114,8876,5.77
7372,6498,3331,0.05
7373,848,8026,6.96
7374,7527,2490,19.02
7375,1222,2734,3.05
7376,6247,7656,5.32
7377,4832,10228,13.5
7378,2941,238,14.24
7379,3758,759,9.45
7380,6744,8143,18.03
7381,5449,4206,7.45
7382,2637,1999,6.08
7383,6175,1423,9.02
7384,3170,4161,16.5
7385,2500,8962,17.47
7386,3240,10751,1.26
7387,3729,8049,8.87
7388,2759,60,0.28
7389,7195,7126,19.16
7390,4457,10656,19.69
7391,7181,5821,12.22
7392,3465,5489,15.97
7393,4599,1606,3.22
7394,339,9818,6.29
7395,2012,10418,0.97
7396,6397,2549,18.46
7397,2080,690,12.63
7398,5157,4927,18.29
7399,2262,10604,18.01
7400,2758,5757,5.21
7401,522,5731,12.73
7402,6984,10475,6.83
7403,2442,10910,16.87
7404,1050,7983,18.6
7405,6579,7283,12.24
7406,5985,5439,12.32
7407,6615,796,19.73
7408,6471,593,14.18
7409,1961,4529,11.9
7410,5393,3779,14.2
7411,3868,11033,0.66
7412,4244,5147,13.23
7413,4993,5949,7.07
7414,4734,1098,14.64
7415,5178,7268,4.01
7416,832,5974,18.95
7417,999,7392,1.05
7418,6418,8698,9.28
7419,4152,1085,9.82
7420,6817,1411,13.43
7421,6357,3317,15.59
7422,6915,5539,13.36
7423,4614,4675,16.02
7424,5446,10922,13.88
7425,7067,4285,7.07
7426,7091,3709,4.68
7427,4014,7639,19.79
7428,5954,10117,9.02
7429,4034,2736,1.5
7430,6610,125,9.89
7431,3509,3379,3.22
7432,5115,4757,19.95
7433,3528,1858,16.96
7434,4235,7382,6.39
7435,1502,2239,9.73
7436,924,3651,10.88
7437,6438,9226,8.95
7438,7536,8746,9.75
7439,4274,7183,1.91
7440,370,505,2.06
7441,2120,2448,17.99
7442,639,805,5.68
7443,426,7068,18.1
7444,1785,2651,10.89
7445,6515,671,4.28
7446,4157,809,1.3
7447,731,7775,13.72
7448,4263,5580,6.33
7449,327,843,10.93
7450,2722,3361,1.64
7451,3794,9615,3.49
7452,4714,6333,11
7453,5224,9657,3.55
7454,7386,5486,8.86
7455,7489,6161,14.46
7456,4962,2941,7.59
7457,2818,960,3.99
7458,1918,8541,10.32
7459,4464,3453,1.35
7460,6959,7065,11.11
7461,5229,2573,17.93
7462,99,2095,4.65
7463,5701,4265,16.6
7464,5153,5206,16.66
7465,524,7224,6.4
7466,5800,5576,10.06
7467,2992,10252,18.08
7468,3015,10152,6.25
7469,7510,9393,7.79
7470,6308,9028,14.4
7471,561,11119,19.3
7472,1727,1234,8.63
7473,4178,9890,1.24
7474,2963,5097,18.37
7475,985,7135,1.64
7476,7274,347,18.05
7477,6358,9513,14.13
7478,5833,4393,12.11
7479,501,1559,19.9
7480,3883,3976,4.15
7481,831,9241,6.53
7482,2103,10,19.91
7483,7130,5249,12.31
7484,3099,240,19.75
7485,6237,5716,6.54
7486,3719,3744,3.61
7487,6877,7298,7.52
7488,3671,7245,15.8
7489,6075,4690,13.18
7490,1250,7689,8.89
7491,3897,3242,9.48
7492,2725,2604,8.78
7493,1960,1764,0.75
7494,7169,9174,3.52
7495,7444,3994,5.21
7496,189,6955,5.61
7497,4858,10658,6.18
7498,5463,11042,6.92
7499,3880,1492,11.92
7500,6862,11022,7.79
7501,4132,7127,2.73
7502,3565,1799,16.01
7503,2341,3810,11.78
7504,4742,7094,7.85
7505,375,2747,17.88
7506,2148,350,19.49
7507,2765,4562,2.49
7508,558,4359,14.38
7509,6999,10733,14.82
7510,4102,8697,17
7511,217,9482,2.79
7512,328,10297,10.95
7513,5352,8045,5.33
7514,5440,6858,3.56
7515,7440,3416,9.14
7516,3217,6079,16.69
7517,6408,10122,12.95
7518,2632,4221,18.19
7519,2536,6187,7.75
7520,7158,3607,4.45
7521,581,3616,6.77
7522,4365,8499,4.56
7523,1393,8120,11.81
7524,1066,403,17.06
7525,3746,6247,10.5
7526,5197,2334,19.08
7527,6844,1702,6.92
7528,1095,8739,11.62
7529,4548,8627,16.24
7530,2303,3225,1.16
7531,3677,11039,8.64
7532,4685,3316,0
7533,698,9292,6.98
7534,5170,1424,2.81
7535,232,5471,14.33
7536,4438,9240,10.82
7537,2143,9179,18.48
7538,5632,8982,2.37
7539,3076,9932,18.4
7540,6756,7202,9.48
7541,6668,11120,4.96
7542,2574,5695,3.84
7543,3368,1473,15.49
7544,3518,6277,17.62
7545,7500,221,9.84
7546,235,1253,19.59
7547,1405,2579,14.3
7548,4697,9584,8.78
7549,5321,4905,9.38
7550,686,9066,14.39
7551,5903,4936,15.59
7552,3643,1135,3.7
7553,645,5013,2.55
7554,3191,6133,16.6
7555,5891,3142,15.99
7556,1395,5607,2.46
7557,5678,1554,3.61
7558,2600,5411,5.76
7559,291,7079,19.81
7560,3788,6428,16.77
7561,1802,5500,3.04
7562,6014,4717,16.09
7563,5790,8372,15.74
7564,6418,6970,15.74
7565,5998,827,17.88
7566,6420,9865,12.46
7567,1442,8756,3.68
7568,3538,10027,2.43
7569,77,9967,0.92
7570,1091,5012,6.15
7571,3528,1315,7.71
7572,133,8034,14.5
7573,25,6773,10.45
7574,2462,8376,1.01
7575,6646,6046,3.13
7576,5670,2284,17.33
7577,6914,7211,3.94
7578,5286,4001,9.25
7579,5219,4820,6.92
7580,1668,5357,8.88
7581,478,7226,2.79
7582,88,6080,19.42
7583,6377,3385,1.2
7584,3754,2797,18.66
7585,1742,2719,8.41
7586,315,2326,10.1
7587,5248,4582,15.88
7588,2597,754,4.53
7589,102,7533,5.28
7590,5553,7997,17.22
7591,550,10383,1.89
7592,1617,7234,3.19
7593,6524,6499,14.88
7594,625,6856,8.31
7595,2737,1670,4.18
7596,4357,7048,19.58
7597,3089,8352,11.77
7598,504,634,3.8
7599,4785,4786,3.07
7600,4971,3185,15.43
7601,5524,10959,14.6
7602,6999,4971,7.8
7603,7284,2685,14.54
7604,7412,3064,16.55
7605,305,3917,9.58
7606,5179,7193,15.64
7607,1843,10486,19.49
7608,1292,1610,5.68
7609,2919,10035,13.69
7610,2016,10346,14.79
7611,5829,6059,7.77
7612,1205,8301,4.89
7613,7205,4753,13.66
7614,7154,4232,11.1
7615,5079,10366,1.68
7616,6409,3216,11.54
7617,5537,10899,15.32
7618,7299,4584,18.12
7619,1515,2376,18.37
7620,531,3960,5.2
7621,3381,6335,12.63
7622,7180,5845,9.25
7623,1196,863,4.77
7624,1243,6910,19.33
7625,5600,217,18.15
7626,3522,5228,11.6
7627,905,7934,15.2
7628,7470,9695,14.29
7629,87,10189,12.84
7630,7431,2973,5.57
7631,5680,3359,9.3
7632,3151,6239,11.99
7633,3663,5075,16.72
7634,3326,183,16.12
7635,7246,8311,15.81
7636,275,8094,0.8
7637,2847,3144,15.89
7638,2188,7223,19.3
7639,2272,6047,11.04
7640,328,9652,9
7641,5444,5578,12.99
7642,3809,9539,18.81
7643,6049,2000,0.87
7644,3879,4140,8.76
7645,1696,9596,1.75
7646,6950,6441,7.58
7647,2185,5156,7.35
7648,4163,9486,12.41
7649,377,8521,7.59
7650,1404,376,0.35
7651,2253,6847,16.26
7652,953,4295,3.41
7653,1863,7242,15.37
7654,4687,8066,11.77
7655,111,4562,18.83
7656,4936,8524,15.52
7657,304,3259,2.13
7658,3081,4270,12.09
7659,4903,5309,16.6
7660,7330,6413,13.72
7661,623,5574,2.06
7662,3947,9233,0.26
7663,5362,7657,8.2
7664,3544,8483,8.93
7665,756,5394,13.49
7666,2518,1978,15.71
7667,1922,6262,9.04
7668,1030,10600,14.98
7669,5126,4243,13.45
7670,3020,9006,6.12
7671,5724,9586,4.29
7672,3396,6143,9.27
7673,1700,7591,4.5
7674,7203,10875,16.65
7675,5191,7378,0.39
7676,2549,10241,5.38
7677,5287,4025,0.21
7678,1160,2122,13.14
7679,2963,2640,7.81
7680,2148,3708,3.36
7681,2577,11065,9.82
7682,2225,731,7.92
7683,799,2892,1.5
7684,6297,998,14.18
7685,1606,4946,18.36
7686,2522,5871,19.07
7687,6813,2961,16.75
7688,1994,6968,1.91
7689,67,8396,5.59
7690,6875,6788,1.4
7691,3816,549,7.16
7692,5023,4132,7.18
7693,4391,8381,15.78
7694,2308,9094,13.07
7695,5031,6638,9.64
7696,5813,8974,7.4
7697,5171,10425,9.97
7698,85,7672,19.21
7699,37,6400,19.3
7700,5608,7440,19.09
7701,1045,10567,9.44
7702,1691,3571,2.87
7703,5548,9320,15.95
7704,4783,4371,18.13
7705,4444,1924,13.47
7706,1769,9339,8.78
7707,800,10,7.83
7708,4371,8591,18.36
7709,7262,11126,8.14
7710,2322,6192,7.07
7711,5589,7098,10.9
7712,6594,8120,8.07
7713,6705,8469,17.58
7714,6259,1695,10.14
7715,3656,5211,2.88
7716,4964,9984,3.84
7717,292,4588,13.85
7718,2371,4621,7.06
7719,5459,4152,4.86
7720,2267,2145,8.87
7721,4929,7822,3.22
7722,851,2393,12.94
7723,6964,7838,15.69
7724,6688,415,12.38
7725,5860,3823,14.94
7726,5420,2004,8.35
7727,5956,3141,9.85
7728,1294,9458,2.84
7729,3479,2682,8.3
7730,6943,3710,6.16
7731,4038,8136,14.64
7732,4844,7779,17.78
7733,6423,5223,19.37
7734,4150,4239,10.76
7735,6644,2627,12.61
7736,6588,3743,2.59
7737,6302,4245,0.99
7738,2605,10593,10.69
7739,5178,1077,1.38
7740,4098,5100,1.24
7741,4014,8324,7.31
7742,6121,11033,0.55
7743,3185,3597,6.48
7744,6066,612,8.21
7745,578,7632,15.42
7746,5208,10716,15.47
7747,1370,971,17.33
7748,2183,4285,4.57
7749,6278,1820,7.66
7750,2621,7856,8.06
7751,5202,10433,4.69
7752,5358,9911,14.97
7753,1356,4715,0.51
7754,956,6372,14.34
7755,1786,547,7.96
7756,3726,8692,5.39
7757,3541,7181,18.69
7758,2175,8816,0.72
7759,266,10132,11.27
7760,394,5760,14.14
7761,6819,5141,3.09
7762,2920,4884,13.68
7763,5224,9340,6.86
7764,748,9885,8.75
7765,6226,4398,11.81
7766,5395,3156,15.42
7767,924,4407,3.16
7768,4341,2285,6.16
7769,1298,1106,0.03
7770,4346,8415,15.65
7771,7506,193,7.85
7772,7181,3223,19.4
7773,3954,1289,2.14
7774,6734,5623,3.62
7775,1607,1887,10.69
7776,3972,8810,11.53
7777,931,3681,8.22
7778,374,2016,8.47
7779,5144,9564,2.19
7780,876,6595,11.42
7781,985,9729,11.99
7782,6187,10919,18.03
7783,6129,1509,15.89
7784,6841,4297,0.12
7785,6062,4462,19.06
7786,6982,10503,15.98
7787,4948,4662,19.64
7788,3585,9976,12.8
7789,3565,5792,8.43
7790,6888,2234,10.98
7791,5099,7224,14.65
7792,6321,8282,2.68
7793,754,10009,15.06
7794,5209,8853,17.41
7795,5970,4096,1.71
7796,5428,832,0.01
7797,7251,3374,2.97
7798,2840,7625,12.11
7799,2871,2533,2.41
7800,4991,1653,1.86
7801,4126,5569,10.89
7802,5695,5397,17.95
7803,1215,4599,16.93
7804,4257,1586,12.07
7805,3196,1753,8.93
7806,314,8751,5.25
7807,5592,982,19.44
7808,2523,2697,6.67
7809,2165,2649,6.64
7810,1195,2936,12.6
7811,6685,4726,7.69
7812,7408,6053,1.43
7813,1070,9520,2.67
7814,597,9565,16.33
7815,3906,2785,16.21
7816,616,582,4.45
7817,252,6075,1.25
7818,490,31,2.24
7819,255,10204,10.41
7820,2196,7312,3.26
7821,6760,1967,17.05
7822,5314,3980,13.37
7823,2946,6589,8.85
7824,7387,4043,18.84
7825,6394,3213,5.92
7826,6501,329,3.41
7827,1042,3380,19.6
7828,2535,10287,14.19
7829,6326,164,1.72
7830,4928,10018,10.71
7831,1652,10546,0.01
7832,6626,1005,10.77
7833,5802,2276,6.5
7834,6257,1310,3.04
7835,3724,664,19.6
7836,5166,740,19.43
7837,2160,9785,4.98
7838,4957,2096,6.09
7839,3774,2968,16.35
7840,3335,1026,4.51
7841,3824,4442,1.04
7842,1159,3080,3.39
7843,2001,2766,11.28
7844,6465,1577,12.03
7845,6502,10335,19.71
7846,4033,297,0.8
7847,296,9024,4.95
7848,1673,6573,17.08
7849,7310,8642,17.03
7850,3982,7274,14.89
7851,1749,8276,16.11
7852,6260,4436,1.21
7853,4207,427,12.27
7854,5183,2385,8.08
7855,5586,7587,6.98
7856,3609,5093,13.62
7857,5085,1560,6.61
7858,371,7106,3.26
7859,1817,7214,5.2
7860,3422,9126,7.3
7861,861,7748,10.9
7862,3975,6140,10.1
7863,7220,5651,9.51
7864,1505,7374,15.07
7865,5421,47,7.93
7866,4037,914,13.33
7867,603,11027,17.16
7868,2970,6884,12.12
7869,5972,8325,8.57
7870,6448,6280,19.07
7871,7270,747,2.16
7872,1320,9064,5.36
7873,6681,324,9.42
7874,5500,1894,14.73
7875,6100,10447,13.7
7876,3857,2283,18.49
7877,2103,8216,2.57
7878,6242,1774,1.74
7879,4445,1112,12.66
7880,5230,1970,3.14
7881,4108,7082,0.59
7882,5003,9535,6.39
7883,41,6813,7.16
7884,5220,3637,3.86
7885,2691,9615,3.9
7886,525,11111,1.92
7887,3867,3275,4.17
7888,3694,8133,17.59
7889,3803,10227,15.38
7890,3546,10097,8.62
7891,4856,4351,1.61
7892,7364,1114,14.91
7893,6585,228,2.29
7894,4855,10201,4.41
7895,30,6845,0.55
7896,4931,10123,15.27
7897,1556,1587,16.8
7898,7234,6236,19.24
7899,2649,8358,6.66
7900,6294,6443,3.52
7901,4221,5438,12.6
7902,6730,8424,16.35
7903,2379,7832,17.66
7904,1051,7816,14.79
7905,6660,7547,5.54
7906,3705,3804,4.99
7907,579,6259,1.7
7908,1813,6647,14.76
7909,1934,330,0.34
7910,2299,9281,13.1
7911,2874,2392,6.78
7912,1941,2891,16.12
7913,2446,10093,7.2
7914,221,8490,3.4
7915,1654,10787,13.28
7916,6308,2700,17.87
7917,2416,3076,18.9
7918,3084,2671,16.82
7919,3360,2970,9.44
7920,6645,3828,17.55
7921,6385,10844,15.38
7922,3727,7793,16.66
7923,6372,4848,2.76
7924,2541,3856,5.95
7925,278,5567,4.93
7926,7525,2897,16.96
7927,4796,2569,14.35
7928,5247,6361,17.81
7929,7128,6904,11.2
7930,6473,2827,0.68
7931,5223,8867,17.4
7932,6543,6948,7.7
7933,871,9226,18.23
7934,4298,10921,0.12
7935,6632,10438,7.33
7936,6762,10902,14.95
7937,6604,4793,1.8
7938,970,10153,2.33
7939,2098,6902,16.62
7940,1946,6123,17.2
7941,1440,4563,2.79
7942,7192,6889,17.32
7943,5585,1439,19.21
7944,5249,2825,13.88
7945,1049,2882,17.12
7946,4311,9501,4.69
7947,831,6759,2.2
7948,1524,8069,17.09
7949,2421,4877,19.96
7950,6277,2303,2.36
7951,1500,131,11.39
7952,2686,9331,7.3
7953,4752,10575,7.13
7954,888,8384,11.06
7955,5727,11058,0.98
7956,5058,4013,8.5
7957,2427,6611,19.12
7958,4225,6919,11.66
7959,7243,4157,8.86
7960,3409,6864,3.43
7961,6314,154,16.42
7962,2144,4055,15.09
7963,1653,8492,1.41
7964,1584,199,3.11
7965,5293,849,4.18
7966,751,3611,2.43
7967,3075,3755,18.49
7968,731,6523,9.93
7969,3300,8857,2.75
7970,1672,8146,14.03
7971,7417,1873,9.88
7972,6940,6836,17.18
7973,6194,2580,5.11
7974,7139,8254,8.81
7975,3121,3112,13.7
7976,4685,7821,0.15
7977,4165,7005,11.19
7978,4488,8242,6.25
7979,1951,9130,12.52
7980,2156,9080,5.27
7981,7250,7206,12.02
7982,1398,7171,4.08
7983,4541,3347,1.02
7984,49,4852,1.08
7985,5883,6752,9.35
7986,2411,1513,10.64
7987,1043,8198,9.18
7988,7397,3120,17.15
7989,2938,9792,4.8
7990,3203,7912,10.09
7991,4367,4516,17.39
7992,5380,3719,0.82
7993,511,7627,13.54
7994,492,4711,18.44
7995,2656,6694,4.11
7996,4996,5066,7.04
7997,5292,2779,5.12
7998,7513,5434,13.06
7999,655,1557,2.47
8000,7196,10578,14.13
8001,3944,9832,2.9
8002,5080,10908,14.85
8003,1799,5889,14.49
8004,6709,5724,0.68
8005,5471,5040,19.31
8006,987,4695,9.44
8007,1137,7286,9.31
8008,1431,8769,5.22
8009,5055,7069,5.76
8010,4326,7610,0.79
8011,5487,8560,18.12
8012,1333,46,7.61
8013,4290,5659,4.43
8014,3194,6201,5.59
8015,6879,3366,10.27
8016,1914,5664,19.25
8017,242,8808,14.38
8018,7451,4253,8.59
8019,1092,1194,11.22
8020,2552,2108,19.02
8021,6355,3822,11.72
8022,3935,1531,10.78
8023,3178,2090,11.39
8024,1645,1883,3.85
8025,6371,9180,10.9
8026,1078,4907,9.64
8027,46,5753,16.48
8028,1180,5941,0.56
8029,2420,7647,15.44
8030,4427,161,12.23
8031,6817,2837,16.5
8032,1302,3966,9.29
8033,5529,361,7.6
8034,4584,6024,12.52
8035,3932,701,5.63
8036,477,8409,7.08
8037,7518,8475,5.29
8038,5357,4795,3.18
8039,2512,2426,0.38
8040,7327,7433,6.38
8041,5210,7096,7.34
8042,7533,8550,18.37
8043,3996,4554,18.26
8044,1972,6284,9.4
8045,3343,4734,3.98
8046,4190,9357,0.06
8047,3872,2006,0.73
8048,7469,2881,15.8
8049,3545,4192,9.01
8050,6696,3567,7.08
8051,7427,2226,6.39
8052,2038,266,0.37
8053,5684,7217,9.49
8054,2972,2688,8.22
8055,4393,8971,1.73
8056,4317,2422,2.56
8057,6714,6048,17.39
8058,5256,5972,8.16
8059,6443,2019,16.09
8060,211,5736,1.26
8061,3356,8657,2.73
8062,1219,9366,7.76
8063,288,11079,15.27
8064,235,1915,6.72
8065,6527,9289,4.42
8066,1533,6662,12.37
8067,1132,424,12.28
8068,611,2313,6.6
8069,5033,3163,1.32
8070,7405,9385,13.55
8071,1120,5548,18.38
8072,5320,5019,0.58
8073,2389,5927,5.54
8074,3749,3712,4.33
8075,118,3408,4.93
8076,290,4344,13.42
8077,5238,2875,14.66
8078,2633,7606,2.03
8079,3186,3523,13.77
8080,5614,645,14.36
8081,1115,4590,9.37
8082,6918,3630,1.84
8083,3143,7962,14.73
8084,3886,4464,19.89
8085,833,10378,3.35
8086,6814,9961,7.78
8087,3006,7678,5.87
8088,6346,8386,9.58
8089,6105,8773,12.44
8090,4183,3086,2.85
8091,6452,1930,10.42
8092,1306,112,9.52
8093,7302,4992,11
8094,1276,505,11.32
8095,2982,4046,3.82
8096,7183,5069,13.42
8097,4986,7745,8.01
8098,1487,10825,4.63
8099,3508,6246,16.84
8100,1869,11068,2.62
8101,1612,8478,0.2
8102,4510,5615,13.06
8103,199,5520,11.52
8104,5565,3498,16.97
8105,2453,5931,8.63
8106,4046,4858,11.02
8107,4793,7687,13.57
8108,4122,4785,11.92
8109,7194,1835,12.22
8110,4440,10311,2.65
8111,699,3583,11.48
8112,2537,1229,4.8
8113,2003,4513,10.28
8114,6422,337,7.76
8115,646,4438,19.52
8116,7301,1115,13.03
8117,3189,42,8.36
8118,1859,3391,0.79
8119,7446,1029,19.4
8120,4767,533,18.01
8121,2489,8630,7.18
8122,4362,4447,17.66
8123,1371,526,8.77
8124,2586,9959,16.14
8125,1685,8892,18.53
8126,5240,1028,3.86
8127,5360,10125,11.38
8128,5165,9978,2.47
8129,4916,2113,15.27
8130,7404,4088,15.48
8131,562,10300,3.79
8132,4320,8429,13.35
8133,4042,8192,13.01
8134,1475,7712,6.74
8135,5465,5581,1.3
8136,937,10590,18.87
8137,792,6382,11.49
8138,6793,5335,12.04
8139,3051,5478,6.38
8140,4378,633,8.4
8141,2628,5585,15.05
8142,1983,5754,17.76
8143,4601,3232,8.05
8144,949,4591,13.22
8145,5439,7401,12.95
8146,5350,3618,11.46
8147,5737,1303,11.92
8148,1945,5723,0.48
8149,6739,6505,13.27
8150,6851,5152,6.02
8151,1669,7425,4.49
8152,1776,3470,13.95
8153,4537,7416,3
8154,1478,6025,1.67
8155,26,4677,16.22
8156,1064,8864,5.13
8157,163,6026,12.22
8158,5773,7152,17.08
8159,3985,8487,7.84
8160,3183,1806,12.43
8161,7255,8205,17.99
8162,3459,6717,7.26
8163,6821,8802,5.07
8164,4526,10489,8.38
8165,6946,4057,15.53
8166,5666,6878,7.47
8167,4861,4063,11.49
8168,4265,5516,14.11
8169,2974,6016,10.06
8170,3267,2159,5.47
8171,6932,1392,12.53
8172,6459,1454,1.33
8173,6248,8634,5.01
8174,1417,6329,18.2
8175,2484,6367,18.16
8176,1744,4952,17.04
8177,1853,175,11.21
8178,1740,1170,7.17
8179,2170,8412,11.12
8180,4056,6273,0.64
8181,7191,2916,3.96
8182,4643,9581,11.3
8183,5486,9425,8.81
8184,7152,9354,8.84
8185,3228,4454,12.94
8186,3481,4886,9.28
8187,3463,10419,18.12
8188,435,6974,15.99
8189,5090,9682,3.31
8190,733,97,3.66
8191,3390,9383,10.9
8192,384,5609,2.23
8193,1942,611,19.7
8194,2054,3047,11.05
8195,2829,3457,6.13
8196,1084,9482,18.68
8197,2206,88,12.88
8198,192,1694,6.68
8199,2264,9877,9.57
8200,3204,1307,15.36
8201,1048,4940,15.21
8202,6300,3817,16.71
8203,6789,10753,7.72
8204,1332,910,16.01
8205,4876,5052,18.93
8206,2865,661,6.46
8207,1739,519,17.11
8208,6607,6118,15.02
8209,3281,10506,12.31
8210,612,6164,4.87
8211,5277,4510,8.69
8212,6267,584,0.1
8213,5239,1430,18.01
8214,5974,6964,18.29
8215,4884,8312,7.61
8216,5949,3504,13.73
8217,2177,3154,0.29
8218,6353,6826,9.25
8219,6673,4448,3.49
8220,4356,7356,8.72
8221,4395,1633,0.61
8222,6144,4221,16.52
8223,4949,3975,17.51
8224,3959,10564,14.8
8225,2761,4704,12.33
8226,4457,10117,0.57
8227,6798,5884,13.42
8228,776,3304,5.56
8229,3764,8736,18.46
8230,4216,5487,1.28
8231,3570,2530,13.18
8232,4167,3542,10.85
8233,6249,4000,13.33
8234,7378,4566,4.44
8235,1772,7157,8.75
8236,3753,2823,12.27
8237,1223,4203,10.59
8238,1541,2399,1.52
8239,70,9469,6.27
8240,1647,7924,10.16
8241,7161,7640,5.13
8242,3779,604,13.24
8243,2231,3207,14.66
8244,5682,8148,11.29
8245,380,2274,0.6
8246,3942,6633,17.56
8247,1444,9937,13.43
8248,2969,7158,15.68
8249,3124,6691,3.48
8250,6903,3791,17.7
8251,3429,9117,0.01
8252,3599,4947,3.15
8253,5612,2590,6.04
8254,7050,2402,12.12
8255,3215,6903,0.19
8256,524,10794,14.43
8257,13,5121,15.93
8258,848,2571,2.4
8259,6216,1518,3.52
8260,2900,387,5.33
8261,2615,4854,9.62
8262,3612,9557,16.95
8263,3731,9395,16.33
8264,1718,9913,3.08
8265,7290,4193,4.78
8266,2161,879,19.54
8267,7235,3327,18.39
8268,5156,4250,7.1
8269,4890,1665,17.3
8270,1096,6649,15.73
8271,5083,8960,14.94
8272,5677,9641,9.64
8273,3483,4327,17.11
8274,1768,7694,11.11
8275,960,9208,9.93
8276,2689,3739,10.55
8277,2297,1318,2.06
8278,3298,724,4.91
8279,1130,1987,11.89
8280,6295,4990,15.95
8281,3145,7167,5.08
8282,2834,7522,15.36
8283,6389,4868,19
8284,2798,7182,2.32
8285,39,2726,9.48
8286,2093,3394,18.71
8287,6751,1526,19.61
8288,1163,7420,9.71
8289,2031,8551,9.2
8290,6710,8723,1.02
8291,7383,9242,19.12
8292,6318,1000,1.41
8293,4093,9798,12.4
8294,3961,872,19.84
8295,711,9136,0.12
8296,4132,3968,12.03
8297,1858,9394,0.78
8298,3090,4953,19.98
8299,3608,6737,16.86
8300,4115,8051,2.81
8301,1479,1769,4.33
8302,3231,5383,8.74
8303,5583,2734,17.49
8304,3295,2975,10.76
8305,6482,5702,9.21
8306,3866,6138,12.85
8307,6458,2531,9.9
8308,7465,10898,1.3
8309,4455,6078,18.75
8310,1844,3257,3.35
8311,2068,10166,19.26
8312,1459,52,2.53
8313,4669,7337,3
8314,2314,5541,9.12
8315,1134,10519,8.33
8316,108,7460,7.02
8317,5106,7365,0.86
8318,3112,7067,9.75
8319,5284,9582,4.4
8320,6620,4432,1.97
8321,726,4530,18.55
8322,1750,1907,19.5
8323,3711,1460,17.8
8324,5688,5024,9.69
8325,679,8289,4.23
8326,6220,6414,14.8
8327,814,4735,19.7
8328,5433,1538,4.07
8329,2759,7991,5.84
8330,2655,4237,14.97
8331,4583,3524,10.89
8332,5150,4032,6.04
8333,2276,3206,2.61
8334,4442,4353,7.74
8335,3822,4366,2.83
8336,6729,3039,18.94
8337,6573,8631,17.38
8338,736,9621,0.89
8339,6525,2099,15.78
8340,3224,1809,14.09
8341,4244,2271,14.37
8342,1221,5656,10.37
8343,2999,5084,4.46
8344,2345,1275,7.71
8345,116,7093,2.01
8346,6560,2110,15.41
8347,318,1153,14.87
8348,977,5234,19.04
8349,5493,3283,1.75
8350,4039,5044,18.33
8351,5613,10320,11.84
8352,2827,1328,13.63
8353,1310,5920,17.78
8354,507,900,7.73
8355,4018,4850,3.56
8356,6280,1571,8.65
8357,2557,7390,18.4
8358,1161,5218,4.82
8359,5531,9255,3.29
8360,6356,105,1.79
8361,3147,5524,6.19
8362,1602,11062,11.64
8363,4456,1364,2.07
8364,1695,891,18.7
8365,6512,8497,12.51
8366,835,7063,9.63
8367,2032,4821,16.59
8368,6471,1302,7.72
8369,1734,7595,19.79
8370,4952,1840,9.65
8371,5638,6895,7.15
8372,3616,10893,7.71
8373,5218,1447,18.03
8374,7225,9903,4.06
8375,395,10526,2.52
8376,2133,9149,8.3
8377,3252,10774,6.43
8378,7505,1411,8.87
8379,6564,7605,18.37
8380,191,204,6.35
8381,866,4788,12.08
8382,5570,5281,5.44
8383,6754,7733,6
8384,2208,5777,15.54
8385,5857,349,4.6
8386,3949,1491,8.26
8387,5715,2626,13.81
8388,2373,3862,15.55
8389,6726,4142,19.58
8390,6677,9326,1.75
8391,3555,10542,16.5
8392,7199,3027,17.53
8393,3907,2294,17.42
8394,6991,10923,8.39
8395,1329,4036,7.15
8396,6339,8187,2.84
8397,231,1612,11.32
8398,2780,9232,1.71
8399,862,274,1.66
8400,3738,755,1.67
8401,3,10549,2.64
8402,5009,3674,13.41
8403,1142,5423,8.7
8404,4363,7763,12.47
8405,3320,557,17.72
8406,5164,4123,5.87
8407,2520,8253,15.08
8408,2048,979,13.51
8409,6348,6374,17.65
8410,382,5621,13.82
8411,4199,5763,16.8
8412,7329,2473,12.23
8413,7311,5594,13.7
8414,135,8122,19.61
8415,3165,10793,3.99
8416,1014,1088,14.02
8417,1093,4104,2.14
8418,279,8036,12.2
8419,802,7455,1.71
8420,1480,4792,6.36
8421,5513,8210,12.1
8422,6123,10258,10.91
8423,5300,5118,8.21
8424,4055,359,4.65
8425,1121,9004,14.1
8426,4592,4765,9.23
8427,4612,10691,8.7
8428,5911,10357,16.42
8429,2639,4184,7.93
8430,6273,10643,11.81
8431,6824,271,1.19
8432,6325,7006,6.12
8433,1723,9378,18.52
8434,6667,4559,0.65
8435,4744,2411,3.15
8436,922,1379,19.52
8437,188,6959,10.22
8438,4365,2528,18.41
8439,6678,3245,1.5
8440,7231,7908,13.13
8441,127,5838,14.03
8442,2244,10664,14.51
8443,5243,7338,9.82
8444,2921,5291,15.35
8445,3033,8970,15.52
8446,6256,5863,9.28
8447,4635,980,6.38
8448,2460,7815,4.2
8449,6852,6859,3.18
8450,3385,4418,10.08
8451,5823,6304,5.84
8452,7401,8932,16.03
8453,3283,4673,3.3
8454,1903,4467,16.63
8455,2342,3952,1.4
8456,7355,8052,6.02
8457,743,757,3.14
8458,4622,5843,11.64
8459,1939,1594,18.98
8460,5483,10012,11.74
8461,5838,3150,11.19
8462,3838,7525,4.64
8463,7213,9466,4.81
8464,5102,2555,11.94
8465,2168,10706,7.37
8466,3601,10102,17.4
8467,3045,2150,0.2
8468,1098,5198,11.47
8469,1635,7147,14.74
8470,2130,9104,8.26
8471,4699,7562,7.52
8472,6674,528,13.79
8473,411,7464,6.28
8474,7248,7992,5.39
8475,6114,5575,1.16
8476,5053,825,2.26
8477,4580,1311,3.56
8478,2232,8940,12.95
8479,6629,7518,4.27
8480,2303,1489,1.49
8481,1762,8911,19.86
8482,4274,9516,15.82
8483,2385,10350,4.38
8484,4050,4794,14.28
8485,6467,1431,19.98
8486,2207,10803,9.62
8487,4025,9748,14.3
8488,6866,5684,1.67
8489,3692,6253,4.82
8490,6463,10478,15.52
8491,2875,9119,0.4
8492,1377,5450,18.36
8493,6787,220,8.57
8494,2273,4978,7.22
8495,3297,9712,4.18
8496,3327,6217,3.59
8497,1847,3024,4.8
8498,1040,6559,12.15
8499,7085,9990,19.42
8500,7208,2539,10.81
8501,515,635,11.91
8502,847,5707,0.03
8503,5804,8876,18.71
8504,2081,899,17.34
8505,4820,4427,5.13
8506,7402,5428,5.77
8507,2318,5798,7.38
8508,5141,6941,12.31
8509,4684,9269,1.56
8510,3503,7254,17.64
8511,1537,7015,13.56
8512,5898,6782,5.98
8513,5965,2505,17.63
8514,1536,5814,15.57
8515,351,571,5.99
8516,1026,9594,1.69
8517,2293,6986,17.32
8518,3305,3415,8.47
8519,6633,4611,12.46
8520,2778,2852,1.79
8521,1523,11099,15.27
8522,3787,1502,0.07
8523,6057,10394,8.68
8524,5940,7535,9.51
8525,5104,7952,7.12
8526,1954,8683,4.82
8527,7211,43,16.43
8528,2025,2845,3.14
8529,703,3038,12.67
8530,1755,9188,11.94
8531,1796,3481,8.97
8532,7358,9238,4.07
8533,6085,2813,4.87
8534,1424,1856,0.21
8535,5843,988,4.87
8536,3781,1828,2.67
8537,2107,6404,0.15
8538,7332,4397,6.79
8539,6722,2378,16.88
8540,3474,9625,2.23
8541,3891,3188,4.65
8542,6285,6363,9.78
8543,544,3331,15.72
8544,5627,180,15.6
8545,2480,3204,5.37
8546,5052,6274,2.87
8547,2358,8546,7.15
8548,3032,1691,4.52
8549,4593,3320,7.7
8550,4672,3009,17.5
8551,1031,8178,19.58
8552,4780,8745,4.27
8553,4742,1778,2.34
8554,7082,7728,7.91
8555,5501,791,15.46
8556,3133,5729,2.76
8557,2831,6483,9.82
8558,2436,120,9.85
8559,3496,7002,14.82
8560,3167,10078,19.45
8561,6902,10441,16.94
8562,3684,3927,15.98
8563,1261,2212,10.55
8564,6967,3533,7.43
8565,2344,2672,17.77
8566,830,3278,3.44
8567,1136,4942,9.95
8568,193,9286,7.62
8569,3956,7233,7.69
8570,6670,8722,13.82
8571,2505,7400,13
8572,6449,10392,12.22
8573,1811,1618,4.11
8574,7371,366,4.43
8575,552,2889,8.68
8576,1693,6387,19.25
8577,1340,4408,0.86
8578,3098,5167,4.56
8579,6268,428,19.14
8580,286,1312,13.91
8581,3610,4796,12.72
8582,6338,2529,1.08
8583,6530,4603,0.91
8584,3772,7764,0.8
8585,1891,7302,19.6
8586,285,9527,6.96
8587,910,794,11.43
8588,1139,1239,3.18
8589,3431,1751,5.19
8590,3211,4762,2.51
8591,2181,10085,7.9
8592,3392,6518,12.2
8593,4868,2764,3.85
8594,842,2361,4.37
8595,4300,7580,11.28
8596,7515,5831,1.27
8597,2977,5984,5.91
8598,1174,10783,14.4
8599,969,4529,18.67
8600,1542,1519,18.39
8601,5187,2348,9.33
8602,2368,5290,8.09
8603,3490,9858,3.75
8604,1679,1639,5.86
8605,7064,1829,3.06
8606,2301,1573,10.48
8607,7407,6629,4.87
8608,3768,8287,18.82
8609,4067,7463,11.31
8610,710,8366,4.48
8611,497,6881,10.95
8612,3717,913,0.36
8613,1170,1899,2.97
8614,6288,5526,17.41
8615,4388,2508,8.41
8616,52,1208,0.21
8617,7411,3021,6.26
8618,7228,2913,13.99
8619,2685,8080,5.69
8620,5894,201,17.67
8621,4617,4499,15.49
8622,464,40,13.83
8623,5635,7009,10.76
8624,4195,10065,14.31
8625,5932,2611,4.26
8626,7137,2816,1.68
8627,5686,1152,1.41
8628,138,2248,0.96
8629,3454,1497,14.24
8630,3654,4824,6.54
8631,4600,2563,7.8
8632,4327,7810,11.27
8633,3572,6993,1.48
8634,2695,833,12.77
8635,3162,6197,17.25
8636,6968,10454,13
8637,6214,4549,10.59
8638,6769,7404,9.01
8639,4448,4388,3.83
8640,5399,7320,7.97
8641,495,3852,19.12
8642,3069,5608,4.47
8643,5515,4317,17.64
8644,6387,10872,11.18
8645,5453,4801,11.11
8646,2530,3122,9.02
8647,4738,1444,11.13
8648,4485,288,14.33
8649,186,3781,0.56
8650,3226,9314,9.76
8651,6958,3072,8.52
8652,2330,6793,17.82
8653,4441,10659,8.33
8654,4981,7163,3.13
8655,4706,2023,0.34
8656,828,6939,8.74
8657,3401,8321,9.1
8658,3718,550,0.53
8659,5741,5347,9.68
8660,5980,10465,18.23
8661,2760,7113,19.03
8662,788,5918,7.07
8663,4075,8925,16.53
8664,3589,8764,14.17
8665,327,385,4.01
8666,892,4365,6.1
8667,5855,3921,8.16
8668,1572,3631,17.69
8669,6445,4035,13.62
8670,369,5506,11.8
8671,6022,3675,1.35
8672,214,5071,16.76
8673,2178,4059,18.89
8674,7087,609,3.75
8675,4707,4299,17.41
8676,6232,6495,8.17
8677,2779,6360,4.96
8678,3413,2893,9.15
8679,7503,3786,12.5
8680,5676,8953,1.7
8681,6468,1799,5.02
8682,6728,7790,2.07
8683,3650,5203,8.63
8684,2670,3432,2.14
8685,243,7153,11.63
8686,3163,2384,4.26
8687,4715,6154,17.86
8688,6132,62,15.54
8689,3485,1148,3.5
8690,3829,2930,10.72
8691,5331,1555,10.08
8692,1172,4902,19.7
8693,5848,1986,15.03
8694,1830,5058,1.22
8695,916,6923,2.52
8696,4258,4649,4.53
8697,5787,1138,11.78
8698,5662,3384,14.6
8699,5114,8448,15.64
8700,2626,3170,11.19
8701,2384,6892,10.97
8702,3617,1983,0.33
8703,2986,4373,12.85
8704,2683,7176,4.83
8705,5951,6625,6.43
8706,6511,9844,3.98
8707,3712,4979,11.33
8708,4822,4860,14.31
8709,1570,2887,2.06
8710,4208,9044,12.94
8711,14,10243,11.16
8712,2432,7266,18.81
8713,1826,6302,8.46
8714,6952,292,6.64
8715,2278,6876,2.39
8716,568,1475,19.67
8717,6414,8569,15.46
8718,4118,5628,11.56
8719,2861,5732,2.88
8720,2563,7669,1.69
8721,6026,7667,17.77
8722,2807,7662,1.81
8723,3903,7146,8.45
8724,2117,9235,9.21
8725,2898,577,7.82
8726,7258,2037,6.41
8727,1419,6103,19.84
8728,2487,3652,14.24
8729,4659,10306,1.41
8730,948,1452,16.24
8731,232,5127,6.26
8732,7193,5785,6.56
8733,789,2619,7.4
8734,2166,85,1.91
8735,268,6992,0.22
8736,4804,9673,5.25
8737,527,8702,2.82
8738,3064,10657,1.37
8739,1837,7257,8.75
8740,2319,2467,4.82
8741,534,2022,8.75
8742,3355,5119,19.65
8743,6115,3546,7.91
8744,5245,379,9.52
8745,5887,10520,0.54
8746,121,5908,19.86
8747,5349,2331,17.32
8748,2749,16,0.85
8749,4972,7854,10.26
8750,7468,346,17.16
8751,5139,9138,17.13
8752,2748,8189,11.2
8753,482,2410,4.8
8754,4816,3157,4.18
8755,31,8138,10.95
8756,4377,4460,11.04
8757,5805,7137,13.34
8758,2139,1462,6.57
8759,4384,8978,17.82
8760,2042,7076,4.93
8761,1452,430,15.29
8762,2023,3450,1.33
8763,5155,7613,13.52
8764,4051,2894,1.08
8765,166,9268,0.19
8766,2217,5099,1.82
8767,3902,9930,12.71
8768,180,5082,2.03
8769,3229,10710,11.31
8770,2395,4065,14.51
8771,3639,3891,7.17
8772,715,7652,16.53
8773,6383,10555,0.27
8774,662,1200,10.89
8775,5196,8243,3.57
8776,2470,8363,8.63
8777,1272,9346,12.04
8778,3030,7418,1.57
8779,1063,9497,8.42
8780,926,6214,14.71
8781,4057,2648,16.86
8782,6615,7628,13.14
8783,4878,9778,7.07
8784,2193,9095,15.71
8785,3472,5025,16.59
8786,289,2051,7.32
8787,574,12,2.69
8788,3091,8264,19.4
8789,466,9916,6.02
8790,5339,8679,15.07
8791,6951,2203,10.66
8792,2596,3088,1.32
8793,2365,484,5.99
8794,4503,3012,18.8
8795,7509,1279,19.21
8796,5048,3382,6.68
8797,643,858,6.17
8798,5768,1637,5
8799,9,7053,13.67
8800,4755,2760,6.1
8801,1213,9889,1.82
8802,1230,7314,10.53
8803,2352,1943,13.64
8804,4701,9841,6.82
8805,6962,6972,14.84
8806,3652,277,18.4
8807,4549,4626,18.98
8808,6859,3767,1.25
8809,2682,4706,9.26
8810,739,1773,3.48
8811,2869,1277,18.41
8812,4095,5556,7.95
8813,249,10198,13.99
8814,2606,1831,5.88
8815,2502,10237,15.29
8816,7182,5925,13.13
8817,2403,7725,15.07
8818,6708,6130,10.08
8819,984,41,11.99
8820,7502,1927,8.18
8821,4988,4610,16.01
8822,4730,5690,6.99
8823,6352,5325,19.08
8824,7184,1241,19.42
8825,1932,6439,5.77
8826,2582,3075,19.19
8827,244,6571,6.28
8828,1460,3993,7.32
8829,794,9189,8.71
8830,3719,4567,12.08
8831,3088,354,19.44
8832,1489,3639,0.7
8833,1228,9627,15.76
8834,2678,1601,3.06
8835,2019,1771,3.69
8836,1413,4707,0.8
8837,2725,5340,6.86
8838,6871,10680,2.86
8839,6707,3032,14.96
8840,7219,8459,16.68
8841,7118,10092,11.9
8842,4761,9553,12.04
8843,4590,8620,7.34
8844,5133,6983,19.4
8845,4137,6539,10.84
8846,7233,10569,11.56
8847,3587,3016,7.88
8848,1484,8391,0.78
8849,7307,6596,9.5
8850,3697,3110,15.59
8851,570,2232,15.55
8852,3296,1258,8.99
8853,3709,6084,8.66
8854,6039,1213,0.34
8855,5280,3728,0.72
8856,3984,6913,9.95
8857,6402,3679,17.95
8858,2069,1567,17.02
8859,6910,3030,5.64
8860,7252,8047,14.59
8861,453,1097,3.14
8862,5172,983,9.11
8863,4728,816,2.93
8864,7185,7626,1.5
8865,3265,2260,12.09
8866,5327,7303,10.01
8867,5655,1487,8.14
8868,7043,2995,16.17
8869,6924,952,2.02
8870,2660,7227,16.34
8871,7188,10675,5.8
8872,3550,9604,17.03
8873,3958,3984,5.8
8874,3344,8625,11.81
8875,3273,1195,9.78
8876,2329,10745,7.17
8877,501,10699,17.52
8878,2136,8826,16.55
8879,4372,3241,14.78
8880,6558,3171,16.33
8881,2143,4685,12.1
8882,7500,9755,1.6
8883,2223,9519,3.21
8884,5134,9297,3.65
8885,4634,2550,7.17
8886,4992,8650,10.93
8887,343,7515,9.43
8888,7421,9451,19.69
8889,5440,6576,0.52
8890,2167,9214,19.46
8891,6956,3985,17.05
8892,3001,5646,7.76
8893,3884,2087,13.76
8894,5312,9151,12.75
8895,6117,6210,10.54
8896,1745,7598,8.62
8897,6056,1631,3.67
8898,1116,3803,17.32
8899,5192,4836,11.19
8900,1013,10140,19.78
8901,1202,10332,12.19
8902,2790,5787,17.56
8903,3374,2017,3.97
8904,4299,543,13.04
8905,2546,6101,4.75
8906,539,4274,5.86
8907,4909,8345,0.14
8908,5906,8401,15.72
8909,7543,3672,2.95
8910,2844,4033,15.21
8911,705,4790,6.62
8912,4381,5676,3.6
8913,4340,2681,17.86
8914,1380,4644,3.67
8915,3455,10686,1.52
8916,3620,4996,12.94
8917,5578,2715,18.15
8918,3603,1437,18.93
8919,281,6307,16.45
8920,6440,9088,1.15
8921,4765,2847,15.13
8922,4036,1781,15.51
8923,1836,8059,7.5
8924,4696,7677,14.57
8925,5518,8452,1.77
8926,3372,2552,4.09
8927,5054,5523,17.37
8928,4747,11124,9.61
8929,6207,4600,0.09
8930,3641,10527,14.31
8931,1798,1270,4.8
8932,1421,10630,16.93
8933,5625,626,10.76
8934,3177,3011,6.35
8935,2692,8077,14.96
8936,5979,5829,12.44
8937,1662,9746,1.8
8938,421,4176,1.7
8939,2236,405,19.89
8940,2408,5466,14.04
8941,5441,6260,17.32
8942,5702,9826,7.81
8943,5176,2721,6.87
8944,1455,5328,15.56
8945,3998,7086,17.77
8946,3468,6531,15.79
8947,6228,2775,17.59
8948,5575,8880,12.64
8949,5073,4352,9.76
8950,7294,10387,13.11
8951,6426,10857,4.76
8952,176,35,8.56
8953,4235,1244,11.47
8954,2039,3820,7.02
8955,595,6561,16.57
8956,2663,10259,8.19
8957,6310,1047,2.82
8958,601,9023,8.56
8959,5763,2696,16.46
8960,7166,2888,18.83
8961,7447,4577,18.25
8962,4370,7830,7.99
8963,4471,9429,12.43
8964,2254,11053,5.83
8965,3659,3541,2.52
8966,2777,1123,12.38
8967,3883,8578,1.37
8968,5961,443,1.34
8969,1611,9606,9.77
8970,1083,3401,12.89
8971,6963,8712,5.12
8972,1425,7034,12.91
8973,3130,8001,7.06
8974,1857,8977,14.57
8975,5452,1641,10.6
8976,4789,3406,15.54
8977,4284,5330,17.3
8978,6591,8899,19.28
8979,6867,1283,2.31
8980,1516,8522,10.56
8981,6586,2059,18.98
8982,5182,2246,0.22
8983,5145,6403,2.5
8984,2242,3581,18.52
8985,1698,1764,7.56
8986,5297,4376,6.87
8987,5884,3771,4.63
8988,5941,6683,0.27
8989,2045,6410,7.31
8990,1169,7273,14.25
8991,7212,1942,17.19
8992,5078,69,2.96
8993,3216,10403,9.34
8994,1,8897,5.82
8995,7105,1575,16.28
8996,2124,1375,6.53
8997,2114,9487,11.41
8998,1256,6411,5.6
8999,6365,2377,11.95
9000,2222,9971,8.47
9001,1028,151,3.7
9002,4847,11101,11.39
9003,4725,7608,6.49
9004,5877,1782,4.07
9005,5552,7565,4.04
9006,5512,4663,2.22
9007,3368,301,1.97
9008,2536,2121,5.16
9009,5470,593,2.1
9010,5385,6877,15.61
9011,2917,8251,3.33
9012,1656,2674,8.63
9013,1694,8849,11.87
9014,6319,5247,16.97
9015,4332,6893,11.95
9016,2399,3988,14.28
9017,1317,5165,16.24
9018,2189,1041,3.76
9019,6554,4751,2.87
9020,6270,10507,7.73
9021,1262,4941,19.67
9022,2061,3691,18.47
9023,5722,1040,16.57
9024,6634,1426,14.71
9025,123,118,8.17
9026,5569,8533,0.03
9027,7435,8275,9.32
9028,1514,9056,4.45
9029,2137,3363,5.94
9030,5845,8870,6.57
9031,7,7862,10.93
9032,7279,2520,17.38
9033,1963,7554,8
9034,1297,2521,5.87
9035,7021,588,0.16
9036,1982,9428,12.92
9037,1648,10234,4.11
9038,4385,7292,3.09
9039,6140,5728,2.85
9040,2410,8032,5.23
9041,1998,7133,12.3
9042,2015,9321,8.05
9043,4389,1272,2.71
9044,488,8949,8.03
9045,5714,6444,14.95
9046,7409,7276,17.94
9047,5786,4874,4.81
9048,7336,4133,11.43
9049,1305,10440,19.27
9050,3625,3724,17.9
9051,190,2993,5.59
9052,3997,3664,14.99
9053,6537,4051,16.87
9054,4496,10914,16.94
9055,1275,4116,17.45
9056,2027,5958,12.82
9057,6404,2985,16.34
9058,6454,3063,4.71
9059,134,8418,18.07
9060,2060,10494,14.01
9061,7189,3136,18.8
9062,5499,2759,0.73
9063,1079,10100,17.35
9064,4101,3350,7.2
9065,2743,6453,11.01
9066,5922,9355,17.8
9067,4476,10399,7.98
9068,4570,7765,7.16
9069,6206,1700,10.5
9070,4545,1158,9.06
9071,1073,4520,3.04
9072,333,541,19.76
9073,4023,7939,5.12
9074,336,8771,1.19
9075,3430,5928,3.16
9076,3901,1756,14.11
9077,961,7574,11.78
9078,5725,3291,6.91
9079,5851,2955,7.25
9080,785,4177,16.06
9081,6185,7062,14.2
9082,1390,1990,6.01
9083,5626,3392,9.85
9084,359,1921,12.15
9085,540,7570,12.12
9086,63,3325,3.45
9087,5571,7708,10.27
9088,465,6894,7.3
9089,2887,7114,10.9
9090,1286,1429,17.1
9091,7516,7166,8.97
9092,1102,200,14.29
9093,919,9724,5.64
9094,1821,670,17.93
9095,3751,4617,11.3
9096,6180,470,10.04
9097,4618,4896,4.12
9098,2146,1584,1.63
9099,7316,5055,6.2
9100,3539,98,4.18
9101,5556,3404,10.35
9102,966,8442,0.23
9103,6000,6167,16.43
9104,321,9263,3
9105,1162,10894,18.55
9106,2498,5983,13.04
9107,2479,1977,7.29
9108,5890,5682,18.97
9109,355,1449,5.49
9110,1731,6525,14.98
9111,4840,90,15.42
9112,6263,6722,12.05
9113,2434,7894,11.12
9114,4849,65,18.64
9115,96,303,11.13
9116,4628,4231,5.59
9117,2394,1593,4.5
9118,4271,5726,7.23
9119,7195,6985,7.07
9120,4827,7253,5.76
9121,4174,3061,2.87
9122,4781,9018,6.51
9123,4324,1149,0.92
9124,5698,6938,9.48
9125,6683,6269,15.28
9126,274,139,13.81
9127,7437,8357,6.02
9128,4489,8675,1.78
9129,4319,496,7.61
9130,2951,8098,14.01
9131,5597,5207,2.36
9132,7499,9471,5.93
9133,3083,6394,7.85
9134,4525,11032,15.77
9135,6276,9037,9.64
9136,5660,906,1.12
9137,6210,2181,2.82
9138,1011,8617,17.24
9139,1125,9456,14.79
9140,4286,9432,13.18
9141,1246,8166,13.3
9142,2516,8754,12.94
9143,4254,5866,6.22
9144,3841,3686,17.01
9145,5373,1962,14.22
9146,4777,9897,12.63
9147,4629,4807,0.64
9148,1792,3430,2.91
9149,5505,3495,13.31
9150,3789,8461,18.77
9151,6996,937,1.72
9152,5525,5636,15.79
9153,617,792,16.8
9154,5351,994,3.14
9155,442,9878,7.4
9156,479,1203,10.19
9157,4778,2380,16.6
9158,6203,2102,14.88
9159,7227,3062,12.1
9160,6083,5332,5.96
9161,6676,9093,17.02
9162,4470,11080,5.23
9163,5321,3536,19.08
9164,2240,3081,17.06
9165,4625,3352,19.58
9166,666,4279,7.36
9167,6998,1398,4.2
9168,103,7773,15.88
9169,1664,1413,7.77
9170,2569,7658,13.11
9171,2672,8951,9.89
9172,5904,1568,7.98
9173,1746,6704,16.33
9174,4419,6056,13.33
9175,5760,8929,17.47
9176,3686,6885,15.88
9177,3010,3560,19.56
9178,942,568,7.78
9179,440,8528,3.28
9180,620,8368,14.92
9181,1800,6695,8.97
9182,6173,3882,17.38
9183,1911,4039,5.91
9184,7340,10448,6.69
9185,4278,638,12.84
9186,4200,5598,18.43
9187,4848,5757,10.88
9188,3268,8,19.84
9189,7472,5126,7.86
9190,2014,2591,13.58
9191,7186,5299,8.51
9192,2895,3759,15.62
9193,287,8819,1.95
9194,3370,5389,7.24
9195,5542,6914,12.21
9196,6715,10829,0.74
9197,282,5081,9.11
9198,3592,4912,11.47
9199,5118,4195,10.08
9200,2035,8822,16.33
9201,6742,5065,5.04
9202,1562,1032,1.75
9203,5466,925,11.82
9204,7018,10913,15.63
9205,6653,2711,13.77
9206,2203,1295,2.75
9207,693,10552,1.89
9208,3542,10318,11.77
9209,6723,10042,7.23
9210,5503,7493,7.25
9211,1936,6734,6.75
9212,2877,5914,8.69
9213,2630,5016,13.92
9214,1644,3271,12.24
9215,5149,2082,2.31
9216,2568,6417,4.21
9217,7099,8807,8.23
9218,4109,6011,17.82
9219,6133,8092,6.89
9220,7226,10604,19.83
9221,4426,4166,6.08
9222,6252,8472,15.72
9223,3447,2545,0.44
9224,2119,6529,13.86
9225,6182,1676,17.81
9226,3556,9295,2.92
9227,1727,3276,3.77
9228,5226,1934,13.72
9229,5175,10744,12.61
9230,398,2843,5.32
9231,988,9506,16.06
9232,2802,1791,1.85
9233,7320,6617,15.16
9234,5214,10601,0.12
9235,3237,6373,19.96
9236,5788,6654,19.23
9237,5559,6886,9.6
9238,3197,4215,15.43
9239,4603,6833,7.09
9240,1316,4881,13.91
9241,2567,6975,6.4
9242,2805,6901,12.21
9243,1491,729,5.77
9244,6059,4424,14.44
9245,6832,5095,7.87
9246,5814,4525,3.88
9247,2449,497,0.78
9248,2169,1249,18.25
9249,6631,3312,11.25
9250,5309,6293,6.46
9251,3513,8150,15.23
9252,5345,10356,8.52
9253,7334,10354,19.14
9254,4192,10330,9.57
9255,2858,6388,17.05
9256,7244,1285,3.53
9257,3666,5159,7.13
9258,2783,10411,14.93
9259,1001,1111,2.73
9260,4228,5491,19.84
9261,4648,7806,2.81
9262,407,8523,9.02
9263,4161,1940,5.98
9264,3858,7751,7.08
9265,6165,9228,11.06
9266,7204,8963,18.95
9267,6506,10975,1.25
9268,609,9194,15.66
9269,6687,2120,8.96
9270,3495,10463,7.48
9271,6827,3765,17.22
9272,7232,2,16.78
9273,5409,1617,0.04
9274,5736,6261,3.08
9275,208,5880,10.87
9276,4579,10266,3.32
9277,6572,7944,4.23
9278,737,1122,3.72
9279,1583,2983,10.47
9280,734,9207,14.09
9281,5856,8851,15.18
9282,3062,9670,0.31
9283,6415,9928,6.9
9284,4574,1481,14.83
9285,2046,10806,17.51
9286,1009,6697,12.37
9287,4645,2971,16.05
9288,346,1903,0.34
9289,3480,9042,3.14
9290,2387,3888,12.69
9291,6150,8106,2.18
9292,131,6109,3.28
9293,2635,4890,9.14
9294,53,7906,3.1
9295,6311,4888,12.29
9296,4546,9619,17.63
9297,4518,4178,6.93
9298,628,2137,5.58
9299,3948,6359,8.34
9300,7473,2149,2.73
9301,3821,6222,7.36
9302,2845,9490,8.74
9303,298,9922,18.88
9304,6046,9584,10.22
9305,936,4267,8.87
9306,6229,7207,5.07
9307,4880,9817,12.65
9308,3066,10610,7.28
9309,4693,4776,15.73
9310,1416,10080,19.45
9311,5095,3334,9.04
9312,3055,8220,19.64
9313,5092,5124,7.37
9314,3523,6548,13.42
9315,6514,4428,3.41
9316,1835,3680,14.92
9317,4261,1220,7.11
9318,3398,8655,2.05
9319,6913,3281,9.29
9320,3839,1185,12.65
9321,5669,2946,5.03
9322,6157,9923,6.6
9323,2942,6188,14.52
9324,104,5338,4.75
9325,5789,1660,15.34
9326,5461,2792,0.93
9327,1235,3561,11.86
9328,2171,2228,0.56
9329,1061,6506,11.12
9330,7121,2419,1.43
9331,2565,2330,17.15
9332,675,799,1.15
9333,6801,3707,1.43
9334,2356,10638,10.11
9335,4375,7935,1.55
9336,6431,10250,1.79
9337,2814,7396,9.33
9338,891,9793,5.92
9339,1587,3835,17.19
9340,940,789,6.32
9341,7209,1976,1.6
9342,3442,2639,7.04
9343,1848,9373,19.84
9344,5344,5243,10.45
9345,6848,6000,6.16
9346,5811,4069,8.01
9347,6035,783,15.61
9348,1255,2808,14.87
9349,6077,7307,6.57
9350,600,5424,6.21
9351,1554,2196,7.06
9352,1689,2338,9.88
9353,3888,1898,0.66
9354,5387,4306,7.74
9355,4869,8954,12.85
9356,2250,11067,17.31
9357,1441,1982,12.11
9358,4159,8845,2.4
9359,7538,1401,0.4
9360,1318,3735,0.45
9361,6942,3861,9.79
9362,5645,4533,7.5
9363,6497,9733,0.58
9364,5784,1124,11.89
9365,4171,8015,15.11
9366,1397,639,14.73
9367,1801,9054,1.53
9368,2324,929,4.89
9369,226,3592,13.16
9370,7286,3439,17.54
9371,5874,10869,18.06
9372,7382,24,0.81
9373,957,10406,10.66
9374,4653,4709,15.44
9375,766,7689,1.96
9376,3568,10458,0.92
9377,1609,2866,8.65
9378,7349,267,18.52
9379,4987,1021,9.41
9380,6635,8746,1.47
9381,3543,734,12.74
9382,4214,6606,0.29
9383,6854,5963,17.84
9384,2325,1951,6.97
9385,3142,1175,0.66
9386,5386,6089,15.12
9387,5636,944,17.58
9388,5836,5369,15.22
9389,339,7013,16.25
9390,744,5151,10.04
9391,2976,1944,14.44
9392,2214,9325,13.05
9393,3497,4593,2.32
9394,5127,7936,2.36
9395,5844,409,14.2
9396,701,8008,5.79
9397,1986,8204,12.88
9398,1550,1394,10.03
9399,2709,1103,13.05
9400,3156,3991,0.11
9401,5213,144,8.03
9402,3056,996,15.43
9403,3815,1343,19.21
9404,3219,463,14.92
9405,5353,3458,19.16
9406,1961,3292,14.04
9407,2382,4090,6.92
9408,1741,10261,16.35
9409,2467,8663,13.09
9410,870,3979,16.78
9411,1003,8156,15.83
9412,1151,10273,15.54
9413,5943,4074,14.23
9414,2064,5078,5.42
9415,1614,2863,7.96
9416,1560,5944,2.27
9417,2965,5372,14.64
9418,5867,10345,2.4
9419,3953,7059,1.42
9420,5910,138,0.48
9421,5723,5148,6.36
9422,3179,2414,5.82
9423,2111,2176,19.35
9424,6199,5125,7.34
9425,6313,3854,1.99
9426,878,9860,18.99
9427,642,10205,6.41
9428,6807,7921,4.63
9429,1372,2908,11.16
9430,5780,7883,16.24
9431,3094,7691,0.83
9432,1969,10944,8.68
9433,795,9644,10.33
9434,6340,2273,11.99
9435,4404,5660,5.99
9436,6037,5189,0.39
9437,5648,8574,2.03
9438,3661,2588,10.65
9439,721,2238,8.62
9440,3115,707,18.24
9441,101,7370,10.94
9442,1300,2907,15.15
9443,5631,1206,4.9
9444,558,1668,18.69
9445,6820,8544,1.45
9446,764,8905,10.61
9447,2457,457,0.47
9448,1628,1412,0.38
9449,7084,4296,15.62
9450,945,7334,16.39
9451,5474,6804,5.91
9452,1465,8792,17.59
9453,3796,8152,4.81
9454,790,3070,10.85
9455,2622,9661,12.29
9456,3776,9767,7.84
9457,3435,3254,11.64
9458,6068,3690,9.31
9459,1775,6824,0.6
9460,3477,610,9.37
9461,5681,586,19.97
9462,4519,7419,6.06
9463,4191,3220,17.54
9464,6724,5334,14.32
9465,3896,9803,3.1
9466,6367,4743,15.06
9467,706,4303,13.9
9468,3668,10121,6.94
9469,4733,4194,5.26
9470,1408,6229,16.01
9471,6763,10628,10.21
9472,1226,4115,8.83
9473,429,7572,17.96
9474,1103,7557,6.16
9475,3306,5262,4.57
9476,6665,9908,9.74
9477,1715,3843,8.71
9478,6029,6667,11.3
9479,6764,3884,9.13
9480,173,9958,8.47
9481,1017,5308,10.11
9482,585,4263,14.87
9483,2545,1054,6.76
9484,7259,10718,13.32
9485,3482,6461,1.54
9486,730,6456,6.87
9487,7306,7155,15.13
9488,2423,10516,10.19
9489,6282,7783,16.83
9490,3341,7680,8.03
9491,2340,7583,9.27
9492,4978,1664,11.21
9493,6695,1595,5.76
9494,4652,10022,9.08
9495,542,4450,11.59
9496,745,10735,7.31
9497,6179,3900,14.4
9498,7492,10762,16.4
9499,5454,32,16.09
9500,752,527,17.36
9501,2741,2643,17.68
9502,7366,9477,17.01
9503,2927,977,12.72
9504,6299,10289,7.07
9505,2163,8404,16.26
9506,6628,7236,19.17
9507,5271,9426,5.13
9508,917,7814,18.75
9509,4339,1837,6.09
9510,6583,11119,11.73
9511,342,3308,1.87
9512,920,9891,16.23
9513,3358,5934,3.01
9514,178,7875,13.86
9515,5521,9775,0.15
9516,6559,1945,10.09
9517,5462,8011,13.28
9518,7481,5803,9.65
9519,868,6657,2.51
9520,3752,3418,5.71
9521,1077,9127,7.14
9522,4632,8704,8.39
9523,5708,373,8.71
9524,7398,870,2.4
9525,3880,4430,9.69
9526,7369,6705,1.65
9527,4127,9330,3.83
9528,2078,2233,19.91
9529,3744,5053,5.28
9530,853,2899,15.69
9531,6091,5783,18.72
9532,2599,10232,2.81
9533,2911,834,7.28
9534,1704,7684,6.34
9535,4784,10583,0.61
9536,7430,8975,4.54
9537,4769,1853,1.47
9538,4843,4536,12.56
9539,2259,437,19.46
9540,4405,4846,8.24
9541,553,4291,4.03
9542,4205,3538,3.21
9543,1904,10529,1.43
9544,4382,2629,18.17
9545,5759,1591,16.15
9546,5671,11064,7.49
9547,3220,4645,13.41
9548,4587,83,13.51
9549,5533,2781,14.93
9550,6290,444,5.48
9551,3137,1371,7.22
9552,5976,414,15.1
9553,1497,6158,14.13
9554,6679,553,4.17
9555,1714,137,16.85
9556,4664,681,12.27
9557,4411,1230,4.82
9558,6721,10471,12.35
9559,2281,10363,15.77
9560,4817,3461,3.04
9561,2407,465,1.92
9562,397,5942,11.75
9563,5701,4027,11.28
9564,6736,8144,8.95
9565,6933,2742,11.96
9566,2030,5373,11.37
9567,2326,3925,5.09
9568,6889,581,18.27
9569,6244,8748,4.18
9570,2730,790,11.23
9571,7436,8931,7.2
9572,2868,2325,12.88
9573,1733,2522,11.28
9574,6152,8500,4.02
9575,4830,3918,19.02
9576,2129,9734,9.55
9577,4131,174,12.15
9578,1253,10864,15.18
9579,44,7980,18.95
9580,1088,10043,7.94
9581,700,19,7.23
9582,4148,8961,17.03
9583,2195,2487,15.91
9584,412,5951,3.49
9585,6230,8653,1.57
9586,3313,2008,9.86
9587,5398,3894,2.46
9588,5842,8827,6.95
9589,6934,4511,5.03
9590,4114,10038,10.2
9591,1552,5960,8.33
9592,1410,9292,3.02
9593,1975,3838,15.6
9594,2610,3554,10.98
9595,6921,5313,18.01
9596,4086,3010,2.64
9597,4507,7308,18.7
9598,1608,1031,4.54
9599,265,1848,11.14
9600,6531,6431,15.73
9601,1177,8998,18.81
9602,4123,4197,11.48
9603,2233,4782,4.64
9604,3018,5050,11.73
9605,6071,482,0.95
9606,3716,8673,11.91
9607,7478,10597,3.7
9608,7151,4872,0.13
9609,2636,7523,7.16
9610,2477,9709,15.24
9611,7022,6642,15.13
9612,3703,9741,7.59
9613,7012,6800,18.68
9614,6111,5026,0.92
9615,1916,6341,15.24
9616,3915,2768,1.08
9617,2311,10396,17.14
9618,1434,3333,17.45
9619,393,7612,19.4
9620,2714,6536,3.46
9621,6639,6789,19.08
9622,4407,343,14.35
9623,2115,10637,9.61
9624,1978,2138,5.9
9625,5522,8033,11.29
9626,716,9061,18.33
9627,3967,8235,5.11
9628,778,2277,19.49
9629,5340,7046,11.19
9630,6191,10084,2.45
9631,4620,10609,11.48
9632,4610,7094,3.96
9633,979,156,19.95
9634,7027,11110,12.58
9635,4558,8839,13.67
9636,5394,1177,2.81
9637,939,1402,3.45
9638,6360,8604,19.86
9639,2121,4162,6.84
9640,3519,1214,9.1
9641,2754,3319,14.07
9642,5177,1136,14.36
9643,5363,8527,3.37
9644,7149,5166,16.53
9645,5137,5551,16.43
9646,2224,4334,8.47
9647,2154,9814,11.65
9648,4723,3248,10.48
9649,1915,2078,1
9650,4125,2436,16.98
9651,6812,4519,6.71
9652,1510,1850,14.07
9653,5347,7117,17.19
9654,7512,2737,16.68
9655,1363,7558,18.33
9656,887,8741,13.85
9657,2508,4640,5.44
9658,5595,7107,8.15
9659,3688,4311,12.82
9660,5606,2905,6.18
9661,2074,3442,19.63
9662,5375,5969,4.29
9663,2937,8191,2.15
9664,3102,3181,9.9
9665,4213,2282,11.17
9666,6650,153,13.93
9667,6800,7140,8.86
9668,660,10987,17.92
9669,2362,5856,19.85
9670,1933,5978,11.42
9671,5322,7902,19.83
9672,5924,9243,7.62
9673,494,9727,19.65
9674,2510,8439,17.63
9675,6587,9550,6.13
9676,5142,8913,10.83
9677,3537,6346,5.52
9678,1960,7355,15.57
9679,2987,10374,19.11
9680,1072,8489,2.42
9681,105,7958,11.74
9682,5490,9172,16.47
9683,3144,8614,1.1
9684,6773,3703,17.56
9685,3881,2092,15.96
9686,4409,6433,8.77
9687,2106,767,10.8
9688,7173,375,12.81
9689,3180,1113,5.96
9690,2873,9437,0.64
9691,2589,8046,9.06
9692,6744,9747,8.61
9693,7324,251,0.34
9694,2469,4185,4.65
9695,893,3419,5.8
9696,3871,3230,16.61
9697,6496,382,18.89
9698,6788,10160,7.83
9699,7008,9079,14.55
9700,4720,8064,3.5
9701,5368,1342,6.71
9702,5769,4668,8.76
9703,1630,2503,5.06
9704,2931,2471,17.57
9705,5526,1045,18.57
9706,4658,3484,4.4
9707,1409,4847,2.08
9708,1522,687,5.17
9709,652,7661,1.26
9710,3520,10030,4.99
9711,4951,6482,14.02
9712,3350,1396,0.46
9713,5445,10314,0.95
9714,3217,4097,15.01
9715,1850,7358,10.75
9716,1790,1134,4.4
9717,4892,11122,15.23
9718,4984,13,13.89
9719,1023,7335,14.59
9720,3937,2963,8.59
9721,5228,1846,17.4
9722,2928,8633,16.18
9723,2377,2321,14.75
9724,5274,4555,16.87
9725,2126,5092,2.01
9726,4961,4248,1.76
9727,7288,4209,12.17
9728,5041,6724,7.19
9729,4966,3534,10.75
9730,5764,3285,9.17
9731,2320,5643,10.91
9732,1468,10784,12.74
9733,3093,1019,6.57
9734,6971,5573,10.29
9735,6662,3101,14.39
9736,5348,5590,6.67
9737,5065,4898,10.63
9738,6136,7247,7.56
9739,3892,7738,14.71
9740,5622,812,0.88
9741,4770,2562,17.77
9742,79,6533,18.44
9743,5014,8072,8.25
9744,3986,4361,10.1
9745,2090,5222,16.07
9746,7214,7417,8.84
9747,4595,6862,10.21
9748,2018,256,16.64
9749,3760,6144,19.73
9750,1765,7484,12.71
9751,5282,10513,14.24
9752,7462,5666,13.23
9753,6519,5467,9.18
9754,4766,5869,18.21
9755,6508,1638,0.66
9756,3258,7189,17.54
9757,2255,11103,18.72
9758,2150,3697,9.05
9759,332,5270,18.64
9760,4719,2061,12.36
9761,10,10741,8.17
9762,3394,8576,9.05
9763,604,5900,7.65
9764,5913,8419,14.98
9765,159,7215,14.05
9766,7497,8174,17.19
9767,849,9472,0.79
9768,1613,7526,1.95
9769,747,6446,11.89
9770,5024,3160,17.19
9771,1439,10828,8.88
9772,3900,10028,5.73
9773,3068,94,6.26
9774,4941,5650,12.58
9775,5872,7561,8.01
9776,5847,7836,2.68
9777,3578,4937,17.98
9778,4083,4739,11.05
9779,4882,8969,1.66
9780,98,6888,0.02
9781,1270,2854,2.67
9782,879,146,2.04
9783,5111,5137,1.19
9784,3038,1421,2.54
9785,5169,1306,11.25
9786,6306,576,16.79
9787,6289,9579,11.98
9788,780,10709,0.24
9789,313,3622,0.18
9790,2454,5059,11.23
9791,543,9933,17
9792,4106,718,15.15
9793,3099,7758,16.3
9794,3691,3721,6.27
9795,6192,5210,11.67
9796,415,9973,6.12
9797,5886,7108,11.55
9798,4887,4655,2.33
9799,927,1520,7.14
9800,347,10485,10.95
9801,5607,9833,15.04
9802,6275,2416,2.13
9803,7395,1857,12.59
9804,2110,7410,3.7
9805,2187,9260,6.61
9806,2312,10384,5.29
9807,6478,8809,11.37
9808,5371,8605,13.08
9809,6799,903,10.91
9810,903,3177,7.26
9811,1355,1682,9.85
9812,5990,6472,9.56
9813,4538,2209,13.81
9814,2005,10251,1.73
9815,370,8833,16.74
9816,4134,3192,16.42
9817,2095,2960,8.92
9818,5422,7195,1.58
9819,6107,5425,17.53
9820,7093,7735,12.85
9821,3494,3963,16.91
9822,7337,7695,8.6
9823,361,1070,5.81
9824,4760,8944,18.51
9825,3909,3210,7.02
9826,1761,9951,10.81
9827,4694,6827,13.03
9828,4238,9895,14.77
9829,3518,3669,4.54
9830,4562,2613,4.06
9831,1087,9302,3.21
9832,6684,5937,16.91
9833,7534,5382,3.48
9834,6930,5802,4.78
9835,4883,3354,6.35
9836,1901,9754,6.2
9837,4288,4916,18.13
9838,667,10915,10.73
9839,3264,2420,12.82
9840,5167,5212,3.98
9841,978,1530,18.66
9842,6231,4618,2.28
9843,5370,5403,14.77
9844,767,7563,13.47
9845,6190,1446,16.9
9846,168,6009,7.07
9847,4591,8399,8.83
9848,2676,9680,1.25
9849,671,6245,0.01
9850,3657,9338,15.48
9851,5963,3940,10.71
9852,5630,10939,8.94
9853,5306,6852,7.45
9854,4275,3379,7.46
9855,4655,7363,3.6
9856,6323,4950,9.83
9857,3426,1382,12.29
9858,856,9386,1.94
9859,649,3487,15.37
9860,1981,777,14.99
9861,2261,5669,2.66
9862,420,8302,14.43
9863,5960,9144,5.68
9864,153,5893,16.9
9865,4881,2988,3.99
9866,7455,9947,2.23
9867,7078,3372,8.12
9868,5742,9739,11.88
9869,3021,7710,4.5
9870,4754,1182,9.84
9871,6004,5742,6.71
9872,4136,7759,3.62
9873,2616,7235,5.87
9874,2926,561,6.93
9875,7009,6100,2.65
9876,2981,10665,17.17
9877,3563,10932,15.97
9878,2179,7683,9.05
9879,5810,10368,13.88
9880,5045,3052,2.48
9881,5392,1953,11.84
9882,2262,9825,14.16
9883,2803,3198,6.11
9884,1470,1027,8.66
9885,4091,8589,2.38
9886,71,10086,6.38
9887,5504,2714,2.69
9888,633,990,1.11
9889,2782,3426,0.64
9890,3451,6507,18.72
9891,4923,926,6.16
9892,6740,8255,7.53
9893,4003,2142,15.57
9894,6836,4714,2.29
9895,6013,4639,3.64
9896,483,1656,15.71
9897,1364,456,11.06
9898,4270,6811,9.41
9899,3965,6213,19.13
9900,3184,4199,11.58
9901,4138,8570,13.48
9902,2890,10755,13.25
9903,6453,8014,17.19
9904,2094,2031,0.41
9905,664,10986,0.1
9906,5315,5872,9.01
9907,306,7071,16.07
9908,4458,6156,4.98
9909,2662,5998,13.86
9910,3968,18,4.47
9911,16,7456,4.34
9912,1345,7750,12.05
9913,5616,5346,6.55
9914,1027,3456,2.71
9915,1640,5564,10.52
9916,3328,3296,13.42
9917,5030,4596,10.49
9918,5355,3486,7.38
9919,6359,4833,18.84
9920,3047,9069,16.04
9921,2881,632,2.29
9922,6081,7539,9.56
9923,1581,8729,10.74
9924,4975,3796,18.24
9925,6432,1715,4.84
9926,5204,5693,10.63
9927,4722,3205,13.74
9928,4788,176,19.84
9929,4076,9218,15.66
9930,206,10109,16.99
9931,5567,8531,19.47
9932,2893,8003,15.73
9933,3771,775,1.71
9934,3605,445,8.81
9935,2405,1570,18.73
9936,2086,4145,12.84
9937,2781,10115,10.39
9938,4474,351,15.06
9939,590,1308,1.38
9940,2863,7029,5.44
9941,6861,281,10.45
9942,2120,8737,5.26
9943,3683,5339,2.14
9944,2612,6151,15.48
9945,6498,6887,14.24
9946,5281,4322,18
9947,723,9315,18.3
9948,468,7476,0.4
9949,4674,8718,15.21
9950,323,1201,9.2
9951,528,4505,15.39
9952,3685,1071,16.28
9953,7136,7804,11.11
9954,6547,6175,19.79
9955,3687,4981,5.64
9956,944,1087,6.23
9957,2380,3694,16.05
9958,5232,1823,6.97
9959,5881,365,6.08
9960,5945,3885,3.91
9961,5579,5086,9.25
9962,5163,3073,19.49
9963,1877,3300,17.26
9964,6780,9264,12.45
9965,5263,10673,17.96
9966,6119,10165,18.58
9967,3729,10110,7.84
9968,3244,9839,13.57
9969,4624,9011,11.94
9970,4032,4287,13.3
9971,493,3961,13.9
9972,4512,4964,19.15
9973,196,5532,1.39
9974,1462,3818,3.32
9975,4009,1485,19.86
9976,5021,819,4.36
9977,6863,1936,1.33
9978,4452,2607,1.99
9979,207,3902,5.17
9980,4475,4589,8.6
9981,2118,5632,17.5
9982,6324,641,17.69
9983,471,10036,7.12
9984,7241,1726,1.28
9985,6137,6124,16.98
9986,4661,4865,4.75
9987,5706,4654,17.16
9988,2617,10662,15.97
9989,7071,7051,4.18
9990,3125,6292,14.95
9991,2997,4105,0.69
9992,2425,5680,16.41
9993,6301,3311,10.94
9994,1113,2977,18.15
9995,6876,4005,6.92
9996,3756,5957,9.43
9997,4980,6285,18.91
9998,1206,7288,18.08
9999,3097,3514,1.53
10000,2793,10804,17.23
10001,3405,6756,0.56
10002,4922,2066,2.43
10003,6475,86,19.91
10004,6388,4092,10.85
10005,5084,2879,0.5
10006,6104,2579,14.12
10007,3107,284,17.04
10008,598,8250,14.93
10009,3432,7201,11.84
10010,7347,7311,0.57
10011,4806,1212,8.89
10012,3299,10208,7.35
10013,114,7796,16.21
10014,7096,9686,17.52
10015,5966,8796,16.41
10016,4219,6165,4.96
10017,6424,6369,2.52
10018,6691,10640,17.71
10019,5110,1792,3.82
10020,6272,295,18.17
10021,3737,6485,8.83
10022,3342,10369,4.15
10023,7101,10656,1.76
10024,6638,8334,1.9
10025,6436,5400,16.18
10026,6347,938,17.52
10027,3573,3632,11.38
10028,4153,3159,13.05
10029,5324,8988,5.07
10030,3793,1397,8.22
10031,1661,2645,9.89
10032,4446,6786,12.23
10033,5619,9311,12.31
10034,3844,3954,17.87
10035,348,1168,9.99
10036,3995,500,17.86
10037,5946,2224,11.03
10038,1709,1510,4.92
10039,1919,2596,6.15
10040,5771,920,6.19
10041,2190,5109,1.67
10042,1168,2918,19.51
10043,5861,5286,4.14
10044,3696,2833,7.43
10045,7003,6391,9.93
10046,3571,5106,18.11
10047,4973,8456,11.84
10048,4110,6052,18.46
10049,5775,6934,15.04
10050,1639,9397,6.04
10051,2147,3008,1.34
10052,5762,9782,11.34
10053,4586,5439,9.34
10054,387,5227,2.67
10055,312,1816,12.65
10056,119,10200,8.83
10057,1203,8269,4.18
10058,5981,5221,14
10059,2000,5696,12.38
10060,6164,5144,14.62
10061,2,3665,4.75
10062,2192,1506,14.38
10063,61,606,15.25
10064,6702,2386,16
10065,5257,9159,7.26
10066,6692,3516,16.05
10067,1996,2669,7.07
10068,1697,5472,2.19
10069,6719,3582,2.39
10070,4267,2515,13.65
10071,1311,6848,9.4
10072,6120,1467,16.56
10073,2554,1333,16.15
10074,1528,3165,5.36
10075,149,6906,7.66
10076,4531,10372,13.3
10077,5580,3147,11.07
10078,1029,3557,14.06
10079,1586,9587,12.72
10080,2918,5989,17.65
10081,4753,9546,17.44
10082,299,7100,11.81
10083,7507,10698,13.36
10084,1100,11127,5.03
10085,820,986,18.13
10086,1129,788,2.3
10087,4000,6134,9.69
10088,1721,5821,18.03
10089,1449,2738,12.02
10090,3730,10626,11.89
10091,2824,1999,2.61
10092,4575,5808,8.47
10093,899,711,12.28
10094,7047,9337,1.7
10095,1534,3026,15.31
10096,7399,2140,18.53
10097,2789,2360,8.72
10098,1248,2788,1.61
10099,1041,6470,3.69
10100,2102,999,12.33
10101,943,2074,15.38
10102,1990,5154,3.1
10103,4803,9502,10.4
10104,4736,1730,8.61
10105,317,2743,14.23
10106,2116,5945,18.65
10107,5266,4012,4.06
10108,360,2883,13.26
10109,602,4920,2.03
10110,405,5096,14.54
10111,3762,6312,16.34
10112,4528,4449,11.58
10113,1856,11123,18.24
10114,4630,9717,14.1
10115,6878,2476,17.03
10116,6492,6249,15.04
10117,4611,3624,0.73
10118,499,8102,19.33
10119,3629,404,11.53
10120,4227,9819,6.45
10121,6038,1863,0.61
10122,3575,1210,2.26
10123,7237,2612,14.67
10124,6825,232,2.84
10125,5480,7162,3.17
10126,1198,7386,14.76
10127,396,7387,9.95
10128,4428,6405,11.02
10129,5668,3805,17.84
10130,5733,8079,2.06
10131,1358,5721,11.61
10132,89,10358,18.69
10133,5673,6163,10.06
10134,2739,10082,3.42
10135,6697,8010,2.7
10136,6145,172,10.12
10137,1131,2729,5.56
10138,3597,1667,1.94
10139,1075,4134,18.11
10140,803,9085,17.68
10141,3517,7284,5.8
10142,1301,10310,15.56
10143,1629,10904,19.51
10144,413,8850,4.47
10145,6364,5224,8.1
10146,2024,4756,7.02
10147,6843,10161,13.76
10148,210,4109,0.21
10149,5400,2486,4.18
10150,1618,763,9.26
10151,6983,4064,15.93
10152,4543,6015,6.62
10153,5193,5399,13.13
10154,7221,2956,9.77
10155,6805,442,7.95
10156,2876,1456,0.33
10157,392,9418,17.7
10158,6254,7101,10.48
10159,3992,1036,17.9
10160,12,6973,12.74
10161,2246,2437,1.77
10162,3464,9708,1.81
10163,5532,6512,18.4
10164,1527,6853,5.38
10165,35,3687,15.47
10166,1822,3673,0.44
10167,4631,3909,15.48
10168,3514,6126,12.88
10169,3978,5722,5.73
10170,4016,2356,10.13
10171,2458,6489,4.42
10172,6938,6002,18.24
10173,2100,1578,18.04
10174,4647,6969,0.34
10175,1615,3553,11.24
10176,2374,5832,3.14
10177,6274,1797,13.42
10178,6699,353,8.29
10179,4308,10408,9.96
10180,4826,1868,13.39
10181,3303,10171,1.04
10182,4160,10063,6.74
10183,6384,3515,5.4
10184,880,3348,7
10185,2456,10561,10.43
10186,4650,6747,19.91
10187,6493,866,18.62
10188,6019,10217,12.15
10189,2899,2126,8.78
10190,6221,8455,17.48
10191,4077,8291,1.94
10192,112,7068,16.2
10193,5436,1922,10.91
10194,6078,6720,0.75
10195,4467,8107,11.98
10196,1948,7319,17.46
10197,7494,2143,0.4
10198,4329,8613,1.41
10199,496,3760,12.75
10200,6419,6997,12.61
10201,5435,10568,11.67
10202,273,10348,4.14
10203,5865,10163,7.67
10204,6761,9211,2.12
10205,2755,915,18.59
10206,2640,5948,17.75
10207,4927,2262,4.5
10208,2037,8444,0.03
10209,3181,5260,6.02
10210,6972,3898,16.54
10211,1107,1878,2.4
10212,5056,5307,18.78
10213,4096,1536,2.98
10214,404,10488,14.52
10215,6070,6566,12.1
10216,2553,9176,1.88
10217,5162,410,1.87
10218,918,6760,17.7
10219,4819,1314,3.61
10220,7028,10671,15.98
10221,1032,8757,12.07
10222,7158,1130,16.06
10223,5207,1872,4.36
10224,7053,5816,16.69
10225,1233,1189,0.23
10226,3741,7481,18.99
10227,1447,7328,10.57
10228,6657,6484,11.18
10229,2182,10329,7.1
10230,1186,7412,13.71
10231,6050,10225,3.02
10232,219,10732,1.28
10233,2642,9412,18.84
10234,2172,8848,3.17
10235,5077,6666,16.57
10236,4397,9454,14.63
10237,5563,4216,3.82
10238,4318,8958,7.52
10239,1123,2160,16.26
10240,837,4556,17.27
10241,4141,10380,19.97
10242,3814,6290,13.01
10243,1719,4318,19.53
10244,5010,8027,0.52
10245,7132,9092,17.77
10246,5158,9435,6.9
10247,4947,1004,9.21
10248,2930,2483,6.22
10249,5755,7244,4.83
10250,7218,2032,5.2
10251,4911,4761,10.45
10252,383,8842,6.04
10253,2053,9874,8.1
10254,2733,6987,10.04
10255,3278,10642,12.99
10256,263,2736,12.83
10257,2348,5527,8.53
10258,2763,7932,3.57
10259,1943,9262,19.89
10260,3462,2094,1.89
10261,541,5765,13.23
10262,5852,2667,14.98
10263,4229,7882,3.13
10264,4535,7702,15.58
10265,2339,4268,6.01
10266,7106,6515,6.15
10267,5750,10083,4.8
10268,7289,7893,18.65
10269,3182,11012,4.43
10270,576,1228,19.68
10271,818,1432,15.74
10272,230,9329,19.06
10273,2077,184,14.48
10274,144,1783,13.33
10275,1666,1281,16.49
10276,2441,10752,7.23
10277,7077,1752,13.22
10278,1703,4094,14.11
10279,4328,5635,5.08
10280,2347,459,15.84
10281,4237,1787,9.19
10282,3525,2343,11.36
10283,1244,10796,11.56
10284,5999,3411,19.33
10285,4143,2491,18.28
10286,4504,3951,18.26
10287,5189,134,3.01
10288,6966,912,19.3
10289,3044,7961,12.41
10290,4985,326,8.02
10291,406,9349,7.66
10292,4886,6905,12.87
10293,3400,4275,15.15
10294,3775,5104,12.4
10295,2796,8215,1.71
10296,1711,9783,9.76
10297,6666,5232,4.12
10298,7092,152,4.2
10299,2415,6104,15.77
10300,5697,3879,12.36
10301,1610,4020,2.72
10302,7223,700,7.09
10303,6703,5249,0.28
10304,1054,9447,0.71
10305,5599,10400,12.83
10306,3008,6243,0.76
10307,4605,7318,5.24
10308,4877,4700,5.49
10309,1445,1030,1.13
10310,4283,1740,3.92
10311,6003,1145,11.57
10312,7406,4171,19.08
10313,1057,660,13.89
10314,4566,2969,11.87
10315,6025,554,5.85
10316,4248,2131,15.25
10317,2674,2822,12.56
10318,7485,1968,19.76
10319,4061,2242,4.94
10320,6781,4809,18.11
10321,4864,7409,7.71
10322,7135,3497,6.92
10323,7280,7489,1.64
10324,3235,617,9.89
10325,4252,9372,6.58
10326,5502,8361,3.91
10327,3817,6744,0.37
10328,6855,6723,0.02
10329,2134,9866,1.65
10330,3488,2844,9.34
10331,4021,10444,14.22
10332,3695,3595,3.05
10333,6970,8641,17.23
10334,2939,7943,5.35
10335,3778,10415,16.67
10336,530,3617,7.83
10337,3516,4047,4.99
10338,4813,2244,10.77
10339,2558,7143,15.84
10340,5985,6043,18.52
10341,7531,9252,9.69
10342,5147,8300,17.05
10343,1829,3658,13.71
10344,4511,4045,6.86
10345,4857,1223,0.15
10346,6215,3236,3.57
10347,5602,8476,1.88
10348,5809,1381,14.23
10349,264,5219,9.96
10350,962,6601,11.62
10351,5152,10821,2.41
10352,4807,8019,0.12
10353,6401,1739,0.93
10354,4544,6790,1.1
10355,3209,9879,18.91
10356,1929,11030,6.47
10357,6881,7769,10.85
10358,976,2352,18.7
10359,3533,2610,10.96
10360,1988,11011,17.51
10361,2089,5353,16.86
10362,373,1263,3.18
10363,3270,810,5.27
10364,6717,2314,0.92
10365,5288,230,0.62
10366,381,4466,15.61
10367,4776,848,11.35
10368,6379,5004,10.85
10369,1824,4508,12.18
10370,1153,4698,2.08
10371,883,3433,2.81
10372,6503,10316,0.45
10373,5649,2585,17.19
10374,2280,4202,3.8
10375,6096,6568,13.65
10376,2710,5515,18.76
10377,320,6630,19.88
10378,6949,34,8.67
10379,6872,9423,7.52
10380,4189,10873,16.63
10381,6076,6119,7.58
10382,4999,7277,7.56
10383,3399,518,15.49
10384,4671,709,17.58
10385,5076,1406,6.45
10386,909,6925,6.03
10387,5443,7376,3.26
10388,7058,9407,12.86
10389,4113,6430,7.1
10390,7109,5868,19.99
10391,6704,1772,6.04
10392,5002,8862,11.62
10393,6088,4694,16.03
10394,414,1511,8.35
10395,4336,1231,12.59
10396,1890,8518,16.57
10397,3493,7555,6.87
10398,875,10572,9.78
10399,4801,2435,6.03
10400,6984,2039,1.79
10401,1427,1607,16.42
10402,5253,10651,6.96
10403,4243,759,16.74
10404,21,264,9.66
10405,5739,378,2.86
10406,5640,6473,4.81
10407,2336,10917,7.64
10408,5507,6634,1.65
10409,6526,5034,16.84
10410,4287,9549,3.38
10411,986,8939,10.69
10412,7346,5799,18.33
10413,6869,3429,4.25
10414,1827,3731,0.75
10415,1596,2081,1.27
10416,2538,5501,8.33
10417,1701,7033,7.99
10418,6172,509,16.1
10419,4529,11084,3.29
10420,6520,5060,9.02
10421,6168,9689,18.31
10422,3530,4774,4.67
10423,3373,1046,0.53
10424,587,6063,8.24
10425,3122,8928,5.82
10426,863,9869,13.31
10427,1781,5449,19.14
10428,197,9898,0.76
10429,1995,1923,17.63
10430,4293,2317,19.37
10431,417,5015,9.12
10432,809,6195,5.24
10433,6597,3933,0.3
10434,1730,363,12.53
10435,4681,188,0.72
10436,3417,6383,6.84
10437,4358,6028,13.62
10438,5792,2884,8.25
10439,3977,9797,8.1
10440,2653,4357,9.16
10441,3369,824,8.16
10442,344,5237,11.32
10443,2327,10183,15.56
10444,1540,3389,0.18
10445,1005,10190,14.1
10446,3574,4019,5.09
10447,3979,665,6.56
10448,3126,2675,7.73
10449,2897,6127,6.69
10450,6322,960,19.59
10451,6672,8481,17.61
10452,2282,3040,5.81
10453,2431,2786,2.94
10454,2149,2382,3.05
10455,7341,3128,12.55
10456,2521,871,10.97
10457,4506,1906,1.6
10458,4135,7869,19.07
10459,2529,10957,1.94
10460,6899,9568,7.44
10461,3720,2116,3.16
10462,1966,6652,12.09
10463,1499,3307,1.1
10464,6610,9419,4.28
10465,7423,9737,11.52
10466,5481,7073,15.09
10467,3319,7502,4.82
10468,714,8447,6.61
10469,7002,8976,19.42
10470,5484,6287,10.3
10471,200,9470,13.86
10472,4262,2938,19.34
10473,757,1150,7.82
10474,365,4204,3.49
10475,1451,10871,5.39
10476,2989,4269,2.14
10477,832,3263,11.98
10478,125,3268,12.9
10479,7275,3164,10.88
10480,5264,9643,18.01
10481,5743,2763,15.88
10482,7548,3911,18.13
10483,3676,7282,3.04
10484,1864,9791,5.56
10485,5707,7180,14.59
10486,5410,2782,19.84
10487,1309,4608,2.05
10488,3359,9824,9.31
10489,1147,2355,1.12
10490,2228,3402,13.93
10491,3945,6922,17.97
10492,437,7083,11.38
10493,3173,6132,13.56
10494,5908,8309,16.9
10495,4226,6070,5.41
10496,2590,4632,12.23
10497,4090,1640,2.02
10498,6430,2261,8.16
10499,4737,1946,14.31
10500,4188,8875,11.45
10501,165,8510,13.48
10502,6746,1647,11.2
10503,1495,3376,12.2
10504,2465,3091,9.93
10505,1571,9993,2.45
10506,7490,4264,18.78
10507,4839,9369,4.73
10508,4885,544,5.91
10509,6975,2291,8.11
10510,2212,3399,19.62
10511,5316,567,3.89
10512,3875,10870,3.32
10513,5988,2369,18.42
10514,7304,7238,1.48
10515,967,7852,6.77
10516,5119,4889,0.96
10517,375,8798,6.1
10518,5541,5164,11.08
10519,773,7406,16.33
10520,4640,7446,11.88
10521,470,10993,7.23
10522,690,2029,8.41
10523,7229,1743,12.95
10524,7245,10991,4.61
10525,1512,6023,19.03
10526,80,4289,9.87
10527,7504,928,12.48
10528,4140,8474,7.71
10529,4513,8831,5.85
10530,5034,6366,19.13
10531,5135,8733,13.23
10532,3438,3377,17.94
10533,2472,8649,14.97
10534,4481,3007,13.37
10535,107,6460,13.13
10536,5216,1129,15.01
10537,1426,7645,1.25
10538,5311,5362,12.7
10539,7313,7807,14.76
10540,4690,4307,10.58
10541,1062,8938,8.95
10542,7029,1819,12.24
10543,2463,348,1.55
10544,912,7454,5.34
10545,189,4614,11.05
10546,4576,452,6.72
10547,1659,5255,9.51
10548,4182,11120,8.73
10549,5692,9335,14.34
10550,5528,10990,10.2
10551,610,6082,15.88
10552,2370,1910,16.89
10553,3939,5671,6.76
10554,503,2489,2.74
10555,2219,10294,4.41
10556,2700,6487,7.03
10557,6541,8140,9.69
10558,1391,1020,3.71
10559,3569,704,10.75
10560,3072,3417,14.51
10561,5455,6563,17.74
10562,6568,9360,16.22
10563,6101,2659,8.17
10564,760,2922,8
10565,1461,2395,7.7
10566,3440,2165,10.27
10567,6747,1521,18.72
10568,2614,406,8.51
10569,422,1546,0.57
10570,7523,2243,13.69
10571,2343,2756,1.13
10572,2595,8887,6.14
10573,1787,9919,8.64
10574,618,7260,14.36
10575,2186,124,5.5
10576,2950,1418,17.75
10577,449,5639,19.07
10578,3635,8668,10.02
10579,338,9096,4.02
10580,519,8360,7.84
10581,2711,3981,5.4
10582,4089,728,19.03
10583,2571,6389,2.63
10584,1414,1869,16.9
10585,3743,2982,3.04
10586,4896,837,14.27
10587,324,10950,2.2
10588,5302,9402,8.15
10589,94,683,19.74
10590,1886,3866,1.84
10591,2396,7823,10.12
10592,2008,4813,1.8
10593,1128,7552,8.43
10594,6332,7160,5.98
10595,584,4369,11.71
10596,641,2076,7.62
10597,573,8952,11.79
10598,1114,1199,0.23
10599,816,4309,6.04
10600,1642,2692,9.77
10601,6217,8296,16.7
10602,4272,3246,18.97
10603,3644,10511,1.8
10604,5120,9112,3.67
10605,1681,9807,5.98
10606,6826,1861,3.46
10607,7277,2280,14.08
10608,6041,4967,1.55
10609,1773,8730,1.17
10610,3257,10684,8.47
10611,1778,10635,10.15
10612,3865,7161,16.83
10613,2806,3726,4.03
10614,1938,2459,13.04
10615,6647,2450,0.61
10616,5153,10905,10.92
10617,4567,3772,3.42
10618,170,8315,2.05
10619,2452,10682,17.56
10620,5451,9997,5.45
10621,5628,7229,6.7
10622,6768,273,17.62
10623,4773,10920,3.98
10624,1238,3425,3.69
10625,2197,7459,9.49
10626,5496,5605,7.26
10627,963,2153,3.01
10628,921,5557,16.8
10629,4608,17,11.68
10630,7282,4957,16.78
10631,1952,4062,14.35
10632,7530,9303,8.21
10633,5278,3574,7
10634,2811,2932,19.41
10635,6155,8763,17.23
10636,431,9706,10.35
10637,223,6911,18.68
10638,991,432,14.74
10639,1422,9931,8.85
10640,6412,5614,5.03
10641,1060,3003,7.34
10642,6089,10349,9.81
10643,4104,6299,9.02
10644,6829,6613,5.08
10645,7143,2584,4.54
10646,975,2080,5.7
10647,5953,5539,9.25
10648,1546,9223,11.26
10649,2241,10037,11.52
10650,6032,1874,14.08
10651,4217,3769,8.19
10652,3904,11083,7.06
10653,2367,3871,14.9
10654,2265,10743,19.15
10655,5431,4014,5.34
10656,6856,8063,1
10657,418,5940,1.05
10658,6446,10692,6.68
10659,1412,9256,12.65
10660,7036,2247,4.91
10661,1643,10164,7.99
10662,7100,6976,2.42
10663,5997,1058,6.07
10664,682,8787,9.08
10665,1889,10973,15.74
10666,5206,5708,19.48
10667,554,9351,12.96
10668,6890,4899,8.18
10669,2485,6178,12.43
10670,6574,7278,18.6
10671,885,8989,6.69
10672,4399,4749,19.7
10673,1034,9530,15.97
10674,7045,8131,1.75
10675,4915,8611,5.23
10676,6237,1341,5.18
10677,2444,1443,18.9
10678,3242,5770,2.31
10679,5534,5580,5.78
10680,1965,9740,12.08
10681,6517,7837,2.69
10682,4396,7228,11.35
10683,2940,3811,18.81
10684,2647,2043,15.73
10685,62,10453,1.55
10686,472,6041,8.6
10687,3646,9316,11.82
10688,4234,2954,7.47
10689,129,3344,10.22
10690,6565,8265,18.59
10691,5650,5964,6.56
10692,786,10818,10.62
10693,3076,9031,14.46
10694,1658,2289,14.71
10695,6080,3748,17.23
10696,1337,5146,11.47
10697,1997,4009,1.66
10698,1267,7246,19.97
10699,2200,9634,4.9
10700,5334,6960,12.02
10701,1597,6797,18.64
10702,40,11095,5.91
10703,1227,3627,5.56
10704,5765,10781,12.37
10705,3120,10853,11.56
10706,1150,7115,9.26
10707,1247,6128,8.63
10708,5407,2091,6.07
10709,3916,9948,16.02
10710,4186,3403,6.25
10711,3274,1650,10
10712,4353,2468,16.16
10713,1590,11105,2.2
10714,3826,2038,4.77
10715,7170,3540,4.93
10716,7097,7497,11.23
10717,838,8179,16.47
10718,2892,9683,8.44
10719,257,607,8.36
10720,1956,6497,16.88
10721,2428,6966,14.31
10722,2842,8213,4.32
10723,2564,9624,7.4
10724,2087,5010,17.12
10725,1167,5528,10.33
10726,1833,8561,15.65
10727,86,6670,12.33
10728,6224,9045,19.06
10729,4316,162,12.13
10730,2248,6071,2.98
10731,349,7205,11.81
10732,5782,2755,18.11
10733,1795,4815,0.59
10734,1184,1993,15.01
10735,5546,9631,12.27
10736,4124,5599,0.47
10737,4818,9192,10.77
10738,1675,4080,6.31
10739,3795,7050,4.01
10740,2952,3947,2.58
10741,5955,10499,9.26
10742,500,1580,10.8
10743,4484,9547,18.3
10744,7148,3692,12.94
10745,569,4767,10.03
10746,5738,4389,19.05
10747,3887,1644,10.89
10748,7385,10835,14.51
10749,1269,9800,19.84
10750,5234,9768,12.34
10751,5777,656,3.86
10752,1119,2484,6.54
10753,425,298,18.18
10754,4043,241,18.7
10755,1152,507,17.3
10756,3912,6370,7.52
10757,4748,6841,3.75
10758,6923,6873,7.65
10759,651,10627,4.33
10760,2627,1469,16.18
10761,487,901,19.44
10762,1991,2691,10.03
10763,3005,4207,15.2
10764,5705,5892,5.04
10765,5246,3777,18.16
10766,6154,5654,15.55
10767,54,5841,5.14
10768,5006,5582,14.16
10769,6271,7313,2.47
10770,6994,3699,19.28
10771,4686,1937,7.76
10772,6149,4692,18.32
10773,5824,876,16.75
10774,6233,4040,1.94
10775,5637,8374,19.96
10776,955,4061,13.13
10777,3199,3186,4.6
10778,1097,964,19.81
10779,5992,1324,19.42
10780,4206,7258,1.79
10781,2658,4153,0.13
10782,3276,5634,18.59
10783,4979,3610,7.09
10784,6593,3958,19.6
10785,4606,6226,6.61
10786,7486,2308,9.41
10787,6410,9225,9.77
10788,2515,8389,8.15
10789,4414,8284,10.69
10790,526,9167,2.52
10791,3983,7724,4.83
10792,5902,658,3.1
10793,2661,1352,9.72
10794,1319,2830,18.58
10795,5510,8013,13.58
10796,4045,2089,4.63
10797,6669,3895,8.68
10798,7293,1503,12.13
10799,6608,6476,9.55
10800,6706,4226,3.16
10801,1435,10434,3.96
10802,6658,894,16.44
10803,1883,7221,1.79
10804,106,10044,5.41
10805,5251,8794,6.9
10806,4079,1105,4.35
10807,5323,798,16.62
10808,4779,9270,15.83
10809,4842,9495,9.69
10810,3602,1259,14.61
10811,6201,2451,3.18
10812,3349,2350,2.8
10813,2488,8435,12.05
10814,7520,5196,5.02
10815,2903,8889,3.46
10816,1660,8224,2.79
10817,2083,8413,17.34
10818,6293,10076,0.99
10819,2514,58,4.32
10820,462,4592,3.15
10821,4029,4246,13.21
10822,5467,4018,3.61
10823,1285,4181,5.19
10824,6860,4630,6.03
10825,7273,4477,10.14
10826,4940,1069,1.01
10827,3943,5226,12.05
10828,4450,3227,7.54
10829,686,8666,18.19
10830,6779,6768,8.92
10831,4682,3438,9.42
10832,4889,787,8.97
10833,2404,4191,16.22
10834,1973,7197,0.2
10835,859,3345,19.41
10836,3957,4070,17.24
10837,594,9603,17.18
10838,3509,2028,6.47
10839,1964,8624,9.69
10840,1038,8246,3.45
10841,4402,3339,5.69
10842,719,3971,15.7
10843,6518,6746,3.9
10844,4215,4822,14.02
10845,3678,2359,18.81
10846,7442,3608,15.27
10847,7356,4634,14.36
10848,5377,2831,7.06
10849,3291,7503,16.25
10850,2601,7878,19.58
10851,5539,7584,17.62
10852,1245,6068,1.3
10853,779,6270,14.86
10854,3830,3522,11.04
10855,4429,1919,18.41
10856,4559,9479,8.06
10857,146,5711,3.98
10858,3547,9359,17.81
10859,3205,9799,13.17
10860,293,10702,9.65
10861,7113,2302,18.83
10862,6616,7255,7.3
10863,2722,1971,14.99
10864,4677,1549,15.88
10865,1893,7475,11.56
10866,2426,7602,17.68
10867,3640,9871,0.43
10868,6147,601,8.84
10869,4963,312,12.27
10870,1201,4605,11.03
10871,2675,8114,6.99
10872,128,9195,11.89
10873,5097,2182,5.22
10874,1823,5530,5.06
10875,4702,7237,1.67
10876,5180,503,14.38
10877,5873,6690,1.04
10878,5437,5035,0.96
10879,4918,163,2.84
10880,7344,720,6.05
10881,7321,10934,17.92
10882,1336,9204,14.68
10883,3993,8879,2.59
10884,4149,7919,8.95
10885,691,4601,12.85
10886,5572,6674,19.62
10887,5644,6332,18.85
10888,3606,3079,9.77
10889,5477,3698,7.26
10890,446,9251,7.97
10891,930,9588,7.07
10892,5366,159,0.31
10893,2979,412,1.53
10894,900,479,2.84
10895,4482,5595,9.66
10896,6392,2903,18.52
10897,1539,8074,4.17
10898,6539,7316,12.2
10899,1993,7812,0.09
10900,5233,8165,10.47
10901,583,8200,18.89
10902,3212,4840,17.3
10903,4993,4390,12.63
10904,4449,4258,9.39
10905,7521,355,14.28
10906,3548,7220,0.52
10907,3512,4387,4.43
10908,6668,5230,1.37
10909,4330,3863,5.78
10910,6985,2026,12.24
10911,1265,1131,4.97
10912,5716,10890,18.8
10913,1632,4631,17.09
10914,4797,1841,10.03
10915,6622,2443,8.58
10916,3476,2003,17.61
10917,1353,4433,19.43
10918,1896,6604,2.18
10919,203,7125,0.04
10920,7175,5839,18.32
10921,4550,1912,1.69
10922,6614,636,8.53
10923,1481,2048,4.37
10924,4451,4984,12.13
10925,4447,10490,7.47
10926,6391,6835,12.85
10927,7312,7199,18.91
10928,4667,815,0.1
10929,1506,1988,4.74
10930,416,3370,1.55
10931,3734,4575,17.97
10932,1756,6157,3.08
10933,3236,6254,9.69
10934,974,8176,14.76
10935,4301,7536,10.99
10936,6675,7014,8.49
10937,6698,10771,11.15
10938,5269,5,10.03
10939,3139,3736,10.93
10940,6847,6616,1.28
10941,1338,93,8.27
10942,4905,9345,10.25
10943,3854,3901,2.42
10944,2983,9655,8.4
10945,3564,249,19.23
10946,3040,8800,3.46
10947,1339,10960,8.01
10948,6837,1805,16.43
10949,5801,10886,19.27
10950,1592,2644,10.13
10951,826,4050,2.81
10952,6627,8943,17.22
10953,4410,6757,17.69
10954,7134,3532,19.64
10955,1876,3343,10.88
10956,4564,8112,11.95
10957,5994,2104,16.37
10958,90,9381,10.18
10959,4070,1271,16.65
10960,5893,6008,7.16
10961,4666,10274,3.31
10962,7114,5456,10.61
10963,6850,10514,11.71
10964,6752,11075,0.01
10965,7482,227,17.23
10966,4704,10523,6.13
10967,6127,67,7.08
10968,3160,7889,5.5
10969,3063,2127,13.97
10970,3193,473,11.16
10971,2839,5952,9
10972,6328,8573,18.96
10973,6336,9384,1.08
10974,4181,7753,19.69
10975,2198,239,5.11
10976,6413,10841,9.34
10977,379,9328,12.74
10978,3095,6219,13.37
10979,521,6,13.72
10980,6980,1920,10.72
10981,1529,3529,12.49
10982,5267,5496,4.75
10983,2043,7509,2.35
10984,7083,882,12.96
10985,2570,995,19.12
10986,769,1800,0.22
10987,1713,8075,2.92
10988,426,5265,6.74
10989,7104,579,9.09
10990,4832,738,17.9
10991,1322,6871,1.29
10992,5957,2943,3.55
10993,1472,2199,6.04
10994,7081,9296,10.25
10995,2797,6679,12.44
10996,735,7298,13.26
10997,7396,9043,8.16
10998,1878,5435,9.63
10999,6159,8562,14.73
11000,4204,3397,4.65
11001,2271,1832,17.33
11002,559,5828,7.05
11003,3256,10820,4.72
11004,5936,3235,5.55
11005,6948,10810,4.82
11006,3131,7279,18.56
11007,4712,3809,3.01
11008,7200,6861,10.43
11009,2057,4228,3.3
11010,1492,2653,3.16
11011,6331,6552,9.38
11012,6131,4492,9.02
11013,3078,3897,13.88
11014,6581,1827,11.42
11015,7484,7603,11.33
11016,3332,640,16.56
11017,2260,3087,9.63
11018,2051,9148,9.23
11019,1582,3158,16.66
11020,1188,2855,15.24
11021,7159,10187,12.62
11022,954,3483,10.57
11023,301,7559,1.03
11024,5364,3409,17.61
11025,3870,9538,4.88
11026,3014,6956,15.57
11027,2726,7482,8.59
11028,262,1849,16.76
11029,2304,5074,2.47
11030,3877,4849,11.31
11031,669,8999,7.86
11032,5667,6129,7.54
11033,5159,1701,15.3
11034,337,3845,11.13
11035,4347,11040,2.41
11036,4168,8744,0.59
11037,5397,222,4.09
11038,3108,3849,9.79
11039,4417,10976,2.27
11040,727,7177,9.26
11041,564,1973,12.19
11042,7052,2345,12.62
11043,6792,5294,14.63
11044,82,7955,13.87
11045,6538,8233,1.72
11046,7422,4385,14.72
11047,1387,9698,11.15
11048,57,9090,3.57
11049,4435,4604,6.29
11050,1109,1068,6.09
11051,7046,3501,4.14
11052,1928,2339,13
11053,1842,1994,6.39
11054,3024,7109,10.63
11055,7511,4720,13.9
11056,626,10024,4.99
11057,3439,6492,1.24
11058,2923,3455,5.8
11059,7454,10842,14.86
11060,1820,5810,15.09
11061,6017,9769,9.32
11062,4970,1556,7.47
11063,2775,5018,4.33
11064,1600,7848,15.38
11065,5063,4422,16.86
11066,6444,6425,0.65
11067,4269,10689,1.32
11068,5037,4350,17.1
11069,7039,2935,13.9
11070,4355,2164,0.46
11071,4376,7291,7.46
11072,5450,5321,4.96
11073,6618,8185,10.75
11074,5122,502,19.48
11075,7015,10730,19.53
11076,5060,10708,17.66
11077,5785,7031,11.56
11078,1469,1636,12.29
11079,3087,7579,13.92
11080,7007,4440,3.69
11081,2864,3584,12.18
11082,145,7546,3.01
11083,4814,2927,17.48
11084,4724,3742,2.3
11085,7333,705,8.68
11086,2724,8209,1.24
11087,447,7461,3.79
11088,6756,197,3.8
11089,3713,10696,3.52
11090,2052,776,15.87
11091,51,6770,4.46
11092,6882,6044,15.1
11093,676,6776,2.12
11094,5735,9896,8.3
11095,6099,6198,7.72
11096,3619,11038,7.71
11097,4463,2112,0.44
11098,3050,8464,2.97
11099,6222,7379,16.66
11100,6126,460,3.86
11101,4026,9062,5.33
11102,2949,224,5.57
11103,6175,5668,9.83
11104,5605,1939,13.98
11105,2531,8793,19.06
11106,6001,1515,9.74
11107,7375,3855,9.71
11108,3198,7984,3.67
11109,7089,3094,6.07
11110,2848,5436,19.66
11111,75,2129,6.42
11112,1503,7588,12.66
11113,2429,3155,19.98
11114,635,6365,9.23
11115,4679,1709,6.24
11116,6960,4310,5.72
11117,606,289,11.83
11118,2034,987,6.92
11119,7256,10779,18.71
11120,5094,1732,12.83
11121,3552,2375,2.7
11122,6901,5200,10.64
11123,4422,7871,7.86
11124,1774,10047,18.64
11125,5401,462,15.21
11126,6239,8708,16.66
11127,5880,3774,18.19
11128,4117,9379,6.82
11129,357,7447,7.96
11130,4437,9920,4.71
11131,548,9254,14.32
11132,3388,4723,12.29
11133,5313,6224,2.55
11134,7456,5422,15.66
11135,6563,7863,3.14
11136,7368,4400,6.15
11137,2891,2512,14.36
11138,5291,10336,6.19
11139,1716,7564,0.31
11140,5043,7007,3.93
11141,6241,9139,8.37
11142,6480,10633,5.83
11143,3141,2167,11.68
11144,6810,10721,5.49
11145,3314,8267,8.83
11146,6429,2499,13.61
11147,7487,696,1.37
11148,1887,9356,13.39
11149,2572,3221,16.46
11150,1191,441,4.95
11151,4364,4538,12.03
11152,5184,10277,8.06
11153,6084,3313,14.07
11154,2744,7310,6.43
11155,656,6978,19.44
11156,5978,9420,5.54
11157,6020,8397,6.18
11158,2209,2558,8.38
11159,3529,7423,0.72
11160,3325,1205,15.89
11161,4394,7651,6.96
11162,7164,6281,5.61
11163,2719,10901,5.77
11164,1347,1542,9.78
11165,1624,10296,19.14
11166,2476,10576,12.5
11167,3999,9649,8.69
11168,4080,5882,1.88
11169,4224,4732,13.25
11170,4111,8006,15.26
11171,5818,5392,15.47
11172,1519,213,7.8
11173,3245,1733,9.73
11174,908,5891,7.8
11175,7144,8738,2.46
11176,6309,10302,16.05
11177,5403,3998,13.21
11178,7090,3424,1.47
11179,5032,5213,10.92
11180,7030,6530,10.12
11181,204,2056,19.23
11182,2112,10685,7.65
11183,3092,8677,4.93
11184,4907,4286,4.82
11185,4001,6772,12.38
11186,2483,5499,18.34
11187,6209,5136,16.37
11188,5897,1165,12.81
11189,1526,6685,7.32
11190,2247,6785,7.48
11191,4935,401,16.4
11192,399,5235,3.72
11193,130,4016,0.04
11194,7249,10799,1.39
11195,7040,7788,3.02
11196,6758,4883,3.86
11197,992,1378,13.89
11198,215,3779,3.61
11199,3598,6605,6.08
11200,3223,5835,2.18
11201,4792,3764,3.75
11202,5918,534,16.99
11203,2684,9377,2.02
11204,6737,7049,4.2
11205,994,10428,12.75
11206,4858,9715,10.47
11207,3456,630,16.95
11208,7057,2818,5.93
11209,6905,7839,9.31
11210,280,48,0.71
11211,5412,8037,10.36
11212,5168,1176,6.65
11213,998,3594,16.22
11214,6569,5980,12.39
11215,4315,5361,19
11216,1222,4227,2.57
11217,1166,3936,18.72
11218,110,6749,11.79
11219,6264,10625,14.33
11220,4995,9699,16.12
11221,3200,7714,2.97
11222,4053,965,8.47
11223,2867,7971,14.05
11224,7091,1269,15.7
11225,6611,391,15.38
11226,4379,8154,18.28
11227,3960,5801,19.96
11228,4676,7507,10.44
11229,5555,3949,0.89
11230,2096,5440,11.59
11231,6343,127,16.38
11232,1712,7077,13.95
11233,1637,3229,2.94
11234,3971,10385,11.17
11235,3648,6658,0.51
11236,4906,4772,3.53
11237,5262,3460,10.29
11238,6893,2085,19.13
11239,4598,11005,5.75
11240,3596,9764,12.25
11241,6036,4380,8.34
11242,1342,4778,7.62
11243,6474,10150,18.39
11244,4178,2546,10.71
11245,3580,5563,13.64
11246,1415,3689,18.88
11247,5658,3182,5.67
11248,69,9046,3.9
11249,4201,3388,18.37
11250,7535,9834,13.09
11251,5989,7349,10.83
11252,4302,4635,3.52
11253,1450,575,15.76
11254,1816,5737,8.8
11255,322,51,12.2
11256,6596,1548,3.36
11257,5827,7017,7.49
11258,7000,2239,12.84
11259,3302,10981,16.32
11260,3976,7820,10.63
11261,7068,9701,12.54
11262,6245,7139,11.45
11263,6195,5657,1.51
11264,6915,3782,1.97
11265,7260,2684,8.55
11266,630,2298,17.49
11267,2821,7008,19.13
11268,5359,4587,16.47
11269,5261,5188,5.26
11270,3952,1901,17.17
11271,4479,9465,4.18
11272,3218,3930,13.65
11273,1035,1440,16.98
11274,450,1014,11
11275,1784,10994,13.12
11276,4049,9334,11.43
11277,33,9039,12.7
11278,3393,6438,2.53
11279,1565,7421,13.23
11280,2734,7487,17.96
11281,4473,2464,10.09
11282,251,1501,15.35
11283,7380,2434,0.14
11284,5091,1928,2.81
11285,3395,888,12.09
11286,4854,4381,1.46
11287,6928,1529,6.3
11288,2712,10113,1.86
11289,3261,4338,18.67
11290,7080,4760,16.36
11291,2290,7465,8.56
11292,139,1524,5.45
11293,1559,5216,2.62
11294,596,5452,6.06
11295,5418,905,14.18
11296,1508,1550,7.15
11297,6178,8470,14.28
11298,3340,6125,4.77
11299,6897,2842,11.9
11300,5652,3264,2.69
11301,7014,398,12.98
11302,6407,3067,19.99
11303,5071,9200,5.02
11304,6033,1001,12.56
11305,3618,2490,13.26
11306,5113,10482,10.09
11307,4398,7025,19.14
11308,4425,3544,5.82
11309,2765,7619,18.69
11310,4338,8982,16.95
11311,5170,20,0.43
11312,5576,574,9.78
11313,6536,8127,12.76
11314,571,6733,19.46
11315,6247,2947,9.79
11316,7413,7937,9.96
11317,7400,8512,0.79
11318,5927,7439,0.38
11319,2503,3242,7.31
11320,92,9421,16.62
11321,5536,3004,0.89
11322,6630,5289,2.95
11323,2044,6286,4.15
11324,2791,8278,7.76
11325,4305,9442,1.23
11326,1382,1619,9.46
11327,6576,10003,11.84
11328,3259,10860,17.96
11329,1908,1268,2.98
11330,5850,9845,0.9
11331,2851,7870,8.39
11332,177,6102,5.12
11333,4644,8181,2.23
11334,4164,191,0.54
11335,4568,10315,3.73
11336,3621,1997,8.08
11337,1789,3964,5.38
11338,2351,9122,16.98
11339,2400,887,18.71
11340,2690,4641,11.36
11341,6255,1044,11.86
11342,3600,7922,7.49
11343,2581,2069,17.82
11344,5962,2258,10.4
11345,4142,8766,0.51
11346,1953,10621,9.07
11347,3449,7654,4.22
11348,4351,603,19.31
11349,1065,6865,10.75
11350,2721,6313,0.65
11351,5905,8290,0.18
11352,4594,8211,8.74
11353,825,7930,6.66
11354,335,6035,4.57
11355,3908,10456,12.81
11356,5582,3621,18.65
11357,5920,3266,12.2
11358,1907,10191,3.33
11359,7162,1486,19.17
11360,685,8868,11.82
11361,1251,2706,16.38
11362,2933,9370,18.03
11363,6986,1344,14.12
11364,1706,4024,3.93
11365,6186,6967,7.77
11366,2105,5003,11.79
11367,56,2259,11.55
11368,171,10068,13.53
11369,2915,5602,15.75
11370,3791,5105,18.05
11371,1852,57,11.02
11372,5457,1288,4.62
11373,6106,10238,11
11374,4588,436,2.04
11375,4268,7811,0.28
11376,7079,7039,7.96
11377,5123,5280,15.7
11378,1405,3741,16.66
11379,7448,7721,11.81
11380,3378,2554,1.7
11381,5390,9668,9.11
11382,3899,1372,13.11
11383,4508,4119,18.43
11384,4599,7653,18.98
11385,1577,3228,18.95
11386,2378,4758,2.36
11387,1214,11098,6.46
11388,1867,3336,19.87
11389,3928,9007,12.63
11390,1513,1109,4.11
11391,181,10620,4.56
11392,3914,8314,2.75
11393,4908,8772,1.34
11394,3357,6650,16.23
11395,1912,2869,9.56
11396,376,1980,1.68
11397,3140,3459,1.8
11398,5947,883,15.28
11399,5517,3833,18.06
11400,7177,10324,3.54
11401,2825,5011,10.4
11402,4554,7097,6.48
11403,4689,8227,8.88
11404,3940,7218,4.36
11405,7419,9599,8.78
11406,2916,5209,10.75
11407,4461,6637,18.27
11408,7257,2602,7.71
11409,7453,9982,3.06
11410,6877,3243,10.45
11411,6169,7486,0.65
11412,386,10334,10.85
11413,1274,4326,17.56
11414,2481,2578,6.06
11415,2956,9617,12.3
11416,6093,1533,4.37
11417,5959,6060,18.21
11418,7303,4924,3.06
11419,2944,421,17.48
11420,164,8866,18.69
11421,6411,5088,5.23
11422,6262,10599,16.54
11423,2717,3476,11.42
11424,3515,5305,15.85
11425,6886,539,0.81
11426,3735,101,9.04
11427,1293,5062,6.89
11428,2909,9710,14.74
11429,7432,2587,18.58
11430,4173,5583,7.96
11431,2506,5593,19.86
11432,1720,10280,12
11433,6163,345,0.95
11434,5647,10057,1.25
11435,2833,4470,6.03
11436,6396,5924,19.64
11437,7522,5767,15.89
11438,636,5817,12.03
11439,3329,10011,10.74
11440,7264,10707,1.58
11441,2910,5426,11.61
11442,4739,6310,18.43
11443,302,5717,19.75
11444,7475,8946,16.57
11445,1326,119,19.79
11446,1379,2731,5.67
11447,6906,5157,9.29
11448,2609,8400,17.03
11449,2004,2507,7.57
11450,1841,3684,13.89
11451,1448,4805,8.81
11452,923,3139,15.04
11453,5837,2208,10.57
11454,1211,5192,17.76
11455,6521,2984,7.07
11456,4943,935,9.4
11457,3847,77,9.55
11458,3415,4214,18.15
11459,1406,5090,0.37
11460,6868,9154,1.24
11461,4853,10562,18.04
11462,6654,9224,19.47
11463,2257,7690,1.31
11464,1020,4386,10.17
11465,6064,9403,4.26
11466,5068,6058,17.55
11467,4871,7495,9.14
11468,5967,8610,15.26
11469,3444,9468,15.25
11470,5983,1615,17
11471,1574,7373,15.03
11472,4678,5804,8.14
11473,5000,7241,4.36
11474,561,10269,18.97
11475,1989,5245,10.18
11476,777,676,8.48
11477,2631,3452,14.55
11478,2215,7188,6.15
11479,4350,1147,4.55
11480,1018,6077,11.95
11481,6378,1523,16.94
11482,5986,1196,2.44
11483,2673,10230,13.25
11484,2773,9498,19.12
11485,2285,7762,13.42
11486,3423,4983,11.82
11487,1906,8552,2.48
11488,209,10242,5.72
11489,6713,4764,6.35
11490,2072,10364,16.32
11491,3664,7614,15.91
11492,1307,4973,13.86
11493,6772,1140,1.91
11494,2393,11070,10.52
11495,2059,2033,0.23
11496,3567,6457,2.38
11497,1392,2625,9.62
11498,640,4480,15.38
11499,1324,6614,18.84
11500,647,433,0.01
11501,7063,6212,0.53
11502,454,7996,0.91
11503,1458,9271,10.67
11504,1563,11022,7.91
11505,3607,3082,1.48
11506,4334,5703,3.5
11507,5598,2628,11.67
11508,2157,10072,18.33
11509,5744,259,16.22
11510,2459,2693,5.72
11511,3773,1472,11.65
11512,1279,8303,8.05
11513,3250,10382,1.53
11514,3910,155,17.16
11515,7389,5773,16.5
11516,1086,6660,10.82
11517,2447,6869,0.04
11518,6589,5700,17.88
11519,4954,10930,17.87
11520,3433,434,16.72
11521,1599,6755,9.22
11522,4211,8727,9.64
11523,2307,3941,14.08
11524,4866,4897,1.18
11525,148,8768,17.19
11526,7440,10892,9.6
11527,2291,1080,5.88
11528,4073,9150,19.65
11529,6941,5170,5.28
11530,4081,8310,10.37
11531,3437,7130,1.89
11532,6617,10130,1.3
11533,3407,725,17.2
11534,3366,3999,7.99
11535,1039,2717,15.08
11536,1367,10452,18.88
11537,352,9015,9.09
11538,1708,595,15.29
11539,2033,2739,7.42
11540,5928,2174,17.25
11541,5242,5652,5.15
11542,3387,4402,16.32
11543,7441,2839,0.4
11544,1962,4862,3.22
11545,4998,3369,14.53
11546,4825,6095,17.37
11547,947,7243,19.92
11548,4800,3661,12.78
11549,1854,3191,8.18
11550,968,10679,7.63
11551,6421,1480,0.02
11552,2995,5860,15.1
11553,5656,7737,18.48
11554,740,8974,0.63
11555,1973,5834,19.14
11556,6909,3796,19.75
11557,5419,5626,11.78
11558,6878,8691,0.89
11559,5139,9599,4.44
11560,2014,771,7.74
11561,2055,10013,12.14
11562,936,2589,8.05
11563,4809,5162,6.1
11564,1482,6705,15.15
11565,3671,4311,14.58
11566,5946,8298,7.68
11567,3583,2990,18.02
11568,2544,4069,16.51
11569,5169,9373,19.07
11570,4222,8038,11.94
11571,3841,566,15.96
11572,1380,11044,18.79
11573,7129,5788,17.19
11574,2765,8680,12.5
11575,6743,7231,16.42
11576,4158,6820,17.82
11577,6231,8453,16.94
11578,5151,7200,12.85
11579,3393,5266,0.14
11580,7018,10779,12.05
11581,2731,8970,3.82
11582,7462,3244,4.35
11583,4967,8262,15.76
11584,2173,9330,2.23
11585,7036,10796,8.88
11586,5550,3211,17.32
11587,3665,142,15.01
11588,5539,8870,15.52
11589,6773,9884,18.4
11590,6896,2774,9.38
11591,2457,8549,1.84
11592,1944,4213,12.73
11593,2414,1220,13.61
11594,2781,6186,8.01
11595,5624,4322,5.14
11596,3488,9716,14.76
11597,5317,5888,11.5
11598,5623,5382,10.32
11599,259,3541,19.03
11600,2342,2046,19.56
11601,1257,4800,3.25
11602,5999,7852,12.89
11603,892,11118,1.26
11604,7108,10830,11.77
11605,1910,1619,15.28
11606,7330,4466,10.38
11607,206,976,1.29
11608,4544,5869,17.21
11609,4901,6726,15.08
11610,7011,9741,16.63
11611,1667,7867,8.6
11612,4936,2847,1.47
11613,2343,6115,18.06
11614,685,2948,8.05
11615,5023,126,12.73
11616,7236,116,15.92
11617,6955,7840,16.93
11618,6595,5820,12.41
11619,7003,4820,11.47
11620,4301,9570,18
11621,6009,5399,18.03
11622,2335,5149,13.15
11623,7302,3463,5.75
11624,2046,6148,9.94
11625,6985,4387,18.12
11626,3915,6502,5.12
11627,1386,6564,17.16
11628,6276,7210,13.61
11629,7355,7389,7.82
11630,5163,1552,9.84
11631,6562,4548,6.49
11632,1087,9685,11.89
11633,3639,7447,16.16
11634,3176,3473,3.65
11635,3672,216,9.67
11636,6952,7028,11.34
11637,3560,1386,5.98
11638,2405,10178,10.67
11639,2941,9324,19.89
11640,6858,8566,4.44
11641,3102,5500,18.64
11642,1412,10054,14.64
11643,1978,10004,6
11644,1974,10898,5.97
11645,5050,2334,8.06
11646,4300,7908,13.82
11647,2222,807,3.74
11648,1370,6888,3.94
11649,6379,4397,19.45
11650,3460,2959,4.38
11651,2833,8918,0.4
11652,5186,841,4.88
11653,204,4789,5.38
11654,3508,3919,4.69
11655,5069,7916,15.91
11656,4810,8901,14.42
11657,3777,7600,13.96
11658,4701,6976,8.88
11659,6872,1453,1.91
11660,3506,9467,18.11
11661,464,1677,8.1
11662,1093,2523,13.15
11663,1589,7648,5.56
11664,6655,10277,19.68
11665,475,8236,6.37
11666,5587,774,12.81
11667,5674,5244,5.96
11668,6507,4425,19.47
11669,6413,6260,1.98
11670,1428,6350,10.29
11671,3868,2546,19.96
11672,6929,4009,9
11673,474,8704,3.49
11674,5477,5797,15.27
11675,3676,1309,17.96
11676,6182,249,18.59
11677,5357,2291,9.86
11678,2185,9427,19.96
11679,985,4642,0.92
11680,3598,6935,7.64
11681,333,2943,11.51
11682,5571,1943,4.78
11683,2871,6960,8.26
11684,2873,7132,14.88
11685,110,3246,11.25
11686,4947,1709,2.86
11687,1575,2709,2.78
11688,2004,1444,9.98
11689,6077,10704,1.39
11690,7376,2582,15.85
11691,5503,7857,6.44
11692,5828,10678,10.79
11693,774,746,1.03
11694,4104,7464,7.65
11695,437,7718,2.05
11696,4242,8611,6.72
11697,522,9454,15.95
11698,6850,7708,9.45
11699,6711,10749,11.29
11700,1449,3849,0.09
11701,5036,9394,1.58
11702,1213,7317,14.76
11703,2521,9219,13.94
11704,3613,10083,2.85
11705,1276,10761,12.63
11706,4492,4829,18.16
11707,3502,6877,1.37
11708,3932,7906,3.84
11709,472,6878,11.98
11710,843,9135,10.53
11711,750,2978,6.64
11712,1686,146,3.47
11713,4780,100,0.76
11714,7423,8524,17.68
11715,286,3264,0.93
11716,5783,3145,17.52
11717,2505,3134,8.26
11718,658,3385,19.55
11719,1308,4514,5.4
11720,6113,9458,7.15
11721,3352,5717,16.75
11722,7127,2571,12.09
11723,6629,10541,19.24
11724,2226,1665,19.72
11725,1533,7620,4.39
11726,4953,7504,6.42
11727,7519,3686,18.84
11728,6680,10868,9.34
11729,1920,2126,18.35
11730,4379,376,0.71
11731,4816,6540,1.15
11732,1541,10387,2.74
11733,784,2164,8.84
11734,1307,1668,5.91
11735,3019,10396,7.43
11736,3235,9104,10.6
11737,835,5269,5.06
11738,4338,5307,11.01
11739,1017,10778,19.85
11740,4808,11050,16.85
11741,4754,291,1.38
11742,1854,8393,11.72
11743,7020,5424,6.19
11744,1156,2534,6.78
11745,4588,10047,11.37
11746,4374,645,0.08
11747,4640,3640,7.87
11748,6619,7858,9.73
11749,4485,1683,18.51
11750,4696,8687,9.98
11751,4914,3702,6.23
11752,771,1642,11.77
11753,4367,3899,18.16
11754,569,5729,5.76
11755,4482,4759,12.76
11756,6875,9619,12.08
11757,1988,9907,14.31
11758,2807,7802,18.51
11759,7280,3818,8.94
11760,5346,3878,19.74
11761,4019,5853,19.61
11762,3746,1904,11.48
11763,2589,3928,7.83
11764,458,10801,3.09
11765,4011,11061,2.76
11766,3126,7243,15.57
11767,5619,5806,18.75
11768,4844,5816,5.91
11769,2646,7794,7.19
11770,7502,9424,13.7
11771,6856,4504,14.95
11772,4390,1142,15.46
11773,2203,8162,6.64
11774,6028,2299,5.66
11775,173,1944,2.14
11776,3860,8410,5.94
11777,5491,7336,13.64
11778,5476,7988,15.63
11779,1105,4846,7.83
11780,352,2462,1.43
11781,719,10394,3.84
11782,5368,6699,18.1
11783,7448,303,3.21
11784,6811,1809,1.55
11785,6200,1718,17.26
11786,3604,8987,6.24
11787,2136,5475,7.25
11788,683,513,12.61
11789,4875,10651,11.17
11790,1501,9328,5.51
11791,3464,6992,10.01
11792,3153,9089,2.5
11793,2725,7781,10.07
11794,5414,8890,13.9
11795,4866,2359,0.89
11796,466,3545,19.23
11797,5983,776,16.12
11798,4501,753,7.99
11799,6235,6557,16.27
11800,4877,7290,5.68
11801,700,10771,8.93
11802,4596,8011,7.9
11803,880,7397,13.07
11804,6455,7702,5.85
11805,3901,5600,13.5
11806,6140,5050,8.73
11807,2184,9387,14.83
11808,7115,9275,15.1
11809,5723,5915,14.28
11810,282,8403,17.73
11811,5478,9824,2.93
11812,2993,7809,4.3
11813,6116,8862,16.88
11814,2968,9100,19.73
11815,994,3589,8.26
11816,1534,5100,10.48
11817,5542,4751,4.67
11818,5995,1387,12.81
11819,3337,5891,9.85
11820,717,2934,6.15
11821,966,5637,12.93
11822,570,1898,13.62
11823,1916,8559,6.43
11824,577,853,16.82
11825,4227,9521,9.46
11826,3649,10265,4.3
11827,3528,5144,0.16
11828,211,10730,9.45
11829,2969,1276,2.07
11830,4876,2932,16.18
11831,4312,1068,13.08
11832,4553,4245,7.71
11833,2256,51,6.78
11834,3159,7736,8.86
11835,3825,1021,12.56
11836,1753,4695,6.72
11837,5510,2754,0.52
11838,6940,7716,13.67
11839,4980,10433,12.66
11840,16,8009,9.68
11841,263,3170,0.35
11842,2555,264,19.6
11843,5807,1965,2.83
11844,2806,6642,10.43
11845,1928,3661,13.33
11846,1597,988,6.27
11847,1941,7932,7.4
11848,2643,8335,19.73
11849,687,2874,6.12
11850,7525,5730,11.44
11851,969,5985,16.13
11852,5232,4119,5.32
11853,256,3219,12.71
11854,3985,6963,12.84
11855,7409,10175,12.79
11856,5206,5217,9.6
11857,6345,153,0.21
11858,3283,6090,18.41
11859,5140,1094,4.98
11860,1805,10837,3.79
11861,5392,5661,6.06
11862,5171,7614,1.61
11863,4350,2839,17.6
11864,1683,992,12.18
11865,668,4730,7.67
11866,3268,3224,13.4
11867,1008,10494,12.01
11868,7271,10053,9.56
11869,5845,11105,8.29
11870,7415,11035,9
11871,3004,903,1.33
11872,7097,10401,17.78
11873,418,347,14.38
11874,2681,10953,1.57
11875,435,4198,2.3
11876,3723,5298,3.06
11877,6338,2836,6.12
11878,1034,5827,11.27
11879,2615,5587,13.18
11880,4762,1507,3
11881,4453,10293,0.67
11882,4801,1197,1.33
11883,5612,4410,16.81
11884,5792,1425,5.59
11885,1658,3382,2.37
11886,1311,5186,3.03
11887,3178,1331,12.44
11888,1152,7801,2.04
11889,5689,6486,8.51
11890,6997,6506,18.36
11891,1971,10344,19.32
11892,6533,9412,17.73
11893,3750,8855,5.96
11894,5162,2142,9.82
11895,4532,3104,7.49
11896,3092,3036,3.89
11897,155,6471,16.34
11898,3958,9777,11.93
11899,2043,9628,2.86
11900,7082,4043,18.2
11901,2558,4181,1.64
11902,3849,5541,3.61
11903,6840,5027,3.53
11904,837,8986,7.38
11905,1058,6561,9.92
11906,5078,7756,15.22
11907,6358,9517,13.76
11908,6746,7365,6.98
11909,4789,4302,9.02
11910,3017,261,13.51
11911,5089,5824,11.7
11912,2953,8073,2.44
11913,153,5442,4.49
11914,174,1629,2.64
11915,1628,7839,7.19
11916,7299,8168,15.91
11917,4101,8048,14.86
11918,1904,2627,14.33
11919,3186,3647,16.86
11920,4416,114,15.59
11921,3795,8356,5.86
11922,1066,9805,5.75
11923,2244,10936,13.55
11924,2250,10982,18.37
11925,5353,3941,18.61
11926,6367,10416,19.9
11927,3490,2573,10.07
11928,1143,193,12.15
11929,3108,7313,7.43
11930,7171,5648,0.99
11931,3294,8043,3.46
11932,1552,8683,8.38
11933,4160,3102,3.18
11934,4788,9940,7.31
11935,5308,4235,3.29
11936,1959,5208,17.54
11937,865,3031,5.56
11938,7135,7413,4.66
11939,4846,4365,1.68
11940,5333,9797,9.96
11941,3754,8381,10.97
11942,5691,4261,14.64
11943,977,7291,11.96
11944,6212,6679,6.86
11945,6512,10443,16.44
11946,1873,8347,0
11947,6026,6493,18.27
11948,2897,7957,17.17
11949,6949,11041,16.2
11950,580,4739,7.04
11951,3389,6411,16.13
11952,6991,3316,1.76
11953,5352,7941,6.4
11954,7072,2844,2.77
11955,5536,1813,8.24
11956,3408,9865,14.67
11957,1397,4189,4.69
11958,5487,6894,15.1
11959,1544,1626,5.07
11960,3491,3162,6.97
11961,714,4353,15.91
11962,912,3165,1.39
11963,2297,4220,14.95
11964,4581,10555,0.63
11965,1242,425,6.86
11966,5243,8991,13.6
11967,4026,6198,11.4
11968,4335,2468,12.18
11969,6366,4704,7.49
11970,4658,7338,17.22
11971,4316,7304,4.77
11972,1831,7443,15.4
11973,1114,1143,8.21
11974,4136,1917,17.89
11975,3373,10211,0.9
11976,6598,2185,8.33
11977,5131,2615,6.67
11978,7261,10075,5.99
11979,5690,6933,14.33
11980,4202,2840,16.53
11981,5777,6885,2.48
11982,2352,6745,15.21
11983,1011,10816,15.89
11984,3549,9809,17.46
11985,2974,3643,17.21
11986,337,3187,15.93
11987,6165,22,6.9
11988,442,8679,14.73
11989,2498,10923,4.18
11990,2065,11122,8.72
11991,5887,250,17.47
11992,3482,7054,3.97
11993,1278,7416,1.9
11994,5708,5109,9.68
11995,7144,1280,11.9
11996,5084,5882,5.39
11997,3818,9917,18.02
11998,529,4884,19.1
11999,3545,567,7.95
12000,2009,1186,19.03
12001,2579,1916,1.19
12002,5472,6816,12.45
12003,5300,6187,7.91
12004,1317,10254,2.48
12005,2720,4521,2.75
12006,3716,6159,4.72
12007,2386,6624,16.18
12008,7463,6344,4.85
12009,3194,5731,8.79
12010,5856,8882,10.16
12011,4782,4774,0.17
12012,2723,3302,9.28
12013,6407,10202,8.79
12014,5196,9426,3.08
12015,6757,4423,19.04
12016,6463,818,17.75
12017,7032,9439,18.73
12018,1630,8638,11
12019,279,6875,10.02
12020,5138,617,13.9
12021,6234,10848,10.12
12022,1209,2670,8.43
12023,807,3688,13.56
12024,5776,6762,3.29
12025,5315,1865,8.9
12026,1616,1179,12.22
12027,3248,6773,13.44
12028,2512,9376,7.54
12029,449,8249,16.69
12030,3047,2005,7.82
12031,6589,6063,19.61
12032,955,2094,11.41
12033,1702,7656,15.22
12034,7190,9175,13.66
12035,7218,7149,19.61
12036,6173,8817,19.28
12037,6486,6863,0.16
12038,4191,6891,0.81
12039,2784,2373,6
12040,5763,10383,11.43
12041,3552,4999,15.21
12042,6482,6302,13.09
12043,6959,10327,10.14
12044,1057,1667,0.95
12045,4960,6141,16.16
12046,4991,41,18.89
12047,6999,2110,0.3
12048,4841,5501,5.28
12049,6261,4461,3.01
12050,5128,9967,14.35
12051,4055,1666,15.09
12052,3150,10643,9.96
12053,6451,10589,1.26
12054,4206,154,9.38
12055,3141,3287,0.57
12056,4842,5360,10.95
12057,742,2097,12.85
12058,6128,5544,1.34
12059,7255,2952,16.67
12060,1404,7946,0.24
12061,2259,3060,16.21
12062,5865,1199,2.56
12063,5975,9799,16.09
12064,1377,6240,9.06
12065,6126,1019,2.14
12066,5890,10079,7.95
12067,1005,1437,8.04
12068,2672,8576,8.83
12069,2391,10649,18.09
12070,5250,2579,17.27
12071,5729,1321,13.96
12072,905,10133,18.02
12073,5695,3582,17.02
12074,5286,34,6.74
12075,1964,6080,9.79
12076,507,4924,4.44
12077,4211,518,1.37
12078,1181,11110,19.91
12079,5738,8803,16.87
12080,5303,516,10.38
12081,4999,9669,2.26
12082,5192,4599,1.6
12083,3499,4207,7.87
12084,5292,588,11.71
12085,6369,719,16.9
12086,5202,6845,10.64
12087,2621,9944,18.32
12088,1458,4879,8.54
12089,6030,7380,13.64
12090,1797,8426,3.01
12091,3193,4964,8.29
12092,2147,3741,7.7
12093,3743,530,1.74
12094,2554,2350,17.18
12095,1200,3450,14.16
12096,4294,4061,1.27
12097,2780,6446,4.43
12098,1188,8308,19.79
12099,5948,5161,6.1
12100,2547,5719,10.05
12101,5090,10622,5.65
12102,904,3925,19.61
12103,5494,10192,6.81
12104,6199,8215,3.59
12105,4602,8307,9.78
12106,4763,2475,4.2
12107,2984,5184,17.16
12108,2213,3723,12.22
12109,6045,9193,11.72
12110,1460,485,10.52
12111,7203,6321,3.37
12112,3381,9107,16.49
12113,5707,913,17.2
12114,6448,865,2.46
12115,4024,828,6.44
12116,2208,9438,9.69
12117,3911,6821,1.44
12118,1896,7015,2.65
12119,2117,7312,11.77
12120,3522,10158,2.54
12121,7202,10691,11.49
12122,1515,7558,13.52
12123,7503,4855,19.2
12124,6845,7048,12.73
12125,3417,10203,0.94
12126,101,3917,4.98
12127,410,8091,10.95
12128,374,9960,5.75
12129,2888,9490,14.63
12130,6859,4386,12.56
12131,4376,3048,8.68
12132,108,8444,8.72
12133,6207,5314,13.31
12134,3650,2875,11.23
12135,1201,10438,16.48
12136,3763,901,5.23
12137,3060,1960,12.84
12138,3814,9691,3.99
12139,4917,3034,18.41
12140,2727,760,8.46
12141,2290,63,14.64
12142,5981,4071,15.27
12143,4327,2767,15.61
12144,2235,5769,17.02
12145,6477,74,1.4
12146,4266,2421,14.74
12147,4081,10616,15.92
12148,5345,6369,0.58
12149,7489,7435,0.86
12150,4824,4082,1.72
12151,7311,2951,10.25
12152,958,7227,4.59
12153,4692,4385,14.1
12154,2199,2387,19.34
12155,2628,5091,16.49
12156,1536,6945,18.03
12157,182,407,13.81
12158,706,8079,9.34
12159,3095,9829,9.07
12160,7102,4896,6.25
12161,801,9353,10.44
12162,7412,8389,1.68
12163,4719,727,16.42
12164,4383,8481,2.32
12165,1265,7700,1.21
12166,1689,4691,13.45
12167,1535,7100,7.6
12168,47,4614,16.9
12169,3051,4291,18.52
12170,32,8123,6.14
12171,6290,1999,14.28
12172,4525,6818,3.4
12173,6151,9095,6.27
12174,3022,5861,9.39
12175,1769,6051,5.77
12176,7461,1228,0.45
12177,6251,5709,13.38
12178,1231,10780,1.68
12179,2131,768,9.26
12180,3500,4881,8.71
12181,2021,3328,18.26
12182,3330,9934,5.74
12183,3852,11036,16.38
12184,7458,5828,18.14
12185,1676,6023,7.38
12186,3687,8190,2.77
12187,5264,4538,7.6
12188,3801,5054,13.45
12189,1684,7720,11.23
12190,3197,5013,11.69
12191,615,6641,9.57
12192,3287,4155,13.56
12193,4745,5123,3.56
12194,826,6142,6.3
12195,5160,5171,17
12196,2106,6426,13.93
12197,3430,122,15.13
12198,3706,5906,6.64
12199,1627,5976,1.53
12200,3181,6890,7.45
12201,5338,4012,14.06
12202,6387,7225,8.13
12203,3236,8676,10.25
12204,3175,2487,18.88
12205,6141,1985,14.52
12206,4348,7786,3.75
12207,2821,4471,4.41
12208,304,1344,5.41
12209,6847,8103,12.01
12210,6712,10940,6
12211,546,5724,15.14
12212,5,5336,14.97
12213,5465,7253,5.08
12214,6196,8599,7.18
12215,2896,4910,7.04
12216,6321,999,1.81
12217,1123,7329,9.86
12218,2080,5320,15.12
12219,1454,416,14.31
12220,3991,6441,15.1
12221,2015,7632,12.23
12222,1895,8748,13.86
12223,4612,9016,13.63
12224,1045,9866,14.07
12225,3784,1062,8.41
12226,4152,7612,9.16
12227,1001,7465,0.11
12228,7156,581,4.81
12229,2797,512,15.61
12230,4023,3321,0.55
12231,5010,10551,11.89
12232,695,481,3.32
12233,7473,7176,17.77
12234,6372,7619,14.85
12235,1173,6713,1.6
12236,2884,1591,1.35
12237,6314,6237,3.36
12238,7331,7306,13.67
12239,7004,5863,8.34
12240,3406,10602,5.89
12241,842,4317,19.87
12242,1078,9555,8.81
12243,7438,8288,2.29
12244,5570,9035,19.71
12245,2197,5079,8.25
12246,2552,167,18.61
12247,4644,5154,17.32
12248,1786,751,6.5
12249,3721,9072,12.89
12250,1979,3085,19.99
12251,2582,5706,5.94
12252,1694,3075,12.13
12253,6064,2725,4.88
12254,1887,7649,6.24
12255,2285,2153,6.61
12256,6161,3911,16.46
12257,5657,758,2.86
12258,6889,1868,1.97
12259,3336,4744,16.54
12260,5461,7282,19.88
12261,708,10866,16.7
12262,1633,4996,0.78
12263,3281,24,14.2
12264,2914,10239,15.52
12265,6377,9895,2.19
12266,5576,7837,5.35
12267,5676,6364,0.7
12268,3719,3625,4.69
12269,1392,4894,6.6
12270,928,414,16.58
12271,5514,349,2.84
12272,2280,7070,2.68
12273,4984,8233,11.97
12274,347,9783,1.97
12275,953,4969,16.71
12276,6221,9064,11.05
12277,2030,7059,6.52
12278,3879,2642,13.4
12279,6177,1922,12.83
12280,2176,2303,0.83
12281,496,2086,2.09
12282,4691,1854,2.17
12283,332,725,10.38
12284,976,5866,19.13
12285,277,2472,17.95
12286,4156,5838,12.6
12287,6404,6678,13.08
12288,5497,7136,2.75
12289,6205,668,1.73
12290,4161,6856,6.23
12291,6167,2466,18.3
12292,3808,7883,6.14
12293,1821,8027,17.63
12294,5523,3730,11.52
12295,6547,7087,16.2
12296,5213,7469,0.34
12297,3596,5573,4.51
12298,2861,4606,5.03
12299,6834,5744,7.96
12300,1135,6131,14.89
12301,5893,10076,4.08
12302,4465,1042,1.36
12303,766,10854,11.17
12304,987,5671,13.23
12305,1931,7103,12.32
12306,6793,3312,10.13
12307,2803,4269,4.68
12308,133,9608,0.31
12309,6607,5735,4.22
12310,4510,3099,6.8
12311,4907,5241,10.39
12312,1297,798,14.87
12313,6582,8659,13.56
12314,5546,9164,17.66
12315,1438,6166,17.94
12316,1147,998,5.26
12317,1319,9101,4.12
12318,2737,8191,6.99
12319,2844,5448,4.52
12320,2291,1300,12.95
12321,438,7516,3.06
12322,4195,10598,11.14
12323,1585,11018,5.63
12324,593,7871,17.01
12325,995,8562,10.29
12326,1467,11092,5.33
12327,3622,1169,2.16
12328,5463,8386,6.45
12329,3432,817,11.41
12330,2083,9764,4.79
12331,3998,2338,18.34
12332,209,9625,12.75
12333,5895,3003,7.45
12334,6626,7348,3.06
12335,4798,8110,14.87
12336,1491,7570,17.37
12337,7067,7925,2.87
12338,7497,10921,3.87
12339,7112,7198,19.96
12340,6410,6096,10.06
12341,4309,400,9.98
12342,4014,4980,2.42
12343,1998,733,4.65
12344,294,6200,19.91
12345,6770,2298,2.67
12346,6958,1116,0.83
12347,3691,9335,1.35
12348,5803,10340,1.45
12349,6450,5482,1.5
12350,2637,211,4.02
12351,1264,10504,16.29
12352,4083,403,6.46
12353,6427,9832,19.75
12354,307,9622,10.7
12355,477,3469,8.07
12356,7222,729,12.43
12357,4940,4190,5.99
12358,2626,5049,16.41
12359,6292,10352,11.75
12360,1395,2328,6.51
12361,2879,10209,10.61
12362,2466,9217,17.88
12363,3342,1489,15.11
12364,6996,10091,18.16
12365,2948,5352,9.19
12366,4113,6683,12.99
12367,113,6010,12.06
12368,6269,1333,17.7
12369,6544,8199,11.67
12370,1475,9241,6.32
12371,6475,10873,12.62
12372,4792,9728,16.28
12373,1907,8724,0.44
12374,7379,5132,3.86
12375,1064,10911,8.1
12376,1547,1782,4.28
12377,3436,1574,14.59
12378,3307,5066,1.98
12379,371,10261,8.54
12380,3320,7495,10.72
12381,957,1795,6.08
12382,6891,229,9.46
12383,4847,8477,16.63
12384,1785,10724,2.13
12385,6851,305,18.46
12386,7323,8540,19.39
12387,1130,1156,9.11
12388,2423,10907,6.11
12389,3834,6527,11.62
12390,5705,7013,3.96
12391,7262,5075,13.61
12392,4103,4170,19.31
12393,189,6625,10.79
12394,356,2402,14.93
12395,178,1973,5.23
12396,3419,6262,6.8
12397,1588,5358,1.75
12398,2464,7843,13.48
12399,1994,1455,3.96
12400,4488,7395,1.74
12401,2120,8134,15.09
12402,5935,7897,8.82
12403,2491,10853,18.02
12404,1898,8983,16.8
12405,6467,6278,4.24
12406,6627,10561,18.29
12407,4048,5190,14.17
12408,3016,2966,12.78
12409,967,3375,18.31
12410,3773,10286,14.67
12411,349,827,9.75
12412,398,2974,12.25
12413,6094,986,18.02
12414,4605,1596,0.61
12415,4021,5017,2.23
12416,609,226,17.17
12417,4145,5586,7.31
12418,2039,5263,15.9
12419,3065,762,11.7
12420,1429,3553,17.43
12421,4251,3636,9.09
12422,1409,10904,5.16
12423,5943,7727,12.8
12424,2620,8151,11.16
12425,1430,8402,16.18
12426,7147,10856,8.6
12427,3264,9214,5.25
12428,3215,4984,11.81
12429,4016,10938,17.77
12430,4770,5950,2.08
12431,656,9932,1.33
12432,6194,766,14.94
12433,181,3559,18.69
12434,6473,9011,14.83
12435,1759,190,8.62
12436,1982,3383,18.61
12437,5868,9189,19.72
12438,5525,9689,11.01
12439,6202,10718,6.92
12440,4289,9311,8.79
12441,2369,135,16.48
12442,6157,10070,17.6
12443,7522,8596,9.95
12444,5466,5664,2.15
12445,5990,5829,1.34
12446,6278,8831,3.33
12447,5703,10819,4.37
12448,1328,8761,16.86
12449,2862,3322,19.26
12450,1357,5592,17.21
12451,1647,8142,12.14
12452,6248,4161,13
12453,170,10638,18.33
12454,3420,189,5.44
12455,4226,5651,0.52
12456,4945,2457,6.44
12457,2693,8231,8.08
12458,5779,2208,6.12
12459,1349,5098,3.44
12460,759,922,12.3
12461,1798,2718,8.15
12462,3094,539,5.03
12463,2397,10744,12.65
12464,661,6954,1.67
12465,1736,5014,10.65
12466,3752,2332,11.7
12467,2887,7856,18.16
12468,5932,8756,4.99
12469,3916,3213,5.79
12470,2588,9873,14.22
12471,5360,8845,15.68
12472,6308,10760,1.73
12473,4512,3825,4.81
12474,1182,7119,18.99
12475,763,1687,14.73
12476,6590,2809,18.26
12477,6492,5231,12.71
12478,1731,6406,7.59
12479,6767,8785,14.21
12480,6020,9900,3.26
12481,5110,2841,11.06
12482,5016,8175,19.7
12483,1092,206,8.88
12484,5991,8792,14.72
12485,705,8324,4.69
12486,3461,5722,15.5
12487,4308,6691,18.07
12488,2864,435,14.68
12489,7044,8467,19.63
12490,7349,5122,2.89
12491,4958,8926,7.06
12492,2298,1914,3.85
12493,5393,4222,0.82
12494,6813,6084,3.1
12495,7064,4077,10.06
12496,4302,748,0.56
12497,198,3061,3.48
12498,6299,10071,19.18
12499,5753,9414,14.14
12500,4236,10031,5.71
12501,1067,1055,12.12
12502,2735,6097,14.58
12503,4994,11104,8.99
12504,5697,6013,2.85
12505,3332,1467,15.44
12506,5398,8056,11.31
12507,2452,3225,2.8
12508,3525,3627,12.5
12509,1187,5683,13.69
12510,7249,5176,4.14
12511,3565,6313,8.66
12512,197,9903,17.47
12513,6335,4255,11.25
12514,2324,8976,3.13
12515,1044,9887,12.33
12516,860,7175,2.1
12517,7320,1908,10.09
12518,595,272,7.66
12519,6391,3692,16.24
12520,3400,10682,12.85
12521,1074,4569,9.99
12522,2902,9411,15.62
12523,121,744,3.54
12524,4433,2856,11.04
12525,2665,1255,9.91
12526,5288,2557,14.61
12527,6520,3020,15.6
12528,5344,4044,16.15
12529,3652,10715,18.04
12530,4514,8352,6.46
12531,5450,6473,10.21
12532,1545,2954,16.82
12533,6548,1662,16.55
12534,2999,6149,15.86
12535,4865,4534,8.94
12536,1477,7760,17.84
12537,6063,1209,15.82
12538,968,6967,1.61
12539,7317,7961,0.28
12540,5418,6790,16.98
12541,5509,9880,1.94
12542,4511,8821,15.8
12543,2925,4363,19.82
12544,3368,7755,7.69
12545,6830,1106,12.91
12546,6551,4729,9.67
12547,2950,5137,5.93
12548,1372,3344,4.27
12549,6963,1017,14.18
12550,1527,4394,2.82
12551,7184,1157,2.19
12552,7253,4822,15.91
12553,5091,6778,12.12
12554,677,4380,7.87
12555,455,1155,2.89
12556,1447,9192,19.68
12557,405,2069,12.37
12558,300,7616,10.12
12559,7452,10206,3.62
12560,910,8569,8.36
12561,6385,3521,2.41
12562,1561,5188,5.14
12563,6652,2261,14.82
12564,1511,6250,17.82
12565,632,9199,1.26
12566,4537,4621,9.02
12567,6729,5599,7.45
12568,1282,4562,14.09
12569,2138,6805,17.62
12570,1856,7161,16.19
12571,2344,3550,14.38
12572,723,10852,14.4
12573,5176,275,12.72
12574,3861,352,11.39
12575,6982,2385,5.9
12576,6320,8196,8.59
12577,2123,9167,10.12
12578,5602,650,18.85
12579,2980,5211,2.34
12580,6827,7386,19.54
12581,6902,8082,1.14
12582,1136,1305,16.77
12583,1414,1674,15.45
12584,6831,10445,7.09
12585,1413,1724,13.85
12586,5582,6028,7.3
12587,1474,9360,5.32
12588,5045,10181,2.25
12589,4772,3249,6.65
12590,1970,5716,11.17
12591,412,4939,4.09
12592,7215,8259,13.56
12593,4813,5953,14.26
12594,7096,2074,6.9
12595,3348,1258,6.47
12596,3711,532,2.71
12597,3221,20,10.29
12598,3335,9727,6.5
12599,3099,5608,4.6
12600,4678,3274,3.57
12601,2632,6091,11.99
12602,4077,7500,15.53
12603,2460,2768,0.23
12604,2721,1787,12.24
12605,6310,5809,3.81
12606,5106,8593,9.12
12607,4911,3041,3.26
12608,7196,7685,8.13
12609,3518,1284,8.45
12610,201,6931,8.15
12611,6753,7423,19.14
12612,6073,27,16.23
12613,5527,3793,3.84
12614,7410,10124,12.71
12615,3288,310,1.14
12616,319,4171,11.31
12617,6677,1663,14.29
12618,7468,4590,13.61
12619,670,10159,4.49
12620,1437,8624,7.28
12621,3110,7370,18.08
12622,2587,3051,0.02
12623,1657,1612,9.87
12624,6201,266,6.6
12625,1042,9779,11.85
12626,4687,9793,8.74
12627,467,6929,13.69
12628,2358,6629,7.28
12629,7110,924,18.55
12630,4987,2139,4.16
12631,4331,1400,18.34
12632,1710,790,18.02
12633,4864,1190,5.97
12634,3190,2918,13.33
12635,2760,6520,7.6
12636,7016,1119,15.74
12637,1874,7603,15.52
12638,5857,5665,4.3
12639,3200,9882,3.94
12640,4080,7880,17.89
12641,230,3123,2.18
12642,4003,10590,13.63
12643,3008,9066,18.8
12644,6029,4123,11.54
12645,2501,4095,17.79
12646,4438,10820,7.3
12647,5662,6076,1.43
12648,6298,2210,1.79
12649,5269,10640,7.84
12650,3591,514,10.16
12651,1046,742,17.12
12652,2376,4226,3.59
12653,1663,4522,10.56
12654,3712,5125,3.78
12655,7136,6219,2.65
12656,3627,9134,19.41
12657,2685,4938,8.86
12658,7248,1384,2.03
12659,4122,8349,12.98
12660,2284,3569,18.72
12661,1285,10735,17.7
12662,7275,2550,10.72
12663,5425,3566,19.23
12664,651,2041,0.14
12665,1993,285,12.88
12666,6616,709,0.43
12667,2599,10258,4.9
12668,2772,10109,4.18
12669,3041,2515,16.77
12670,5631,1614,7
12671,4631,5268,18.41
12672,6132,5131,1.86
12673,4323,5762,19.71
12674,6260,10422,17.2
12675,1542,1551,13.84
12676,7443,7349,17.47
12677,896,740,14.47
12678,2395,9045,15.87
12679,5912,10060,13.91
12680,1696,4973,7.21
12681,5247,5884,7.74
12682,119,4610,15.06
12683,4004,694,3.02
12684,7205,4630,11.65
12685,2524,4946,5.31
12686,5953,4142,6.91
12687,3542,1790,13.45
12688,6863,8657,10.15
12689,4625,8258,8.27
12690,3070,5812,6.05
12691,3929,5364,19.89
12692,2142,10470,9.86
12693,2810,6578,17.64
12694,2987,4327,18.26
12695,6471,1759,19.48
12696,6208,8698,9.18
12697,490,3573,7.69
12698,1241,7873,14.15
12699,1556,3520,9.91
12700,5733,2260,0.93
12701,1190,2269,9.76
12702,6122,8595,11.43
12703,1969,6767,3.91
12704,3867,786,19.14
12705,1877,2551,16.75
12706,478,6244,17.57
12707,2988,7651,12.83
12708,4928,3757,17.12
12709,6232,2274,6.59
12710,2640,6199,13.56
12711,7081,7940,10.71
12712,2819,7705,4.08
12713,6672,904,9.73
12714,6373,4596,12.24
12715,3421,1640,15.59
12716,6243,8541,2.29
12717,3681,478,13.99
12718,4764,5189,3.13
12719,940,7154,15.28
12720,1247,7550,16.84
12721,3968,9398,16.97
12722,6142,10890,4.37
12723,2633,6695,14.12
12724,4966,9676,15.37
12725,3993,8893,2.75
12726,751,8341,14.4
12727,4995,11076,13.82
12728,1717,10180,7.91
12729,95,3815,2.9
12730,4926,2634,18.69
12731,433,4632,6.31
12732,5515,3151,16.12
12733,5762,7646,5.52
12734,1860,10533,19.88
12735,7054,2833,1.74
12736,465,9022,12.08
12737,1251,8208,4.69
12738,6966,5633,7.5
12739,2996,1632,6.2
12740,6989,4875,3.96
12741,1711,5025,8.46
12742,5641,8278,17.2
12743,3145,5856,17.79
12744,1031,10507,8.41
12745,7270,8705,12.12
12746,4429,1234,5.63
12747,6545,3929,11.53
12748,5717,5071,18.05
12749,7247,10970,6.64
12750,6434,1460,5.3
12751,3633,5064,11.22
12752,7216,8276,1.07
12753,1212,340,16.21
12754,6574,6938,9.32
12755,1802,7485,7.92
12756,5616,1214,10.9
12757,5381,4950,13.14
12758,1012,692,3.28
12759,1157,11060,12.18
12760,5728,3614,6.5
12761,2410,1039,3.31
12762,2270,10230,11.13
12763,6735,2936,19.94
12764,5660,1582,14.83
12765,2302,4131,8.41
12766,289,7223,3.94
12767,3592,2675,17.54
12768,4618,5978,15.38
12769,2468,4844,5.59
12770,5116,8163,9.7
12771,3594,7172,7.95
12772,2251,6191,0.87
12773,7297,1108,14.43
12774,3271,6445,15.39
12775,5710,7721,8.4
12776,6324,7636,0.87
12777,2304,1760,0.67
12778,6192,9417,18.67
12779,606,9285,19.39
12780,4515,5725,13
12781,2336,881,13.72
12782,2139,139,7.32
12783,1853,2570,0.76
12784,407,3786,2.13
12785,2253,11079,7.99
12786,4267,9106,11.56
12787,1812,6919,4.86
12788,564,553,2.1
12789,4365,880,19.47
12790,436,5356,16.37
12791,6899,10318,18.91
12792,7429,9735,10.07
12793,6411,8361,15.14
12794,4072,6155,5.18
12795,4543,5563,14.17
12796,2201,11006,19.95
12797,627,1090,19.07
12798,7544,7261,19.4
12799,1771,10512,11.35
12800,876,6374,16.48
12801,2449,614,12.32
12802,4167,1443,2.07
12803,1882,5313,17.25
12804,6220,9316,19.63
12805,5799,8922,11.85
12806,112,9073,3.79
12807,6027,10891,13.57
12808,4456,4028,2.95
12809,4821,3470,10.97
12810,5706,7098,9.63
12811,1661,1134,5.5
12812,7080,6515,7.2
12813,3507,8283,2.8
12814,4432,871,1.19
12815,6812,10762,3.03
12816,1120,6183,9.01
12817,2348,8924,16.93
12818,5906,6259,3.46
12819,2419,1218,9.3
12820,7161,1742,9.69
12821,3959,3577,16.6
12822,7063,1424,15.01
12823,6713,526,5.49
12824,1792,7763,15.34
12825,3682,10659,11.79
12826,6758,1679,2.38
12827,743,1883,15.54
12828,4029,3568,16.51
12829,2918,9947,17.33
12830,5080,4313,18.26
12831,5383,3083,18.91
12832,6678,8608,4.24
12833,1619,10363,9.1
12834,7285,2145,9.84
12835,5290,3641,15.28
12836,538,7458,17.94
12837,5060,2105,8.63
12838,2612,3867,18.89
12839,2092,2775,9.89
12840,5809,9853,19.12
12841,1602,2937,18.72
12842,2593,10063,8.28
12843,6197,10468,5.05
12844,7347,8417,19.93
12845,479,1079,7.84
12846,3061,2025,9.07
12847,3988,3840,3.52
12848,5165,9541,19.7
12849,4989,9794,12.99
12850,3210,887,7.09
12851,4883,94,6.1
12852,86,8639,19.99
12853,2834,7585,6.42
12854,6074,2307,6.44
12855,1396,6289,13.03
12856,3245,2362,17.12
12857,6780,6394,5.26
12858,2658,7494,0.92
12859,3718,9888,9.37
12860,5928,10902,18.66
12861,7492,8279,0.53
12862,3211,4560,19.15
12863,3213,8672,7.43
12864,927,5638,7.15
12865,4205,8977,15.62
12866,7449,9309,15.83
12867,7385,5006,17.85
12868,3364,4808,6.3
12869,7057,5467,17.15
12870,568,2898,13.5
12871,4577,4464,11.22
12872,847,5766,8.73
12873,6927,372,1.41
12874,7451,6497,19.18
12875,4881,8839,13.81
12876,891,4143,1.96
12877,6000,8506,4.45
12878,4051,2306,7.26
12879,3343,2800,3.74
12880,5611,531,7.79
12881,5980,271,18.75
12882,7487,7571,8.73
12883,1726,4498,4.06
12884,1775,10411,15.49
12885,1644,3887,7.53
12886,2904,10984,13.29
12887,6005,2003,3.67
12888,6861,3460,3.62
12889,2779,10605,1.35
12890,6023,10713,10.32
12891,4130,9758,3.64
12892,6609,1236,3.25
12893,3847,7647,18.8
12894,5872,860,1.85
12895,6307,5699,12.06
12896,3876,9486,1.14
12897,4771,6737,6.42
12898,943,4078,19.75
12899,73,11024,17.76
12900,5740,9935,17.81
12901,24,10519,17.98
12902,1418,4452,15.62
12903,1238,5002,3.22
12904,37,4251,1.16
12905,6357,9,7.5
12906,4523,1513,11.9
12907,3046,2958,11.58
12908,1893,3090,14.85
12909,3648,224,17.3
12910,2717,7689,14.6
12911,4650,2228,3.88
12912,4969,10086,12.98
12913,782,9688,18.66
12914,1674,2191,10
12915,5568,9218,7.52
12916,5384,10572,4.58
12917,2801,8044,7.36
12918,2437,2432,8.38
12919,4481,2082,14.49
12920,789,10094,2.6
12921,5931,5787,5.95
12922,3635,540,16.08
12923,2876,6836,17.06
12924,1698,2810,4.92
12925,1629,4703,16.16
12926,3966,534,19.58
12927,2630,1839,0.22
12928,7105,10755,1.71
12929,338,9250,3.7
12930,7099,2753,5.87
12931,6866,137,4.67
12932,1002,9008,9.23
12933,5474,2459,6.2
12934,1850,3771,1.34
12935,856,2744,6.1
12936,7455,2973,0.57
12937,1876,10975,16.64
12938,284,4827,17.94
12939,620,800,6.24
12940,4475,6367,12.01
12941,3593,7811,1.45
12942,4950,8806,1.55
12943,563,7183,11.41
12944,5118,9594,8.05
12945,6004,6158,2.24
12946,1015,728,15.48
12947,2062,5287,10.26
12948,5211,367,12.23
12949,6870,10966,4.51
12950,5506,5893,16.82
12951,4848,7673,5.41
12952,232,345,15.72
12953,7442,1595,3.73
12954,6993,9120,12.33
12955,4872,2036,15.53
12956,4708,730,16.99
12957,3049,3824,12.16
12958,1446,5791,5.88
12959,463,3451,3.3
12960,1237,2192,6.68
12961,21,454,5.69
12962,989,6997,1.7
12963,4962,10354,7.77
12964,4927,1692,12.02
12965,5884,2330,2.63
12966,6383,6266,19.91
12967,514,5741,2.22
12968,1133,4869,19
12969,6846,8794,4.69
12970,81,174,11.74
12971,1611,362,6.15
12972,7315,3313,5.06
12973,5846,8427,5.07
12974,4151,2921,7.36
12975,3427,61,10.67
12976,3220,6235,15.82
12977,7517,5703,6.12
12978,2812,5485,5.74
12979,4121,9369,19.64
12980,2114,3811,0.05
12981,5473,8008,5.53
12982,3267,6448,1.57
12983,5521,2028,5.66
12984,3007,7031,13.09
12985,7337,5315,10.48
12986,7490,2058,14.03
12987,6245,1954,9.81
12988,3789,4782,14.77
12989,2503,8640,8.02
12990,6458,4638,6.64
12991,2107,8808,17.03
12992,3742,7271,10.88
12993,716,424,14.43
12994,2556,5425,8.75
12995,5446,9054,12.79
12996,2656,8732,4.15
12997,3670,6871,15.61
12998,7066,7342,0.24
12999,2105,4613,1.11
13000,1272,7522,7.27
13001,184,3294,2.29
13002,4315,684,13.11
13003,1947,5090,12.2
13004,6829,7701,9.73
13005,1592,4342,9.71
13006,2238,2116,10.26
13007,528,3025,5.37
13008,1522,441,9.6
13009,1408,1705,16.1
13010,4069,3947,16.69
13011,7466,10169,16.78
13012,3758,6504,1.73
13013,2990,6979,19.55
13014,2536,4334,14.16
13015,5590,5070,5.33
13016,2447,10040,8.57
13017,6255,6464,6.23
13018,6668,10065,18.49
13019,2425,2960,11.37
13020,2471,6865,0.31
13021,2936,1975,2.41
13022,6024,298,14.67
13023,5483,10244,11.3
13024,5816,885,17.3
13025,1232,3906,11.39
13026,6360,2987,4.97
13027,5167,8494,10.48
13028,1862,9818,0.13
13029,942,5248,9.79
13030,3156,6717,1.15
13031,3134,8165,9.32
13032,756,10916,17.04
13033,1574,5697,13.22
13034,850,7548,14.55
13035,4730,2721,6.24
13036,747,8145,12.4
13037,3570,2524,14.1
13038,4159,2340,9.44
13039,4405,1146,16.69
13040,4587,3475,9.58
13041,377,8241,9.92
13042,3029,43,10.13
13043,3234,10621,5.23
13044,3486,5932,9.69
13045,6612,5037,14.94
13046,4271,8224,9.58
13047,3015,10900,15.37
13048,1940,997,10.16
13049,591,7012,7.51
13050,971,2410,14.43
13051,6528,9000,2.49
13052,320,10195,5.2
13053,7240,550,14.96
13054,4874,1402,15.65
13055,7276,9312,2.67
13056,541,2088,5.38
13057,382,1281,1.12
13058,4422,6343,9.1
13059,7073,7810,11.44
13060,3309,712,7.79
13061,1198,3578,8
13062,3660,1529,11.03
13063,5577,1027,13.8
13064,5862,2792,10.31
13065,5484,2356,16.01
13066,1174,4905,14.13
13067,6222,7375,16.99
13068,2909,5367,18.12
13069,1132,6238,13.71
13070,4295,9821,8.18
13071,6432,7543,5.09
13072,5205,10294,7.55
13073,4182,2904,4.25
13074,4471,301,1.56
13075,2964,10627,7.46
13076,3021,10312,15.6
13077,4469,10448,15.31
13078,4621,1769,7.19
13079,1269,394,15.11
13080,6274,1224,2.93
13081,5701,3859,3.03
13082,1094,805,15.08
13083,3647,6188,13.15
13084,5025,4063,1.09
13085,5143,2566,1.44
13086,1442,4668,6.12
13087,2774,967,15.86
13088,4427,3347,17.6
13089,2594,1939,0.99
13090,4241,9702,16.51
13091,5686,2623,6.07
13092,5256,3366,17.17
13093,2295,5135,0.72
13094,4582,1648,17.86
13095,6689,794,3.67
13096,2312,9322,5.69
13097,97,1609,15.57
13098,6119,10584,8.15
13099,2458,5897,1.96
13100,5972,2963,0.73
13101,7246,2187,10.3
13102,6880,6770,8.03
13103,5594,657,16.05
13104,885,8503,17.23
13105,1603,1801,10.66
13106,6822,5777,5.45
13107,5569,4398,4.96
13108,3783,5466,17.45
13109,4366,8177,14.85
13110,1350,11037,13.31
13111,1206,3097,5.32
13112,2233,9952,6.98
13113,4224,9273,0.36
13114,3132,4336,12.24
13115,325,4006,14.98
13116,5257,7069,1.98
13117,5617,996,3.81
13118,6386,8989,11.64
13119,265,1732,3.41
13120,6409,5274,10.55
13121,1312,3360,14.48
13122,7326,4840,12.91
13123,2711,994,10.55
13124,903,8875,17.87
13125,3454,5468,17.16
13126,3493,7590,10.97
13127,7327,2411,5.16
13128,5299,1822,4.41
13129,3086,1988,14.75
13130,6969,3492,8.5
13131,2127,2759,4.3
13132,1937,9318,1.74
13133,7433,8138,5.12
13134,691,8309,10.26
13135,495,4333,17.46
13136,2850,7164,12.35
13137,4378,7245,5.06
13138,4170,8036,18.54
13139,5600,10463,3.99
13140,1292,4518,17.13
13141,3977,2957,2.7
13142,5677,5745,13.69
13143,5501,10360,11.19
13144,1693,7683,10.34
13145,6333,8715,7.58
13146,6152,5630,8.69
13147,7427,6212,1.05
13148,6957,4176,7.3
13149,6056,1885,17.02
13150,6103,356,4.72
13151,1849,8261,9.96
13152,4176,9790,18.05
13153,1478,921,6.59
13154,4666,2680,10.96
13155,5609,8661,18.06
13156,2929,10410,2.52
13157,7213,21,18.72
13158,6510,3239,8.93
13159,4484,4644,5.62
13160,4566,1494,18.55
13161,2403,7239,0.36
13162,2026,1206,3.78
13163,6657,4377,5.18
13164,336,9058,10.71
13165,3192,2866,17.09
13166,171,8754,16.13
13167,162,825,0.19
13168,4954,6338,5.59
13169,3576,5999,2.84
13170,3198,1292,2.94
13171,4948,8028,6.08
13172,5283,5591,19.43
13173,3377,8919,3.04
13174,622,3280,4.72
13175,3227,5940,16.53
13176,2373,3922,12.25
13177,7373,6040,2.31
13178,4006,3241,4.59
13179,1489,2089,14.6
13180,1035,1627,18.69
13181,3638,770,9.82
13182,2610,5072,9.28
13183,2329,1268,16.12
13184,1073,9172,6.85
13185,5341,8057,14.88
13186,1828,205,4.77
13187,7521,7185,10.34
13188,7324,1830,15.98
13189,1636,8777,17.38
13190,4892,8065,11.66
13191,5187,3121,6.4
13192,1347,5533,0.59
13193,3277,2483,18.85
13194,4721,3194,2.7
13195,3437,2422,14.73
13196,4843,6357,0.59
13197,3962,1366,2.56
13198,7340,4013,8.69
13199,5678,2872,18.14
13200,992,10892,7.6
13201,7206,8700,16.42
13202,3064,1877,11.97
13203,3761,3141,19.59
13204,4857,6021,1.34
13205,3573,8830,17.9
13206,5883,8360,16.28
13207,5933,2341,3.41
13208,1950,3012,4.99
13209,2493,4597,0.35
13210,5861,282,13.84
13211,6149,3109,10.46
13212,3424,9222,17.49
13213,70,2931,8.84
13214,5589,4362,1.44
13215,6449,4150,8.91
13216,7225,2927,0.18
13217,6125,3094,19.5
13218,1852,6964,7.64
13219,3656,3139,0.27
13220,1671,10437,5.83
13221,6214,6692,6.82
13222,3189,501,15.39
13223,3844,4305,6.39
13224,616,5877,1.24
13225,5005,8699,0.86
13226,1634,1587,15.24
13227,5934,1221,18.76
13228,834,6965,1.29
13229,6738,8060,9.16
13230,6365,6512,9.32
13231,5847,4147,19.61
13232,4412,2296,5.49
13233,6323,10280,17.98
13234,1494,7019,7.99
13235,6239,8942,16.2
13236,4681,217,8.89
13237,5854,6700,5.81
13238,4419,823,9.79
13239,3869,666,1.39
13240,2379,5286,9.11
13241,7362,9492,15.77
13242,147,3766,17.42
13243,1559,9731,5.57
13244,6130,8466,19.64
13245,646,7835,5.72
13246,7384,1089,18.29
13247,1531,3399,17.13
13248,295,9642,17.79
13249,951,6297,14.04
13250,213,6137,3.49
13251,3534,2419,16.49
13252,2838,8297,18.87
13253,950,10274,4.51
13254,6209,8973,5
13255,4637,2467,2.84
13256,6707,2433,1.19
13257,3799,10878,5.2
13258,6001,3551,6.85
13259,1586,821,5.32
13260,6219,7576,7.77
13261,6347,3820,16.98
13262,5212,838,14.91
13263,5592,2867,1.63
13264,1855,4469,2.34
13265,87,10140,10.41
13266,7157,6758,15.28
13267,2339,1192,11.6
13268,3279,5601,9.21
13269,1886,4480,19.66
13270,993,10734,11.91
13271,7126,6153,10.19
13272,6564,10580,14.22
13273,7264,2447,18
13274,4368,9896,8.25
13275,3260,4589,19.56
13276,4117,3813,2.39
13277,2522,6226,3.95
13278,3921,7775,14.92
13279,4085,3606,12.67
13280,5058,7815,4.67
13281,1543,5755,1.87
13282,6043,10824,5.13
13283,29,9791,13.56
13284,7033,10790,4.07
13285,4177,6839,1.99
13286,7121,2806,7.57
13287,2288,6453,14.71
13288,141,2608,15.18
13289,2792,8531,0.54
13290,1235,10841,19.32
13291,7106,7259,11.2
13292,7540,1586,12.51
13293,144,2821,7.39
13294,5081,7147,10.61
13295,1804,4106,14.71
13296,3653,6476,0.6
13297,6839,1164,10.21
13298,4445,2128,16.11
13299,236,5503,6.77
13300,6697,10576,2.84
13301,3385,5854,5.3
13302,4320,9314,4.93
13303,1793,5124,19.68
13304,1881,3732,17.79
13305,1707,5253,2.4
13306,619,1457,5.91
13307,2236,7468,7.93
13308,6288,1112,3.28
13309,7446,10587,18.54
13310,3280,957,19
13311,7006,3694,4.64
13312,4599,6162,13.88
13313,1498,5076,16.75
13314,4737,6233,19.23
13315,6600,1500,18.08
13316,2068,415,19.37
13317,4065,891,0.04
13318,5382,274,7.03
13319,7548,6241,14.83
13320,2519,10908,4.18
13321,126,7303,13.48
13322,309,10692,9.64
13323,5507,1436,5.57
13324,5451,2030,10.92
13325,6502,9384,10.13
13326,581,8280,19.18
13327,6223,587,18.98
13328,1953,9826,0.06
13329,4435,7309,2.39
13330,6150,1434,10.59
13331,6052,4388,9.84
13332,5679,6528,5.45
13333,3000,6255,8.3
13334,7392,7535,3.99
13335,7152,9342,18.09
13336,5464,4040,3.66
13337,274,10454,13.73
13338,1989,2499,18.93
13339,1890,915,4.07
13340,4356,756,18.2
13341,5397,10619,12.27
13342,5004,4022,6.33
13343,2299,3229,7.73
13344,4536,4528,18.29
13345,2119,2826,4.91
13346,3895,1713,7.27
13347,1830,8018,18.89
13348,511,10188,17.13
13349,3881,9226,6.97
13350,1961,4059,17.38
13351,1159,3769,5.79
13352,272,472,6.07
13353,456,772,11.38
13354,3686,5733,2.89
13355,4849,10862,15.25
13356,6088,5421,2.92
13357,6601,6848,15.53
13358,6390,10672,12.88
13359,602,7610,2.36
13360,7071,6422,6.85
13361,3602,2295,0.63
13362,6705,3697,2.7
13363,5785,6886,4.5
13364,5860,4865,16.01
13365,5486,314,19.95
13366,4699,309,14.3
13367,6468,8617,14.7
13368,543,9897,3.65
13369,6641,1536,5.1
13370,462,10479,12.52
13371,4291,1583,2.24
13372,5597,10382,7.84
13373,7486,6908,11.94
13374,3756,1410,19.1
13375,6175,5452,15.59
13376,2799,242,0.17
13377,4446,1092,2.49
13378,7118,3472,8.2
13379,4049,1878,0.74
13380,5716,4105,18.73
13381,5628,6826,5.07
13382,731,5258,9.55
13383,4779,3572,16.4
13384,3840,781,15.81
13385,5336,5417,5.28
13386,359,7292,4.02
13387,4570,9459,5.21
13388,5403,5074,15.34
13389,2854,7825,12.16
13390,2647,9239,10.15
13391,871,2194,2.32
13392,579,3461,17.76
13393,1348,6646,19.9
13394,1342,3772,3.27
13395,4431,10949,9.37
13396,3644,5019,19.29
13397,7179,7424,1.75
13398,2266,5768,15.72
13399,7212,6452,16.97
13400,4005,1892,18.66
13401,7304,1163,9.22
13402,4568,7212,14.05
13403,1109,6505,5.18
13404,65,872,1.22
13405,2827,7441,10.02
13406,653,8365,2.72
13407,3926,7324,10.45
13408,2316,384,6.45
13409,3949,3890,5.22
13410,4290,4557,12.17
13411,3668,3752,6.61
13412,260,1307,3.08
13413,3824,3011,0.59
13414,2971,6184,7.22
13415,5349,8768,4.15
13416,2946,1645,10.65
13417,4313,269,12.31
13418,1519,9509,12.68
13419,2698,9990,16.58
13420,4201,7345,6.94
13421,5456,10275,0.69
13422,2526,7939,11.26
13423,1507,5913,13.53
13424,4890,10131,14.24
13425,4718,6117,5.95
13426,7387,9020,1.55
13427,5993,4017,0.65
13428,5711,2220,9.66
13429,3856,7606,11.92
13430,3392,8671,15.75
13431,4817,8553,4.99
13432,6237,10535,13.03
13433,1038,10050,4.65
13434,491,1440,8.86
13435,5287,2235,17.42
13436,4604,4618,9.66
13437,932,3417,4.25
13438,699,5375,1.91
13439,3240,5495,19.75
13440,2502,6120,12.12
13441,7192,9141,18.85
13442,5197,6128,13.72
13443,5434,10882,10.79
13444,4096,9577,4.17
13445,3130,9155,6.08
13446,6374,7293,13.66
13447,1341,3721,15.53
13448,878,5104,11.6
13449,3794,397,15.71
13450,3349,6835,13.62
13451,6523,9757,3.32
13452,1918,10726,16.43
13453,1480,10950,18.6
13454,6346,8311,18.13
13455,4380,5414,18.75
13456,2892,3431,7.54
13457,2303,1993,17.39
13458,645,6720,8.92
13459,357,10276,6.44
13460,2770,3372,2.89
13461,2903,4158,18.65
13462,5453,4446,14.48
13463,4496,4685,17.5
13464,3609,7562,0.15
13465,4157,6461,9.39
13466,5940,5715,7.31
13467,4929,1862,9.99
13468,350,371,8.62
13469,390,9176,14.5
13470,6581,1616,13.32
13471,1687,3369,3.98
13472,1313,1606,16.66
13473,7290,191,14.37
13474,3439,5865,4.73
13475,241,2540,2.95
13476,3374,1097,0.81
13477,3362,9256,3.09
13478,1248,9159,16.59
13479,3188,4957,14.04
13480,6171,6356,17.29
13481,1703,10789,17.81
13482,3567,5606,9.21
13483,5123,7381,18.69
13484,678,3988,1.65
13485,5939,3512,7.26
13486,1203,7532,8.35
13487,1462,2052,3.03
13488,1365,9489,19.54
13489,268,9113,14.32
13490,688,693,10.98
13491,6865,578,14.42
13492,6596,571,19.72
13493,2018,3184,2.2
13494,4322,8172,10.89
13495,3550,864,1.51
13496,3792,4447,13.5
13497,1290,10593,15.96
13498,2860,5842,13.69
13499,7052,5428,14.63
13500,3203,10404,12.42
13501,4703,10430,15.45
13502,2012,10225,16.26
13503,444,6556,17.83
13504,3530,8058,11.33
13505,4230,179,1.59
13506,2839,8863,3.81
13507,5873,4577,8.34
13508,130,1545,19.71
13509,1167,8014,18.56
13510,7393,7029,13.35
13511,7028,5016,2.85
13512,2875,8316,19.28
13513,6359,9093,18.77
13514,4447,5765,19.84
13515,5529,3894,19.26
13516,5441,4584,12.3
13517,2972,4663,16.49
13518,5293,9003,11.47
13519,2179,3981,2.09
13520,3324,6682,19.69
13521,5881,703,12.94
13522,2076,6211,10.16
13523,5607,2513,15.68
13524,4759,10474,6.19
13525,3334,3063,17.11
13526,2955,5329,18.06
13527,626,2213,1.4
13528,1204,8939,16.97
13529,434,5994,13.62
13530,5591,6335,6.82
13531,2650,7923,14.8
13532,1814,9833,12.2
13533,3097,1812,16.77
13534,5271,8726,1.91
13535,4265,855,5.02
13536,7546,6392,5.14
13537,6313,6584,7.42
13538,5526,350,4.88
13539,3410,4048,15.88
13540,2928,10475,18.5
13541,1484,6657,5.29
13542,481,4445,4.51
13543,2907,413,11.32
13544,6542,8204,10.43
13545,6943,9822,18.93
13546,2901,9046,8.33
13547,6791,8149,4.03
13548,3976,11004,5.35
13549,3116,10248,10.02
13550,3473,8789,4.72
13551,2879,721,8.3
13552,849,8387,16.41
13553,652,862,17.78
13554,5939,460,4.33
13555,1349,6390,1.87
13556,23,5563,17.2
13557,3571,9467,17.69
13558,7072,6673,15.07
13559,2428,4688,17.86
13560,2849,10967,19.5
13561,2937,6443,3.45
13562,1418,1383,3.61
13563,2132,2178,9.37
13564,655,10488,18.1
13565,6578,5214,9.64
13566,5929,8250,6.42
13567,283,6973,18.96
13568,138,4663,13.7
13569,468,5593,3.94
13570,4684,4649,0.44
13571,3433,10561,19.16
13572,4473,8798,19.22
13573,2765,5796,12.66
13574,4539,60,6.56
13575,2383,1633,7.19
13576,3201,1801,15.75
13577,1623,445,7.68
13578,558,1728,11.13
13579,3927,6495,2.51
13580,2463,2155,2.34
13581,7417,10774,5.09
13582,5646,10323,3.57
13583,5866,9843,1.91
13584,332,394,17.01
13585,1162,8108,11.12
13586,2397,571,8.63
13587,434,8840,14.94
13588,372,9666,5.21
13589,2887,9832,1.36
13590,875,257,8.09
13591,984,1126,1.45
13592,1008,8819,2.43
13593,4534,7469,6
13594,6410,7545,16.09
13595,6875,3638,16.83
13596,4507,5887,8.23
13597,45,9345,6.91
13598,6175,7521,3.9
13599,4183,3043,4.05
13600,6256,10687,0.56
13601,7115,2047,11.44
13602,6370,8550,6.06
13603,3384,4765,19.53
13604,3344,9871,14.47
13605,4589,3541,14.97
13606,5003,1338,9.32
13607,1675,10581,15.81
13608,5666,2432,19
13609,248,10065,6.33
13610,3296,1790,19.41
13611,2967,5813,15.89
13612,4959,5733,15.59
13613,5014,9785,14.1
13614,1247,8690,14.61
13615,1494,9097,15.53
13616,7468,1685,16.17
13617,7431,6984,13.35
13618,6729,6288,6.96
13619,2213,10356,12.17
13620,4454,3446,10.45
13621,834,4812,18.59
13622,6816,3323,19.56
13623,2944,9697,9.39
13624,678,4488,1.37
13625,1904,2005,11.91
13626,7498,8857,13.3
13627,7367,652,18.01
13628,3391,11038,2.06
13629,4025,3368,5.78
13630,1592,4268,4
13631,339,10079,19.58
13632,2577,1530,7.91
13633,5953,397,0.34
13634,6244,5608,14.4
13635,5688,10237,18.63
13636,5946,6192,14.62
13637,7193,7268,4.92
13638,3548,1371,15.46
13639,1807,9089,14.54
13640,156,9827,0.42
13641,7033,732,6.82
13642,3775,4220,4.83
13643,2673,5320,6.76
13644,2761,10648,13.79
13645,654,10363,11.5
13646,377,7529,6.68
13647,3609,2015,17.62
13648,1438,3095,2.66
13649,1464,3448,8.98
13650,3197,9560,12.42
13651,195,3777,3.71
13652,3297,4142,10.51
13653,7388,4652,11.99
13654,7068,3874,7.72
13655,2454,8614,10.44
13656,1275,6775,9.82
13657,4467,1449,0.8
13658,989,4421,10.5
13659,7471,6647,14.03
13660,4489,1279,19.69
13661,2082,7416,2.87
13662,2255,10820,19.2
13663,5865,8209,7.66
13664,955,5903,13.01
13665,2238,1526,3.39
13666,6664,558,19.58
13667,5934,7666,10.4
13668,1877,8314,12.31
13669,7314,4657,17.28
13670,1922,431,11.01
13671,288,2095,3.95
13672,7400,5363,14.72
13673,1513,11082,1.86
13674,3025,827,6.99
13675,2195,2258,15.6
13676,6895,8693,14.46
13677,7144,9964,3.46
13678,2342,8205,19.29
13679,4264,3717,5.04
13680,6952,8286,11.09
13681,3638,5194,9.44
13682,5143,3513,5.64
13683,3020,4858,11.42
13684,4985,3543,19.42
13685,6713,10219,3.44
13686,3301,840,18.68
13687,1996,8554,10.41
13688,5217,7337,9.61
13689,4323,3054,16.54
13690,6821,9623,12.26
13691,2327,2987,6.23
13692,6488,10377,10.98
13693,2142,2105,18.63
13694,268,1265,1.46
13695,1411,9889,18.5
13696,513,1626,3.25
13697,6120,1780,2.9
13698,559,2333,1.72
13699,6258,9310,6.8
13700,1376,10055,14.31
13701,552,4404,7.8
13702,48,5755,1.95
13703,2552,6033,12.7
13704,541,1395,0.52
13705,1658,6974,0.86
13706,7112,3003,8.48
13707,5083,2986,7.47
13708,2897,4389,14.77
13709,3243,7451,17.35
13710,7118,1115,1.33
13711,1902,4846,8.85
13712,4612,243,15.33
13713,3852,7778,11.07
13714,5895,1323,14.5
13715,4195,2631,14.2
13716,5036,5730,16.73
13717,3371,3658,9.63
13718,3978,3960,7.97
13719,6400,6574,16.39
13720,7025,5196,6.77
13721,3989,4377,14.85
13722,3457,340,2.35
13723,7497,7195,7.55
13724,4775,1957,12.75
13725,6941,6743,3.6
13726,5286,1834,13.31
13727,3533,5432,11.46
13728,1803,335,16.49
13729,4490,7863,14.61
13730,7016,3371,10.95
13731,2185,5817,15.26
13732,7145,2169,17.85
13733,2734,1483,6.06
13734,2309,6670,2.5
13735,6171,6971,6.92
13736,2742,5625,6.02
13737,2348,7691,5.01
13738,6041,4041,16.65
13739,2144,5258,8.76
13740,247,4378,0.97
13741,6872,7131,5.62
13742,6908,4511,7.01
13743,551,7373,2.68
13744,5611,4952,14.55
13745,7328,10874,11.12
13746,2779,5555,13.86
13747,6669,9204,18.81
13748,2106,1342,10.49
13749,2167,2011,18.75
13750,6907,87,8.72
13751,3851,52,8.9
13752,3656,4468,1.04
13753,4646,7746,8.72
13754,5776,9127,13.15
13755,221,5085,0.73
13756,3723,8837,6.07
13757,3854,4872,18.33
13758,2171,199,17.27
13759,5881,705,7.1
13760,4256,7016,16.48
13761,1855,1692,9.72
13762,640,6678,17.87
13763,4496,9446,5.59
13764,2457,637,14.26
13765,3152,5133,19.94
13766,4166,10338,16.19
13767,2177,6585,0.83
13768,3422,8204,5.48
13769,1648,1110,18.87
13770,5092,4996,5.66
13771,1534,4047,6.56
13772,4938,3992,3.94
13773,5527,5215,10.22
13774,6160,8673,7.26
13775,2231,4629,15.99
13776,781,5583,8.65
13777,5738,8480,3.1
13778,6297,1335,19.26
13779,1408,5897,9.06
13780,6893,10590,11.22
13781,2926,10948,6.34
13782,1163,5940,4.03
13783,2505,2156,11.44
13784,5730,1386,7.6
13785,5358,6967,15.92
13786,4034,988,2.3
13787,2562,9332,19.97
13788,6203,4944,14.36
13789,5681,2931,5.06
13790,22,8199,13.76
13791,1568,908,10.61
13792,1835,4088,2.75
13793,7528,6276,16.63
13794,3789,4820,3.43
13795,2888,680,12.18
13796,167,7133,6.23
13797,2388,3657,5.73
13798,3565,6816,17.84
13799,6086,4230,6.21
13800,2450,6528,2.1
13801,5594,8160,8.39
13802,4868,1630,13.01
13803,6768,580,4.04
13804,501,2300,15.46
13805,3742,2363,8.4
13806,2325,5238,7.7
13807,4689,1343,6.15
13808,5486,1929,17.37
13809,4696,5786,7.32
13810,3991,3496,0.32
13811,5259,7336,12.14
13812,6331,5792,4.21
13813,724,4946,5.78
13814,222,6672,8.83
13815,494,5111,11.37
13816,1060,5267,3.16
13817,6200,6572,0.15
13818,841,9671,17.38
13819,188,3249,1.46
13820,4433,1332,11.13
13821,433,10710,9.15
13822,7239,7853,10.46
13823,6279,7289,16.34
13824,7102,287,8.41
13825,1277,10128,7.37
13826,7106,9700,17.97
13827,7373,1058,13.35
13828,4439,3463,14.71
13829,7178,5882,12.29
13830,6778,7471,0.1
13831,5857,8056,5.54
13832,4832,10756,1.88
13833,5998,419,7.87
13834,4906,5362,7.18
13835,1155,3586,4.76
13836,5731,2163,3.7
13837,5206,47,14.47
13838,2158,2768,16.63
13839,2693,6411,14.97
13840,5489,491,14.25
13841,6215,7874,11.25
13842,5316,4213,1.34
13843,5086,5000,16.67
13844,4623,4267,1.88
13845,3675,9188,19.67
13846,7136,1726,19.09
13847,6266,6191,4.05
13848,5954,7076,14.25
13849,4161,1199,13.35
13850,3303,3606,14.52
13851,7398,6274,5.6
13852,4808,8372,15.34
13853,6913,10671,14.6
13854,695,2108,3.36
13855,1342,10187,12.17
13856,5270,9380,1.38
13857,6672,9410,2
13858,5642,6540,5.31
13859,6312,8677,15.37
13860,6274,9547,15.65
13861,2127,7768,6.28
13862,5822,10249,16.08
13863,6790,5657,14.87
13864,4416,1864,6.6
13865,4671,6211,15.27
13866,5569,8721,19.85
13867,1001,3077,9.23
13868,2147,8959,18.49
13869,6392,3771,1.89
13870,6602,6811,14.95
13871,6222,6055,4.41
13872,6471,7486,12.19
13873,4803,284,19.97
13874,4566,3628,9.81
13875,400,7103,1.1
13876,3110,1912,18.23
13877,273,6769,19.54
13878,2433,9946,4.05
13879,6290,6868,16.17
13880,7235,5416,7.87
13881,3041,3963,17.12
13882,4235,8954,11.29
13883,1530,8299,9.45
13884,3115,4190,18.04
13885,1263,1909,10.54
13886,237,5283,12.17
13887,5679,8868,18.61
13888,379,1396,10.8
13889,7405,11009,11.22
13890,2601,6827,5.14
13891,941,6725,18.6
13892,7220,5183,18.72
13893,978,4153,4.68
13894,537,7057,0.35
13895,6961,10841,10.95
13896,5701,2726,8.45
13897,2266,11021,19.27
13898,1808,4101,11.78
13899,6689,7064,1.21
13900,2853,10140,18.04
13901,2768,4679,13.27
13902,1674,2783,12.1
13903,1949,7955,2.57
13904,1522,3738,4.23
13905,4061,3278,12.98
13906,5548,3920,18.56
13907,7446,774,10.77
13908,1025,63,9.37
13909,6081,10920,2.86
13910,2568,7609,0.13
13911,4363,9171,16.46
13912,1305,10452,14.63
13913,1150,3383,4.64
13914,5073,658,4.95
13915,4090,9930,3.75
13916,5626,3929,5.61
13917,7364,7642,13
13918,2646,619,2.42
13919,5618,8491,19.79
13920,3662,565,0.67
13921,4465,3711,15.04
13922,4789,8886,0.81
13923,7486,7887,15.59
13924,201,10044,13.98
13925,4328,7635,18.6
13926,7057,10186,0.06
13927,3957,9180,1.42
13928,2652,10537,6.61
13929,3231,1971,9.33
13930,2483,7948,15.14
13931,7203,210,19.96
13932,5243,9385,10.69
13933,3505,4483,6.46
13934,2669,1145,11.64
13935,1986,4951,19.53
13936,373,3996,10.21
13937,245,5688,8.05
13938,897,206,13.4
13939,3475,8202,11.42
13940,5391,4166,12.02
13941,1190,8470,15.35
13942,1898,10259,14.55
13943,370,3223,16.23
13944,1934,6708,12.1
13945,4386,10969,2.62
13946,2254,8973,0.63
13947,5732,3719,9.07
13948,2869,6817,8.91
13949,3935,4260,11.28
13950,6801,9290,1.2
13951,4529,11116,16.41
13952,3477,1409,18.78
13953,6736,9337,11.39
13954,7165,4204,14.05
13955,6391,6520,4.32
13956,2661,7263,2.78
13957,2898,5907,17.57
13958,4125,5920,9.59
13959,3008,872,17.57
13960,6047,10362,6.2
13961,4663,3915,4.9
13962,3261,5444,13.48
13963,1889,4653,17.79
13964,7089,2531,12.36
13965,4919,5487,17.23
13966,6478,2785,12.99
13967,4267,7031,9.89
13968,1915,9798,5.24
13969,3346,9892,3.61
13970,2913,948,17.79
13971,5879,722,8.97
13972,5001,1123,14.22
13973,6016,1275,14.44
13974,4714,1226,5.52
13975,7205,10059,9.76
13976,3239,2086,10.47
13977,3066,829,6.41
13978,5876,9689,18
13979,1582,7502,18.68
13980,4429,512,16.91
13981,4120,8431,13.54
13982,2447,2738,10.66
13983,4072,10084,3.51
13984,3502,10011,8.83
13985,3868,4977,4.49
13986,4151,9498,0.27
13987,5178,9614,11.8
13988,6394,3439,3.36
13989,3650,11062,17.11
13990,3090,6735,3.68
13991,6772,4308,13.16
13992,6845,7065,19.55
13993,6983,7139,10.46
13994,4148,2245,1.46
13995,6755,3898,10.64
13996,6936,4747,15.11
13997,3856,8072,1.68
13998,1174,7729,4.34
13999,2013,6813,2.4
14000,1677,6751,13.25
14001,2475,1047,9.94
14002,7066,9784,8.4
14003,2116,3465,2.47
14004,4,7931,11.2
14005,2784,1381,8.78
14006,2054,2563,7.86
14007,6426,8101,8.78
14008,6499,2256,4.47
14009,2175,2106,4.28
14010,6017,543,10.57
14011,4149,3529,0.45
14012,4866,10343,6.55
14013,3982,3544,3.43
14014,5085,8749,10.64
14015,829,7361,16.78
14016,340,8908,6.98
14017,1913,4025,1.93
14018,1371,6666,0.71
14019,5070,2407,14.69
14020,5943,2736,18.85
14021,6641,7929,11.09
14022,2729,7831,18.67
14023,6512,9840,12.67
14024,2455,935,10.98
14025,3226,5911,7.1
14026,6173,10095,13.76
14027,5068,4635,7.47
14028,6304,4081,6.49
14029,2079,4495,8.56
14030,2537,10729,16.87
14031,4761,3546,12.36
14032,7472,10262,0.5
14033,127,2924,19.84
14034,2994,1958,18.65
14035,358,8326,3.53
14036,3520,841,13.02
14037,2816,5790,17.73
14038,6720,9719,10.49
14039,5790,3964,4.87
14040,6714,3507,11.98
14041,2371,2112,13.4
14042,102,1389,18.78
14043,6856,5787,6.12
14044,2446,4837,5.71
14045,3074,4970,4.74
14046,5297,2788,12.77
14047,3044,2471,9.16
14048,902,2632,4.08
14049,5171,5975,5.07
14050,556,9647,11.26
14051,757,2478,0.2
14052,2425,2782,4.03
14053,6395,11029,16
14054,2979,4021,18.77
14055,4445,7941,6.56
14056,6994,10549,14.17
14057,4160,10312,9.01
14058,6802,9965,8.91
14059,4286,4729,3.85
14060,657,7866,17.66
14061,1042,4491,15.36
14062,4760,4721,12.51
14063,4470,8364,7.69
14064,4112,3298,1.23
14065,6176,5616,5.53
14066,7334,3272,7.44
14067,1112,6776,3.83
14068,3143,3995,14.8
14069,1956,8259,5.89
14070,5027,6621,4.89
14071,2018,10799,13.52
14072,6571,1423,0.01
14073,5476,2705,13.6
14074,4230,9615,13.64
14075,6029,365,9.69
14076,4019,137,10.55
14077,1280,3101,3.94
14078,512,3240,16.34
14079,6563,1374,8.11
14080,577,7547,3.31
14081,1771,7865,0.8
14082,4777,1119,7.53
14083,1955,7541,8.68
14084,999,3895,0.37
14085,800,1205,19.29
14086,4814,136,2.81
14087,814,6298,12.3
14088,1533,10515,12.59
14089,3242,2287,18.03
14090,3282,2416,6.32
14091,809,10295,2.88
14092,2783,10061,13.96
14093,882,1512,8.47
14094,4140,10210,3.25
14095,5474,10876,13.95
14096,6053,2577,11.83
14097,874,9791,17.79
14098,4121,7983,3.96
14099,2278,10382,9.54
14100,2628,8790,13.31
14101,323,5383,7.76
14102,5379,10309,6.65
14103,3471,4771,11.36
14104,1052,10597,9.49
14105,5677,7366,2.29
14106,6888,2663,7.16
14107,7129,7749,1.94
14108,4211,6196,6
14109,1299,1610,10.58
14110,71,5,18.76
14111,987,6138,16.58
14112,6865,7629,0.23
14113,349,7097,13.89
14114,211,3979,3.25
14115,1720,11007,7.53
14116,1487,3523,8.92
14117,4297,4576,3.68
14118,202,10527,12.21
14119,5767,2570,15.28
14120,3865,2204,3.6
14121,6065,1989,9.07
14122,6547,2402,13.72
14123,643,1898,16.63
14124,1079,5098,19.51
14125,6039,1874,4.2
14126,3462,6658,16.68
14127,4896,5868,13.09
14128,5616,3961,18.06
14129,6330,5120,6.22
14130,3206,3812,13.21
14131,243,3798,14.43
14132,1744,8920,2.43
14133,4783,3660,18.96
14134,1234,5063,4.68
14135,5956,5594,13.81
14136,7161,2293,17.65
14137,7447,499,3.08
14138,4325,9095,1.97
14139,5399,3729,10.24
14140,727,3775,12.58
14141,555,1039,11.33
14142,2881,2117,12.77
14143,1340,8052,7.62
14144,821,193,1.43
14145,7197,3435,17.09
14146,5771,182,15.81
14147,7309,9001,8.62
14148,1748,6928,0.99
14149,5609,3062,9.48
14150,3031,8728,3.1
14151,1499,4564,4.67
14152,1124,4103,13.87
14153,6883,1097,5.34
14154,7036,293,0.09
14155,6753,2350,8.27
14156,726,8061,1.54
14157,4627,5398,15.34
14158,4331,10504,18.58
14159,6048,1581,8.63
14160,6328,1833,5.57
14161,2296,4355,14.81
14162,3529,7414,2.52
14163,6403,4383,11.68
14164,2826,5947,0
14165,5435,4346,14.25
14166,1003,2131,18.11
14167,7402,1670,4.68
14168,100,1574,5.21
14169,3229,5773,12.25
14170,4232,2930,13.75
14171,5482,5156,13.81
14172,7214,4700,14.3
14173,3986,9858,17.89
14174,6028,5919,9.67
14175,7426,10496,16.43
14176,7494,7335,3.11
14177,1816,4280,1.14
14178,3473,4349,2.2
14179,2243,219,1.85
14180,6520,8978,0.89
14181,595,2688,8.92
14182,6034,9217,19.69
14183,6595,4855,2.76
14184,6610,8575,16.98
14185,1323,6697,2.37
14186,6712,4522,18.54
14187,5792,860,12.67
14188,2901,2352,7.36
14189,5638,2961,10.85
14190,4379,8448,18.26
14191,7408,7194,1.67
14192,4494,10759,0.16
14193,5479,4192,11.63
14194,6116,6089,19.12
14195,3476,2090,18.11
14196,1946,4892,11.78
14197,4169,4489,13.62
14198,6129,6843,7.29
14199,4202,7123,0.2
14200,77,169,8.94
14201,2956,1159,1.77
14202,5273,3409,17.82
14203,277,4955,11.65
14204,5370,9926,3.57
14205,7256,584,9.02
14206,6905,4817,6.27
14207,5396,4078,3.61
14208,6043,1665,3.69
14209,4831,3403,7.23
14210,1226,3899,11.65
14211,5702,7620,15.72
14212,7442,5239,6.26
14213,1381,6309,9.69
14214,7397,9683,16.61
14215,7506,4920,15.6
14216,3932,10247,6.46
14217,4164,9879,15.39
14218,6465,6290,9.61
14219,2429,10270,14.21
14220,4593,3500,6.19
14221,1887,8413,4.21
14222,4987,35,5.59
14223,3961,5949,9.69
14224,2689,7215,9.12
14225,5089,6956,13.13
14226,6638,9794,3.54
14227,2101,4508,8.19
14228,6272,3404,13.08
14229,1010,10972,11.94
14230,6600,6905,9.44
14231,149,3009,12.79
14232,1100,17,13.15
14233,4458,7110,19.25
14234,263,7074,15.93
14235,3685,10578,6.68
14236,2823,5018,17.53
14237,6582,2077,15.24
14238,997,3872,16.72
14239,7316,4796,18.31
14240,2820,4402,10.13
14241,2963,5727,5.45
14242,4257,628,12.81
14243,795,2041,5.62
14244,3098,3244,17.92
14245,212,9065,12.44
14246,4865,1875,12.12
14247,4721,9582,15.72
14248,4584,5311,18.53
14249,6833,9554,8.55
14250,3956,10507,8.77
14251,6857,2346,1.08
14252,5841,4607,1.02
14253,1724,3040,17.27
14254,3866,8409,15.52
14255,2361,9426,16.93
14256,4442,1601,11.73
14257,1230,7991,4.49
14258,3006,1353,12.79
14259,5151,8685,4.79
14260,7233,2571,10.87
14261,3450,792,4.42
14262,4576,1365,5.52
14263,7327,779,3.61
14264,491,958,7.04
14265,1857,4023,5.35
14266,3331,10797,4.19
14267,4946,2036,2.28
14268,7266,9945,6.25
14269,544,2116,17.49
14270,5501,3854,9.27
14271,3157,7668,6.64
14272,1664,9552,15.19
14273,6288,9655,9.13
14274,1871,5886,2.5
14275,683,4000,15.18
14276,6896,770,10.91
14277,1254,6460,16.33
14278,84,9918,6.08
14279,4459,2309,13.76
14280,1497,9564,13.62
14281,2546,6615,4.2
14282,5690,6719,8.78
14283,1092,577,11.54
14284,3910,204,2.78
14285,3736,10124,5.76
14286,3472,11016,15.24
14287,806,6841,19.34
14288,4087,987,1.81
14289,3484,2338,13.66
14290,4609,6654,7.59
14291,6738,10655,18.12
14292,6064,4608,11.94
14293,7087,5901,7.87
14294,919,2588,0.83
14295,383,9550,7.01
14296,3493,4545,1
14297,1347,4442,10.78
14298,2176,2762,19.22
14299,3819,8030,8.42
14300,3305,8402,16.55
14301,1968,859,15.75
14302,3203,2854,4.16
14303,7091,3549,19.58
14304,5794,3104,8.24
14305,7394,6217,18.88
14306,719,7045,14.8
14307,5942,2386,8.37
14308,2767,8725,16.53
14309,4104,1813,7.61
14310,1443,2060,5.43
14311,3781,5724,7.73
14312,860,4845,2.32
14313,3945,9723,18.08
14314,2650,5751,11.45
14315,5015,7043,3.19
14316,1343,10188,18.97
14317,4062,7316,3.59
14318,1237,3526,1.84
14319,5652,8558,10.79
14320,119,2601,0.78
14321,946,8206,10.48
14322,3710,1435,8.91
14323,906,8304,3.85
14324,113,8613,7.09
14325,3665,9308,18.48
14326,6940,3803,0.96
14327,2157,7697,9.13
14328,5505,6870,19.48
14329,5349,4060,8.22
14330,4748,4302,15.19
14331,4421,5909,1.04
14332,7230,8350,16.27
14333,7445,10555,17.33
14334,4186,9726,15.24
14335,229,782,3.32
14336,2682,336,8.08
14337,1688,7819,1.87
14338,3795,8406,7.81
14339,7079,9596,11.04
14340,3495,1368,4.56
14341,3274,1045,11.03
14342,5254,7939,19.56
14343,1587,9453,16.83
14344,293,5595,2.25
14345,767,5374,15.26
14346,6285,3975,11.67
14347,5506,19,19.62
14348,2648,7738,6.52
14349,7529,8627,13.28
14350,1297,4638,16.88
14351,4273,7284,5.89
14352,4939,2097,16.79
14353,303,4822,15.56
14354,6507,305,14.33
14355,5414,10813,7.71
14356,6180,10326,8.83
14357,7170,10376,13.4
14358,1542,8624,4.79
14359,741,7024,1.29
14360,5987,4165,0.2
14361,6147,2426,7.7
14362,4228,9174,2.21
14363,4284,2576,14.72
14364,6620,7944,7.16
14365,3587,5942,19.24
14366,2118,151,10.66
14367,7116,2838,10.44
14368,644,8686,10.33
14369,3370,4609,12.09
14370,4519,3637,3.48
14371,488,8054,3.9
14372,1304,1730,6.3
14373,1890,5399,10.77
14374,2872,286,2.6
14375,5105,8386,17.22
14376,2192,9870,8.83
14377,5997,11067,18.04
14378,1676,8046,15.97
14379,3270,2671,12.97
14380,3080,3542,15.47
14381,1199,10639,2.03
14382,2757,4969,7.03
14383,1642,11001,4.75
14384,6925,1068,16.29
14385,4179,3245,2.13
14386,3874,4125,19.01
14387,5067,1693,15.77
14388,1556,4072,15.7
14389,4983,6996,12.55
14390,601,6230,19.14
14391,3672,1927,11.99
14392,26,6608,10.27
14393,3511,7737,11.85
14394,3232,9708,5.38
14395,7518,3115,10.91
14396,1232,6160,18.88
14397,5247,3851,18
14398,6329,1953,15.7
14399,3327,5294,14.93
14400,5467,9925,5.54
14401,4509,7712,4.03
14402,7395,6731,16.08
14403,4133,3635,12.01
14404,6852,8813,9.48
14405,658,78,16.38
14406,4401,3601,2.06
14407,2907,876,18.67
14408,6708,1937,15.33
14409,5383,3001,2.25
14410,6497,9083,4.37
14411,6996,9124,9.74
14412,4048,7714,9.02
14413,6985,3057,13.52
14414,5326,8397,2.43
14415,6935,10546,14.26
14416,6676,8320,7.16
14417,5492,2437,14.86
14418,7290,1377,1.98
14419,3941,8063,12.92
14420,6195,8657,6.38
14421,5613,10062,17.48
14422,5042,4168,10.28
14423,3182,2703,2.1
14424,4501,7330,1.61
14425,5636,3282,18.81
14426,3849,1284,8.71
14427,3929,10681,17.17
14428,2322,4251,10.69
14429,2974,7050,11.98
14430,2365,5879,11.02
14431,7336,2980,6.32
14432,1286,1326,13.73
14433,835,2814,16.77
14434,1428,10018,1.45
14435,3593,2294,3.16
14436,6596,4852,1.4
14437,5306,7581,10.49
14438,2910,8257,6.94
14439,2030,2334,2.62
14440,1716,8519,10.78
14441,3009,7384,9.16
14442,3914,1465,16.35
14443,4102,5167,13.06
14444,3592,2466,3.31
14445,1704,7838,3.74
14446,4085,8426,11.78
14447,7001,670,9.12
14448,318,1641,19.99
14449,722,3109,12.58
14450,1321,6153,13.91
14451,4299,4317,0.4
14452,2749,3769,6.75
14453,6250,5061,8.29
14454,6633,6146,7.34
14455,4746,5559,8.24
14456,1183,2188,0.75
14457,6368,1455,4.84
14458,1014,967,16.47
14459,3688,2558,1.19
14460,4742,4229,3.67
14461,5687,1951,2.04
14462,5438,439,16.26
14463,6126,3164,0.38
14464,140,2358,5.82
14465,4015,3877,4.9
14466,4227,6889,11.8
14467,6504,10491,17.73
14468,542,3434,16.87
14469,395,1603,2.79
14470,3397,3691,18.95
14471,3755,1838,7.81
14472,2630,5830,5.89
14473,5165,8904,6.14
14474,6020,10993,6.18
14475,7200,8186,4.45
14476,4976,1559,2.15
14477,3453,7088,17.79
14478,1621,2115,1.65
14479,4213,5447,8.17
14480,2752,1524,16.81
14481,3556,7748,7.26
14482,3567,9050,1.06
14483,6781,6085,13.23
14484,1427,5950,1.99
14485,6388,6609,18.16
14486,5094,1347,8.9
14487,1972,4390,2.75
14488,3648,1596,8.61
14489,732,9135,11.58
14490,2141,8148,5.05
14491,1188,9648,2.85
14492,744,290,14.88
14493,4050,7849,3.54
14494,2498,1139,12.57
14495,7544,9040,12.63
14496,4512,6853,7.43
14497,3816,6949,13.52
14498,705,3267,10.19
14499,3622,5396,18.7
14500,3900,2100,3.72
14501,2953,530,9.07
14502,1303,1967,7.64
14503,7423,5228,4.41
14504,714,1854,3.54
14505,6265,6214,8.6
14506,3531,2348,16.04
14507,7014,9738,17.49
14508,1402,289,10.57
14509,6023,3804,1.47
14510,4392,10762,17.37
14511,7297,3710,17.31
14512,4995,1508,5.86
14513,5519,10012,10.13
14514,4916,6142,18.29
14515,3318,3331,8.24
14516,1805,1606,1.56
14517,6533,10352,14.76
14518,444,10263,12.38
14519,5903,145,3.04
14520,854,1444,16.55
14521,27,10443,1.24
14522,5159,10094,19.37
14523,6924,7063,9.3
14524,4359,5551,6.97
14525,6460,10536,6.91
14526,7339,1964,17.5
14527,7263,2568,9.22
14528,4079,8842,12.87
14529,6920,4032,0.79
14530,4338,786,18.79
14531,4308,8539,12.05
14532,361,7033,6.41
14533,6363,10707,4.28
14534,5327,5638,5.12
14535,3004,4272,4.17
14536,3343,8930,6.7
14537,1560,3087,4.66
14538,7303,10071,3.74
14539,4075,10368,3.85
14540,6958,8838,14.33
14541,539,7659,17.85
14542,5321,4199,18.62
14543,7391,5964,10.73
14544,6373,4271,15.42
14545,3916,9329,16.46
14546,6673,5004,3.39
14547,3897,5146,8.24
14548,1244,6745,15.04
14549,514,5973,18.16
14550,3620,10894,6.56
14551,3510,9994,15.96
14552,2067,7246,13.12
14553,1323,6322,7.31
14554,4980,10688,19.12
14555,6723,5998,8.38
14556,6854,4911,5.63
14557,2514,1220,8.78
14558,5750,2861,15.81
14559,4105,10916,12.85
14560,5497,10378,7.11
14561,2939,9072,5.04
14562,2572,7540,17.56
14563,466,6101,12.5
14564,839,4705,6.16
14565,7337,7697,14.32
14566,1221,4103,4.45
14567,2453,10709,3.05
14568,6483,6188,2.63
14569,7132,1710,18.09
14570,5120,8484,14.87
14571,1491,673,13.08
14572,4924,3096,7.18
14573,1241,6621,8.51
14574,2600,694,8.38
14575,1560,1580,12.51
14576,1573,119,15.43
14577,583,9811,6.22
14578,6844,3194,4.73
14579,6305,3955,18.87
14580,129,5486,0.5
14581,974,6302,15.56
14582,6198,2026,7.08
14583,5660,764,13.22
14584,1788,7618,3.45
14585,855,10485,9.08
14586,2332,9157,10.61
14587,6471,4415,16.11
14588,1398,6592,10.95
14589,2451,6240,17.9
14590,3847,8067,17.92
14591,1257,9761,11.16
14592,5664,5652,11.98
14593,6115,3830,0.3
14594,6101,6756,0.22
14595,6173,7438,4.54
14596,2364,10766,13.59
14597,2979,9330,3.29
14598,904,9599,5.99
14599,621,7135,15.58
14600,5271,2850,6.53
14601,2317,10781,14.7
14602,3587,2489,19.34
14603,3400,237,15.35
14604,5480,1365,0.83
14605,3641,801,18.29
14606,4381,7191,19.4
14607,1040,2318,6.62
14608,5414,2684,9.66
14609,5832,5638,18.69
14610,1502,2938,14.78
14611,5974,6109,8.11
14612,2660,7779,14.1
14613,6077,9688,2.14
14614,1471,3527,12.45
14615,1529,7115,14.57
14616,7408,2902,13.17
14617,1360,7488,18.43
14618,4165,3832,10.18
14619,4048,10631,9.65
14620,7165,371,14.92
14621,7,2236,0.65
14622,7054,8588,8.22
14623,1362,6470,17.6
14624,2938,9079,0.48
14625,2513,7592,14.04
14626,1649,151,14.37
14627,6423,5006,6.16
14628,2944,4652,15.76
14629,4700,6038,2.27
14630,5439,3668,12.1
14631,7514,5416,16.09
14632,666,4187,12.76
14633,6085,7259,7.9
14634,397,4632,10.62
14635,1779,6278,9.03
14636,7153,4773,18.44
14637,1381,9950,19.17
14638,4638,6239,0.2
14639,2160,480,18.94
14640,104,1443,7.84
14641,1650,7532,12.24
14642,2499,4900,15.39
14643,1065,9619,0.75
14644,7149,5354,1.88
14645,7093,1351,14.44
14646,1400,6383,0.67
14647,3273,2984,1.63
14648,4239,8599,7.27
14649,4908,10487,12.99
14650,4119,4453,5.48
14651,1401,5563,8.28
14652,4943,5014,2.62
14653,7483,1346,11.41
14654,527,11075,13.08
14655,4060,8320,16.52
14656,138,4740,1.39
14657,1457,5632,8.86
14658,1365,2893,0.77
14659,860,7324,8.48
14660,4648,10602,5.44
14661,1661,9842,5.01
14662,3019,6531,12.87
14663,5121,9982,11.76
14664,701,7391,1.76
14665,6523,6779,12.71
14666,3293,3101,2.33
14667,5337,8481,8.54
14668,4719,2715,16.88
14669,5747,4135,16.98
14670,897,7169,13.27
14671,103,7293,18.8
14672,7259,7216,17.88
14673,5222,2747,7.68
14674,2297,1553,3.7
14675,133,426,8.96
14676,1234,695,9.9
14677,5189,10814,11.86
14678,2348,9353,5
14679,6837,614,3.53
14680,5853,6987,14.8
14681,2958,6063,7.34
14682,3487,329,16.03
14683,7328,5181,2.24
14684,4784,479,5.14
14685,3811,10198,14.72
14686,3659,3954,15.45
14687,4850,6464,5.77
14688,512,720,0.38
14689,4169,1883,15.94
14690,5652,7090,19.92
14691,1485,3122,13.35
14692,535,525,4.29
14693,3130,7111,0.49
14694,5994,3683,6.38
14695,4948,7471,5.88
14696,7415,9742,7.16
14697,4563,8342,3.93
14698,2486,5693,12.38
14699,3449,141,3.37
14700,3973,8740,8.09
14701,3405,3491,15.93
14702,6030,3987,10.76
14703,1063,5035,13.66
14704,6659,11089,11.8
14705,7508,10812,9.02
14706,565,3378,12.47
14707,6232,9434,17.31
14708,63,7622,17.2
14709,6143,3246,6.13
14710,2328,8543,0.5
14711,5562,8645,9.58
14712,1604,3442,6.11
14713,2750,3075,16.64
14714,1645,4630,2.87
14715,5844,930,0.95
14716,3463,5644,4.61
14717,4940,2580,4.77
14718,3512,2483,9.97
14719,235,8570,10.91
14720,2225,3397,13.29
14721,8,9749,0.4
14722,6571,7620,15.01
14723,3870,10772,3.04
14724,3215,6087,1.51
14725,6296,10556,0.97
14726,1050,483,16.62
14727,5468,10027,18.53
14728,6237,1132,10.15
14729,5456,9816,12.54
14730,5024,2498,1.9
14731,7502,1801,13.99
14732,7289,5620,6.55
14733,1368,6664,3.24
14734,5260,2625,4.5
14735,1682,2088,7.36
14736,624,4045,16.25
14737,2247,4800,6.88
14738,163,1774,18.63
14739,949,9560,14.37
14740,2695,5276,12.9
14741,1912,6409,1.51
14742,5166,3468,5.47
14743,648,4176,15.17
14744,4206,10149,15.4
14745,1954,5244,8.75
14746,281,569,16.08
14747,689,2176,1.74
14748,7450,6792,7.91
14749,5890,5700,9.26
14750,5949,1530,10.72
14751,3086,2040,3.21
14752,4058,8614,2.23
14753,6394,1414,1.11
14754,816,3385,17.38
14755,4333,536,0.25
14756,1209,7251,9.94
14757,7523,3242,5.61
14758,758,2754,8.33
14759,3648,2052,2.67
14760,1944,6036,5.33
14761,6525,884,15.73
14762,5932,4122,11.28
14763,5086,10274,12.83
14764,3704,1999,11.48
14765,381,732,10.67
14766,5254,9815,4.9
14767,5034,3879,18.1
14768,4021,915,1.11
14769,1334,4720,13.94
14770,1587,2341,6.96
14771,5613,1355,12.05
14772,5872,10984,2.51
14773,1646,3396,19.14
14774,2399,2299,13.74
14775,3831,10841,3.49
14776,6156,4275,16.46
14777,7005,9457,0.65
14778,5824,6523,19.79
14779,1887,7087,0.13
14780,7423,7156,8.38
14781,2209,4768,11.51
14782,109,85,12.21
14783,6412,3471,19.72
14784,194,4937,13.45
14785,6546,4767,4.76
14786,538,2996,4.68
14787,6027,4586,16.72
14788,1795,10534,3.31
14789,2426,9205,2.61
14790,4900,6890,12.55
14791,2845,932,3.21
14792,7215,8077,15.82
14793,5450,5527,2.25
14794,2042,2646,17.6
14795,5374,10183,17.35
14796,3110,886,4.29
14797,402,282,7.56
14798,3225,9211,0.46
14799,2124,4107,4.53
14800,2251,1614,14.37
14801,1821,1793,17.78
14802,1792,3769,9.69
14803,3461,2622,5.55
14804,172,10002,11.43
14805,3891,4449,2.84
14806,6163,3041,10.7
14807,3552,1730,10.65
14808,2326,7818,5.52
14809,6541,738,18.78
14810,5918,4380,16.12
14811,4691,8433,11.79
14812,1467,5219,8.01
14813,804,8780,15.92
14814,739,4047,19.51
14815,799,7464,0.82
14816,3697,9861,2.81
14817,2532,4039,11.77
14818,6816,2366,5.93
14819,1542,5965,16.48
14820,6971,8020,1.49
14821,190,397,3.93
14822,7261,2920,10.17
14823,6585,3412,17.11
14824,197,7505,14.06
14825,3739,7481,15.76
14826,2090,10325,4.2
14827,6539,1038,14.61
14828,4708,9864,7.3
14829,4609,7956,13.48
14830,5672,3405,1.08
14831,7258,8308,0.73
14832,3576,6855,0.21
14833,522,3158,5.57
14834,367,5945,13.77
14835,3083,2962,15.66
14836,697,3382,4.02
14837,4880,1254,11.58
14838,2443,2173,17.81
14839,1319,2538,1.44
14840,7117,10248,1.61
14841,1512,2642,4.94
14842,5952,6335,6.88
14843,3194,6374,13.29
14844,6409,6220,15.3
14845,2795,7257,1.29
14846,2220,6736,4.44
14847,4911,3756,17.23
14848,2906,10419,6.87
14849,4224,10428,2.65
14850,813,1347,9.83
14851,2502,6473,0.37
14852,1161,1686,0.23
14853,6444,2983,19.43
14854,5584,7063,1.03
14855,6304,8363,18.77
14856,6106,7862,5.14
14857,6121,6034,9.05
14858,4697,7328,13.11
14859,532,11036,8.72
14860,412,7943,8.53
14861,4997,6408,19.71
14862,4594,8271,11.81
14863,5677,339,16.88
14864,3803,5829,14.62
14865,332,3327,11.88
14866,6316,7732,19.47
14867,6791,1442,2.06
14868,3442,10885,13.59
14869,4380,1524,10.35
14870,973,8400,9.45
14871,3259,769,7.77
14872,300,5566,19.75
14873,4969,5974,10.29
14874,4932,9141,10.07
14875,3392,7898,5.28
14876,4093,8860,3.52
14877,2764,3845,0.49
14878,2456,6021,11.72
14879,7192,10134,13.31
14880,3845,5034,11.9
14881,4260,343,8.25
14882,7124,7900,19.81
14883,559,1067,10.74
14884,1432,4573,11.27
14885,4088,9940,7.93
14886,6589,4308,13.33
14887,3493,2225,13.48
14888,619,6230,14.12
14889,4493,4875,4.11
14890,1341,7591,1.51
14891,4359,204,7.89
14892,6202,2334,0.29
14893,2460,2308,6.05
14894,7096,2028,4.33
14895,2559,7994,4.4
14896,69,3630,7
14897,653,9041,11.23
14898,7500,10257,5.74
14899,1897,482,14.65
14900,2018,37,8.33
14901,3357,2045,16.94
14902,4819,6684,2.07
14903,2416,2031,8.45
14904,6812,1575,1.38
14905,4012,10395,2.23
14906,4073,9850,17.47
14907,6349,6424,8.25
14908,1637,7290,8.09
14909,5803,10593,11.56
14910,3517,4961,7
14911,806,451,19.7
14912,3389,1780,10.07
14913,7398,6390,1.38
14914,2267,5795,11.33
14915,3284,564,9.83
14916,1772,404,3.63
14917,6460,7212,8.16
14918,3629,6657,19.19
14919,6716,826,5.94
14920,330,1707,5
14921,4391,59,17.94
14922,60,5157,6.38
14923,4926,8291,3.93
14924,6510,689,8.17
14925,6888,4307,7.37
14926,2134,4447,8.68
14927,2729,4003,3.28
14928,5139,8657,13.41
14929,506,5509,1.23
14930,1921,8784,0.59
14931,404,899,10.32
14932,7507,9991,14.75
14933,7228,529,0.27
14934,1777,4642,6.52
14935,4461,241,8.18
14936,1088,7997,11.66
14937,5432,3224,15.95
14938,1727,10174,1.81
14939,2441,8519,2.63
14940,2624,10890,10.61
14941,481,6769,13.25
14942,6983,592,14
14943,4471,7800,0.83
14944,5638,8004,2.84
14945,6607,2445,6.53
14946,571,2620,7.93
14947,4328,4991,2.89
14948,4200,10789,8.42
14949,5856,7021,8.74
14950,4342,3868,18.04
14951,6961,5060,5.08
14952,2146,6192,6.06
14953,7025,9355,12.87
14954,4346,1083,4.99
14955,2231,5918,13.78
14956,667,3456,12.22
14957,6351,5250,14.93
14958,2352,4576,7.14
14959,1107,3440,16.5
14960,800,5785,13.76
14961,7266,7381,9.65
14962,7377,3295,2.24
14963,1283,3490,9.23
14964,283,938,9.26
14965,4252,6401,6.34
14966,7219,10919,18.06
14967,6750,10759,18.69
14968,5906,8744,4.62
14969,5350,6475,18.83
14970,7121,1491,4.23
14971,1423,6045,1.53
14972,5233,3207,5.27
14973,4287,606,0.19
14974,2150,9830,6.28
14975,7128,4635,10.4
14976,6685,3421,4.85
14977,4238,648,19.56
14978,6424,10120,0.6
14979,2301,4485,5.22
14980,4362,9096,18.69
14981,5384,7264,0.38
14982,5999,3976,14.21
14983,3698,910,19.81
14984,7318,2630,10.27
14985,3892,6195,19.2
14986,683,1798,12.33
14987,5396,1911,8.26
14988,6021,2157,9.53
14989,6866,8509,4.49
14990,1460,4461,12.41
14991,2287,4783,4
14992,1875,598,16.57
14993,2556,3657,14.7
14994,7100,8348,15.3
14995,89,4001,17.67
14996,7395,8033,15.1
14997,941,6061,3.4
14998,2242,3494,18.76
14999,1766,7334,14.86
15000,1975,2579,8.24
15001,5609,3849,7.84
15002,4425,9961,9.65
15003,3824,7747,13.17
15004,1910,6018,7.85
15005,7506,5719,14.67
15006,7242,7396,13.11
15007,7142,2240,2.89
15008,6457,10654,0.63
15009,945,11058,16
15010,4912,7110,6.26
15011,6382,5775,6.64
15012,2873,2380,4.91
15013,2407,7771,9.42
15014,1349,10850,15.94
15015,5349,4230,4.56
15016,3046,10751,17.42
15017,1867,8492,11.03
15018,5483,7858,10.58
15019,6858,2419,9.88
15020,5173,4663,12.94
15021,3101,7058,13.6
15022,2760,1415,6.23
15023,6595,8094,14.77
15024,58,5960,16.68
15025,5227,440,9.83
15026,6425,1972,14.39
15027,1636,6820,9.63
15028,1559,1720,14.99
15029,4820,5028,6.42
15030,6744,1383,8.99
15031,5833,10575,19.82
15032,6240,8746,0.82
15033,6969,2122,10.7
15034,1857,10742,19.99
15035,5754,2863,6.16
15036,1664,7735,11.24
15037,3734,9886,16.06
15038,3003,4989,12.19
15039,2207,6,12.25
15040,5110,1426,0.52
15041,6243,9062,16.62
15042,6096,6436,1.13
15043,3283,446,0.96
15044,317,927,12.96
15045,7111,9119,13.81
15046,3015,7033,8.92
15047,1295,4804,5.59
15048,1576,10896,5.92
15049,2846,4590,16.14
15050,1266,9161,7.09
15051,4552,9402,6.94
15052,1507,10216,16.33
15053,1727,513,14.89
15054,7411,4899,17.19
15055,4131,9096,16.54
15056,3657,5443,8.44
15057,4200,9697,6.65
15058,7472,10875,1.28
15059,2814,793,8.25
15060,6835,7319,9.9
15061,3936,14,14.65
15062,245,8660,14.38
15063,6744,6976,8.13
15064,6217,902,7.01
15065,1561,10768,6.18
15066,5948,4780,18.56
15067,2986,10221,13.81
15068,6146,8290,6.17
15069,5061,9771,10.05
15070,783,7955,14.5
15071,4216,6409,1.37
15072,572,4291,13.72
15073,3669,1842,15.27
15074,4384,8001,16.49
15075,3815,1962,5.72
15076,1985,10111,17.27
15077,3841,6440,3.53
15078,104,6802,0.89
15079,6225,8098,15.23
15080,2142,9616,7.71
15081,3119,214,3.56
15082,3658,3617,10.5
15083,6739,5110,19.22
15084,6932,895,9.74
15085,5222,10238,6.03
15086,4359,6100,18.26
15087,6110,2171,3.48
15088,6510,654,16.77
15089,7258,149,11.4
15090,2230,1628,15.67
15091,3310,4047,1.03
15092,1848,3913,15.47
15093,4128,691,18.37
15094,3192,2436,5.01
15095,1451,5799,10.25
15096,5526,4333,9.4
15097,5441,7529,15.2
15098,7053,7272,12.99
15099,7117,5322,1.49
15100,4580,5756,3.38
15101,557,1101,6.92
15102,2163,5610,15.38
15103,721,10163,11.97
15104,921,4534,5.93
15105,859,6526,15.82
15106,1601,8175,17.16
15107,3473,5528,6.74
15108,877,7729,12.4
15109,1217,5856,1.25
15110,519,6869,15.88
15111,2828,1468,0.54
15112,28,9166,4.1
15113,6794,8737,3.72
15114,5144,10282,3.99
15115,5682,4161,17.32
15116,2447,11085,16.21
15117,1264,2909,2.95
15118,6179,1148,10.71
15119,379,1693,4.24
15120,4321,3750,8.34
15121,1286,10795,10.92
15122,3055,9114,15.37
15123,7482,629,6.19
15124,3092,1987,18.28
15125,7500,10071,8.01
15126,6261,4446,6.95
15127,2654,10957,15.85
15128,1614,9563,2.63
15129,1763,3822,8.24
15130,3314,2319,11.3
15131,1937,6765,14.3
15132,7201,8281,13.95
15133,6220,11066,17.3
15134,1509,4757,16.55
15135,3106,3287,19.18
15136,3906,6115,10.98
15137,2644,10842,15.67
15138,703,7266,3.17
15139,1756,8902,5.71
15140,1673,1480,5.52
15141,85,4522,7.93
15142,5654,6841,1.27
15143,7392,1286,19.51
15144,3496,5303,11.28
15145,1169,6819,1.52
15146,7320,2514,12.95
15147,6528,9813,15.92
15148,4188,8384,5.54
15149,542,7302,8.2
15150,1314,5806,17.93
15151,6953,2403,4.89
15152,4875,2178,4.76
15153,2799,6616,6.65
15154,4107,8170,4.98
15155,1033,5126,16.47
15156,5121,499,12.67
15157,5914,5279,15.95
15158,482,8824,14.18
15159,140,151,4.55
15160,3348,2116,14.51
15161,6876,3175,11.64
15162,7279,4685,12.75
15163,746,8809,11.22
15164,6585,2030,6.34
15165,6609,7126,8.02
15166,4303,2428,19.95
15167,4104,329,19.67
15168,2669,10975,2.11
15169,2388,8433,11.06
15170,510,2568,16.85
15171,640,4928,9.06
15172,3211,9613,12.56
15173,4006,1000,12.7
15174,1390,1542,6.46
15175,6605,10176,3.1
15176,6956,1775,1.39
15177,6252,9749,19.22
15178,5224,6605,11.84
15179,317,9298,0.17
15180,1934,6871,6.55
15181,3293,8022,19.61
15182,4905,343,9.47
15183,4559,1519,11.29
15184,1596,8176,10.03
15185,3708,2812,8.22
15186,6750,4847,17.46
15187,1398,2868,17.12
15188,331,5428,9.6
15189,3021,1099,9.49
15190,2840,2908,0.83
15191,296,6926,5.62
15192,5017,2135,15.87
15193,6066,5836,17.53
15194,2919,4764,2.07
15195,7457,1424,18.29
15196,1552,10434,16.63
15197,2307,8567,15.96
15198,3702,4793,19.47
15199,1518,10485,16.81
15200,3162,4743,0.46
15201,4505,3126,6.63
15202,2825,9755,17.62
15203,800,697,16.94
15204,2484,9104,18.97
15205,7033,7709,0.98
15206,4143,11064,19.1
15207,2192,7609,16.49
15208,6155,2976,16.74
15209,6598,2380,5.54
15210,5570,8300,9.57
15211,1456,1587,7.72
15212,5659,4892,19.83
15213,2743,6056,10.7
15214,2380,7068,2.03
15215,7491,2494,15.54
15216,3147,11093,5.71
15217,2972,3991,2.97
15218,692,1906,14.99
15219,7018,2144,0.94
15220,2880,137,16.94
15221,2989,3908,18.82
15222,626,7814,4.26
15223,6337,3024,12.57
15224,7286,1919,2.1
15225,5081,5899,18.34
15226,5660,6431,2.8
15227,2508,5008,6.99
15228,6957,10670,10.12
15229,5578,563,15.45
15230,1005,5739,19.3
15231,3076,2208,0.99
15232,4493,8553,18.77
15233,7052,7967,10.1
15234,4473,2079,14.77
15235,1219,4159,10.62
15236,1324,1516,6.25
15237,1512,1844,1.48
15238,904,3009,2.79
15239,7005,9355,9.84
15240,5521,5422,12.48
15241,4105,9207,13.77
15242,1142,3228,2.21
15243,4584,5658,2.05
15244,234,8621,3.33
15245,2691,4357,3.47
15246,5452,4366,12.7
15247,5165,599,11.42
15248,611,3902,15.84
15249,4920,10660,5.17
15250,4411,4470,1.97
15251,1975,9230,11.23
15252,1193,5789,3
15253,335,6803,9.59
15254,5299,4969,8.51
15255,6219,7055,19.81
15256,1326,10955,11.9
15257,5035,7429,9.91
15258,6859,52,19.83
15259,4181,8966,7.61
15260,164,9045,2.02
15261,290,10425,14.18
15262,6268,9842,12.83
15263,6619,1059,1.83
15264,6072,6963,8.33
15265,2688,10953,19.8
15266,484,2741,15.99
15267,4262,1624,16.33
15268,6680,4567,5.72
15269,7100,9686,19.53
15270,2926,2557,9.36
15271,6355,1449,1.8
15272,1849,1225,10.74
15273,1797,4560,3.92
15274,490,298,9.43
15275,6532,165,18.42
15276,5041,10629,16.09
15277,4894,4511,5.1
15278,1688,6473,10.7
15279,1080,9163,15.64
15280,3882,9502,7.71
15281,5380,10931,19.82
15282,2794,3306,15.09
15283,3628,10696,3.4
15284,6160,965,13.46
15285,3642,9940,16.83
15286,2024,97,4.91
15287,4896,2373,5.96
15288,1633,4922,12.55
15289,4523,71,8.72
15290,6891,2231,3.13
15291,4024,2299,12.44
15292,1321,4679,6.14
15293,7158,6728,6.99
15294,3724,1052,6.34
15295,1170,9882,5.23
15296,4470,10261,6.56
15297,261,8775,18.83
15298,5193,6805,5.06
15299,2494,7459,17.22
15300,4699,6960,8.43
15301,6913,8366,16.52
15302,1372,1256,8.73
15303,1716,6703,9.42
15304,3725,3462,13.01
15305,4716,7646,2.7
15306,5943,10747,9.35
15307,256,657,4.69
15308,3405,2930,2.8
15309,2202,10551,14.83
15310,2021,3408,8.45
15311,1901,3597,7.56
15312,135,1472,19.27
15313,2640,4153,15.72
15314,367,4527,13.66
15315,5945,2022,3.76
15316,1658,6147,11.91
15317,2006,9350,15.27
15318,4960,837,4.51
15319,1653,681,0.42
15320,2591,4842,1.7
15321,398,5802,16.17
15322,2391,2149,0.66
15323,2946,7533,9.34
15324,2796,5128,10.79
15325,7220,9391,15.77
15326,3969,3460,6.54
15327,918,6739,19.14
15328,5122,4586,14.29
15329,2711,5915,16.64
15330,9,1932,3.34
15331,6232,9115,19.76
15332,5941,3888,9.07
15333,1723,9153,6.97
15334,6323,1888,5.25
15335,2363,2892,19.08
15336,4800,6274,5.47
15337,6757,8609,10.37
15338,2043,11081,19.71
15339,6195,7489,2.66
15340,1802,10689,19.14
15341,3827,8113,3.94
15342,3542,5305,5.93
15343,2212,7589,7.95
15344,3478,5574,9.74
15345,5536,384,13.56
15346,1419,6325,0.33
15347,3884,7890,9.84
15348,3576,2948,3.15
15349,2670,8635,14.5
15350,6235,371,16.02
15351,3614,4392,16.4
15352,4252,8519,13.77
15353,4421,5607,2.42
15354,7464,4276,10.67
15355,5620,262,4.3
15356,2065,9599,8.98
15357,1441,2641,5.57
15358,439,1975,12.36
15359,3859,3428,4
15360,1524,10243,13.28
15361,2399,6624,11.77
15362,6462,5896,19
15363,4855,1553,11.33
15364,3088,9373,7.23
15365,2685,10272,18.81
15366,4808,6107,17.48
15367,4276,7899,10.49
15368,7412,2463,15.75
15369,3464,5895,12.02
15370,2923,9248,7.07
15371,6101,10811,15.04
15372,178,9213,4.24
15373,7342,736,11.26
15374,5427,1438,2.08
15375,6015,5410,14.17
15376,3277,9961,4.06
15377,1841,5956,10.98
15378,5134,6454,1.15
15379,4280,10411,10.46
15380,6409,7236,10.62
15381,3140,405,8.69
15382,1589,8782,19.4
15383,5390,522,2.33
15384,2701,1053,8.27
15385,4480,4039,17.97
15386,466,10310,1.61
15387,2942,10763,13.52
15388,3732,3109,13.36
15389,1429,11051,14.69
15390,7418,2724,0.05
15391,4373,1114,0.13
15392,4876,5761,7.31
15393,833,8857,4.99
15394,1764,177,4.11
15395,1415,4449,13.47
15396,7219,3920,0.94
15397,7298,5723,19.56
15398,6925,2856,11.36
15399,308,50,10.74
15400,3427,2089,9.8
