"history_id","order_id","status_id","status_date"
1,1,1,"2023-07-19 15:20:03"
2,2,1,"2023-12-12 20:06:08"
3,3,1,"2023-12-08 20:19:19"
4,4,1,"2023-07-12 18:38:30"
5,5,1,"2024-04-15 04:33:17"
6,6,1,"2023-12-19 09:43:57"
7,7,1,"2024-01-06 22:39:56"
8,8,1,"2023-07-25 00:39:09"
9,9,1,"2023-09-29 13:29:48"
10,10,1,"2023-11-14 17:13:49"
11,11,1,"2023-12-23 22:15:16"
12,12,1,"2023-07-04 19:31:55"
13,13,1,"2024-05-16 04:15:07"
14,14,1,"2023-10-16 12:00:46"
15,15,1,"2024-01-05 08:56:40"
16,16,1,"2023-08-04 22:14:44"
17,17,1,"2023-08-16 07:47:49"
18,18,1,"2024-01-15 19:44:55"
19,19,1,"2024-03-04 17:48:57"
20,20,1,"2023-12-02 23:03:39"
21,21,1,"2023-09-04 14:30:56"
22,22,1,"2023-09-28 16:25:31"
23,23,1,"2024-05-16 05:34:27"
24,24,1,"2023-09-30 01:00:21"
25,25,1,"2023-09-19 18:24:23"
26,26,1,"2024-02-16 02:50:37"
27,27,1,"2024-03-11 17:03:12"
28,28,1,"2024-06-09 15:48:36"
29,29,1,"2024-01-31 21:34:37"
30,30,1,"2023-09-21 23:22:01"
31,31,1,"2024-03-01 22:21:32"
32,32,1,"2024-05-23 21:13:09"
33,33,1,"2023-08-26 18:04:12"
34,34,1,"2024-01-24 01:49:07"
35,35,1,"2024-04-08 10:11:59"
36,36,1,"2023-07-27 15:52:36"
37,37,1,"2023-10-09 02:09:38"
38,38,1,"2024-02-09 05:17:11"
39,39,1,"2023-11-26 22:11:11"
40,40,1,"2023-09-09 10:37:59"
41,41,1,"2023-06-30 10:35:36"
42,42,1,"2024-01-16 13:59:01"
43,43,1,"2023-08-28 19:46:05"
44,44,1,"2024-02-22 14:08:37"
45,45,1,"2024-01-25 11:05:00"
46,46,1,"2023-08-01 16:51:13"
47,47,1,"2023-09-09 01:35:10"
48,48,1,"2023-07-28 20:59:50"
49,49,1,"2023-09-01 02:03:45"
50,50,1,"2023-07-18 03:22:52"
51,51,1,"2024-05-19 03:38:15"
52,52,1,"2024-02-25 13:06:04"
53,53,1,"2023-06-22 20:32:30"
54,54,1,"2024-06-09 20:15:45"
55,55,1,"2024-01-28 07:47:40"
56,56,1,"2023-06-30 04:54:59"
57,57,1,"2023-07-29 06:34:17"
58,58,1,"2024-06-11 07:52:05"
59,59,1,"2023-11-19 13:47:16"
60,60,1,"2023-07-05 13:11:38"
61,61,1,"2024-03-21 23:00:59"
62,62,1,"2023-08-17 07:42:01"
63,63,1,"2023-12-07 01:40:48"
64,64,1,"2024-03-06 08:30:27"
65,65,1,"2023-11-16 18:49:28"
66,66,1,"2024-05-02 16:15:28"
67,67,1,"2024-02-27 23:47:28"
68,68,1,"2023-11-14 19:29:47"
69,69,1,"2023-08-08 07:53:06"
70,70,1,"2024-05-12 06:46:48"
71,71,1,"2024-05-26 10:41:21"
72,72,1,"2023-10-11 23:45:14"
73,73,1,"2023-08-05 17:25:33"
74,74,1,"2023-10-25 17:53:11"
75,75,1,"2023-09-14 12:07:52"
76,76,1,"2023-12-26 01:51:59"
77,77,1,"2023-06-24 16:18:59"
78,78,1,"2024-04-21 03:45:53"
79,79,1,"2023-10-08 05:39:21"
80,80,1,"2024-01-26 12:08:19"
81,81,1,"2024-06-01 03:58:18"
82,82,1,"2023-09-26 20:59:39"
83,83,1,"2024-05-29 01:24:37"
84,84,1,"2023-08-19 09:38:26"
85,85,1,"2024-02-26 15:55:59"
86,86,1,"2023-07-11 04:37:54"
87,87,1,"2024-06-10 23:28:29"
88,88,1,"2023-08-12 18:23:27"
89,89,1,"2024-04-26 02:24:08"
90,90,1,"2024-03-02 05:57:05"
91,91,1,"2024-04-03 05:48:36"
92,92,1,"2024-04-23 20:45:29"
93,93,1,"2023-08-29 14:27:22"
94,94,1,"2023-11-28 17:52:42"
95,95,1,"2024-02-21 01:07:50"
96,96,1,"2023-09-17 01:41:51"
97,97,1,"2024-05-22 16:02:26"
98,98,1,"2023-07-13 00:10:17"
99,99,1,"2024-04-09 20:03:46"
100,100,1,"2023-11-08 10:38:23"
101,101,1,"2024-05-05 23:43:04"
102,102,1,"2023-11-02 18:49:22"
103,103,1,"2023-12-27 08:15:13"
104,104,1,"2024-06-02 15:32:22"
105,105,1,"2023-07-26 21:48:12"
106,106,1,"2024-04-04 20:03:45"
107,107,1,"2023-10-10 07:45:57"
108,108,1,"2024-03-20 22:26:22"
109,109,1,"2023-12-07 14:06:09"
110,110,1,"2024-04-30 11:23:39"
111,111,1,"2023-08-14 21:27:25"
112,112,1,"2023-07-18 13:27:08"
113,113,1,"2024-01-01 07:35:07"
114,114,1,"2024-02-05 18:34:52"
115,115,1,"2023-11-09 23:30:25"
116,116,1,"2024-05-21 03:40:06"
117,117,1,"2024-04-21 20:51:09"
118,118,1,"2024-05-22 16:46:41"
119,119,1,"2023-08-09 02:51:49"
120,120,1,"2024-03-17 17:22:40"
121,121,1,"2024-03-09 12:51:50"
122,122,1,"2023-06-27 05:05:42"
123,123,1,"2023-07-15 03:39:56"
124,124,1,"2024-02-05 08:53:50"
125,125,1,"2024-06-03 08:10:34"
126,126,1,"2023-07-28 23:40:22"
127,127,1,"2023-07-03 16:10:57"
128,128,1,"2024-01-10 21:41:06"
129,129,1,"2023-08-25 09:36:41"
130,130,1,"2024-02-04 20:19:19"
131,131,1,"2024-03-21 14:09:11"
132,132,1,"2023-07-18 10:48:28"
133,133,1,"2023-07-08 16:53:37"
134,134,1,"2024-05-02 11:51:12"
135,135,1,"2024-03-21 15:39:19"
136,136,1,"2024-03-17 06:55:42"
137,137,1,"2023-11-14 06:01:39"
138,138,1,"2023-11-11 11:25:50"
139,139,1,"2024-02-04 19:38:17"
140,140,1,"2023-12-30 22:09:13"
141,141,1,"2024-01-14 18:52:17"
142,142,1,"2024-06-01 10:09:16"
143,143,1,"2024-02-21 14:20:51"
144,144,1,"2024-04-08 12:51:45"
145,145,1,"2024-02-18 15:20:48"
146,146,1,"2023-08-06 23:38:42"
147,147,1,"2024-04-28 01:37:15"
148,148,1,"2023-11-08 14:28:54"
149,149,1,"2024-04-11 03:17:13"
150,150,1,"2024-03-24 03:50:52"
151,151,1,"2024-01-11 19:05:28"
152,152,1,"2023-09-21 16:29:23"
153,153,1,"2024-01-25 15:20:30"
154,154,1,"2024-01-17 11:03:40"
155,155,1,"2024-04-20 22:33:15"
156,156,1,"2023-06-29 10:51:47"
157,157,1,"2023-07-18 04:29:00"
158,158,1,"2023-12-05 19:35:43"
159,159,1,"2023-10-02 04:20:58"
160,160,1,"2024-02-13 02:48:06"
161,161,1,"2023-11-09 16:59:08"
162,162,1,"2024-01-30 15:13:06"
163,163,1,"2023-11-12 04:38:03"
164,164,1,"2024-04-13 15:07:18"
165,165,1,"2024-03-24 02:32:25"
166,166,1,"2024-03-28 07:38:21"
167,167,1,"2023-09-06 22:45:37"
168,168,1,"2023-09-11 20:25:13"
169,169,1,"2023-07-11 01:57:14"
170,170,1,"2023-10-24 20:53:29"
171,171,1,"2023-12-24 06:28:41"
172,172,1,"2023-09-15 23:09:53"
173,173,1,"2023-12-27 09:33:49"
174,174,1,"2023-08-04 15:29:38"
175,175,1,"2023-11-23 07:36:37"
176,176,1,"2023-12-25 11:36:55"
177,177,1,"2024-06-06 01:08:45"
178,178,1,"2023-07-13 22:11:58"
179,179,1,"2024-05-04 17:12:28"
180,180,1,"2024-02-26 08:42:44"
181,181,1,"2023-08-13 11:33:19"
182,182,1,"2023-10-19 06:16:10"
183,183,1,"2024-01-26 18:50:26"
184,184,1,"2024-05-27 11:43:31"
185,185,1,"2024-06-20 00:19:19"
186,186,1,"2024-06-11 23:09:02"
187,187,1,"2024-03-26 02:42:30"
188,188,1,"2023-11-05 23:21:40"
189,189,1,"2023-10-20 21:09:22"
190,190,1,"2024-04-25 08:13:52"
191,191,1,"2023-06-27 07:29:16"
192,192,1,"2023-08-13 14:12:44"
193,193,1,"2024-04-02 22:02:22"
194,194,1,"2024-06-08 01:57:53"
195,195,1,"2023-09-13 20:47:03"
196,196,1,"2024-01-14 09:43:17"
197,197,1,"2024-04-10 18:57:48"
198,198,1,"2023-07-11 21:22:01"
199,199,1,"2024-02-12 06:21:29"
200,200,1,"2023-07-31 22:03:51"
201,201,1,"2023-12-03 17:30:38"
202,202,1,"2023-08-15 13:01:37"
203,203,1,"2024-06-14 02:34:08"
204,204,1,"2023-08-04 11:47:52"
205,205,1,"2024-02-14 05:41:27"
206,206,1,"2023-07-26 16:32:26"
207,207,1,"2024-06-15 18:39:05"
208,208,1,"2023-07-07 23:23:50"
209,209,1,"2023-07-01 05:20:05"
210,210,1,"2024-05-21 21:45:38"
211,211,1,"2023-09-05 00:29:09"
212,212,1,"2023-12-19 10:24:07"
213,213,1,"2024-01-29 12:12:27"
214,214,1,"2024-05-20 03:30:39"
215,215,1,"2024-04-10 15:50:44"
216,216,1,"2024-06-16 12:11:13"
217,217,1,"2024-04-18 02:18:41"
218,218,1,"2023-12-28 20:24:35"
219,219,1,"2024-05-22 06:32:02"
220,220,1,"2024-06-05 08:56:09"
221,221,1,"2023-07-29 17:15:24"
222,222,1,"2024-01-10 18:39:43"
223,223,1,"2023-12-16 11:14:37"
224,224,1,"2024-05-29 13:21:31"
225,225,1,"2023-07-29 17:00:27"
226,226,1,"2023-08-13 05:38:38"
227,227,1,"2023-07-06 12:18:17"
228,228,1,"2023-12-12 06:51:05"
229,229,1,"2024-04-28 09:03:33"
230,230,1,"2024-01-20 16:19:38"
231,231,1,"2023-11-30 22:03:29"
232,232,1,"2023-08-16 03:14:34"
233,233,1,"2023-11-30 02:47:18"
234,234,1,"2023-08-29 16:29:18"
235,235,1,"2023-08-11 03:03:51"
236,236,1,"2023-09-23 01:26:51"
237,237,1,"2024-05-25 14:10:28"
238,238,1,"2024-04-06 20:46:05"
239,239,1,"2023-12-04 12:07:17"
240,240,1,"2023-10-29 03:08:06"
241,241,1,"2024-02-14 09:40:37"
242,242,1,"2023-12-12 18:51:33"
243,243,1,"2023-08-15 03:27:35"
244,244,1,"2024-04-01 01:41:56"
245,245,1,"2023-11-17 06:11:00"
246,246,1,"2023-10-20 20:44:52"
247,247,1,"2023-10-10 08:13:18"
248,248,1,"2024-03-13 19:04:11"
249,249,1,"2023-09-04 15:25:13"
250,250,1,"2023-11-08 03:12:54"
251,251,1,"2024-04-20 18:54:22"
252,252,1,"2023-06-22 17:31:50"
253,253,1,"2024-03-12 21:36:41"
254,254,1,"2024-05-15 22:10:09"
255,255,1,"2024-05-12 02:00:03"
256,256,1,"2023-11-02 09:13:19"
257,257,1,"2024-05-03 03:02:57"
258,258,1,"2024-02-09 20:38:02"
259,259,1,"2023-08-07 01:45:18"
260,260,1,"2023-12-02 08:09:49"
261,261,1,"2024-04-05 16:31:42"
262,262,1,"2023-08-27 04:19:21"
263,263,1,"2024-06-02 15:51:51"
264,264,1,"2023-08-23 01:15:19"
265,265,1,"2024-06-06 11:12:40"
266,266,1,"2024-05-08 15:51:38"
267,267,1,"2023-07-25 07:30:31"
268,268,1,"2023-10-11 12:31:51"
269,269,1,"2023-07-04 06:32:49"
270,270,1,"2023-08-12 22:21:34"
271,271,1,"2024-03-03 12:29:13"
272,272,1,"2024-04-19 20:41:30"
273,273,1,"2024-02-18 02:26:38"
274,274,1,"2023-12-31 08:35:05"
275,275,1,"2024-05-12 23:52:31"
276,276,1,"2024-02-17 22:52:35"
277,277,1,"2024-01-07 02:28:27"
278,278,1,"2024-02-16 05:18:30"
279,279,1,"2024-03-28 11:45:48"
280,280,1,"2023-07-25 02:18:54"
281,281,1,"2023-08-01 12:36:02"
282,282,1,"2024-03-15 10:42:55"
283,283,1,"2023-06-28 07:21:50"
284,284,1,"2023-08-13 08:42:57"
285,285,1,"2023-07-04 17:08:53"
286,286,1,"2024-04-13 13:06:31"
287,287,1,"2023-09-16 23:09:48"
288,288,1,"2023-09-29 18:18:43"
289,289,1,"2024-03-28 17:51:04"
290,290,1,"2024-01-28 12:26:07"
291,291,1,"2023-07-26 18:47:25"
292,292,1,"2023-07-28 15:55:18"
293,293,1,"2024-02-10 21:48:21"
294,294,1,"2024-01-07 02:14:39"
295,295,1,"2024-02-22 07:12:28"
296,296,1,"2023-07-17 00:01:37"
297,297,1,"2023-12-31 13:56:15"
298,298,1,"2023-09-14 22:06:45"
299,299,1,"2023-11-19 01:41:10"
300,300,1,"2023-09-27 08:09:12"
301,301,1,"2024-04-22 09:01:48"
302,302,1,"2024-04-02 20:41:16"
303,303,1,"2024-02-23 15:35:27"
304,304,1,"2023-12-20 17:53:45"
305,305,1,"2023-06-21 04:01:58"
306,306,1,"2024-04-07 15:24:30"
307,307,1,"2024-03-28 23:33:24"
308,308,1,"2023-11-19 11:32:29"
309,309,1,"2023-06-21 12:32:30"
310,310,1,"2023-08-28 21:34:41"
311,311,1,"2024-01-16 03:01:33"
312,312,1,"2024-02-07 18:33:22"
313,313,1,"2023-10-23 22:27:37"
314,314,1,"2024-02-21 07:36:00"
315,315,1,"2023-07-17 04:15:28"
316,316,1,"2023-10-03 21:05:13"
317,317,1,"2024-02-06 17:42:25"
318,318,1,"2024-01-24 11:07:44"
319,319,1,"2023-12-10 00:24:08"
320,320,1,"2023-07-08 19:00:51"
321,321,1,"2024-05-14 13:55:44"
322,322,1,"2023-07-17 01:17:34"
323,323,1,"2024-05-05 22:24:27"
324,324,1,"2024-02-26 13:32:05"
325,325,1,"2023-11-16 19:10:47"
326,326,1,"2023-11-13 22:59:30"
327,327,1,"2023-08-13 00:38:16"
328,328,1,"2023-07-16 21:56:13"
329,329,1,"2023-07-05 14:47:18"
330,330,1,"2024-05-01 08:11:47"
331,331,1,"2024-02-27 10:26:26"
332,332,1,"2024-02-28 14:48:14"
333,333,1,"2023-12-02 23:07:00"
334,334,1,"2023-12-18 07:40:45"
335,335,1,"2023-07-17 13:55:22"
336,336,1,"2024-01-31 00:30:11"
337,337,1,"2024-01-07 16:58:22"
338,338,1,"2023-11-05 18:04:53"
339,339,1,"2024-02-04 01:14:59"
340,340,1,"2023-07-21 03:26:14"
341,341,1,"2023-10-10 02:20:34"
342,342,1,"2023-08-08 02:35:52"
343,343,1,"2023-12-02 23:08:18"
344,344,1,"2023-08-09 03:48:59"
345,345,1,"2023-09-09 12:00:35"
346,346,1,"2023-07-19 05:08:10"
347,347,1,"2024-03-12 17:18:53"
348,348,1,"2024-06-02 23:39:02"
349,349,1,"2023-08-24 10:27:49"
350,350,1,"2023-07-12 22:31:02"
351,351,1,"2024-01-14 20:56:31"
352,352,1,"2023-12-19 02:26:14"
353,353,1,"2024-06-13 16:59:47"
354,354,1,"2024-02-20 22:20:36"
355,355,1,"2023-11-13 13:25:53"
356,356,1,"2024-06-13 14:13:53"
357,357,1,"2023-07-19 00:26:51"
358,358,1,"2023-12-16 00:13:21"
359,359,1,"2024-03-12 04:19:56"
360,360,1,"2023-08-22 11:48:04"
361,361,1,"2024-06-12 16:27:28"
362,362,1,"2024-06-03 16:27:04"
363,363,1,"2024-05-08 04:16:16"
364,364,1,"2024-01-11 05:08:54"
365,365,1,"2024-06-09 04:07:50"
366,366,1,"2023-08-10 07:26:54"
367,367,1,"2024-03-30 12:19:46"
368,368,1,"2024-06-02 08:22:11"
369,369,1,"2024-04-23 08:59:28"
370,370,1,"2023-10-10 21:47:21"
371,371,1,"2024-04-03 01:51:15"
372,372,1,"2024-03-09 07:34:10"
373,373,1,"2023-10-18 20:08:35"
374,374,1,"2023-12-12 12:33:49"
375,375,1,"2023-10-30 17:55:42"
376,376,1,"2024-06-08 00:52:00"
377,377,1,"2023-08-28 19:54:06"
378,378,1,"2024-02-25 19:08:57"
379,379,1,"2024-04-05 11:07:17"
380,380,1,"2023-09-30 18:25:17"
381,381,1,"2023-09-30 14:40:21"
382,382,1,"2024-02-09 21:38:43"
383,383,1,"2023-09-09 16:58:53"
384,384,1,"2024-01-12 07:29:45"
385,385,1,"2024-04-18 11:07:34"
386,386,1,"2024-04-13 03:03:56"
387,387,1,"2023-11-21 05:29:13"
388,388,1,"2024-03-23 07:38:32"
389,389,1,"2024-02-10 12:32:12"
390,390,1,"2023-12-22 03:34:30"
391,391,1,"2023-11-20 01:50:10"
392,392,1,"2024-05-31 00:34:37"
393,393,1,"2024-04-18 14:46:46"
394,394,1,"2023-08-21 02:10:35"
395,395,1,"2024-02-09 11:02:15"
396,396,1,"2024-04-12 19:02:17"
397,397,1,"2024-02-26 16:32:41"
398,398,1,"2024-01-15 03:20:21"
399,399,1,"2023-06-21 02:00:55"
400,400,1,"2024-01-25 04:48:51"
401,401,1,"2024-01-30 07:41:22"
402,402,1,"2023-07-11 15:44:36"
403,403,1,"2023-11-17 20:10:23"
404,404,1,"2024-02-14 23:38:11"
405,405,1,"2024-02-02 07:37:31"
406,406,1,"2023-08-02 15:13:07"
407,407,1,"2023-09-27 21:19:36"
408,408,1,"2023-09-11 06:02:32"
409,409,1,"2023-09-05 13:35:15"
410,410,1,"2023-12-12 13:08:35"
411,411,1,"2024-04-19 21:09:26"
412,412,1,"2023-08-16 00:46:25"
413,413,1,"2024-03-17 22:26:24"
414,414,1,"2024-03-28 23:27:42"
415,415,1,"2024-05-13 02:03:30"
416,416,1,"2023-09-25 20:44:57"
417,417,1,"2023-12-30 06:11:49"
418,418,1,"2024-05-19 01:21:25"
419,419,1,"2023-07-23 01:52:30"
420,420,1,"2024-01-22 12:27:32"
421,421,1,"2024-03-11 01:47:28"
422,422,1,"2024-03-28 12:17:29"
423,423,1,"2024-06-21 02:29:25"
424,424,1,"2023-10-12 16:29:28"
425,425,1,"2023-11-19 12:55:39"
426,426,1,"2024-02-20 14:28:28"
427,427,1,"2024-02-02 02:56:04"
428,428,1,"2024-02-13 09:04:01"
429,429,1,"2023-09-07 10:57:37"
430,430,1,"2023-12-20 17:44:57"
431,431,1,"2023-11-13 12:05:29"
432,432,1,"2023-08-31 15:18:30"
433,433,1,"2023-10-14 05:51:43"
434,434,1,"2023-10-31 13:46:28"
435,435,1,"2023-10-23 05:39:34"
436,436,1,"2023-11-08 12:53:45"
437,437,1,"2024-05-02 19:58:17"
438,438,1,"2023-09-13 17:09:02"
439,439,1,"2024-02-24 01:11:23"
440,440,1,"2024-02-26 08:59:36"
441,441,1,"2024-06-16 07:15:56"
442,442,1,"2024-05-03 21:59:30"
443,443,1,"2023-10-17 00:33:28"
444,444,1,"2023-09-01 06:34:54"
445,445,1,"2024-06-16 07:14:13"
446,446,1,"2024-02-13 14:18:57"
447,447,1,"2023-09-02 16:35:00"
448,448,1,"2024-04-01 00:20:03"
449,449,1,"2023-11-02 18:31:51"
450,450,1,"2023-08-27 13:04:24"
451,451,1,"2024-02-01 03:45:03"
452,452,1,"2023-10-13 06:06:00"
453,453,1,"2023-06-26 22:03:24"
454,454,1,"2024-04-10 20:51:41"
455,455,1,"2023-10-22 08:16:28"
456,456,1,"2024-03-29 06:54:33"
457,457,1,"2024-02-18 09:21:47"
458,458,1,"2023-11-19 16:39:43"
459,459,1,"2024-05-29 08:48:07"
460,460,1,"2024-05-31 16:54:48"
461,461,1,"2024-06-04 05:27:36"
462,462,1,"2024-05-27 23:13:06"
463,463,1,"2023-10-08 21:09:54"
464,464,1,"2024-06-20 16:33:56"
465,465,1,"2024-02-24 05:12:53"
466,466,1,"2023-10-21 09:53:41"
467,467,1,"2024-02-21 17:59:05"
468,468,1,"2023-09-07 10:32:51"
469,469,1,"2024-05-17 02:04:36"
470,470,1,"2023-10-28 10:14:36"
471,471,1,"2023-11-02 14:59:15"
472,472,1,"2023-12-02 05:41:08"
473,473,1,"2024-04-22 02:33:30"
474,474,1,"2023-09-17 18:20:56"
475,475,1,"2023-12-31 13:21:20"
476,476,1,"2024-05-06 05:07:23"
477,477,1,"2023-07-15 15:12:59"
478,478,1,"2023-11-15 04:08:47"
479,479,1,"2024-02-28 02:56:19"
480,480,1,"2023-08-20 21:04:23"
481,481,1,"2023-11-08 00:52:16"
482,482,1,"2024-04-05 21:46:47"
483,483,1,"2024-01-02 07:02:53"
484,484,1,"2023-10-25 20:56:00"
485,485,1,"2024-04-24 07:00:15"
486,486,1,"2024-06-10 09:52:09"
487,487,1,"2023-11-23 10:56:59"
488,488,1,"2023-10-02 17:28:50"
489,489,1,"2024-03-29 17:10:32"
490,490,1,"2024-05-08 23:57:27"
491,491,1,"2023-09-26 03:29:49"
492,492,1,"2024-01-25 12:41:47"
493,493,1,"2024-02-23 16:14:14"
494,494,1,"2024-04-17 11:37:35"
495,495,1,"2024-02-12 17:14:22"
496,496,1,"2024-05-15 22:51:40"
497,497,1,"2024-03-07 15:52:04"
498,498,1,"2023-09-30 13:55:39"
499,499,1,"2023-07-11 07:37:46"
500,500,1,"2023-09-26 20:41:19"
501,501,1,"2023-08-19 10:43:26"
502,502,1,"2024-03-14 00:25:41"
503,503,1,"2024-05-15 00:29:07"
504,504,1,"2024-05-10 20:16:56"
505,505,1,"2023-10-09 18:20:04"
506,506,1,"2023-08-17 18:04:41"
507,507,1,"2023-12-06 11:37:28"
508,508,1,"2023-07-20 06:56:14"
509,509,1,"2024-04-03 08:56:11"
510,510,1,"2023-11-18 22:54:03"
511,511,1,"2024-04-24 20:24:43"
512,512,1,"2023-11-07 06:51:45"
513,513,1,"2024-04-05 23:09:27"
514,514,1,"2023-11-06 04:15:18"
515,515,1,"2024-04-06 12:52:19"
516,516,1,"2023-12-13 22:46:27"
517,517,1,"2024-02-21 10:27:51"
518,518,1,"2024-02-15 21:49:18"
519,519,1,"2024-01-07 07:08:48"
520,520,1,"2024-04-16 17:00:33"
521,521,1,"2024-06-11 22:47:29"
522,522,1,"2023-10-16 03:11:20"
523,523,1,"2024-02-02 18:27:45"
524,524,1,"2023-12-01 00:36:08"
525,525,1,"2023-07-30 22:34:39"
526,526,1,"2024-04-08 18:06:18"
527,527,1,"2023-11-21 01:33:20"
528,528,1,"2024-01-08 11:36:33"
529,529,1,"2024-04-11 14:42:51"
530,530,1,"2023-07-19 02:09:45"
531,531,1,"2024-02-10 20:59:16"
532,532,1,"2023-07-07 05:10:56"
533,533,1,"2024-01-04 06:18:38"
534,534,1,"2024-02-29 21:55:08"
535,535,1,"2023-08-12 17:01:04"
536,536,1,"2024-01-11 06:33:42"
537,537,1,"2023-07-04 00:17:58"
538,538,1,"2023-09-09 13:13:40"
539,539,1,"2023-07-17 02:44:54"
540,540,1,"2023-10-30 21:38:57"
541,541,1,"2023-11-04 07:25:36"
542,542,1,"2024-03-24 18:44:33"
543,543,1,"2024-02-10 22:26:38"
544,544,1,"2024-06-03 14:52:52"
545,545,1,"2024-02-01 10:08:36"
546,546,1,"2024-03-09 15:44:37"
547,547,1,"2023-09-25 15:54:36"
548,548,1,"2023-07-17 11:55:57"
549,549,1,"2023-08-22 18:10:13"
550,550,1,"2024-01-03 07:24:19"
551,551,1,"2024-03-05 13:04:31"
552,552,1,"2023-09-27 18:39:57"
553,553,1,"2023-12-25 14:20:17"
554,554,1,"2024-02-19 20:20:01"
555,555,1,"2023-12-17 21:56:23"
556,556,1,"2024-06-17 02:54:29"
557,557,1,"2023-09-23 08:31:45"
558,558,1,"2023-08-08 02:31:15"
559,559,1,"2024-04-01 09:09:11"
560,560,1,"2023-10-08 04:31:54"
561,561,1,"2024-03-19 09:08:57"
562,562,1,"2024-04-22 10:23:50"
563,563,1,"2024-01-30 18:38:24"
564,564,1,"2024-04-29 10:18:57"
565,565,1,"2024-01-21 19:20:36"
566,566,1,"2024-04-23 20:18:36"
567,567,1,"2023-11-12 05:04:49"
568,568,1,"2023-09-12 04:52:41"
569,569,1,"2024-02-22 19:40:21"
570,570,1,"2024-05-03 09:27:23"
571,571,1,"2023-11-30 10:18:11"
572,572,1,"2023-08-18 22:15:57"
573,573,1,"2023-12-21 08:39:45"
574,574,1,"2024-04-15 14:15:07"
575,575,1,"2023-09-16 23:10:58"
576,576,1,"2024-05-22 08:14:01"
577,577,1,"2024-03-09 01:21:14"
578,578,1,"2024-06-11 23:58:15"
579,579,1,"2024-05-17 14:53:11"
580,580,1,"2023-08-22 01:28:35"
581,581,1,"2024-02-06 19:03:04"
582,582,1,"2024-06-08 03:05:09"
583,583,1,"2024-02-17 19:59:35"
584,584,1,"2023-09-22 23:22:50"
585,585,1,"2023-08-11 11:56:48"
586,586,1,"2023-07-09 10:39:17"
587,587,1,"2024-01-16 15:24:17"
588,588,1,"2024-03-24 20:33:44"
589,589,1,"2023-10-10 15:02:55"
590,590,1,"2024-06-14 00:24:59"
591,591,1,"2023-11-01 08:55:48"
592,592,1,"2024-04-19 22:30:58"
593,593,1,"2024-01-19 14:05:04"
594,594,1,"2024-04-14 14:37:06"
595,595,1,"2023-11-09 08:02:44"
596,596,1,"2024-02-28 09:26:09"
597,597,1,"2023-06-25 08:43:56"
598,598,1,"2023-08-20 04:58:22"
599,599,1,"2024-03-03 12:02:17"
600,600,1,"2023-12-18 19:31:01"
601,601,1,"2024-01-26 18:31:08"
602,602,1,"2024-01-18 19:17:35"
603,603,1,"2024-05-10 04:35:51"
604,604,1,"2024-06-16 01:17:16"
605,605,1,"2023-10-25 08:07:33"
606,606,1,"2023-09-13 02:04:14"
607,607,1,"2023-10-11 18:37:04"
608,608,1,"2023-10-29 09:13:18"
609,609,1,"2024-03-02 09:15:02"
610,610,1,"2023-10-23 16:35:32"
611,611,1,"2024-05-11 10:11:59"
612,612,1,"2024-05-28 17:35:48"
613,613,1,"2024-05-20 12:24:07"
614,614,1,"2024-06-09 07:07:08"
615,615,1,"2024-01-19 00:58:32"
616,616,1,"2023-11-13 03:22:36"
617,617,1,"2023-08-06 16:12:36"
618,618,1,"2023-11-12 01:00:04"
619,619,1,"2023-06-24 14:37:19"
620,620,1,"2023-12-31 02:41:16"
621,621,1,"2024-03-27 11:12:29"
622,622,1,"2023-09-20 15:35:00"
623,623,1,"2023-10-28 11:42:51"
624,624,1,"2023-09-07 01:48:54"
625,625,1,"2023-07-03 14:34:44"
626,626,1,"2024-06-08 23:00:06"
627,627,1,"2023-11-07 17:53:08"
628,628,1,"2024-02-03 17:44:36"
629,629,1,"2023-10-31 23:10:09"
630,630,1,"2024-01-01 21:17:36"
631,631,1,"2023-08-06 20:43:31"
632,632,1,"2024-01-12 01:02:16"
633,633,1,"2023-12-26 03:16:37"
634,634,1,"2024-05-31 13:57:51"
635,635,1,"2024-03-07 00:18:19"
636,636,1,"2024-05-12 11:40:08"
637,637,1,"2023-11-16 02:43:24"
638,638,1,"2024-05-20 17:59:18"
639,639,1,"2024-03-02 00:55:05"
640,640,1,"2024-04-21 20:31:41"
641,641,1,"2023-10-12 01:56:03"
642,642,1,"2023-09-03 09:15:31"
643,643,1,"2024-02-16 23:21:49"
644,644,1,"2023-08-30 19:08:48"
645,645,1,"2024-03-27 09:00:22"
646,646,1,"2024-02-18 10:57:20"
647,647,1,"2024-04-01 07:41:29"
648,648,1,"2024-01-10 16:35:01"
649,649,1,"2024-02-22 14:48:53"
650,650,1,"2024-01-21 18:55:14"
651,651,1,"2023-09-17 05:52:42"
652,652,1,"2024-06-21 06:26:52"
653,653,1,"2023-11-10 00:57:33"
654,654,1,"2024-05-09 01:22:27"
655,655,1,"2024-02-12 10:48:55"
656,656,1,"2023-12-20 06:15:41"
657,657,1,"2024-04-26 16:59:45"
658,658,1,"2024-02-14 05:17:36"
659,659,1,"2023-11-19 04:32:21"
660,660,1,"2024-04-05 02:30:58"
661,661,1,"2023-11-25 23:19:07"
662,662,1,"2023-11-05 02:21:35"
663,663,1,"2023-12-31 18:02:45"
664,664,1,"2023-12-27 08:01:48"
665,665,1,"2023-08-28 16:14:21"
666,666,1,"2024-04-30 18:29:12"
667,667,1,"2023-09-26 19:18:22"
668,668,1,"2023-09-08 08:14:59"
669,669,1,"2023-11-02 11:20:53"
670,670,1,"2024-06-08 17:40:35"
671,671,1,"2023-07-12 07:56:35"
672,672,1,"2023-08-23 01:49:42"
673,673,1,"2023-08-21 06:58:37"
674,674,1,"2024-05-08 05:42:58"
675,675,1,"2023-11-08 02:01:18"
676,676,1,"2024-03-09 19:17:10"
677,677,1,"2024-03-10 06:39:27"
678,678,1,"2023-07-30 08:32:56"
679,679,1,"2024-06-17 07:08:26"
680,680,1,"2023-09-27 21:44:10"
681,681,1,"2023-10-03 00:53:13"
682,682,1,"2023-09-15 01:06:15"
683,683,1,"2024-04-19 19:25:56"
684,684,1,"2023-09-06 09:23:04"
685,685,1,"2024-02-17 11:38:43"
686,686,1,"2024-01-12 05:15:11"
687,687,1,"2023-07-03 23:13:51"
688,688,1,"2024-02-20 01:44:14"
689,689,1,"2024-03-05 19:00:44"
690,690,1,"2024-06-01 20:04:17"
691,691,1,"2023-08-25 04:56:35"
692,692,1,"2024-02-03 21:47:42"
693,693,1,"2024-06-18 19:03:49"
694,694,1,"2024-04-23 17:26:41"
695,695,1,"2023-08-04 16:13:05"
696,696,1,"2024-04-16 05:01:54"
697,697,1,"2024-05-20 21:12:20"
698,698,1,"2024-03-05 12:40:11"
699,699,1,"2024-02-07 16:12:11"
700,700,1,"2024-06-07 09:48:56"
701,701,1,"2024-05-16 10:23:09"
702,702,1,"2024-05-21 06:02:32"
703,703,1,"2024-02-19 21:19:31"
704,704,1,"2024-02-01 18:01:17"
705,705,1,"2024-02-24 19:41:56"
706,706,1,"2023-10-09 14:33:06"
707,707,1,"2023-10-09 19:02:55"
708,708,1,"2023-09-24 16:00:35"
709,709,1,"2023-07-02 07:09:27"
710,710,1,"2024-02-15 04:33:11"
711,711,1,"2023-10-08 22:11:15"
712,712,1,"2024-03-07 05:54:36"
713,713,1,"2023-08-07 16:59:20"
714,714,1,"2024-01-11 19:14:18"
715,715,1,"2023-11-29 21:01:28"
716,716,1,"2024-03-25 13:12:41"
717,717,1,"2023-07-19 03:16:30"
718,718,1,"2024-05-12 19:34:10"
719,719,1,"2024-06-08 09:26:56"
720,720,1,"2023-12-30 18:30:36"
721,721,1,"2023-12-22 22:44:34"
722,722,1,"2024-05-10 02:49:52"
723,723,1,"2024-02-16 13:26:47"
724,724,1,"2024-03-06 01:38:11"
725,725,1,"2023-06-30 11:34:05"
726,726,1,"2023-10-11 20:05:59"
727,727,1,"2024-05-11 07:38:18"
728,728,1,"2024-02-07 20:20:23"
729,729,1,"2023-12-21 07:27:42"
730,730,1,"2024-01-05 19:10:07"
731,731,1,"2023-12-15 22:19:56"
732,732,1,"2024-01-02 18:43:18"
733,733,1,"2024-01-22 02:20:46"
734,734,1,"2024-03-09 06:08:35"
735,735,1,"2024-03-13 12:16:51"
736,736,1,"2023-10-29 04:05:34"
737,737,1,"2023-08-18 08:56:43"
738,738,1,"2024-03-09 06:14:34"
739,739,1,"2023-07-05 19:14:05"
740,740,1,"2023-07-27 09:21:10"
741,741,1,"2023-09-19 21:49:04"
742,742,1,"2024-03-17 13:05:10"
743,743,1,"2024-06-07 10:41:45"
744,744,1,"2023-09-11 19:38:21"
745,745,1,"2024-06-07 12:54:05"
746,746,1,"2024-05-23 06:11:03"
747,747,1,"2023-12-29 22:52:22"
748,748,1,"2023-07-25 20:06:20"
749,749,1,"2023-11-17 16:59:28"
750,750,1,"2023-11-16 09:42:47"
751,751,1,"2023-06-24 00:26:44"
752,752,1,"2023-12-05 22:48:54"
753,753,1,"2023-09-05 00:36:49"
754,754,1,"2024-01-20 20:27:08"
755,755,1,"2024-05-31 21:04:03"
756,756,1,"2024-02-28 04:26:05"
757,757,1,"2023-08-01 00:58:05"
758,758,1,"2024-01-24 19:31:34"
759,759,1,"2024-01-10 18:46:55"
760,760,1,"2024-01-17 23:37:13"
761,761,1,"2024-03-12 06:15:46"
762,762,1,"2024-01-22 17:56:33"
763,763,1,"2023-08-08 20:12:37"
764,764,1,"2023-09-28 01:03:40"
765,765,1,"2023-10-23 21:58:02"
766,766,1,"2024-03-30 21:04:34"
767,767,1,"2023-11-02 23:53:32"
768,768,1,"2023-08-26 05:57:16"
769,769,1,"2024-04-03 05:49:28"
770,770,1,"2024-02-08 05:26:24"
771,771,1,"2023-12-16 20:50:06"
772,772,1,"2023-11-18 09:55:48"
773,773,1,"2023-07-01 00:23:36"
774,774,1,"2023-09-09 23:50:03"
775,775,1,"2023-09-17 22:17:14"
776,776,1,"2024-03-19 14:50:28"
777,777,1,"2023-11-17 07:21:38"
778,778,1,"2023-07-21 11:11:45"
779,779,1,"2023-06-26 13:46:12"
780,780,1,"2023-07-10 16:05:08"
781,781,1,"2024-02-19 22:52:22"
782,782,1,"2023-12-11 09:11:52"
783,783,1,"2024-03-15 06:42:14"
784,784,1,"2024-01-10 06:43:54"
785,785,1,"2023-07-08 00:14:13"
786,786,1,"2024-03-29 01:15:24"
787,787,1,"2024-02-16 16:15:19"
788,788,1,"2024-06-14 14:02:50"
789,789,1,"2024-04-10 11:02:14"
790,790,1,"2024-06-13 05:44:37"
791,791,1,"2023-09-11 09:43:56"
792,792,1,"2024-04-23 01:05:41"
793,793,1,"2023-10-15 20:57:44"
794,794,1,"2023-09-22 18:42:29"
795,795,1,"2023-11-21 14:46:07"
796,796,1,"2023-12-28 17:29:17"
797,797,1,"2023-09-17 06:22:46"
798,798,1,"2023-08-13 15:44:37"
799,799,1,"2023-07-15 00:02:26"
800,800,1,"2024-02-19 09:34:45"
801,801,1,"2024-04-30 21:52:06"
802,802,1,"2023-10-23 00:24:53"
803,803,1,"2024-04-11 20:48:48"
804,804,1,"2023-10-06 17:45:32"
805,805,1,"2024-04-09 18:40:18"
806,806,1,"2023-10-31 00:33:07"
807,807,1,"2023-11-30 06:02:47"
808,808,1,"2024-05-08 09:31:02"
809,809,1,"2023-10-17 10:06:18"
810,810,1,"2023-11-13 10:18:49"
811,811,1,"2024-05-25 16:49:48"
812,812,1,"2023-08-10 14:09:13"
813,813,1,"2024-02-25 23:28:14"
814,814,1,"2023-06-20 23:16:44"
815,815,1,"2024-02-06 20:04:52"
816,816,1,"2023-07-16 00:14:26"
817,817,1,"2023-12-08 01:07:56"
818,818,1,"2024-01-19 15:53:08"
819,819,1,"2023-07-15 12:58:27"
820,820,1,"2023-11-07 19:53:39"
821,821,1,"2024-04-26 16:56:26"
822,822,1,"2023-09-24 23:26:11"
823,823,1,"2024-01-22 22:05:01"
824,824,1,"2024-04-03 06:50:49"
825,825,1,"2024-05-04 13:48:53"
826,826,1,"2023-10-29 03:05:14"
827,827,1,"2024-01-31 01:08:10"
828,828,1,"2023-10-27 22:55:14"
829,829,1,"2024-05-15 03:08:45"
830,830,1,"2024-04-20 07:50:04"
831,831,1,"2023-08-10 10:00:57"
832,832,1,"2023-07-29 12:30:35"
833,833,1,"2024-01-21 00:59:31"
834,834,1,"2023-11-15 23:10:19"
835,835,1,"2023-11-15 09:25:39"
836,836,1,"2024-01-07 17:38:41"
837,837,1,"2023-12-02 03:58:58"
838,838,1,"2023-12-17 12:57:47"
839,839,1,"2024-04-05 19:25:05"
840,840,1,"2024-05-22 06:44:33"
841,841,1,"2023-08-10 10:32:45"
842,842,1,"2024-01-27 18:42:07"
843,843,1,"2024-05-05 18:31:32"
844,844,1,"2023-12-04 16:39:03"
845,845,1,"2024-05-07 23:49:34"
846,846,1,"2023-11-08 06:25:01"
847,847,1,"2023-09-25 01:31:59"
848,848,1,"2024-03-10 09:36:30"
849,849,1,"2024-06-04 05:19:15"
850,850,1,"2023-11-20 17:21:46"
851,851,1,"2023-11-06 09:04:58"
852,852,1,"2024-05-12 01:26:56"
853,853,1,"2023-12-20 16:47:11"
854,854,1,"2023-12-21 02:04:04"
855,855,1,"2023-09-03 00:03:55"
856,856,1,"2023-10-23 14:30:04"
857,857,1,"2024-03-24 19:29:37"
858,858,1,"2023-10-30 08:12:52"
859,859,1,"2024-05-30 05:55:07"
860,860,1,"2023-12-24 10:32:59"
861,861,1,"2024-05-27 14:06:51"
862,862,1,"2024-03-30 10:32:58"
863,863,1,"2024-05-17 23:54:26"
864,864,1,"2024-05-21 06:15:32"
865,865,1,"2024-01-07 10:15:20"
866,866,1,"2023-08-10 12:35:15"
867,867,1,"2023-09-16 19:53:47"
868,868,1,"2023-10-14 21:02:21"
869,869,1,"2023-08-24 16:20:35"
870,870,1,"2024-03-18 15:35:17"
871,871,1,"2024-02-22 16:01:35"
872,872,1,"2023-12-29 02:46:18"
873,873,1,"2024-06-04 07:26:30"
874,874,1,"2024-05-15 06:23:03"
875,875,1,"2024-03-08 06:34:25"
876,876,1,"2023-09-26 21:56:04"
877,877,1,"2024-02-21 05:27:40"
878,878,1,"2024-06-02 10:33:34"
879,879,1,"2023-10-14 08:39:54"
880,880,1,"2024-04-10 07:12:06"
881,881,1,"2023-08-23 17:20:32"
882,882,1,"2024-03-02 09:36:16"
883,883,1,"2023-10-11 10:26:45"
884,884,1,"2024-02-16 04:30:01"
885,885,1,"2024-03-10 02:25:49"
886,886,1,"2023-10-27 20:23:26"
887,887,1,"2023-11-05 12:17:47"
888,888,1,"2024-01-05 17:07:21"
889,889,1,"2024-06-09 02:27:17"
890,890,1,"2024-01-16 08:48:00"
891,891,1,"2024-03-02 05:41:49"
892,892,1,"2024-05-06 23:02:27"
893,893,1,"2023-07-14 22:15:43"
894,894,1,"2024-03-24 13:26:07"
895,895,1,"2024-04-02 00:39:08"
896,896,1,"2024-06-03 09:58:03"
897,897,1,"2023-10-31 08:55:38"
898,898,1,"2024-02-15 18:24:03"
899,899,1,"2024-06-09 04:16:58"
900,900,1,"2024-02-19 07:16:51"
901,901,1,"2024-02-25 01:19:38"
902,902,1,"2024-06-06 00:00:37"
903,903,1,"2023-08-09 11:52:59"
904,904,1,"2023-11-23 02:32:41"
905,905,1,"2024-03-11 12:02:55"
906,906,1,"2024-06-15 10:29:54"
907,907,1,"2023-07-17 02:06:59"
908,908,1,"2023-11-28 15:21:05"
909,909,1,"2024-03-11 17:54:30"
910,910,1,"2024-04-08 14:30:48"
911,911,1,"2024-01-08 16:13:58"
912,912,1,"2024-02-05 18:08:58"
913,913,1,"2024-02-29 19:58:14"
914,914,1,"2023-11-20 18:12:13"
915,915,1,"2023-10-20 20:01:22"
916,916,1,"2024-06-03 16:22:03"
917,917,1,"2023-11-15 08:16:34"
918,918,1,"2024-04-07 02:19:37"
919,919,1,"2023-10-09 00:44:18"
920,920,1,"2023-08-28 11:07:03"
921,921,1,"2023-10-18 23:35:52"
922,922,1,"2023-12-22 01:04:47"
923,923,1,"2024-04-21 22:32:11"
924,924,1,"2023-08-12 17:04:12"
925,925,1,"2023-07-19 10:35:02"
926,926,1,"2024-06-11 12:51:32"
927,927,1,"2023-09-29 20:41:47"
928,928,1,"2024-05-14 11:40:00"
929,929,1,"2023-09-27 01:33:14"
930,930,1,"2024-05-28 17:02:40"
931,931,1,"2023-11-21 15:07:39"
932,932,1,"2023-12-29 02:33:59"
933,933,1,"2024-02-21 16:06:46"
934,934,1,"2023-12-01 04:44:19"
935,935,1,"2023-07-31 15:55:17"
936,936,1,"2024-05-12 11:51:09"
937,937,1,"2024-02-05 23:56:11"
938,938,1,"2024-06-11 19:29:55"
939,939,1,"2024-04-17 19:07:21"
940,940,1,"2024-03-17 09:42:59"
941,941,1,"2024-05-16 16:32:48"
942,942,1,"2023-10-13 14:58:54"
943,943,1,"2023-07-27 16:08:26"
944,944,1,"2023-09-29 02:38:15"
945,945,1,"2024-03-15 23:44:29"
946,946,1,"2023-11-14 10:33:24"
947,947,1,"2023-07-04 17:26:40"
948,948,1,"2024-05-25 09:36:53"
949,949,1,"2023-08-08 08:37:13"
950,950,1,"2024-04-06 15:35:17"
951,951,1,"2024-06-09 12:02:43"
952,952,1,"2024-01-14 11:27:38"
953,953,1,"2023-08-05 20:22:47"
954,954,1,"2024-02-22 09:24:31"
955,955,1,"2023-10-15 14:30:17"
956,956,1,"2024-01-26 02:33:00"
957,957,1,"2024-06-07 00:35:52"
958,958,1,"2024-04-29 14:58:16"
959,959,1,"2023-10-07 13:18:23"
960,960,1,"2023-10-11 03:08:21"
961,961,1,"2024-05-29 15:39:51"
962,962,1,"2023-11-09 22:13:17"
963,963,1,"2023-09-03 15:40:54"
964,964,1,"2023-07-12 06:38:26"
965,965,1,"2023-07-28 00:59:39"
966,966,1,"2024-03-20 08:38:12"
967,967,1,"2024-04-15 12:25:36"
968,968,1,"2023-12-29 16:24:34"
969,969,1,"2024-01-15 06:50:24"
970,970,1,"2024-01-12 15:01:10"
971,971,1,"2024-03-12 15:16:53"
972,972,1,"2024-03-25 18:03:58"
973,973,1,"2023-08-18 18:55:48"
974,974,1,"2024-02-19 22:13:23"
975,975,1,"2023-07-31 00:42:34"
976,976,1,"2023-07-03 09:46:18"
977,977,1,"2024-05-19 12:28:41"
978,978,1,"2023-10-05 06:20:38"
979,979,1,"2024-02-19 04:08:20"
980,980,1,"2024-02-20 03:06:45"
981,981,1,"2024-06-04 06:08:48"
982,982,1,"2024-04-08 15:12:32"
983,983,1,"2023-11-03 17:24:23"
984,984,1,"2023-07-10 19:47:51"
985,985,1,"2024-01-19 12:07:35"
986,986,1,"2024-02-21 04:47:30"
987,987,1,"2023-12-10 21:37:35"
988,988,1,"2024-05-09 04:20:48"
989,989,1,"2023-12-09 23:18:34"
990,990,1,"2024-02-02 08:21:15"
991,991,1,"2023-12-26 22:40:40"
992,992,1,"2023-12-14 19:06:10"
993,993,1,"2024-06-15 10:07:12"
994,994,1,"2024-02-14 11:22:57"
995,995,1,"2024-03-08 13:09:16"
996,996,1,"2023-10-25 03:17:36"
997,997,1,"2023-09-03 17:37:50"
998,998,1,"2023-11-02 11:36:20"
999,999,1,"2023-07-21 19:23:14"
1000,1000,1,"2023-10-09 03:00:31"
1001,1001,1,"2024-04-20 03:20:21"
1002,1002,1,"2023-11-25 11:14:26"
1003,1003,1,"2024-05-17 11:52:01"
1004,1004,1,"2023-12-05 06:34:00"
1005,1005,1,"2024-01-28 19:41:24"
1006,1006,1,"2023-10-03 00:27:11"
1007,1007,1,"2024-01-09 21:51:21"
1008,1008,1,"2023-07-11 19:11:19"
1009,1009,1,"2023-06-22 01:24:22"
1010,1010,1,"2024-02-02 14:51:08"
1011,1011,1,"2023-11-02 02:16:12"
1012,1012,1,"2024-06-19 20:53:13"
1013,1013,1,"2024-01-27 17:31:41"
1014,1014,1,"2023-12-08 20:36:37"
1015,1015,1,"2024-02-10 12:40:17"
1016,1016,1,"2023-09-21 17:18:18"
1017,1017,1,"2023-11-26 01:40:57"
1018,1018,1,"2024-03-20 22:27:44"
1019,1019,1,"2024-03-28 23:13:10"
1020,1020,1,"2023-08-14 19:23:45"
1021,1021,1,"2024-03-08 18:25:55"
1022,1022,1,"2023-10-21 23:25:30"
1023,1023,1,"2024-04-16 08:12:14"
1024,1024,1,"2023-12-17 10:31:59"
1025,1025,1,"2023-07-04 20:17:21"
1026,1026,1,"2024-02-21 03:50:47"
1027,1027,1,"2023-07-13 12:49:40"
1028,1028,1,"2023-10-21 16:03:56"
1029,1029,1,"2023-12-28 09:53:00"
1030,1030,1,"2023-09-25 23:53:10"
1031,1031,1,"2023-08-09 20:48:01"
1032,1032,1,"2023-06-30 01:22:20"
1033,1033,1,"2024-01-03 18:57:14"
1034,1034,1,"2024-01-26 13:42:09"
1035,1035,1,"2024-05-16 23:49:19"
1036,1036,1,"2024-05-27 16:24:48"
1037,1037,1,"2024-04-04 00:14:09"
1038,1038,1,"2024-02-01 15:55:25"
1039,1039,1,"2023-12-23 03:00:06"
1040,1040,1,"2023-08-21 20:38:17"
1041,1041,1,"2023-07-20 21:28:10"
1042,1042,1,"2024-05-20 11:39:48"
1043,1043,1,"2024-01-15 06:26:55"
1044,1044,1,"2024-04-23 08:39:45"
1045,1045,1,"2023-07-02 13:33:01"
1046,1046,1,"2024-05-14 16:49:47"
1047,1047,1,"2023-07-05 09:04:17"
1048,1048,1,"2024-03-28 10:19:35"
1049,1049,1,"2023-08-20 04:30:33"
1050,1050,1,"2023-06-30 04:43:06"
1051,1051,1,"2024-04-20 05:10:31"
1052,1052,1,"2023-12-22 11:47:15"
1053,1053,1,"2023-09-18 10:26:25"
1054,1054,1,"2024-04-19 04:44:45"
1055,1055,1,"2023-10-21 18:01:40"
1056,1056,1,"2023-08-25 19:25:32"
1057,1057,1,"2023-11-13 14:01:34"
1058,1058,1,"2023-08-09 01:56:43"
1059,1059,1,"2024-01-06 13:06:14"
1060,1060,1,"2023-07-12 17:12:53"
1061,1061,1,"2023-10-14 02:57:48"
1062,1062,1,"2023-10-09 22:34:09"
1063,1063,1,"2024-02-16 23:08:53"
1064,1064,1,"2024-03-10 00:57:03"
1065,1065,1,"2023-06-21 21:09:09"
1066,1066,1,"2024-03-21 01:52:11"
1067,1067,1,"2024-01-12 05:01:51"
1068,1068,1,"2023-11-22 19:23:41"
1069,1069,1,"2024-03-14 05:43:10"
1070,1070,1,"2023-10-16 09:59:25"
1071,1071,1,"2023-09-10 10:06:50"
1072,1072,1,"2024-03-10 16:55:28"
1073,1073,1,"2024-03-24 20:49:21"
1074,1074,1,"2024-05-23 12:05:11"
1075,1075,1,"2024-04-11 03:51:14"
1076,1076,1,"2024-03-25 20:06:14"
1077,1077,1,"2023-09-28 12:48:35"
1078,1078,1,"2023-12-28 03:45:19"
1079,1079,1,"2023-09-30 10:56:04"
1080,1080,1,"2024-01-14 07:26:19"
1081,1081,1,"2024-04-07 13:22:01"
1082,1082,1,"2023-09-23 04:54:19"
1083,1083,1,"2023-12-25 06:48:16"
1084,1084,1,"2024-06-17 03:42:41"
1085,1085,1,"2024-04-10 05:50:41"
1086,1086,1,"2024-03-10 01:06:21"
1087,1087,1,"2023-07-06 14:38:02"
1088,1088,1,"2024-02-07 19:02:39"
1089,1089,1,"2023-12-04 10:18:51"
1090,1090,1,"2024-01-27 05:54:58"
1091,1091,1,"2024-02-08 06:16:27"
1092,1092,1,"2024-06-19 18:20:00"
1093,1093,1,"2024-01-01 16:53:29"
1094,1094,1,"2024-02-06 17:07:53"
1095,1095,1,"2024-01-17 17:47:58"
1096,1096,1,"2024-03-25 12:48:18"
1097,1097,1,"2023-10-05 15:22:25"
1098,1098,1,"2023-12-11 08:58:44"
1099,1099,1,"2023-11-09 02:17:16"
1100,1100,1,"2023-09-27 02:03:32"
1101,1101,1,"2024-03-13 13:10:51"
1102,1102,1,"2023-09-24 14:38:30"
1103,1103,1,"2023-08-10 21:44:09"
1104,1104,1,"2024-05-14 23:55:31"
1105,1105,1,"2023-11-02 03:52:16"
1106,1106,1,"2024-01-05 14:23:17"
1107,1107,1,"2023-07-29 18:51:27"
1108,1108,1,"2024-05-16 07:50:05"
1109,1109,1,"2024-05-16 07:23:01"
1110,1110,1,"2023-12-12 10:37:33"
1111,1111,1,"2023-11-03 09:02:58"
1112,1112,1,"2023-07-11 11:44:32"
1113,1113,1,"2023-08-14 04:10:09"
1114,1114,1,"2024-04-09 21:49:57"
1115,1115,1,"2023-10-14 22:48:04"
1116,1116,1,"2023-10-28 14:35:23"
1117,1117,1,"2023-11-29 21:31:01"
1118,1118,1,"2024-05-29 04:10:29"
1119,1119,1,"2023-10-12 05:05:33"
1120,1120,1,"2024-04-18 18:27:29"
1121,1121,1,"2023-09-23 14:01:53"
1122,1122,1,"2023-08-24 16:13:34"
1123,1123,1,"2023-11-07 12:25:15"
1124,1124,1,"2023-08-18 19:53:06"
1125,1125,1,"2023-07-13 16:33:17"
1126,1126,1,"2023-11-05 17:08:40"
1127,1127,1,"2023-06-30 03:39:48"
1128,1128,1,"2023-08-11 06:17:07"
1129,1129,1,"2024-05-25 11:01:27"
1130,1130,1,"2023-12-28 04:20:45"
1131,1131,1,"2023-08-12 06:17:32"
1132,1132,1,"2023-11-21 01:01:34"
1133,1133,1,"2023-07-07 21:50:24"
1134,1134,1,"2023-11-07 14:16:02"
1135,1135,1,"2024-04-24 01:52:04"
1136,1136,1,"2024-03-18 16:47:49"
1137,1137,1,"2023-07-07 00:01:08"
1138,1138,1,"2024-04-26 23:54:53"
1139,1139,1,"2023-12-27 22:50:19"
1140,1140,1,"2023-12-11 04:28:13"
1141,1141,1,"2023-09-20 06:36:12"
1142,1142,1,"2024-06-06 03:08:30"
1143,1143,1,"2023-09-02 21:21:31"
1144,1144,1,"2024-06-11 00:00:01"
1145,1145,1,"2023-10-23 16:08:09"
1146,1146,1,"2024-02-23 02:16:46"
1147,1147,1,"2024-03-07 01:16:38"
1148,1148,1,"2023-07-27 21:52:40"
1149,1149,1,"2024-05-05 00:24:06"
1150,1150,1,"2024-01-01 05:02:09"
1151,1151,1,"2023-11-17 14:58:03"
1152,1152,1,"2024-05-06 17:57:21"
1153,1153,1,"2023-08-07 09:57:51"
1154,1154,1,"2023-08-25 04:23:27"
1155,1155,1,"2023-11-03 15:18:02"
1156,1156,1,"2024-05-22 13:04:18"
1157,1157,1,"2024-05-07 03:38:03"
1158,1158,1,"2024-03-13 16:22:42"
1159,1159,1,"2023-10-14 21:41:43"
1160,1160,1,"2024-03-21 00:49:54"
1161,1161,1,"2023-11-04 21:39:09"
1162,1162,1,"2023-11-14 23:54:08"
1163,1163,1,"2024-03-10 05:21:43"
1164,1164,1,"2024-04-01 17:04:01"
1165,1165,1,"2023-08-27 16:52:45"
1166,1166,1,"2024-04-25 02:17:21"
1167,1167,1,"2023-12-13 05:32:08"
1168,1168,1,"2023-12-08 21:34:24"
1169,1169,1,"2023-11-23 04:21:14"
1170,1170,1,"2024-05-28 17:27:57"
1171,1171,1,"2024-01-08 04:30:37"
1172,1172,1,"2023-12-16 20:40:18"
1173,1173,1,"2023-07-12 08:27:43"
1174,1174,1,"2024-06-13 12:13:01"
1175,1175,1,"2023-07-30 20:25:26"
1176,1176,1,"2024-05-23 06:24:20"
1177,1177,1,"2023-12-04 09:34:57"
1178,1178,1,"2023-07-23 16:02:41"
1179,1179,1,"2023-08-11 12:08:17"
1180,1180,1,"2023-11-11 20:19:07"
1181,1181,1,"2023-09-04 23:47:43"
1182,1182,1,"2023-07-23 23:08:40"
1183,1183,1,"2024-04-07 14:15:27"
1184,1184,1,"2023-06-24 17:28:46"
1185,1185,1,"2023-10-25 08:29:43"
1186,1186,1,"2023-07-23 17:38:07"
1187,1187,1,"2023-07-23 10:04:52"
1188,1188,1,"2023-09-24 00:21:05"
1189,1189,1,"2024-03-03 18:43:21"
1190,1190,1,"2023-09-23 02:23:30"
1191,1191,1,"2023-11-20 18:30:16"
1192,1192,1,"2023-08-25 00:54:42"
1193,1193,1,"2023-10-04 08:57:21"
1194,1194,1,"2024-06-17 08:13:23"
1195,1195,1,"2024-01-11 06:49:17"
1196,1196,1,"2023-07-18 03:29:58"
1197,1197,1,"2023-08-06 01:56:06"
1198,1198,1,"2023-11-07 08:07:37"
1199,1199,1,"2023-10-17 04:07:18"
1200,1200,1,"2024-02-01 20:25:37"
1201,1201,1,"2023-10-09 12:09:20"
1202,1202,1,"2023-07-02 00:36:39"
1203,1203,1,"2024-01-10 23:35:13"
1204,1204,1,"2023-12-23 22:56:17"
1205,1205,1,"2023-09-01 08:25:50"
1206,1206,1,"2023-09-28 06:20:56"
1207,1207,1,"2023-10-04 11:27:20"
1208,1208,1,"2023-06-26 08:13:47"
1209,1209,1,"2023-11-24 08:53:02"
1210,1210,1,"2023-10-08 12:46:53"
1211,1211,1,"2024-02-01 12:49:40"
1212,1212,1,"2023-09-27 06:06:36"
1213,1213,1,"2024-04-12 17:22:54"
1214,1214,1,"2024-02-02 05:33:53"
1215,1215,1,"2023-11-09 22:59:04"
1216,1216,1,"2023-10-11 15:06:58"
1217,1217,1,"2023-10-06 15:19:17"
1218,1218,1,"2024-04-17 05:07:15"
1219,1219,1,"2023-08-25 17:49:47"
1220,1220,1,"2024-03-18 17:02:23"
1221,1221,1,"2023-11-03 03:29:22"
1222,1222,1,"2024-02-26 01:25:11"
1223,1223,1,"2023-12-28 06:51:37"
1224,1224,1,"2024-01-16 19:55:17"
1225,1225,1,"2024-04-21 03:22:02"
1226,1226,1,"2023-11-25 07:22:51"
1227,1227,1,"2023-07-31 11:56:44"
1228,1228,1,"2023-10-16 01:56:40"
1229,1229,1,"2023-11-07 10:13:41"
1230,1230,1,"2023-07-17 05:26:23"
1231,1231,1,"2024-02-16 12:21:38"
1232,1232,1,"2024-01-14 12:49:30"
1233,1233,1,"2023-08-25 04:26:48"
1234,1234,1,"2024-01-14 11:01:18"
1235,1235,1,"2024-06-11 00:22:39"
1236,1236,1,"2023-08-14 19:06:11"
1237,1237,1,"2023-09-12 18:50:32"
1238,1238,1,"2023-09-10 18:51:38"
1239,1239,1,"2024-06-07 11:36:53"
1240,1240,1,"2024-02-25 21:23:10"
1241,1241,1,"2023-07-02 15:26:16"
1242,1242,1,"2023-06-27 02:04:42"
1243,1243,1,"2024-03-29 18:01:14"
1244,1244,1,"2023-11-22 23:58:03"
1245,1245,1,"2024-02-02 14:37:52"
1246,1246,1,"2024-05-17 10:15:20"
1247,1247,1,"2023-12-28 15:00:43"
1248,1248,1,"2024-03-16 21:00:44"
1249,1249,1,"2023-09-16 01:32:35"
1250,1250,1,"2024-06-11 04:53:58"
1251,1251,1,"2024-05-08 17:47:24"
1252,1252,1,"2023-07-01 12:10:46"
1253,1253,1,"2023-10-26 23:33:06"
1254,1254,1,"2024-02-28 05:35:10"
1255,1255,1,"2023-11-24 00:10:23"
1256,1256,1,"2023-08-20 04:20:50"
1257,1257,1,"2023-07-23 16:18:17"
1258,1258,1,"2024-03-16 06:31:02"
1259,1259,1,"2024-05-10 02:56:58"
1260,1260,1,"2024-02-09 05:31:05"
1261,1261,1,"2024-04-08 00:38:15"
1262,1262,1,"2023-11-16 18:13:41"
1263,1263,1,"2024-02-21 04:24:37"
1264,1264,1,"2023-12-16 12:27:26"
1265,1265,1,"2023-08-24 02:19:00"
1266,1266,1,"2024-03-06 19:03:32"
1267,1267,1,"2023-07-27 11:24:24"
1268,1268,1,"2024-02-20 20:06:17"
1269,1269,1,"2024-01-31 21:38:08"
1270,1270,1,"2024-02-01 10:32:26"
1271,1271,1,"2023-10-07 13:26:38"
1272,1272,1,"2023-11-29 01:53:42"
1273,1273,1,"2024-01-10 16:15:35"
1274,1274,1,"2023-06-30 21:58:18"
1275,1275,1,"2023-10-13 14:58:01"
1276,1276,1,"2024-04-11 13:12:59"
1277,1277,1,"2023-08-28 20:36:19"
1278,1278,1,"2024-04-02 22:46:59"
1279,1279,1,"2023-11-21 00:25:28"
1280,1280,1,"2023-09-04 23:33:08"
1281,1281,1,"2024-01-04 19:07:45"
1282,1282,1,"2024-02-22 17:12:36"
1283,1283,1,"2023-12-06 19:20:23"
1284,1284,1,"2023-10-18 18:56:51"
1285,1285,1,"2024-02-27 23:51:48"
1286,1286,1,"2023-10-07 18:44:08"
1287,1287,1,"2023-10-18 05:04:26"
1288,1288,1,"2024-04-08 00:51:58"
1289,1289,1,"2024-06-13 10:54:07"
1290,1290,1,"2023-07-06 19:43:04"
1291,1291,1,"2023-08-14 22:29:05"
1292,1292,1,"2023-09-26 16:30:08"
1293,1293,1,"2023-12-25 11:25:03"
1294,1294,1,"2024-03-14 13:01:55"
1295,1295,1,"2024-02-01 06:38:38"
1296,1296,1,"2023-08-03 18:25:51"
1297,1297,1,"2024-05-20 02:02:31"
1298,1298,1,"2023-10-09 19:26:52"
1299,1299,1,"2023-11-14 17:31:54"
1300,1300,1,"2024-04-08 11:49:30"
1301,1301,1,"2023-08-24 12:39:38"
1302,1302,1,"2024-03-20 19:59:21"
1303,1303,1,"2024-04-06 12:50:43"
1304,1304,1,"2023-08-31 12:29:01"
1305,1305,1,"2023-11-14 14:19:04"
1306,1306,1,"2023-07-24 23:46:58"
1307,1307,1,"2024-02-27 01:16:40"
1308,1308,1,"2023-11-11 15:56:29"
1309,1309,1,"2023-09-10 02:05:14"
1310,1310,1,"2024-01-12 05:32:14"
1311,1311,1,"2024-04-17 13:03:38"
1312,1312,1,"2023-11-30 23:48:10"
1313,1313,1,"2024-05-05 07:04:04"
1314,1314,1,"2023-11-10 04:28:29"
1315,1315,1,"2024-01-28 09:55:09"
1316,1316,1,"2023-08-06 23:59:57"
1317,1317,1,"2023-10-07 05:31:18"
1318,1318,1,"2024-02-18 07:10:36"
1319,1319,1,"2023-10-28 22:21:44"
1320,1320,1,"2024-02-06 13:12:28"
1321,1321,1,"2023-09-18 02:14:14"
1322,1322,1,"2024-06-01 01:39:58"
1323,1323,1,"2023-08-31 22:06:08"
1324,1324,1,"2024-01-28 22:44:04"
1325,1325,1,"2024-02-08 13:41:35"
1326,1326,1,"2023-10-03 01:00:24"
1327,1327,1,"2024-03-20 04:58:20"
1328,1328,1,"2023-09-17 13:24:57"
1329,1329,1,"2024-02-05 02:34:49"
1330,1330,1,"2024-02-03 22:30:06"
1331,1331,1,"2023-12-07 00:39:37"
1332,1332,1,"2024-03-31 17:38:48"
1333,1333,1,"2024-06-03 04:26:00"
1334,1334,1,"2023-11-25 03:30:09"
1335,1335,1,"2024-03-24 11:22:08"
1336,1336,1,"2024-04-09 03:24:56"
1337,1337,1,"2024-02-18 21:54:26"
1338,1338,1,"2024-04-01 06:18:09"
1339,1339,1,"2023-11-02 18:37:46"
1340,1340,1,"2023-06-30 06:45:53"
1341,1341,1,"2023-09-06 21:04:15"
1342,1342,1,"2024-02-26 14:53:57"
1343,1343,1,"2024-02-15 13:16:22"
1344,1344,1,"2023-07-12 20:35:38"
1345,1345,1,"2023-10-22 05:48:18"
1346,1346,1,"2023-07-05 21:41:45"
1347,1347,1,"2024-05-11 07:52:36"
1348,1348,1,"2023-10-06 18:24:31"
1349,1349,1,"2023-10-09 11:38:17"
1350,1350,1,"2024-03-17 18:03:07"
1351,1351,1,"2023-07-04 20:15:58"
1352,1352,1,"2023-10-05 08:16:50"
1353,1353,1,"2024-06-13 13:44:27"
1354,1354,1,"2024-02-20 15:24:38"
1355,1355,1,"2024-02-16 00:57:04"
1356,1356,1,"2024-05-18 22:11:10"
1357,1357,1,"2024-06-18 09:56:26"
1358,1358,1,"2023-12-08 04:50:33"
1359,1359,1,"2023-08-04 15:39:00"
1360,1360,1,"2023-06-24 21:43:20"
1361,1361,1,"2023-09-04 14:42:32"
1362,1362,1,"2024-03-26 19:58:23"
1363,1363,1,"2024-01-25 14:38:16"
1364,1364,1,"2023-12-09 22:46:31"
1365,1365,1,"2023-10-21 21:39:57"
1366,1366,1,"2024-06-18 19:17:56"
1367,1367,1,"2024-05-21 10:57:32"
1368,1368,1,"2023-12-21 17:39:56"
1369,1369,1,"2023-10-25 17:31:18"
1370,1370,1,"2023-11-02 17:28:13"
1371,1371,1,"2024-01-31 04:36:15"
1372,1372,1,"2024-03-13 04:57:00"
1373,1373,1,"2023-09-23 03:00:33"
1374,1374,1,"2023-12-22 23:28:32"
1375,1375,1,"2023-11-02 12:26:52"
1376,1376,1,"2023-10-11 13:29:19"
1377,1377,1,"2023-08-16 20:04:56"
1378,1378,1,"2023-07-04 04:00:02"
1379,1379,1,"2023-12-24 14:18:41"
1380,1380,1,"2023-08-10 17:14:41"
1381,1381,1,"2023-08-19 14:40:47"
1382,1382,1,"2023-09-11 22:54:42"
1383,1383,1,"2023-08-12 14:40:13"
1384,1384,1,"2024-04-01 08:59:19"
1385,1385,1,"2024-01-25 12:06:42"
1386,1386,1,"2023-11-10 11:37:40"
1387,1387,1,"2023-08-24 14:37:37"
1388,1388,1,"2024-03-23 01:51:08"
1389,1389,1,"2023-08-15 05:05:29"
1390,1390,1,"2023-06-27 04:02:03"
1391,1391,1,"2024-06-16 18:51:14"
1392,1392,1,"2023-10-16 14:44:29"
1393,1393,1,"2023-08-18 22:57:45"
1394,1394,1,"2023-10-09 05:39:38"
1395,1395,1,"2023-07-18 13:18:48"
1396,1396,1,"2023-11-17 19:01:06"
1397,1397,1,"2023-12-02 22:56:23"
1398,1398,1,"2023-12-24 12:47:46"
1399,1399,1,"2024-05-25 01:05:11"
1400,1400,1,"2024-05-01 19:04:00"
1401,1401,1,"2023-07-21 15:10:32"
1402,1402,1,"2023-10-25 02:07:59"
1403,1403,1,"2024-03-03 20:56:10"
1404,1404,1,"2023-09-22 03:22:07"
1405,1405,1,"2023-12-23 18:24:53"
1406,1406,1,"2023-10-27 22:15:29"
1407,1407,1,"2024-03-22 09:06:44"
1408,1408,1,"2024-03-02 01:44:16"
1409,1409,1,"2024-01-17 20:40:16"
1410,1410,1,"2024-06-15 03:27:44"
1411,1411,1,"2023-11-02 19:34:59"
1412,1412,1,"2023-10-05 07:52:56"
1413,1413,1,"2024-06-06 17:29:12"
1414,1414,1,"2023-11-21 06:58:24"
1415,1415,1,"2024-06-07 12:35:28"
1416,1416,1,"2024-01-16 03:38:25"
1417,1417,1,"2024-03-21 11:13:30"
1418,1418,1,"2024-02-06 21:59:52"
1419,1419,1,"2024-05-21 04:03:52"
1420,1420,1,"2024-01-24 15:38:36"
1421,1421,1,"2023-11-22 22:29:38"
1422,1422,1,"2023-10-18 15:48:49"
1423,1423,1,"2023-10-18 03:06:37"
1424,1424,1,"2023-08-09 13:36:01"
1425,1425,1,"2023-12-06 05:15:54"
1426,1426,1,"2024-01-27 00:10:03"
1427,1427,1,"2024-05-13 13:25:39"
1428,1428,1,"2024-01-17 00:12:21"
1429,1429,1,"2024-05-29 02:50:15"
1430,1430,1,"2023-08-22 14:26:25"
1431,1431,1,"2023-12-14 07:56:15"
1432,1432,1,"2024-05-25 13:05:33"
1433,1433,1,"2023-07-15 03:34:23"
1434,1434,1,"2024-04-28 23:48:04"
1435,1435,1,"2023-09-10 10:07:14"
1436,1436,1,"2023-10-27 19:01:39"
1437,1437,1,"2024-05-13 00:59:00"
1438,1438,1,"2024-04-18 10:50:21"
1439,1439,1,"2024-04-29 00:29:02"
1440,1440,1,"2024-03-24 03:58:51"
1441,1441,1,"2023-06-22 16:39:26"
1442,1442,1,"2023-07-18 18:27:42"
1443,1443,1,"2023-07-17 03:44:17"
1444,1444,1,"2023-11-26 16:40:34"
1445,1445,1,"2023-09-28 00:43:46"
1446,1446,1,"2024-06-17 14:57:51"
1447,1447,1,"2024-01-05 23:01:20"
1448,1448,1,"2023-07-16 18:53:23"
1449,1449,1,"2024-03-04 02:57:36"
1450,1450,1,"2024-02-20 06:27:33"
1451,1451,1,"2024-05-02 05:32:47"
1452,1452,1,"2023-09-12 03:35:22"
1453,1453,1,"2023-11-18 12:20:56"
1454,1454,1,"2023-09-21 16:38:53"
1455,1455,1,"2023-10-26 05:31:54"
1456,1456,1,"2024-05-24 12:35:21"
1457,1457,1,"2024-02-20 08:37:43"
1458,1458,1,"2024-01-10 17:32:56"
1459,1459,1,"2024-02-28 20:32:10"
1460,1460,1,"2023-12-08 12:30:28"
1461,1461,1,"2024-03-03 09:08:51"
1462,1462,1,"2024-01-22 07:13:25"
1463,1463,1,"2023-06-28 17:29:23"
1464,1464,1,"2023-12-12 15:06:00"
1465,1465,1,"2024-04-16 21:14:57"
1466,1466,1,"2024-04-30 21:42:45"
1467,1467,1,"2024-05-10 23:00:27"
1468,1468,1,"2023-10-26 22:41:59"
1469,1469,1,"2023-09-19 01:45:47"
1470,1470,1,"2024-01-06 11:10:18"
1471,1471,1,"2023-12-02 22:36:33"
1472,1472,1,"2023-07-20 03:21:29"
1473,1473,1,"2023-08-03 22:28:05"
1474,1474,1,"2023-09-26 02:41:25"
1475,1475,1,"2024-04-19 00:47:11"
1476,1476,1,"2024-02-04 12:45:46"
1477,1477,1,"2023-09-23 21:25:39"
1478,1478,1,"2023-08-14 18:52:53"
1479,1479,1,"2023-10-23 18:41:38"
1480,1480,1,"2023-09-09 20:24:08"
1481,1481,1,"2024-01-05 12:08:46"
1482,1482,1,"2024-04-15 12:36:16"
1483,1483,1,"2023-07-27 16:58:30"
1484,1484,1,"2024-05-28 18:20:13"
1485,1485,1,"2023-09-21 10:06:01"
1486,1486,1,"2024-02-11 08:11:34"
1487,1487,1,"2023-06-30 23:16:39"
1488,1488,1,"2023-08-21 22:44:28"
1489,1489,1,"2023-09-06 20:42:16"
1490,1490,1,"2023-10-17 05:34:10"
1491,1491,1,"2024-05-11 12:42:16"
1492,1492,1,"2024-02-19 12:30:28"
1493,1493,1,"2023-10-27 18:15:10"
1494,1494,1,"2024-02-22 00:17:51"
1495,1495,1,"2023-10-26 07:38:00"
1496,1496,1,"2024-04-01 23:09:40"
1497,1497,1,"2024-06-20 18:58:33"
1498,1498,1,"2024-04-13 07:55:07"
1499,1499,1,"2024-05-10 06:33:56"
1500,1500,1,"2023-11-23 21:05:15"
1501,1501,1,"2024-01-16 18:19:52"
1502,1502,1,"2024-01-05 11:23:16"
1503,1503,1,"2024-03-22 17:43:24"
1504,1504,1,"2024-03-01 05:26:19"
1505,1505,1,"2024-01-07 18:20:22"
1506,1506,1,"2024-06-14 05:45:08"
1507,1507,1,"2023-09-21 10:43:09"
1508,1508,1,"2024-04-03 11:43:04"
1509,1509,1,"2024-05-19 21:31:12"
1510,1510,1,"2024-06-10 05:53:02"
1511,1511,1,"2024-03-22 18:53:22"
1512,1512,1,"2023-07-22 16:30:51"
1513,1513,1,"2023-10-19 07:44:58"
1514,1514,1,"2024-04-06 01:41:37"
1515,1515,1,"2024-01-11 02:14:48"
1516,1516,1,"2024-05-26 08:45:45"
1517,1517,1,"2023-11-15 18:11:56"
1518,1518,1,"2023-10-09 23:52:06"
1519,1519,1,"2023-07-09 03:51:09"
1520,1520,1,"2024-04-07 16:15:21"
1521,1521,1,"2023-08-25 20:06:36"
1522,1522,1,"2023-11-02 21:55:44"
1523,1523,1,"2024-01-06 23:39:23"
1524,1524,1,"2024-01-02 07:08:58"
1525,1525,1,"2023-08-02 03:41:30"
1526,1526,1,"2024-01-19 23:46:40"
1527,1527,1,"2023-12-14 19:43:03"
1528,1528,1,"2023-10-24 16:14:52"
1529,1529,1,"2023-10-05 09:43:02"
1530,1530,1,"2024-01-08 01:36:15"
1531,1531,1,"2024-04-13 05:10:46"
1532,1532,1,"2023-12-22 11:47:38"
1533,1533,1,"2024-06-07 23:52:11"
1534,1534,1,"2024-04-17 02:14:58"
1535,1535,1,"2023-06-28 13:58:09"
1536,1536,1,"2023-12-28 14:56:01"
1537,1537,1,"2023-10-04 18:13:49"
1538,1538,1,"2024-01-01 05:10:19"
1539,1539,1,"2024-01-22 16:30:45"
1540,1540,1,"2023-11-01 17:00:00"
1541,1541,1,"2023-11-05 20:58:44"
1542,1542,1,"2024-04-13 11:14:10"
1543,1543,1,"2023-09-04 23:34:36"
1544,1544,1,"2023-08-01 15:09:19"
1545,1545,1,"2024-01-19 06:01:30"
1546,1546,1,"2024-05-27 17:26:57"
1547,1547,1,"2023-07-09 18:09:13"
1548,1548,1,"2023-08-24 03:27:14"
1549,1549,1,"2023-07-17 03:56:12"
1550,1550,1,"2024-02-20 04:49:46"
1551,1551,1,"2023-09-06 02:03:43"
1552,1552,1,"2023-08-15 12:08:48"
1553,1553,1,"2024-01-18 11:28:10"
1554,1554,1,"2023-09-29 08:57:59"
1555,1555,1,"2023-11-05 18:43:44"
1556,1556,1,"2023-06-30 07:57:52"
1557,1557,1,"2023-10-25 09:20:34"
1558,1558,1,"2024-02-07 10:18:45"
1559,1559,1,"2023-07-27 02:08:34"
1560,1560,1,"2024-03-26 08:54:29"
1561,1561,1,"2023-06-25 04:04:38"
1562,1562,1,"2024-02-25 09:51:03"
1563,1563,1,"2024-02-06 08:45:26"
1564,1564,1,"2024-01-11 00:20:03"
1565,1565,1,"2024-05-05 00:20:30"
1566,1566,1,"2024-05-21 02:13:52"
1567,1567,1,"2023-07-16 05:08:40"
1568,1568,1,"2023-09-21 07:27:19"
1569,1569,1,"2024-05-12 05:56:46"
1570,1570,1,"2024-01-26 09:02:53"
1571,1571,1,"2023-11-10 10:30:52"
1572,1572,1,"2023-10-24 19:39:22"
1573,1573,1,"2024-05-13 21:37:02"
1574,1574,1,"2024-01-15 11:42:46"
1575,1575,1,"2024-05-26 05:11:46"
1576,1576,1,"2023-09-19 19:21:23"
1577,1577,1,"2024-03-06 01:00:55"
1578,1578,1,"2024-02-11 18:20:18"
1579,1579,1,"2024-05-20 09:05:40"
1580,1580,1,"2023-07-25 22:02:09"
1581,1581,1,"2024-04-14 04:09:51"
1582,1582,1,"2024-02-19 15:03:43"
1583,1583,1,"2024-02-14 16:04:53"
1584,1584,1,"2024-06-20 20:53:28"
1585,1585,1,"2023-08-12 04:02:59"
1586,1586,1,"2024-05-22 19:51:06"
1587,1587,1,"2024-03-25 15:11:51"
1588,1588,1,"2024-04-09 23:33:49"
1589,1589,1,"2024-05-22 03:22:02"
1590,1590,1,"2024-01-02 17:13:17"
1591,1591,1,"2023-10-19 18:56:34"
1592,1592,1,"2023-11-10 17:02:21"
1593,1593,1,"2024-02-13 01:25:43"
1594,1594,1,"2024-05-26 19:41:23"
1595,1595,1,"2023-10-11 19:00:52"
1596,1596,1,"2023-09-24 22:11:05"
1597,1597,1,"2024-01-31 03:17:55"
1598,1598,1,"2023-09-01 05:48:58"
1599,1599,1,"2023-08-03 13:40:06"
1600,1600,1,"2023-11-08 08:17:29"
1601,1601,1,"2024-03-24 15:30:03"
1602,1602,1,"2023-07-05 09:57:06"
1603,1603,1,"2023-12-25 11:51:46"
1604,1604,1,"2024-02-15 06:08:43"
1605,1605,1,"2024-06-13 17:17:58"
1606,1606,1,"2024-06-13 14:36:08"
1607,1607,1,"2024-03-31 07:53:32"
1608,1608,1,"2023-09-21 10:50:45"
1609,1609,1,"2024-04-27 08:28:23"
1610,1610,1,"2023-08-06 06:14:33"
1611,1611,1,"2024-02-12 23:11:43"
1612,1612,1,"2024-01-01 16:05:11"
1613,1613,1,"2024-01-14 20:12:43"
1614,1614,1,"2024-04-04 20:13:18"
1615,1615,1,"2023-09-19 20:45:50"
1616,1616,1,"2024-06-16 06:37:47"
1617,1617,1,"2023-12-08 17:31:24"
1618,1618,1,"2023-08-27 12:35:02"
1619,1619,1,"2023-12-05 16:53:41"
1620,1620,1,"2023-09-14 21:29:44"
1621,1621,1,"2023-08-15 11:51:52"
1622,1622,1,"2024-03-15 01:16:15"
1623,1623,1,"2023-10-18 14:39:03"
1624,1624,1,"2024-02-20 04:02:55"
1625,1625,1,"2023-08-14 21:56:30"
1626,1626,1,"2024-02-26 14:06:53"
1627,1627,1,"2024-06-20 21:01:17"
1628,1628,1,"2024-02-09 11:32:54"
1629,1629,1,"2024-06-14 13:05:48"
1630,1630,1,"2023-09-18 07:54:07"
1631,1631,1,"2024-06-10 19:20:04"
1632,1632,1,"2024-05-27 02:26:33"
1633,1633,1,"2024-03-04 17:52:20"
1634,1634,1,"2024-01-06 01:32:57"
1635,1635,1,"2024-02-09 07:58:33"
1636,1636,1,"2023-08-31 14:41:13"
1637,1637,1,"2023-11-21 07:37:15"
1638,1638,1,"2023-08-10 22:21:52"
1639,1639,1,"2023-11-18 03:19:54"
1640,1640,1,"2024-03-30 21:14:22"
1641,1641,1,"2024-03-08 17:54:01"
1642,1642,1,"2024-01-28 15:04:32"
1643,1643,1,"2023-08-16 11:04:16"
1644,1644,1,"2023-07-13 22:45:57"
1645,1645,1,"2024-05-30 21:30:42"
1646,1646,1,"2023-07-02 21:52:36"
1647,1647,1,"2024-02-13 22:50:41"
1648,1648,1,"2024-01-14 03:54:30"
1649,1649,1,"2023-09-27 14:36:36"
1650,1650,1,"2023-11-29 08:23:11"
1651,1651,1,"2024-02-24 13:34:45"
1652,1652,1,"2023-09-11 06:50:08"
1653,1653,1,"2023-12-12 06:45:32"
1654,1654,1,"2023-11-27 17:05:20"
1655,1655,1,"2023-11-04 12:55:40"
1656,1656,1,"2024-04-10 09:44:39"
1657,1657,1,"2024-01-27 09:03:42"
1658,1658,1,"2023-08-21 23:09:59"
1659,1659,1,"2024-04-21 19:31:08"
1660,1660,1,"2024-03-13 15:36:14"
1661,1661,1,"2023-12-31 19:04:53"
1662,1662,1,"2024-01-07 11:56:16"
1663,1663,1,"2024-04-20 20:14:45"
1664,1664,1,"2024-05-28 08:18:39"
1665,1665,1,"2023-08-22 09:46:30"
1666,1666,1,"2023-12-27 20:32:13"
1667,1667,1,"2023-07-27 14:37:25"
1668,1668,1,"2023-08-28 01:56:02"
1669,1669,1,"2023-07-11 23:02:51"
1670,1670,1,"2023-11-17 19:14:33"
1671,1671,1,"2023-10-23 20:28:25"
1672,1672,1,"2023-10-28 13:15:56"
1673,1673,1,"2023-12-26 23:56:08"
1674,1674,1,"2024-02-06 17:38:21"
1675,1675,1,"2024-05-13 13:29:01"
1676,1676,1,"2023-09-29 14:24:52"
1677,1677,1,"2024-06-16 00:05:59"
1678,1678,1,"2023-09-06 21:34:14"
1679,1679,1,"2024-02-04 07:57:10"
1680,1680,1,"2024-04-26 10:37:25"
1681,1681,1,"2023-09-12 08:33:59"
1682,1682,1,"2023-10-25 09:23:47"
1683,1683,1,"2024-04-09 10:28:55"
1684,1684,1,"2023-08-11 02:11:10"
1685,1685,1,"2023-12-26 07:11:23"
1686,1686,1,"2024-03-14 07:46:26"
1687,1687,1,"2023-09-30 07:42:51"
1688,1688,1,"2023-08-30 13:39:54"
1689,1689,1,"2024-06-03 09:14:13"
1690,1690,1,"2023-10-14 05:59:26"
1691,1691,1,"2024-05-17 13:00:09"
1692,1692,1,"2023-10-13 22:11:20"
1693,1693,1,"2024-01-19 06:59:29"
1694,1694,1,"2023-08-04 21:08:44"
1695,1695,1,"2023-09-19 18:28:26"
1696,1696,1,"2023-12-23 15:47:47"
1697,1698,1,"2023-09-03 20:21:13"
1698,1699,1,"2024-06-12 18:16:30"
1699,1700,1,"2023-09-14 20:48:26"
1700,1701,1,"2023-09-17 01:44:28"
1701,1702,1,"2024-05-24 08:40:20"
1702,1703,1,"2024-02-10 11:33:25"
1703,1704,1,"2023-08-07 08:59:34"
1704,1705,1,"2023-11-22 11:48:45"
1705,1706,1,"2024-06-05 21:03:04"
1706,1707,1,"2024-02-20 04:48:27"
1707,1708,1,"2023-08-02 22:36:24"
1708,1709,1,"2024-04-03 04:14:31"
1709,1710,1,"2023-10-04 02:47:26"
1710,1711,1,"2024-05-27 12:44:26"
1711,1712,1,"2023-08-30 23:37:03"
1712,1713,1,"2024-04-17 05:21:00"
1713,1714,1,"2024-02-13 08:14:45"
1714,1715,1,"2024-01-11 14:47:25"
1715,1716,1,"2023-10-14 10:26:19"
1716,1717,1,"2024-05-14 11:27:35"
1717,1718,1,"2024-03-07 01:11:49"
1718,1719,1,"2023-11-29 05:18:39"
1719,1720,1,"2024-04-25 05:47:20"
1720,1721,1,"2024-05-13 12:14:25"
1721,1722,1,"2024-05-06 21:56:52"
1722,1723,1,"2023-11-12 00:12:29"
1723,1724,1,"2024-04-13 02:18:06"
1724,1725,1,"2023-11-29 12:49:52"
1725,1726,1,"2023-12-23 14:27:43"
1726,1727,1,"2024-03-19 02:40:39"
1727,1728,1,"2024-03-24 16:03:57"
1728,1729,1,"2024-02-07 23:03:38"
1729,1730,1,"2024-01-06 02:10:06"
1730,1731,1,"2023-11-07 13:58:12"
1731,1732,1,"2023-09-18 15:24:56"
1732,1733,1,"2023-08-22 10:31:02"
1733,1734,1,"2023-08-13 17:48:34"
1734,1735,1,"2024-04-29 10:51:43"
1735,1736,1,"2023-09-10 17:47:15"
1736,1737,1,"2024-04-07 08:45:45"
1737,1738,1,"2023-11-16 02:52:56"
1738,1739,1,"2024-01-28 20:09:29"
1739,1740,1,"2024-06-18 19:12:17"
1740,1741,1,"2023-08-23 09:00:20"
1741,1742,1,"2023-09-21 11:25:20"
1742,1743,1,"2024-01-29 05:33:45"
1743,1744,1,"2024-03-29 05:58:18"
1744,1745,1,"2023-10-23 03:48:50"
1745,1746,1,"2023-11-16 21:21:55"
1746,1747,1,"2023-10-26 01:10:16"
1747,1748,1,"2023-08-27 10:03:22"
1748,1749,1,"2024-02-21 01:54:35"
1749,1750,1,"2023-08-28 05:00:36"
1750,1751,1,"2024-02-14 06:50:25"
1751,1752,1,"2023-11-30 02:37:20"
1752,1753,1,"2024-03-02 03:08:17"
1753,1754,1,"2023-12-01 08:12:56"
1754,1755,1,"2023-10-16 05:04:39"
1755,1756,1,"2024-04-26 10:46:51"
1756,1757,1,"2023-11-03 11:12:09"
1757,1758,1,"2023-10-11 20:33:09"
1758,1759,1,"2024-02-21 23:59:04"
1759,1760,1,"2023-10-27 18:56:53"
1760,1761,1,"2023-12-19 00:15:03"
1761,1762,1,"2024-04-28 19:38:51"
1762,1763,1,"2024-01-20 01:43:33"
1763,1764,1,"2023-09-01 16:12:54"
1764,1765,1,"2023-09-28 07:11:31"
1765,1766,1,"2023-07-05 10:19:55"
1766,1767,1,"2023-08-17 16:46:30"
1767,1768,1,"2024-06-16 15:47:36"
1768,1769,1,"2023-12-14 22:46:36"
1769,1770,1,"2024-02-26 14:51:37"
1770,1771,1,"2024-01-19 23:37:59"
1771,1772,1,"2023-11-28 06:43:15"
1772,1773,1,"2023-06-22 01:36:38"
1773,1774,1,"2024-01-17 05:35:56"
1774,1775,1,"2023-06-22 10:37:35"
1775,1776,1,"2024-02-07 02:33:34"
1776,1777,1,"2023-10-25 21:15:58"
1777,1778,1,"2024-05-30 22:12:52"
1778,1779,1,"2023-09-04 03:40:35"
1779,1780,1,"2024-01-07 19:31:55"
1780,1781,1,"2023-10-18 01:03:47"
1781,1782,1,"2023-08-25 14:14:31"
1782,1783,1,"2023-10-18 17:06:46"
1783,1784,1,"2023-06-26 10:57:13"
1784,1785,1,"2024-04-20 19:30:54"
1785,1786,1,"2024-01-09 02:46:33"
1786,1787,1,"2024-01-27 22:02:57"
1787,1788,1,"2023-08-21 03:54:15"
1788,1789,1,"2024-03-25 13:33:11"
1789,1790,1,"2024-01-07 01:12:56"
1790,1791,1,"2024-05-20 03:48:34"
1791,1792,1,"2023-08-11 21:37:59"
1792,1793,1,"2023-11-21 22:16:03"
1793,1794,1,"2023-07-10 22:41:28"
1794,1795,1,"2024-01-03 20:07:57"
1795,1796,1,"2023-10-08 04:14:20"
1796,1797,1,"2023-10-31 19:09:47"
1797,1798,1,"2023-09-07 07:57:09"
1798,1799,1,"2023-09-14 02:21:37"
1799,1800,1,"2023-11-03 02:17:15"
1800,1801,1,"2024-02-20 10:22:51"
1801,1802,1,"2024-02-22 05:31:37"
1802,1803,1,"2024-04-04 06:00:46"
1803,1804,1,"2024-04-28 04:44:03"
1804,1805,1,"2024-03-15 20:52:11"
1805,1806,1,"2023-10-29 21:12:20"
1806,1807,1,"2024-05-06 02:57:50"
1807,1808,1,"2023-07-12 14:39:37"
1808,1809,1,"2024-01-02 22:16:41"
1809,1810,1,"2024-03-28 06:15:20"
1810,1811,1,"2023-10-23 18:41:47"
1811,1812,1,"2024-02-12 06:04:54"
1812,1813,1,"2024-02-07 12:02:56"
1813,1814,1,"2023-08-28 17:22:01"
1814,1815,1,"2024-02-14 23:56:41"
1815,1816,1,"2023-08-09 17:41:00"
1816,1817,1,"2024-01-02 00:15:31"
1817,1818,1,"2023-11-19 11:12:30"
1818,1819,1,"2023-07-01 02:13:33"
1819,1820,1,"2024-03-12 06:43:48"
1820,1821,1,"2024-06-06 23:34:07"
1821,1822,1,"2024-06-16 06:53:29"
1822,1823,1,"2023-11-14 10:44:53"
1823,1824,1,"2024-01-31 09:31:40"
1824,1825,1,"2024-05-22 20:26:08"
1825,1826,1,"2023-08-22 23:07:17"
1826,1827,1,"2024-06-05 10:33:29"
1827,1828,1,"2023-08-10 06:03:28"
1828,1829,1,"2023-09-29 16:44:15"
1829,1830,1,"2024-02-18 08:28:15"
1830,1831,1,"2024-05-31 19:01:33"
1831,1832,1,"2023-10-29 19:56:57"
1832,1833,1,"2023-11-07 03:35:50"
1833,1834,1,"2023-11-05 05:05:06"
1834,1835,1,"2023-12-31 09:34:35"
1835,1836,1,"2024-01-14 12:14:29"
1836,1837,1,"2023-10-11 10:10:28"
1837,1838,1,"2023-11-29 10:02:26"
1838,1839,1,"2023-07-16 10:12:18"
1839,1840,1,"2024-02-11 20:56:59"
1840,1841,1,"2024-06-13 07:07:30"
1841,1842,1,"2023-07-10 04:05:27"
1842,1843,1,"2023-12-10 02:45:37"
1843,1844,1,"2023-10-17 12:24:12"
1844,1845,1,"2023-12-30 20:18:34"
1845,1846,1,"2024-06-14 01:35:15"
1846,1847,1,"2024-01-24 04:33:45"
1847,1848,1,"2023-12-17 17:41:05"
1848,1849,1,"2024-02-02 16:45:34"
1849,1850,1,"2024-06-07 16:46:33"
1850,1851,1,"2024-05-06 00:55:02"
1851,1852,1,"2024-01-04 07:40:09"
1852,1853,1,"2023-11-15 08:00:37"
1853,1854,1,"2023-06-26 06:20:45"
1854,1855,1,"2024-05-27 02:04:11"
1855,1856,1,"2024-06-21 05:47:37"
1856,1857,1,"2023-08-07 19:54:02"
1857,1858,1,"2024-05-20 05:32:06"
1858,1859,1,"2024-04-03 07:02:58"
1859,1860,1,"2024-02-14 20:31:58"
1860,1861,1,"2024-01-07 14:43:42"
1861,1862,1,"2024-02-16 15:29:40"
1862,1863,1,"2023-10-29 14:35:25"
1863,1864,1,"2024-03-06 15:33:45"
1864,1865,1,"2023-10-16 18:16:12"
1865,1866,1,"2024-04-15 10:52:55"
1866,1867,1,"2024-01-23 03:08:04"
1867,1868,1,"2024-01-28 05:46:00"
1868,1869,1,"2024-03-25 13:08:37"
1869,1870,1,"2024-02-03 00:14:24"
1870,1871,1,"2024-01-28 23:43:40"
1871,1872,1,"2023-09-30 02:14:02"
1872,1873,1,"2024-01-08 22:31:26"
1873,1874,1,"2024-02-10 00:05:06"
1874,1875,1,"2023-12-22 11:53:43"
1875,1876,1,"2024-01-28 01:45:32"
1876,1877,1,"2023-07-24 02:20:35"
1877,1878,1,"2024-04-27 04:56:06"
1878,1879,1,"2023-07-13 03:56:20"
1879,1880,1,"2023-12-24 13:53:51"
1880,1881,1,"2023-08-01 08:47:33"
1881,1882,1,"2024-05-11 09:20:08"
1882,1883,1,"2024-05-29 19:23:43"
1883,1884,1,"2024-01-02 20:52:03"
1884,1885,1,"2024-05-21 00:45:05"
1885,1886,1,"2024-01-27 01:56:26"
1886,1887,1,"2024-03-03 19:51:08"
1887,1888,1,"2024-04-23 12:52:36"
1888,1889,1,"2024-05-24 22:01:20"
1889,1890,1,"2023-08-22 20:57:38"
1890,1891,1,"2024-02-20 01:12:36"
1891,1892,1,"2024-01-03 15:35:21"
1892,1893,1,"2023-09-15 07:12:09"
1893,1894,1,"2024-04-10 02:40:12"
1894,1895,1,"2024-02-04 04:12:49"
1895,1896,1,"2023-07-02 11:53:26"
1896,1897,1,"2024-05-21 00:05:04"
1897,1898,1,"2024-05-09 16:46:03"
1898,1899,1,"2023-11-25 09:54:45"
1899,1900,1,"2023-11-25 14:27:29"
1900,1901,1,"2023-10-16 07:24:28"
1901,1902,1,"2023-07-28 18:10:21"
1902,1903,1,"2024-01-08 11:51:32"
1903,1904,1,"2024-06-15 21:11:57"
1904,1905,1,"2023-11-10 18:11:51"
1905,1906,1,"2024-02-25 13:23:39"
1906,1907,1,"2024-03-02 09:44:22"
1907,1908,1,"2023-09-10 16:25:38"
1908,1910,1,"2024-04-15 14:44:14"
1909,1911,1,"2023-09-27 16:04:49"
1910,1912,1,"2024-01-16 20:10:21"
1911,1913,1,"2024-06-17 21:41:37"
1912,1914,1,"2023-10-26 14:26:57"
1913,1915,1,"2023-09-25 03:32:54"
1914,1916,1,"2023-10-17 20:52:21"
1915,1917,1,"2023-08-26 22:26:43"
1916,1918,1,"2024-03-15 02:59:48"
1917,1919,1,"2023-07-10 00:09:15"
1918,1920,1,"2023-11-21 02:56:44"
1919,1921,1,"2023-10-11 09:38:35"
1920,1922,1,"2023-12-22 14:15:04"
1921,1923,1,"2024-06-04 15:57:47"
1922,1924,1,"2024-03-14 03:02:26"
1923,1925,1,"2024-06-17 20:27:25"
1924,1926,1,"2023-07-01 11:28:14"
1925,1927,1,"2023-08-24 06:49:43"
1926,1928,1,"2023-10-16 16:42:07"
1927,1929,1,"2023-09-29 13:34:28"
1928,1930,1,"2024-01-05 23:25:29"
1929,1931,1,"2023-11-05 19:59:26"
1930,1932,1,"2023-07-02 14:08:17"
1931,1933,1,"2023-09-13 18:55:53"
1932,1934,1,"2024-04-25 05:55:01"
1933,1935,1,"2024-06-16 07:04:53"
1934,1936,1,"2023-11-22 20:24:54"
1935,1937,1,"2023-08-16 14:02:55"
1936,1938,1,"2023-07-14 21:08:52"
1937,1939,1,"2023-07-02 00:53:20"
1938,1940,1,"2024-04-22 15:49:39"
1939,1941,1,"2023-08-23 12:34:01"
1940,1942,1,"2023-07-31 03:46:10"
1941,1943,1,"2023-07-19 22:30:30"
1942,1944,1,"2023-06-24 08:43:59"
1943,1945,1,"2024-01-12 16:19:23"
1944,1946,1,"2024-03-27 02:28:36"
1945,1947,1,"2024-05-22 09:37:37"
1946,1948,1,"2023-11-09 21:21:13"
1947,1949,1,"2023-09-25 02:38:08"
1948,1950,1,"2023-10-26 00:10:31"
1949,1951,1,"2024-02-12 14:13:45"
1950,1952,1,"2023-09-19 15:19:14"
1951,1953,1,"2023-08-28 15:52:27"
1952,1954,1,"2024-06-14 21:43:38"
1953,1955,1,"2024-06-04 17:22:04"
1954,1956,1,"2023-08-31 22:30:12"
1955,1957,1,"2023-12-06 19:54:58"
1956,1958,1,"2023-12-27 09:06:55"
1957,1959,1,"2023-10-02 21:30:35"
1958,1960,1,"2024-03-26 02:15:39"
1959,1961,1,"2024-01-20 02:27:16"
1960,1962,1,"2024-02-21 07:32:06"
1961,1963,1,"2024-04-06 14:11:15"
1962,1964,1,"2024-04-30 10:03:23"
1963,1965,1,"2024-01-07 05:08:54"
1964,1966,1,"2024-02-27 13:31:55"
1965,1967,1,"2023-08-05 00:48:58"
1966,1968,1,"2023-11-12 22:23:48"
1967,1969,1,"2024-04-27 19:08:28"
1968,1970,1,"2023-10-22 00:00:08"
1969,1971,1,"2024-03-17 16:53:48"
1970,1972,1,"2024-02-09 00:59:18"
1971,1973,1,"2023-12-17 18:39:19"
1972,1974,1,"2024-02-07 12:36:50"
1973,1975,1,"2024-06-05 17:17:51"
1974,1976,1,"2023-12-18 19:46:35"
1975,1977,1,"2023-06-24 04:09:25"
1976,1978,1,"2023-11-23 19:07:17"
1977,1979,1,"2023-08-06 09:36:29"
1978,1980,1,"2023-11-14 09:32:48"
1979,1981,1,"2023-12-20 12:15:43"
1980,1982,1,"2024-01-18 03:40:13"
1981,1983,1,"2023-12-13 12:16:34"
1982,1984,1,"2024-03-10 23:38:30"
1983,1985,1,"2024-02-06 15:53:55"
1984,1986,1,"2024-04-23 02:15:30"
1985,1987,1,"2023-07-31 21:59:03"
1986,1988,1,"2024-01-27 01:03:26"
1987,1989,1,"2023-12-08 12:39:33"
1988,1990,1,"2024-03-12 00:16:42"
1989,1991,1,"2024-05-13 17:34:35"
1990,1992,1,"2023-08-20 10:05:34"
1991,1993,1,"2024-01-26 06:25:42"
1992,1994,1,"2023-09-14 04:11:00"
1993,1995,1,"2023-09-01 06:40:40"
1994,1996,1,"2024-03-31 19:22:47"
1995,1997,1,"2023-07-16 01:11:52"
1996,1998,1,"2023-11-23 01:39:48"
1997,1999,1,"2024-04-13 10:39:19"
1998,2000,1,"2023-12-03 17:30:32"
1999,2001,1,"2023-12-28 03:40:45"
2000,2002,1,"2024-05-28 14:00:42"
2001,2003,1,"2023-08-28 12:32:04"
2002,2004,1,"2023-10-15 18:39:28"
2003,2005,1,"2023-09-14 20:24:04"
2004,2006,1,"2024-03-25 15:40:54"
2005,2007,1,"2023-06-30 04:59:55"
2006,2008,1,"2023-10-29 13:51:09"
2007,2009,1,"2023-08-12 01:26:50"
2008,2010,1,"2024-02-17 07:25:27"
2009,2011,1,"2024-02-15 09:47:40"
2010,2012,1,"2024-02-10 01:59:18"
2011,2013,1,"2024-05-15 00:46:09"
2012,2014,1,"2024-05-14 18:07:10"
2013,2015,1,"2023-09-11 00:05:17"
2014,2016,1,"2023-07-31 13:58:23"
2015,2017,1,"2024-05-02 11:51:30"
2016,2018,1,"2024-04-19 10:26:14"
2017,2019,1,"2023-11-03 20:54:49"
2018,2020,1,"2023-07-13 23:52:15"
2019,2021,1,"2023-11-20 15:01:06"
2020,2022,1,"2023-11-11 07:37:36"
2021,2023,1,"2023-07-02 09:53:57"
2022,2024,1,"2023-07-19 11:06:13"
2023,2025,1,"2023-08-20 17:40:05"
2024,2026,1,"2023-09-23 17:04:02"
2025,2027,1,"2023-08-04 14:06:50"
2026,2028,1,"2023-10-22 10:53:55"
2027,2029,1,"2023-10-12 08:27:55"
2028,2030,1,"2024-03-16 07:56:13"
2029,2031,1,"2024-05-09 08:02:14"
2030,2032,1,"2024-03-07 16:36:42"
2031,2033,1,"2023-12-09 21:06:05"
2032,2034,1,"2023-09-26 15:34:54"
2033,2035,1,"2024-03-06 23:50:23"
2034,2036,1,"2023-12-25 22:05:15"
2035,2037,1,"2023-10-11 06:24:27"
2036,2038,1,"2024-03-31 02:22:06"
2037,2039,1,"2023-09-17 23:10:43"
2038,2040,1,"2023-07-02 12:34:35"
2039,2041,1,"2023-08-02 15:13:19"
2040,2042,1,"2023-06-24 17:01:37"
2041,2043,1,"2023-10-21 06:30:32"
2042,2044,1,"2024-01-15 18:57:44"
2043,2045,1,"2023-09-05 23:54:04"
2044,2046,1,"2023-07-10 02:18:24"
2045,2047,1,"2024-05-01 13:29:37"
2046,2048,1,"2023-08-24 12:29:55"
2047,2049,1,"2023-07-20 10:56:33"
2048,2050,1,"2023-06-24 07:09:40"
2049,2051,1,"2023-11-09 01:59:55"
2050,2052,1,"2023-11-11 16:03:42"
2051,2053,1,"2023-12-24 07:31:54"
2052,2054,1,"2023-08-20 11:31:54"
2053,2055,1,"2023-09-16 09:01:45"
2054,2056,1,"2024-06-02 00:25:24"
2055,2057,1,"2023-06-24 14:27:27"
2056,2058,1,"2023-09-25 07:34:50"
2057,2059,1,"2023-09-27 05:28:05"
2058,2060,1,"2023-09-25 12:38:55"
2059,2061,1,"2023-08-02 15:47:26"
2060,2062,1,"2023-08-26 17:19:16"
2061,2063,1,"2023-09-04 04:58:52"
2062,2064,1,"2023-12-15 14:09:20"
2063,2065,1,"2024-05-17 05:38:59"
2064,2066,1,"2023-09-01 06:49:40"
2065,2067,1,"2024-02-16 21:44:29"
2066,2068,1,"2023-12-12 16:16:51"
2067,2069,1,"2023-07-21 22:04:13"
2068,2070,1,"2023-07-20 13:11:01"
2069,2071,1,"2023-12-13 21:01:50"
2070,2072,1,"2024-03-22 13:17:18"
2071,2073,1,"2023-11-21 17:45:32"
2072,2074,1,"2023-08-10 14:22:11"
2073,2075,1,"2023-06-28 19:44:48"
2074,2076,1,"2024-05-24 09:43:50"
2075,2077,1,"2023-11-29 19:37:14"
2076,2078,1,"2023-12-19 00:53:40"
2077,2079,1,"2023-11-01 07:03:05"
2078,2080,1,"2024-05-14 03:44:49"
2079,2081,1,"2024-01-16 06:45:09"
2080,2082,1,"2023-07-09 14:32:31"
2081,2083,1,"2023-07-20 14:27:43"
2082,2084,1,"2024-02-24 13:47:06"
2083,2085,1,"2024-04-26 06:54:24"
2084,2086,1,"2023-11-25 22:05:41"
2085,2087,1,"2023-06-29 18:44:15"
2086,2088,1,"2024-01-01 07:00:55"
2087,2089,1,"2023-09-27 16:41:16"
2088,2090,1,"2024-01-15 00:32:36"
2089,2091,1,"2023-11-21 08:53:31"
2090,2092,1,"2023-11-25 00:49:30"
2091,2093,1,"2024-05-28 07:52:47"
2092,2094,1,"2024-03-23 11:43:17"
2093,2095,1,"2024-04-13 03:00:40"
2094,2096,1,"2024-04-09 13:30:11"
2095,2097,1,"2023-07-29 03:30:28"
2096,2098,1,"2023-08-14 18:47:07"
2097,2099,1,"2023-10-10 23:21:08"
2098,2100,1,"2024-01-04 11:31:56"
2099,2101,1,"2024-02-21 18:21:32"
2100,2102,1,"2024-03-28 02:56:18"
2101,2103,1,"2024-02-08 22:30:19"
2102,2104,1,"2024-02-12 12:50:31"
2103,2105,1,"2023-07-15 11:49:31"
2104,2106,1,"2024-01-26 08:53:39"
2105,2107,1,"2023-10-31 00:16:49"
2106,2108,1,"2024-05-21 00:46:45"
2107,2109,1,"2023-08-28 06:18:42"
2108,2110,1,"2023-12-29 00:17:49"
2109,2111,1,"2023-10-21 07:49:26"
2110,2112,1,"2023-07-09 02:58:07"
2111,2113,1,"2023-07-07 13:35:41"
2112,2114,1,"2024-01-25 16:41:35"
2113,2115,1,"2024-03-15 18:16:14"
2114,2116,1,"2023-09-21 15:44:49"
2115,2117,1,"2024-04-16 04:21:36"
2116,2118,1,"2023-12-25 03:22:46"
2117,2119,1,"2023-10-27 07:44:06"
2118,2120,1,"2024-05-01 08:45:50"
2119,2121,1,"2024-03-09 20:18:04"
2120,2122,1,"2023-07-01 21:37:29"
2121,2123,1,"2023-12-15 03:30:57"
2122,2124,1,"2023-06-25 22:21:59"
2123,2125,1,"2024-04-12 01:12:36"
2124,2126,1,"2023-08-31 10:24:07"
2125,2127,1,"2024-04-09 13:00:11"
2126,2128,1,"2024-06-02 03:47:11"
2127,2129,1,"2023-07-12 22:32:38"
2128,2130,1,"2024-03-10 18:19:11"
2129,2131,1,"2023-12-13 00:52:38"
2130,2132,1,"2023-12-16 08:40:16"
2131,2133,1,"2023-07-05 12:26:13"
2132,2134,1,"2023-09-26 14:29:47"
2133,2135,1,"2023-12-22 23:13:05"
2134,2136,1,"2023-11-02 03:50:30"
2135,2137,1,"2023-12-05 18:08:00"
2136,2138,1,"2024-01-28 08:35:05"
2137,2139,1,"2023-06-27 15:44:08"
2138,2140,1,"2023-10-21 18:14:50"
2139,2141,1,"2023-10-30 03:25:14"
2140,2142,1,"2024-01-18 02:20:23"
2141,2143,1,"2023-08-01 18:50:43"
2142,2144,1,"2023-12-21 15:22:39"
2143,2145,1,"2023-08-31 04:39:30"
2144,2146,1,"2024-02-14 04:52:33"
2145,2147,1,"2024-05-13 07:32:27"
2146,2148,1,"2024-01-06 16:21:40"
2147,2149,1,"2023-12-13 13:58:54"
2148,2150,1,"2023-11-01 21:45:20"
2149,2151,1,"2024-01-28 20:50:38"
2150,2152,1,"2023-12-05 08:01:16"
2151,2153,1,"2024-04-03 14:28:46"
2152,2154,1,"2023-07-15 23:14:37"
2153,2155,1,"2024-02-24 12:23:18"
2154,2156,1,"2023-08-18 02:45:22"
2155,2157,1,"2023-10-30 02:24:32"
2156,2158,1,"2023-10-24 09:53:21"
2157,2159,1,"2023-12-08 20:31:30"
2158,2160,1,"2023-07-13 16:33:03"
2159,2161,1,"2024-02-08 11:44:11"
2160,2162,1,"2023-10-22 01:36:57"
2161,2163,1,"2024-02-08 05:09:47"
2162,2164,1,"2023-08-03 22:46:07"
2163,2165,1,"2024-03-17 17:44:38"
2164,2166,1,"2023-12-27 23:39:06"
2165,2167,1,"2023-06-29 15:36:10"
2166,2168,1,"2024-01-17 02:12:00"
2167,2169,1,"2024-01-29 15:26:12"
2168,2170,1,"2023-12-18 16:26:41"
2169,2171,1,"2024-06-14 23:09:16"
2170,2172,1,"2024-06-15 18:28:29"
2171,2173,1,"2023-06-30 15:13:34"
2172,2174,1,"2024-02-09 05:47:03"
2173,2175,1,"2023-10-01 13:12:44"
2174,2176,1,"2024-03-23 03:05:55"
2175,2177,1,"2023-12-12 22:49:26"
2176,2178,1,"2023-12-17 10:51:01"
2177,2179,1,"2023-08-20 20:35:45"
2178,2180,1,"2023-08-19 11:47:38"
2179,2181,1,"2023-08-15 01:29:29"
2180,2182,1,"2024-06-04 04:17:07"
2181,2183,1,"2023-09-13 22:48:32"
2182,2184,1,"2023-11-09 10:22:33"
2183,2185,1,"2024-06-16 08:17:00"
2184,2186,1,"2023-06-27 13:08:58"
2185,2187,1,"2024-05-27 05:57:39"
2186,2188,1,"2024-02-13 09:30:10"
2187,2189,1,"2024-05-07 15:20:10"
2188,2190,1,"2023-08-08 07:56:04"
2189,2191,1,"2024-05-12 01:47:52"
2190,2192,1,"2024-04-18 14:19:16"
2191,2193,1,"2023-08-23 04:15:46"
2192,2194,1,"2024-02-06 05:06:59"
2193,2195,1,"2024-05-17 08:28:11"
2194,2196,1,"2023-08-13 12:03:43"
2195,2197,1,"2023-10-15 08:41:35"
2196,2198,1,"2023-07-12 13:44:27"
2197,2199,1,"2023-07-07 10:09:48"
2198,2200,1,"2024-03-16 15:11:25"
2199,2201,1,"2024-06-19 21:18:18"
2200,2202,1,"2023-08-15 04:44:32"
2201,2203,1,"2023-08-06 02:51:50"
2202,2204,1,"2023-07-18 04:53:43"
2203,2205,1,"2023-09-10 07:31:41"
2204,2206,1,"2023-12-26 10:20:58"
2205,2207,1,"2023-11-08 12:49:40"
2206,2208,1,"2024-03-27 12:23:02"
2207,2209,1,"2024-01-02 00:31:30"
2208,2210,1,"2023-09-28 20:10:05"
2209,2211,1,"2024-02-19 10:56:52"
2210,2212,1,"2024-04-29 12:04:40"
2211,2213,1,"2023-12-28 21:50:54"
2212,2214,1,"2023-10-28 00:44:13"
2213,2215,1,"2023-09-09 13:59:56"
2214,2216,1,"2024-03-16 13:59:35"
2215,2217,1,"2024-02-21 07:51:26"
2216,2218,1,"2023-09-15 17:50:39"
2217,2219,1,"2023-12-03 10:20:19"
2218,2220,1,"2023-09-10 02:39:16"
2219,2221,1,"2023-11-16 12:06:24"
2220,2222,1,"2024-05-30 19:14:34"
2221,2223,1,"2024-05-23 16:00:06"
2222,2224,1,"2024-04-15 03:00:35"
2223,2225,1,"2024-01-23 11:38:04"
2224,2226,1,"2023-10-01 05:45:50"
2225,2227,1,"2023-09-06 05:13:35"
2226,2228,1,"2023-10-08 17:14:05"
2227,2229,1,"2024-05-17 05:26:07"
2228,2230,1,"2024-05-03 15:56:40"
2229,2231,1,"2024-03-27 15:44:49"
2230,2232,1,"2023-08-26 04:30:09"
2231,2233,1,"2024-02-10 03:50:21"
2232,2234,1,"2023-08-08 15:20:00"
2233,2235,1,"2024-04-09 11:32:56"
2234,2236,1,"2023-08-13 07:27:12"
2235,2237,1,"2023-11-15 17:15:17"
2236,2238,1,"2023-12-31 18:30:20"
2237,2239,1,"2023-10-08 12:05:12"
2238,2240,1,"2024-04-04 20:11:43"
2239,2241,1,"2024-06-04 05:31:15"
2240,2242,1,"2024-02-01 09:00:41"
2241,2243,1,"2024-01-25 03:48:31"
2242,2244,1,"2023-12-24 02:08:26"
2243,2245,1,"2024-06-04 14:24:23"
2244,2246,1,"2024-04-15 22:40:35"
2245,2247,1,"2023-12-22 14:29:59"
2246,2248,1,"2024-02-27 05:43:19"
2247,2249,1,"2024-02-13 14:52:02"
2248,2250,1,"2023-07-19 09:42:22"
2249,2251,1,"2023-10-07 07:14:52"
2250,2252,1,"2023-09-27 15:34:55"
2251,2253,1,"2024-03-15 23:13:48"
2252,2254,1,"2023-06-30 00:58:50"
2253,2255,1,"2023-12-17 00:29:58"
2254,2256,1,"2023-11-27 12:24:37"
2255,2257,1,"2023-08-25 08:02:06"
2256,2258,1,"2023-10-30 04:08:27"
2257,2259,1,"2024-06-15 01:20:22"
2258,2260,1,"2024-04-19 10:08:00"
2259,2261,1,"2023-09-06 18:16:43"
2260,2262,1,"2023-07-20 19:45:41"
2261,2263,1,"2024-06-12 19:27:40"
2262,2264,1,"2023-12-24 23:54:50"
2263,2265,1,"2023-12-25 19:22:50"
2264,2266,1,"2023-11-13 22:16:00"
2265,2267,1,"2023-10-10 22:22:08"
2266,2268,1,"2023-08-18 00:08:55"
2267,2269,1,"2023-06-23 19:03:08"
2268,2270,1,"2023-07-07 04:48:28"
2269,2271,1,"2023-08-31 01:49:42"
2270,2272,1,"2023-10-15 14:20:30"
2271,2273,1,"2023-11-01 03:48:15"
2272,2274,1,"2023-11-23 17:39:48"
2273,2275,1,"2023-11-10 05:33:14"
2274,2276,1,"2023-06-27 17:33:30"
2275,2277,1,"2024-02-05 01:37:43"
2276,2278,1,"2023-10-21 09:44:47"
2277,2279,1,"2023-10-31 16:40:06"
2278,2280,1,"2023-07-22 08:03:37"
2279,2281,1,"2023-09-30 18:47:34"
2280,2282,1,"2023-11-24 10:34:56"
2281,2283,1,"2024-01-28 22:33:20"
2282,2284,1,"2023-12-29 23:28:04"
2283,2285,1,"2024-01-20 11:30:27"
2284,2286,1,"2023-07-13 23:33:50"
2285,2287,1,"2023-11-15 17:58:59"
2286,2288,1,"2023-08-02 03:18:43"
2287,2289,1,"2023-10-19 12:55:30"
2288,2290,1,"2023-09-11 01:28:57"
2289,2291,1,"2024-04-14 13:11:06"
2290,2292,1,"2024-01-29 19:47:13"
2291,2293,1,"2024-01-15 12:19:11"
2292,2294,1,"2023-10-07 14:26:52"
2293,2295,1,"2023-10-16 20:42:38"
2294,2296,1,"2023-10-03 07:04:08"
2295,2297,1,"2023-09-17 08:53:26"
2296,2298,1,"2023-07-09 02:28:23"
2297,2299,1,"2024-06-04 23:33:28"
2298,2300,1,"2023-06-28 09:36:08"
2299,2301,1,"2023-07-28 08:11:17"
2300,2302,1,"2023-11-19 20:56:15"
2301,2303,1,"2023-09-28 20:03:17"
2302,2304,1,"2023-08-30 18:12:52"
2303,2305,1,"2023-08-22 20:29:43"
2304,2306,1,"2023-08-22 03:40:08"
2305,2307,1,"2024-04-30 23:26:07"
2306,2308,1,"2023-11-03 22:00:01"
2307,2309,1,"2023-07-29 11:37:15"
2308,2310,1,"2024-05-24 05:24:57"
2309,2311,1,"2023-08-11 04:05:46"
2310,2312,1,"2023-07-16 02:37:28"
2311,2313,1,"2024-02-11 04:30:11"
2312,2314,1,"2023-08-02 21:19:41"
2313,2315,1,"2023-10-11 04:39:43"
2314,2316,1,"2023-11-27 08:35:18"
2315,2317,1,"2024-03-10 01:40:56"
2316,2318,1,"2024-04-19 03:38:07"
2317,2319,1,"2023-07-07 10:53:50"
2318,2320,1,"2023-08-13 20:41:51"
2319,2321,1,"2023-12-06 09:15:25"
2320,2322,1,"2023-07-16 03:10:59"
2321,2323,1,"2023-12-12 12:00:38"
2322,2324,1,"2024-01-03 16:08:17"
2323,2325,1,"2023-11-14 14:40:48"
2324,2326,1,"2024-02-20 07:21:08"
2325,2327,1,"2024-04-08 18:14:50"
2326,2328,1,"2023-11-18 19:42:51"
2327,2329,1,"2024-06-12 21:11:07"
2328,2330,1,"2024-04-08 23:26:14"
2329,2331,1,"2023-12-29 00:41:14"
2330,2332,1,"2024-02-25 07:55:37"
2331,2333,1,"2024-01-07 06:02:14"
2332,2334,1,"2023-10-20 16:34:28"
2333,2335,1,"2024-04-11 15:59:22"
2334,2336,1,"2023-07-21 21:32:56"
2335,2337,1,"2023-09-05 18:54:28"
2336,2338,1,"2023-12-23 06:01:08"
2337,2339,1,"2024-03-21 18:26:39"
2338,2340,1,"2024-03-24 10:17:16"
2339,2341,1,"2024-02-24 17:37:36"
2340,2342,1,"2023-07-14 18:25:27"
2341,2343,1,"2023-11-01 18:00:57"
2342,2344,1,"2023-11-22 21:02:12"
2343,2345,1,"2024-01-11 04:24:16"
2344,2346,1,"2024-05-14 19:42:39"
2345,2347,1,"2023-12-18 02:29:52"
2346,2348,1,"2024-05-05 09:21:22"
2347,2349,1,"2024-05-18 07:17:17"
2348,2350,1,"2023-07-19 10:55:49"
2349,2351,1,"2024-02-20 07:50:02"
2350,2352,1,"2024-02-21 18:14:25"
2351,2353,1,"2024-03-28 08:23:46"
2352,2354,1,"2024-06-15 16:59:32"
2353,2355,1,"2023-11-26 05:42:38"
2354,2356,1,"2024-02-25 23:21:35"
2355,2357,1,"2024-03-07 19:46:48"
2356,2358,1,"2024-02-25 20:27:13"
2357,2359,1,"2024-02-05 03:44:47"
2358,2360,1,"2024-01-03 17:28:28"
2359,2361,1,"2024-01-30 04:50:18"
2360,2362,1,"2024-01-27 07:18:39"
2361,2363,1,"2023-10-02 23:47:43"
2362,2364,1,"2024-05-13 23:26:44"
2363,2365,1,"2023-10-21 03:56:21"
2364,2366,1,"2024-03-22 07:35:08"
2365,2367,1,"2023-10-09 23:59:24"
2366,2368,1,"2024-06-07 22:34:44"
2367,2369,1,"2023-11-17 07:12:50"
2368,2370,1,"2023-12-18 03:11:01"
2369,2371,1,"2024-06-07 20:33:22"
2370,2372,1,"2023-07-25 05:48:25"
2371,2373,1,"2024-04-22 06:03:11"
2372,2374,1,"2024-03-05 02:08:43"
2373,2375,1,"2024-03-11 18:24:28"
2374,2376,1,"2023-07-19 07:35:55"
2375,2377,1,"2024-05-09 08:11:09"
2376,2378,1,"2023-11-05 13:21:47"
2377,2379,1,"2024-04-08 19:15:07"
2378,2380,1,"2024-03-18 02:29:54"
2379,2381,1,"2024-02-08 18:30:11"
2380,2382,1,"2023-07-24 11:12:34"
2381,2383,1,"2023-08-21 19:59:52"
2382,2384,1,"2023-08-15 05:13:40"
2383,2385,1,"2023-06-25 14:59:45"
2384,2386,1,"2023-11-06 04:18:31"
2385,2387,1,"2024-04-12 16:37:38"
2386,2388,1,"2024-02-05 14:20:01"
2387,2389,1,"2023-08-22 07:10:02"
2388,2390,1,"2023-09-19 15:29:52"
2389,2391,1,"2024-01-29 03:15:13"
2390,2392,1,"2024-03-11 21:44:36"
2391,2393,1,"2023-11-07 10:21:10"
2392,2394,1,"2024-04-10 20:13:43"
2393,2395,1,"2024-06-01 19:25:33"
2394,2396,1,"2024-06-04 02:12:07"
2395,2397,1,"2024-02-18 03:31:26"
2396,2398,1,"2023-08-05 09:03:40"
2397,2399,1,"2024-04-18 17:45:31"
2398,2400,1,"2023-10-10 16:00:18"
2399,2401,1,"2023-12-22 23:47:37"
2400,2402,1,"2023-07-31 09:14:19"
2401,2403,1,"2024-03-23 01:30:23"
2402,2404,1,"2024-03-10 01:22:13"
2403,2405,1,"2024-02-19 12:19:56"
2404,2406,1,"2024-04-05 22:54:40"
2405,2407,1,"2023-11-25 14:30:10"
2406,2408,1,"2023-08-18 21:52:32"
2407,2409,1,"2023-09-24 06:50:46"
2408,2410,1,"2023-11-13 04:46:56"
2409,2411,1,"2023-09-12 08:39:02"
2410,2412,1,"2024-04-27 23:36:45"
2411,2413,1,"2024-03-02 09:08:29"
2412,2414,1,"2023-07-11 12:17:44"
2413,2415,1,"2023-11-22 01:17:05"
2414,2416,1,"2023-11-13 03:37:51"
2415,2417,1,"2024-06-12 16:31:40"
2416,2418,1,"2024-05-08 17:46:27"
2417,2419,1,"2024-01-25 15:56:32"
2418,2420,1,"2024-04-05 10:27:59"
2419,2421,1,"2023-09-09 08:57:39"
2420,2422,1,"2024-03-20 19:36:27"
2421,2423,1,"2024-02-26 01:35:27"
2422,2424,1,"2024-06-07 08:17:52"
2423,2425,1,"2023-12-11 19:16:44"
2424,2426,1,"2024-06-18 08:11:27"
2425,2427,1,"2024-02-24 20:11:52"
2426,2428,1,"2024-04-25 14:05:41"
2427,2429,1,"2023-10-16 15:42:28"
2428,2430,1,"2023-07-24 15:42:24"
2429,2431,1,"2023-08-10 01:21:26"
2430,2432,1,"2024-01-09 10:22:50"
2431,2433,1,"2023-12-13 23:29:54"
2432,2434,1,"2024-04-01 11:28:48"
2433,2435,1,"2023-11-08 20:25:38"
2434,2436,1,"2024-01-24 21:49:48"
2435,2437,1,"2023-10-10 07:29:07"
2436,2438,1,"2023-10-27 09:43:20"
2437,2439,1,"2024-01-09 10:22:46"
2438,2440,1,"2023-06-28 19:01:49"
2439,2441,1,"2024-05-06 02:53:42"
2440,2442,1,"2024-06-13 20:10:33"
2441,2443,1,"2024-04-08 05:34:02"
2442,2444,1,"2023-08-01 20:23:45"
2443,2445,1,"2023-09-17 02:29:03"
2444,2446,1,"2024-03-15 08:07:31"
2445,2447,1,"2024-01-08 21:38:44"
2446,2448,1,"2024-02-02 16:58:19"
2447,2449,1,"2024-01-05 16:53:31"
2448,2450,1,"2024-04-29 13:05:10"
2449,2451,1,"2024-04-21 12:03:58"
2450,2452,1,"2024-04-29 17:15:43"
2451,2453,1,"2023-12-17 00:49:04"
2452,2454,1,"2023-12-17 14:56:00"
2453,2455,1,"2023-06-21 17:51:41"
2454,2456,1,"2024-03-22 09:08:24"
2455,2457,1,"2024-06-02 11:42:24"
2456,2458,1,"2024-04-10 11:04:24"
2457,2459,1,"2024-03-20 05:10:54"
2458,2460,1,"2024-05-26 07:08:01"
2459,2461,1,"2023-09-16 07:36:27"
2460,2462,1,"2023-09-02 22:34:25"
2461,2463,1,"2023-06-28 17:04:39"
2462,2464,1,"2024-05-11 14:54:48"
2463,2465,1,"2024-01-08 04:16:18"
2464,2466,1,"2023-12-16 17:00:58"
2465,2467,1,"2024-04-19 02:06:50"
2466,2468,1,"2024-02-03 15:14:06"
2467,2469,1,"2023-12-21 23:48:31"
2468,2470,1,"2024-05-04 13:34:52"
2469,2471,1,"2023-10-27 20:49:38"
2470,2472,1,"2024-04-19 23:09:43"
2471,2473,1,"2023-08-17 08:07:18"
2472,2474,1,"2023-10-19 23:48:23"
2473,2475,1,"2024-03-21 11:05:04"
2474,2476,1,"2024-06-13 13:09:19"
2475,2477,1,"2023-07-06 00:26:05"
2476,2478,1,"2023-10-31 00:59:24"
2477,2479,1,"2024-06-07 22:12:58"
2478,2480,1,"2024-04-09 10:54:45"
2479,2481,1,"2023-08-02 20:10:14"
2480,2482,1,"2024-06-04 04:21:36"
2481,2483,1,"2024-01-22 22:45:35"
2482,2484,1,"2023-07-16 08:58:20"
2483,2485,1,"2024-01-13 02:30:30"
2484,2486,1,"2023-10-28 23:59:01"
2485,2487,1,"2023-09-01 19:12:39"
2486,2488,1,"2024-01-19 06:57:25"
2487,2489,1,"2023-09-05 14:19:18"
2488,2490,1,"2024-01-15 07:59:21"
2489,2491,1,"2023-10-14 07:33:52"
2490,2492,1,"2024-03-30 06:58:27"
2491,2493,1,"2023-11-06 19:49:26"
2492,2494,1,"2024-03-09 14:51:50"
2493,2495,1,"2023-12-06 18:12:08"
2494,2496,1,"2023-12-04 04:58:16"
2495,2497,1,"2023-08-25 07:45:14"
2496,2498,1,"2024-01-31 10:53:31"
2497,2499,1,"2024-03-07 04:55:30"
2498,2500,1,"2024-06-14 09:24:30"
2499,2501,1,"2023-07-20 08:59:17"
2500,2502,1,"2024-04-05 10:52:47"
2501,2503,1,"2023-11-23 02:40:56"
2502,2504,1,"2024-02-26 21:35:02"
2503,2505,1,"2024-01-05 16:56:38"
2504,2506,1,"2023-08-31 14:25:12"
2505,2507,1,"2024-03-23 03:51:33"
2506,2508,1,"2024-02-08 22:04:52"
2507,2509,1,"2024-05-25 01:28:31"
2508,2510,1,"2024-04-16 22:59:09"
2509,2511,1,"2024-01-25 19:46:11"
2510,2512,1,"2023-09-03 10:55:50"
2511,2513,1,"2023-08-25 22:03:51"
2512,2514,1,"2024-03-14 18:25:41"
2513,2515,1,"2024-04-23 04:18:52"
2514,2516,1,"2024-06-19 20:08:38"
2515,2517,1,"2024-01-29 20:29:47"
2516,2518,1,"2023-12-05 12:50:25"
2517,2519,1,"2023-09-21 17:37:36"
2518,2520,1,"2024-05-20 19:44:47"
2519,2521,1,"2023-08-17 23:20:14"
2520,2522,1,"2023-08-28 12:36:45"
2521,2523,1,"2024-04-29 10:26:02"
2522,2524,1,"2023-07-17 08:45:30"
2523,2525,1,"2024-03-12 21:44:59"
2524,2526,1,"2024-04-01 05:43:41"
2525,2527,1,"2024-06-09 16:39:45"
2526,2528,1,"2024-03-20 17:56:33"
2527,2529,1,"2024-01-01 00:06:19"
2528,2530,1,"2024-03-28 13:58:57"
2529,2531,1,"2024-02-20 10:54:11"
2530,2532,1,"2024-02-24 14:27:47"
2531,2533,1,"2023-09-26 19:10:37"
2532,2534,1,"2024-04-26 04:07:17"
2533,2535,1,"2024-02-07 00:14:09"
2534,2536,1,"2024-03-27 09:52:35"
2535,2537,1,"2023-11-23 14:16:57"
2536,2538,1,"2024-04-20 11:20:32"
2537,2539,1,"2024-03-31 03:35:22"
2538,2540,1,"2024-05-18 14:55:26"
2539,2541,1,"2024-01-06 22:46:57"
2540,2542,1,"2024-02-16 06:49:36"
2541,2543,1,"2023-08-13 12:47:11"
2542,2544,1,"2024-01-27 16:50:41"
2543,2545,1,"2023-11-17 06:54:01"
2544,2546,1,"2024-03-18 00:09:36"
2545,2547,1,"2024-02-15 17:42:40"
2546,2548,1,"2024-02-25 01:29:02"
2547,2549,1,"2024-02-06 15:14:31"
2548,2550,1,"2024-04-04 18:48:42"
2549,2551,1,"2024-03-29 12:36:07"
2550,2552,1,"2024-06-01 18:48:33"
2551,2553,1,"2023-11-16 22:33:25"
2552,2554,1,"2023-09-12 12:01:32"
2553,2555,1,"2023-10-09 18:24:26"
2554,2556,1,"2024-06-01 04:44:46"
2555,2557,1,"2023-09-23 02:30:15"
2556,2558,1,"2024-04-24 22:59:01"
2557,2559,1,"2024-01-20 04:57:30"
2558,2560,1,"2024-06-03 22:38:33"
2559,2561,1,"2024-03-17 12:45:54"
2560,2562,1,"2023-11-21 10:30:28"
2561,2563,1,"2024-01-11 06:16:44"
2562,2564,1,"2023-10-27 11:19:11"
2563,2565,1,"2023-12-19 13:09:13"
2564,2566,1,"2023-08-20 10:22:43"
2565,2567,1,"2023-12-31 06:28:41"
2566,2568,1,"2023-10-28 14:20:21"
2567,2569,1,"2023-09-19 08:09:16"
2568,2570,1,"2023-08-19 03:32:54"
2569,2571,1,"2023-09-12 12:59:50"
2570,2572,1,"2023-08-21 01:06:38"
2571,2573,1,"2023-07-23 01:44:42"
2572,2574,1,"2023-08-31 04:35:56"
2573,2575,1,"2024-05-22 20:58:30"
2574,2576,1,"2023-09-25 19:21:00"
2575,2577,1,"2023-12-16 03:17:20"
2576,2578,1,"2024-04-15 07:49:24"
2577,2579,1,"2023-07-31 11:42:01"
2578,2580,1,"2024-04-23 06:09:48"
2579,2581,1,"2023-12-10 21:38:43"
2580,2582,1,"2023-08-19 15:09:14"
2581,2583,1,"2024-01-20 09:42:40"
2582,2584,1,"2023-09-04 21:43:07"
2583,2585,1,"2023-09-06 15:39:17"
2584,2586,1,"2024-01-05 05:29:01"
2585,2587,1,"2024-02-06 16:59:51"
2586,2588,1,"2024-05-06 19:57:50"
2587,2589,1,"2024-03-16 19:24:10"
2588,2590,1,"2024-04-17 20:04:54"
2589,2591,1,"2023-11-30 08:58:08"
2590,2592,1,"2024-03-12 14:37:59"
2591,2593,1,"2023-08-07 01:03:41"
2592,2594,1,"2024-04-06 13:52:54"
2593,2595,1,"2024-03-13 10:03:00"
2594,2596,1,"2023-08-28 22:37:58"
2595,2597,1,"2023-09-25 19:53:56"
2596,2598,1,"2024-05-10 03:13:06"
2597,2599,1,"2023-08-29 12:46:14"
2598,2600,1,"2024-02-16 04:52:16"
2599,2601,1,"2024-04-27 04:51:52"
2600,2602,1,"2023-12-26 14:08:05"
2601,2603,1,"2023-07-15 16:44:30"
2602,2604,1,"2023-06-24 07:23:17"
2603,2605,1,"2024-03-16 09:06:39"
2604,2606,1,"2023-06-27 03:41:47"
2605,2607,1,"2023-09-22 15:37:27"
2606,2608,1,"2024-01-22 21:47:24"
2607,2609,1,"2023-11-17 18:11:14"
2608,2610,1,"2023-09-03 05:34:43"
2609,2611,1,"2024-02-23 03:06:58"
2610,2612,1,"2024-03-08 00:31:26"
2611,2613,1,"2024-02-24 19:07:08"
2612,2614,1,"2024-03-19 09:19:52"
2613,2615,1,"2024-02-19 19:10:52"
2614,2616,1,"2024-06-08 22:10:46"
2615,2617,1,"2024-02-23 22:19:28"
2616,2618,1,"2024-04-03 20:37:29"
2617,2619,1,"2024-05-16 04:52:14"
2618,2620,1,"2023-06-26 20:35:19"
2619,2621,1,"2024-02-21 03:56:01"
2620,2622,1,"2023-11-24 17:55:59"
2621,2623,1,"2023-11-15 09:40:28"
2622,2624,1,"2023-12-10 04:52:53"
2623,2625,1,"2023-10-02 18:07:51"
2624,2626,1,"2023-12-03 20:20:14"
2625,2627,1,"2024-06-06 12:44:31"
2626,2628,1,"2023-07-09 15:58:45"
2627,2629,1,"2024-05-28 15:27:24"
2628,2630,1,"2023-09-14 05:05:45"
2629,2631,1,"2023-10-03 15:02:55"
2630,2632,1,"2023-09-15 19:38:48"
2631,2633,1,"2023-08-27 22:35:00"
2632,2634,1,"2024-01-01 10:25:46"
2633,2635,1,"2024-03-17 11:41:37"
2634,2636,1,"2023-07-10 22:56:45"
2635,2637,1,"2023-06-30 20:12:02"
2636,2638,1,"2024-04-30 21:45:28"
2637,2639,1,"2024-02-04 00:52:55"
2638,2640,1,"2024-03-01 20:14:36"
2639,2641,1,"2024-01-03 23:45:47"
2640,2642,1,"2024-04-15 15:07:22"
2641,2643,1,"2024-05-07 03:07:52"
2642,2644,1,"2024-04-30 10:47:45"
2643,2645,1,"2023-07-27 12:34:20"
2644,2646,1,"2024-05-27 17:06:06"
2645,2647,1,"2023-11-27 15:15:16"
2646,2648,1,"2024-06-04 17:01:34"
2647,2649,1,"2023-12-12 22:11:29"
2648,2650,1,"2024-03-14 08:42:23"
2649,2651,1,"2024-02-19 01:59:39"
2650,2652,1,"2024-01-23 14:37:45"
2651,2653,1,"2024-04-10 23:37:53"
2652,2654,1,"2024-02-10 01:44:12"
2653,2655,1,"2024-01-16 12:51:20"
2654,2656,1,"2024-02-22 01:09:22"
2655,2657,1,"2023-12-04 03:53:38"
2656,2658,1,"2024-05-07 21:04:25"
2657,2659,1,"2024-06-10 20:37:59"
2658,2660,1,"2023-07-06 02:52:37"
2659,2661,1,"2023-12-12 02:26:27"
2660,2662,1,"2023-09-13 02:30:33"
2661,2663,1,"2024-04-03 11:59:06"
2662,2664,1,"2024-04-01 20:11:17"
2663,2665,1,"2023-10-06 13:47:36"
2664,2666,1,"2024-05-15 22:55:38"
2665,2667,1,"2024-03-11 21:08:34"
2666,2668,1,"2024-03-05 04:48:07"
2667,2669,1,"2024-04-22 18:56:29"
2668,2670,1,"2024-02-05 12:05:12"
2669,2671,1,"2023-10-24 08:34:51"
2670,2672,1,"2024-03-03 16:32:35"
2671,2673,1,"2024-02-29 05:35:35"
2672,2674,1,"2024-04-23 01:21:26"
2673,2675,1,"2024-04-15 22:59:24"
2674,2676,1,"2023-11-04 16:57:26"
2675,2677,1,"2023-08-16 20:00:19"
2676,2678,1,"2024-02-19 13:32:03"
2677,2679,1,"2024-03-01 04:41:43"
2678,2680,1,"2024-01-10 10:50:00"
2679,2681,1,"2023-12-01 00:27:38"
2680,2682,1,"2024-05-24 00:14:12"
2681,2683,1,"2023-08-08 04:59:51"
2682,2684,1,"2024-05-12 06:23:40"
2683,2685,1,"2023-09-16 03:25:03"
2684,2686,1,"2024-03-14 00:28:32"
2685,2687,1,"2024-01-12 15:47:31"
2686,2688,1,"2024-01-05 04:51:51"
2687,2689,1,"2023-06-28 03:15:26"
2688,2690,1,"2023-10-02 02:38:14"
2689,2691,1,"2024-06-08 02:38:22"
2690,2692,1,"2024-02-01 08:56:09"
2691,2693,1,"2023-12-09 06:17:16"
2692,2694,1,"2023-10-31 01:08:47"
2693,2695,1,"2024-05-24 05:55:30"
2694,2696,1,"2024-05-03 12:33:39"
2695,2697,1,"2024-04-27 17:16:51"
2696,2698,1,"2024-01-04 01:15:37"
2697,2699,1,"2023-12-16 01:27:56"
2698,2700,1,"2023-08-23 19:50:18"
2699,2701,1,"2023-07-25 16:42:13"
2700,2702,1,"2024-02-17 01:11:07"
2701,2703,1,"2023-07-17 02:20:25"
2702,2704,1,"2023-11-29 21:09:17"
2703,2705,1,"2023-11-11 22:31:39"
2704,2706,1,"2023-12-25 03:37:37"
2705,2707,1,"2023-10-29 09:01:59"
2706,2708,1,"2023-12-13 17:07:27"
2707,2709,1,"2023-09-04 02:44:19"
2708,2710,1,"2023-08-20 03:10:22"
2709,2711,1,"2023-12-06 14:32:58"
2710,2712,1,"2023-08-08 03:03:31"
2711,2713,1,"2023-10-02 22:33:44"
2712,2714,1,"2024-03-13 03:12:35"
2713,2715,1,"2023-10-31 17:46:02"
2714,2716,1,"2023-11-25 23:39:31"
2715,2717,1,"2024-01-31 14:05:01"
2716,2718,1,"2024-04-26 23:19:58"
2717,2719,1,"2024-04-08 14:59:05"
2718,2720,1,"2024-03-15 19:16:03"
2719,2721,1,"2023-10-18 03:29:40"
2720,2722,1,"2023-09-14 10:15:26"
2721,2723,1,"2024-03-15 04:06:56"
2722,2724,1,"2023-09-30 15:04:58"
2723,2725,1,"2024-01-02 18:20:54"
2724,2726,1,"2023-07-02 20:48:14"
2725,2727,1,"2023-10-25 16:23:49"
2726,2728,1,"2024-01-22 05:15:21"
2727,2729,1,"2023-12-18 06:53:07"
2728,2730,1,"2024-02-13 11:32:17"
2729,2731,1,"2023-08-10 07:46:16"
2730,2732,1,"2024-01-06 00:05:25"
2731,2733,1,"2023-12-26 13:40:48"
2732,2734,1,"2023-07-03 06:34:06"
2733,2735,1,"2024-05-05 12:08:27"
2734,2736,1,"2024-02-01 02:48:34"
2735,2737,1,"2024-04-24 14:22:12"
2736,2738,1,"2024-01-03 12:16:12"
2737,2739,1,"2023-10-31 10:21:21"
2738,2740,1,"2023-12-12 00:13:32"
2739,2741,1,"2024-02-15 00:50:18"
2740,2742,1,"2023-08-29 07:26:29"
2741,2743,1,"2023-11-07 12:58:56"
2742,2744,1,"2023-10-22 19:00:40"
2743,2745,1,"2024-04-11 21:06:18"
2744,2746,1,"2024-03-20 04:59:00"
2745,2747,1,"2024-04-17 07:47:48"
2746,2748,1,"2023-11-12 15:46:46"
2747,2749,1,"2024-05-26 15:48:34"
2748,2750,1,"2023-12-12 23:52:17"
2749,2751,1,"2024-06-10 07:05:44"
2750,2752,1,"2024-01-16 02:45:00"
2751,2753,1,"2024-04-15 06:04:08"
2752,2754,1,"2024-04-28 10:05:19"
2753,2755,1,"2024-03-01 14:43:51"
2754,2756,1,"2024-04-19 06:05:44"
2755,2757,1,"2023-11-22 06:10:40"
2756,2758,1,"2023-12-07 09:49:38"
2757,2759,1,"2024-02-28 02:35:49"
2758,2760,1,"2024-04-26 10:36:59"
2759,2761,1,"2024-02-23 23:05:46"
2760,2762,1,"2024-05-10 02:44:07"
2761,2763,1,"2024-04-20 17:52:40"
2762,2764,1,"2024-01-28 00:59:23"
2763,2765,1,"2024-03-24 04:15:32"
2764,2766,1,"2024-06-10 01:59:46"
2765,2767,1,"2023-06-28 02:59:11"
2766,2768,1,"2023-11-10 15:12:13"
2767,2769,1,"2024-02-01 00:13:40"
2768,2770,1,"2024-01-14 13:23:12"
2769,2771,1,"2023-07-08 17:20:10"
2770,2772,1,"2024-01-10 15:30:31"
2771,2773,1,"2024-05-29 10:08:49"
2772,2774,1,"2024-01-24 11:10:12"
2773,2775,1,"2024-02-22 06:04:32"
2774,2776,1,"2024-03-20 11:32:02"
2775,2777,1,"2024-05-02 12:41:35"
2776,2778,1,"2023-09-10 07:07:06"
2777,2779,1,"2023-12-15 04:36:15"
2778,2780,1,"2023-10-02 15:25:03"
2779,2781,1,"2024-03-31 14:38:18"
2780,2782,1,"2024-02-05 00:09:47"
2781,2783,1,"2024-02-24 18:04:18"
2782,2784,1,"2023-11-13 02:41:01"
2783,2785,1,"2024-05-22 06:42:10"
2784,2786,1,"2024-01-24 02:51:17"
2785,2787,1,"2024-05-14 18:47:49"
2786,2788,1,"2023-10-15 14:43:04"
2787,2789,1,"2023-11-15 16:39:46"
2788,2790,1,"2024-03-20 05:20:33"
2789,2791,1,"2023-07-06 10:06:53"
2790,2792,1,"2024-03-29 17:02:29"
2791,2793,1,"2024-02-25 16:32:41"
2792,2794,1,"2023-12-28 22:52:07"
2793,2795,1,"2023-10-31 12:44:15"
2794,2796,1,"2024-01-25 00:10:37"
2795,2797,1,"2023-08-09 13:18:38"
2796,2798,1,"2024-05-17 10:31:28"
2797,2799,1,"2024-03-07 21:12:05"
2798,2800,1,"2024-04-26 05:25:36"
2799,2801,1,"2023-10-15 15:15:27"
2800,2802,1,"2023-10-14 17:01:03"
2801,2803,1,"2024-02-08 14:49:34"
2802,2804,1,"2023-10-02 17:09:08"
2803,2805,1,"2023-07-29 22:03:18"
2804,2806,1,"2023-10-30 19:54:03"
2805,2807,1,"2023-11-23 22:29:44"
2806,2808,1,"2023-10-20 22:11:07"
2807,2809,1,"2023-12-18 06:12:38"
2808,2810,1,"2024-03-25 23:08:00"
2809,2811,1,"2023-08-12 22:20:30"
2810,2812,1,"2024-02-11 17:01:44"
2811,2813,1,"2023-12-25 17:26:51"
2812,2814,1,"2023-09-15 18:31:30"
2813,2815,1,"2024-04-19 00:12:04"
2814,2816,1,"2024-03-12 07:58:51"
2815,2817,1,"2023-12-27 16:15:24"
2816,2818,1,"2023-07-06 13:53:32"
2817,2819,1,"2024-05-01 12:23:43"
2818,2820,1,"2024-06-16 21:14:03"
2819,2821,1,"2024-06-02 00:39:39"
2820,2822,1,"2023-09-12 23:04:23"
2821,2823,1,"2023-08-30 01:42:13"
2822,2824,1,"2024-04-01 10:33:39"
2823,2825,1,"2024-04-10 17:38:19"
2824,2826,1,"2023-08-28 18:27:20"
2825,2827,1,"2023-10-25 14:11:21"
2826,2828,1,"2024-01-10 17:29:45"
2827,2829,1,"2023-12-02 13:44:22"
2828,2830,1,"2023-09-07 08:02:31"
2829,2831,1,"2023-12-25 04:34:56"
2830,2832,1,"2023-10-26 23:29:23"
2831,2833,1,"2023-10-16 19:24:11"
2832,2834,1,"2024-04-08 23:12:02"
2833,2835,1,"2024-03-23 15:17:37"
2834,2836,1,"2023-12-30 15:01:22"
2835,2837,1,"2024-05-13 14:58:35"
2836,2838,1,"2023-08-21 23:47:03"
2837,2839,1,"2024-02-06 22:36:15"
2838,2840,1,"2024-06-02 14:50:11"
2839,2841,1,"2024-02-02 06:49:35"
2840,2842,1,"2023-11-29 14:05:54"
2841,2843,1,"2023-08-26 11:09:05"
2842,2844,1,"2023-10-04 08:31:52"
2843,2845,1,"2024-01-03 15:18:10"
2844,2846,1,"2023-11-19 09:29:39"
2845,2847,1,"2024-04-25 14:39:02"
2846,2848,1,"2024-05-26 07:46:02"
2847,2849,1,"2023-11-23 16:19:19"
2848,2850,1,"2024-03-30 12:33:01"
2849,2851,1,"2024-04-15 17:01:43"
2850,2852,1,"2023-11-08 19:13:54"
2851,2853,1,"2023-08-13 04:53:59"
2852,2854,1,"2023-09-28 17:04:30"
2853,2855,1,"2024-05-24 09:46:29"
2854,2856,1,"2024-04-11 00:57:27"
2855,2857,1,"2024-04-12 11:03:26"
2856,2858,1,"2023-12-02 01:12:07"
2857,2859,1,"2023-10-24 12:02:38"
2858,2860,1,"2024-04-08 11:30:51"
2859,2861,1,"2024-03-11 06:05:58"
2860,2862,1,"2024-05-14 18:32:04"
2861,2863,1,"2023-10-13 05:18:42"
2862,2864,1,"2024-04-25 14:42:36"
2863,2865,1,"2024-03-30 01:49:45"
2864,2866,1,"2023-11-22 07:40:17"
2865,2867,1,"2023-11-10 03:49:01"
2866,2868,1,"2023-10-10 09:53:59"
2867,2869,1,"2023-11-26 08:38:31"
2868,2870,1,"2023-08-27 13:02:54"
2869,2871,1,"2023-11-19 11:09:05"
2870,2872,1,"2023-12-24 01:01:39"
2871,2873,1,"2023-10-17 13:11:25"
2872,2874,1,"2024-04-02 13:57:35"
2873,2875,1,"2023-12-13 14:30:06"
2874,2876,1,"2023-08-24 14:41:44"
2875,2877,1,"2023-07-02 09:40:59"
2876,2878,1,"2024-01-24 11:19:01"
2877,2879,1,"2023-09-13 21:12:17"
2878,2880,1,"2024-05-09 02:26:54"
2879,2881,1,"2024-05-30 07:01:54"
2880,2882,1,"2023-08-31 06:10:37"
2881,2883,1,"2023-10-20 08:27:44"
2882,2884,1,"2024-01-16 18:54:01"
2883,2885,1,"2023-11-28 20:33:12"
2884,2886,1,"2023-07-16 22:18:34"
2885,2887,1,"2024-01-16 16:26:06"
2886,2888,1,"2023-06-23 02:41:35"
2887,2889,1,"2024-02-21 17:57:00"
2888,2890,1,"2023-12-23 20:06:18"
2889,2891,1,"2024-02-21 03:39:24"
2890,2892,1,"2024-03-31 03:15:37"
2891,2893,1,"2023-11-30 14:54:44"
2892,2894,1,"2023-08-13 09:40:10"
2893,2895,1,"2023-07-01 03:40:34"
2894,2896,1,"2023-10-16 12:39:23"
2895,2897,1,"2024-02-20 21:35:17"
2896,2898,1,"2023-12-30 18:10:51"
2897,2899,1,"2023-12-26 02:31:16"
2898,2900,1,"2024-05-25 05:47:55"
2899,2901,1,"2023-10-19 07:55:14"
2900,2902,1,"2024-03-03 11:09:51"
2901,2903,1,"2023-07-11 17:52:33"
2902,2904,1,"2023-11-24 01:09:43"
2903,2905,1,"2023-12-21 11:37:55"
2904,2906,1,"2023-12-04 07:53:43"
2905,2907,1,"2023-06-30 08:44:33"
2906,2908,1,"2024-05-12 08:55:26"
2907,2909,1,"2024-02-01 15:50:27"
2908,2910,1,"2023-06-28 23:04:55"
2909,2911,1,"2024-05-04 01:51:46"
2910,2912,1,"2024-05-28 14:34:05"
2911,2913,1,"2023-12-15 15:56:10"
2912,2914,1,"2024-03-23 03:43:08"
2913,2915,1,"2023-08-25 04:32:36"
2914,2916,1,"2024-04-14 14:49:03"
2915,2917,1,"2024-05-19 20:01:28"
2916,2918,1,"2024-04-11 04:39:42"
2917,2919,1,"2023-07-11 19:49:27"
2918,2920,1,"2023-07-14 07:59:18"
2919,2921,1,"2024-04-22 08:15:14"
2920,2922,1,"2024-01-29 05:22:18"
2921,2923,1,"2023-06-22 04:25:33"
2922,2924,1,"2024-02-29 13:05:33"
2923,2925,1,"2024-02-15 12:22:22"
2924,2926,1,"2024-03-30 10:38:54"
2925,2927,1,"2023-08-01 18:24:50"
2926,2928,1,"2023-08-07 09:57:28"
2927,2929,1,"2023-08-04 05:15:28"
2928,2930,1,"2024-02-11 21:15:31"
2929,2931,1,"2024-06-04 05:52:32"
2930,2932,1,"2023-06-24 15:35:52"
2931,2933,1,"2024-02-28 00:05:34"
2932,2934,1,"2024-01-26 13:32:24"
2933,2935,1,"2024-02-01 05:04:28"
2934,2936,1,"2024-05-22 04:15:08"
2935,2937,1,"2023-11-05 08:33:11"
2936,2938,1,"2024-05-12 14:53:27"
2937,2939,1,"2023-08-04 19:31:58"
2938,2940,1,"2024-01-03 04:43:03"
2939,2941,1,"2024-01-23 06:54:20"
2940,2942,1,"2024-06-08 17:18:29"
2941,2943,1,"2024-05-19 17:45:04"
2942,2944,1,"2023-08-14 03:55:21"
2943,2945,1,"2024-04-21 07:20:22"
2944,2946,1,"2023-10-13 17:54:49"
2945,2947,1,"2024-05-01 16:38:28"
2946,2948,1,"2024-01-20 03:28:48"
2947,2949,1,"2024-01-18 15:26:21"
2948,2950,1,"2023-06-23 07:20:19"
2949,2951,1,"2024-01-22 10:57:20"
2950,2952,1,"2023-07-31 19:11:37"
2951,2953,1,"2024-03-11 23:29:33"
2952,2954,1,"2024-01-06 19:02:37"
2953,2955,1,"2024-02-19 17:10:58"
2954,2956,1,"2024-05-05 18:31:48"
2955,2957,1,"2023-08-29 12:57:24"
2956,2958,1,"2023-08-23 09:02:07"
2957,2959,1,"2023-10-05 01:12:48"
2958,2960,1,"2023-11-17 13:26:57"
2959,2961,1,"2024-02-01 12:21:47"
2960,2962,1,"2024-02-20 06:07:26"
2961,2963,1,"2024-01-11 08:30:59"
2962,2964,1,"2023-07-08 02:42:36"
2963,2965,1,"2023-10-13 00:23:36"
2964,2966,1,"2024-04-21 10:25:09"
2965,2967,1,"2023-09-16 14:57:28"
2966,2968,1,"2023-06-30 03:22:49"
2967,2969,1,"2023-10-30 22:15:58"
2968,2970,1,"2024-04-23 05:47:26"
2969,2971,1,"2024-01-13 14:35:24"
2970,2972,1,"2024-01-14 03:32:48"
2971,2973,1,"2024-03-03 00:57:07"
2972,2974,1,"2024-03-12 12:53:13"
2973,2975,1,"2024-01-12 18:02:40"
2974,2976,1,"2024-01-31 13:48:13"
2975,2977,1,"2023-07-06 05:54:12"
2976,2978,1,"2024-05-01 07:31:39"
2977,2979,1,"2024-01-09 17:26:24"
2978,2980,1,"2024-05-08 09:39:29"
2979,2981,1,"2023-08-16 09:53:39"
2980,2982,1,"2023-10-12 06:27:12"
2981,2983,1,"2024-02-09 17:24:52"
2982,2984,1,"2024-02-17 21:12:36"
2983,2985,1,"2024-03-01 17:54:25"
2984,2986,1,"2023-07-25 14:59:50"
2985,2987,1,"2024-04-15 01:01:53"
2986,2988,1,"2024-05-12 01:52:43"
2987,2989,1,"2023-09-25 22:24:33"
2988,2990,1,"2024-03-08 15:25:03"
2989,2991,1,"2024-05-11 04:32:40"
2990,2992,1,"2024-05-16 15:18:02"
2991,2993,1,"2023-09-21 18:12:52"
2992,2994,1,"2023-08-20 15:14:27"
2993,2995,1,"2024-01-14 11:05:41"
2994,2996,1,"2023-11-19 14:09:59"
2995,2997,1,"2023-07-13 00:58:29"
2996,2998,1,"2024-01-03 22:16:10"
2997,2999,1,"2024-04-08 14:14:41"
2998,3000,1,"2024-03-06 10:36:13"
2999,3001,1,"2023-11-20 11:05:58"
3000,3002,1,"2023-12-30 03:51:33"
3001,3003,1,"2024-06-03 04:09:00"
3002,3004,1,"2024-01-14 17:07:08"
3003,3005,1,"2023-06-27 23:08:57"
3004,3006,1,"2023-11-10 20:53:56"
3005,3007,1,"2024-01-18 03:53:49"
3006,3008,1,"2024-06-10 21:39:08"
3007,3009,1,"2023-12-29 14:02:04"
3008,3010,1,"2024-02-26 21:13:37"
3009,3011,1,"2023-08-30 07:31:47"
3010,3012,1,"2023-07-04 21:54:47"
3011,3013,1,"2024-02-03 16:55:35"
3012,3014,1,"2023-09-03 15:29:18"
3013,3015,1,"2024-03-24 04:42:00"
3014,3016,1,"2023-12-02 20:44:57"
3015,3017,1,"2024-02-02 09:21:53"
3016,3018,1,"2023-08-11 18:44:01"
3017,3019,1,"2024-04-21 03:54:40"
3018,3020,1,"2024-05-08 01:58:01"
3019,3021,1,"2024-05-11 10:31:32"
3020,3022,1,"2024-01-05 11:25:31"
3021,3023,1,"2024-01-23 11:45:25"
3022,3024,1,"2023-11-05 09:48:37"
3023,3025,1,"2024-02-24 12:59:18"
3024,3026,1,"2024-02-20 03:54:46"
3025,3027,1,"2024-03-11 17:33:13"
3026,3028,1,"2024-02-04 01:44:01"
3027,3029,1,"2023-12-19 06:54:25"
3028,3030,1,"2023-10-26 16:56:40"
3029,3031,1,"2023-08-03 23:08:25"
3030,3032,1,"2023-12-27 20:55:27"
3031,3033,1,"2023-07-18 10:21:06"
3032,3034,1,"2023-10-28 22:56:27"
3033,3035,1,"2024-05-17 15:38:34"
3034,3036,1,"2024-01-07 00:44:09"
3035,3037,1,"2023-07-11 16:08:03"
3036,3038,1,"2024-04-21 02:08:46"
3037,3039,1,"2023-10-18 20:22:32"
3038,3040,1,"2024-05-23 17:08:39"
3039,3041,1,"2023-08-18 20:47:51"
3040,3042,1,"2024-06-03 13:09:12"
3041,3043,1,"2024-01-29 18:25:45"
3042,3044,1,"2024-03-04 12:52:47"
3043,3045,1,"2023-07-23 19:22:00"
3044,3046,1,"2024-03-23 19:40:26"
3045,3047,1,"2024-03-26 21:15:34"
3046,3048,1,"2024-03-23 05:01:08"
3047,3049,1,"2023-10-23 10:36:16"
3048,3050,1,"2023-09-24 01:14:56"
3049,3051,1,"2023-10-17 02:42:35"
3050,3052,1,"2023-09-07 03:09:03"
3051,3053,1,"2024-02-12 13:33:28"
3052,3054,1,"2024-01-26 21:39:07"
3053,3055,1,"2023-06-24 07:16:06"
3054,3056,1,"2023-09-02 17:00:05"
3055,3057,1,"2023-09-30 07:33:27"
3056,3058,1,"2024-05-23 22:20:14"
3057,3059,1,"2024-03-06 03:37:56"
3058,3060,1,"2024-04-21 17:06:24"
3059,3061,1,"2023-10-15 00:29:42"
3060,3062,1,"2024-03-20 09:40:57"
3061,3063,1,"2023-12-18 20:28:46"
3062,3064,1,"2023-09-03 05:57:47"
3063,3065,1,"2023-10-22 05:57:08"
3064,3066,1,"2023-10-19 11:14:29"
3065,3067,1,"2024-01-28 20:48:11"
3066,3068,1,"2024-01-03 18:52:04"
3067,3069,1,"2024-01-21 23:01:31"
3068,3070,1,"2024-02-20 00:21:40"
3069,3071,1,"2024-03-11 03:21:42"
3070,3072,1,"2023-10-05 10:24:18"
3071,3073,1,"2024-02-29 04:50:42"
3072,3074,1,"2024-04-11 21:42:52"
3073,3075,1,"2023-10-13 21:16:44"
3074,3076,1,"2024-06-15 18:04:39"
3075,3077,1,"2023-07-25 17:25:03"
3076,3078,1,"2023-07-02 13:51:46"
3077,3079,1,"2024-05-11 20:22:32"
3078,3080,1,"2024-04-21 19:30:16"
3079,3081,1,"2024-01-21 18:04:01"
3080,3082,1,"2023-11-10 00:47:31"
3081,3083,1,"2024-06-14 19:01:41"
3082,3084,1,"2024-05-22 13:34:00"
3083,3085,1,"2023-10-02 10:31:37"
3084,3086,1,"2024-02-22 07:42:14"
3085,3087,1,"2024-01-11 01:39:48"
3086,3088,1,"2024-01-24 18:10:17"
3087,3089,1,"2023-08-01 11:22:02"
3088,3090,1,"2024-05-18 05:24:34"
3089,3091,1,"2024-05-03 18:47:18"
3090,3092,1,"2023-12-13 04:00:41"
3091,3093,1,"2023-10-23 14:48:10"
3092,3094,1,"2024-02-20 18:47:37"
3093,3095,1,"2024-01-06 01:26:17"
3094,3096,1,"2023-11-27 13:43:04"
3095,3097,1,"2024-03-12 23:43:06"
3096,3098,1,"2023-10-30 18:12:36"
3097,3099,1,"2023-10-21 22:28:13"
3098,3100,1,"2024-01-07 21:31:02"
3099,3101,1,"2024-04-05 09:59:36"
3100,3102,1,"2024-04-28 06:31:14"
3101,3103,1,"2023-08-06 05:48:47"
3102,3104,1,"2024-02-06 06:17:04"
3103,3105,1,"2024-02-22 14:40:55"
3104,3106,1,"2023-11-30 21:48:12"
3105,3107,1,"2024-03-17 11:36:01"
3106,3108,1,"2023-11-13 21:07:29"
3107,3109,1,"2024-05-07 01:44:26"
3108,3110,1,"2023-12-10 19:32:04"
3109,3111,1,"2023-07-23 23:15:29"
3110,3112,1,"2024-06-16 17:29:47"
3111,3113,1,"2024-01-03 08:07:35"
3112,3114,1,"2023-08-22 23:43:39"
3113,3115,1,"2023-10-21 08:51:08"
3114,3116,1,"2023-07-11 01:35:59"
3115,3117,1,"2024-04-16 23:24:20"
3116,3118,1,"2023-08-29 22:12:36"
3117,3119,1,"2023-11-23 01:33:36"
3118,3120,1,"2024-04-23 12:16:47"
3119,3121,1,"2023-08-20 18:46:21"
3120,3122,1,"2023-12-09 23:03:48"
3121,3123,1,"2024-04-17 10:16:39"
3122,3124,1,"2024-04-28 15:51:00"
3123,3125,1,"2024-04-06 00:50:12"
3124,3126,1,"2024-04-19 07:23:24"
3125,3127,1,"2024-05-26 13:03:56"
3126,3128,1,"2023-11-22 00:00:58"
3127,3129,1,"2024-02-20 20:29:16"
3128,3130,1,"2024-03-03 03:25:03"
3129,3131,1,"2024-04-08 12:25:24"
3130,3132,1,"2024-01-28 05:11:40"
3131,3133,1,"2023-08-27 16:18:09"
3132,3134,1,"2023-11-29 00:45:12"
3133,3135,1,"2024-05-27 07:36:54"
3134,3136,1,"2024-06-10 05:07:22"
3135,3137,1,"2024-01-05 13:31:11"
3136,3138,1,"2023-10-28 08:53:02"
3137,3139,1,"2023-11-12 07:16:56"
3138,3140,1,"2023-08-06 13:54:22"
3139,3141,1,"2023-10-17 22:50:57"
3140,3142,1,"2024-02-20 17:18:43"
3141,3143,1,"2023-11-10 15:21:28"
3142,3144,1,"2023-06-30 20:47:14"
3143,3145,1,"2023-07-25 11:34:08"
3144,3146,1,"2024-01-29 19:44:14"
3145,3147,1,"2023-11-10 02:15:08"
3146,3148,1,"2023-08-04 22:40:21"
3147,3149,1,"2023-10-13 21:23:40"
3148,3150,1,"2024-01-04 04:42:59"
3149,3151,1,"2024-03-02 17:24:49"
3150,3152,1,"2023-09-29 23:57:36"
3151,3153,1,"2024-03-06 15:38:21"
3152,3154,1,"2023-11-07 12:42:13"
3153,3155,1,"2023-08-12 01:06:27"
3154,3156,1,"2023-10-03 08:59:40"
3155,3157,1,"2024-06-18 18:15:35"
3156,3158,1,"2023-11-14 00:23:44"
3157,3159,1,"2024-01-14 08:07:48"
3158,3160,1,"2023-07-08 07:46:50"
3159,3161,1,"2024-05-27 03:34:10"
3160,3162,1,"2023-09-10 23:36:57"
3161,3163,1,"2024-06-18 20:33:59"
3162,3164,1,"2023-09-25 12:16:50"
3163,3165,1,"2023-10-26 11:19:34"
3164,3166,1,"2023-09-25 18:43:00"
3165,3167,1,"2024-04-02 10:21:09"
3166,3168,1,"2024-06-03 02:29:11"
3167,3169,1,"2023-11-27 16:51:04"
3168,3170,1,"2024-01-14 01:05:54"
3169,3171,1,"2023-09-11 06:48:45"
3170,3172,1,"2024-02-26 09:44:51"
3171,3173,1,"2024-04-30 10:20:24"
3172,3174,1,"2024-03-16 14:52:53"
3173,3175,1,"2023-11-17 16:32:57"
3174,3176,1,"2024-02-04 17:21:57"
3175,3177,1,"2023-07-21 23:51:02"
3176,3178,1,"2024-03-04 21:26:13"
3177,3179,1,"2023-12-07 23:55:14"
3178,3180,1,"2024-02-25 13:26:29"
3179,3181,1,"2024-04-21 06:53:46"
3180,3182,1,"2023-09-22 17:50:16"
3181,3183,1,"2023-09-02 11:30:11"
3182,3184,1,"2023-08-31 11:36:17"
3183,3185,1,"2023-11-07 05:21:09"
3184,3186,1,"2023-12-21 23:53:37"
3185,3187,1,"2024-01-02 08:32:02"
3186,3188,1,"2023-07-29 09:20:14"
3187,3189,1,"2023-10-12 11:06:05"
3188,3190,1,"2024-02-19 16:23:47"
3189,3191,1,"2024-05-21 09:09:43"
3190,3192,1,"2023-07-03 05:47:13"
3191,3193,1,"2023-10-09 04:45:46"
3192,3194,1,"2024-06-15 15:30:00"
3193,3195,1,"2024-05-27 14:23:40"
3194,3196,1,"2023-08-28 19:51:03"
3195,3197,1,"2024-04-21 13:22:37"
3196,3198,1,"2024-06-18 14:38:32"
3197,3199,1,"2023-08-22 06:13:11"
3198,3200,1,"2023-07-06 01:59:40"
3199,3201,1,"2023-11-30 18:34:28"
3200,3202,1,"2023-10-01 07:52:42"
3201,3203,1,"2023-10-15 06:09:23"
3202,3204,1,"2024-04-08 07:42:09"
3203,3205,1,"2024-03-12 23:54:30"
3204,3206,1,"2024-05-21 07:07:35"
3205,3207,1,"2023-07-15 22:44:30"
3206,3208,1,"2024-01-21 10:46:07"
3207,3209,1,"2024-04-26 20:55:37"
3208,3210,1,"2024-04-01 21:44:05"
3209,3211,1,"2024-02-07 01:48:46"
3210,3212,1,"2023-06-24 02:04:47"
3211,3213,1,"2023-12-17 21:58:44"
3212,3214,1,"2024-04-19 01:13:50"
3213,3215,1,"2023-08-03 03:07:19"
3214,3216,1,"2023-10-29 00:43:35"
3215,3217,1,"2023-11-21 20:24:43"
3216,3218,1,"2023-09-25 03:11:41"
3217,3219,1,"2023-07-23 11:44:46"
3218,3220,1,"2023-10-28 09:50:36"
3219,3221,1,"2023-09-22 07:17:47"
3220,3222,1,"2023-10-08 12:45:31"
3221,3223,1,"2023-08-09 17:47:43"
3222,3224,1,"2023-08-10 04:02:37"
3223,3225,1,"2024-05-08 09:14:20"
3224,3226,1,"2024-03-25 17:30:56"
3225,3227,1,"2023-11-02 00:17:44"
3226,3228,1,"2023-08-19 13:27:31"
3227,3229,1,"2023-12-02 00:19:29"
3228,3230,1,"2024-04-04 20:37:42"
3229,3231,1,"2024-02-20 10:53:36"
3230,3232,1,"2023-08-04 09:33:05"
3231,3233,1,"2023-09-09 14:40:55"
3232,3234,1,"2023-09-09 18:58:13"
3233,3235,1,"2024-02-05 22:33:46"
3234,3236,1,"2024-03-27 18:51:56"
3235,3237,1,"2023-10-29 13:36:00"
3236,3238,1,"2023-08-01 04:56:31"
3237,3239,1,"2023-08-20 10:44:21"
3238,3240,1,"2024-02-27 17:55:23"
3239,3241,1,"2024-06-10 18:57:44"
3240,3242,1,"2024-05-09 05:08:26"
3241,3243,1,"2023-07-27 00:29:19"
3242,3244,1,"2023-11-04 17:46:56"
3243,3245,1,"2023-10-25 05:41:57"
3244,3246,1,"2023-08-07 11:24:18"
3245,3247,1,"2024-04-12 15:52:19"
3246,3248,1,"2023-12-23 22:24:45"
3247,3249,1,"2023-10-19 11:54:52"
3248,3250,1,"2024-01-09 14:40:27"
3249,3251,1,"2023-09-11 17:39:10"
3250,3252,1,"2023-10-13 20:40:48"
3251,3253,1,"2023-09-26 22:59:42"
3252,3254,1,"2023-11-02 15:30:40"
3253,3255,1,"2024-06-19 15:50:15"
3254,3256,1,"2023-11-16 04:55:21"
3255,3257,1,"2024-05-03 09:53:07"
3256,3258,1,"2023-10-21 12:44:15"
3257,3259,1,"2024-04-17 00:52:45"
3258,3260,1,"2024-03-31 06:54:09"
3259,3261,1,"2024-02-05 20:42:33"
3260,3262,1,"2024-05-08 06:21:31"
3261,3263,1,"2024-04-20 20:18:00"
3262,3264,1,"2023-11-17 10:26:38"
3263,3265,1,"2024-01-30 06:15:07"
3264,3266,1,"2023-07-14 16:05:10"
3265,3267,1,"2024-05-13 22:02:56"
3266,3268,1,"2023-07-24 04:21:19"
3267,3269,1,"2024-03-17 08:45:01"
3268,3270,1,"2024-01-21 11:50:28"
3269,3271,1,"2023-08-03 17:43:13"
3270,3272,1,"2023-11-16 14:38:06"
3271,3273,1,"2024-04-07 20:13:13"
3272,3274,1,"2023-10-26 14:08:32"
3273,3275,1,"2023-12-25 12:44:17"
3274,3276,1,"2023-11-26 00:59:39"
3275,3277,1,"2024-05-10 12:58:06"
3276,3278,1,"2023-11-27 23:00:24"
3277,3279,1,"2023-12-13 21:44:13"
3278,3280,1,"2023-06-26 09:15:43"
3279,3281,1,"2024-01-23 13:47:35"
3280,3282,1,"2023-12-08 14:12:21"
3281,3283,1,"2023-10-25 11:48:44"
3282,3284,1,"2024-04-07 11:35:34"
3283,3285,1,"2024-05-22 15:39:47"
3284,3286,1,"2023-10-21 21:15:06"
3285,3287,1,"2023-11-18 17:25:53"
3286,3288,1,"2024-05-05 16:32:21"
3287,3289,1,"2023-06-27 14:20:47"
3288,3290,1,"2024-01-10 22:18:02"
3289,3291,1,"2024-02-21 12:07:19"
3290,3292,1,"2024-04-20 12:24:24"
3291,3293,1,"2023-07-25 13:40:43"
3292,3294,1,"2023-07-25 16:01:42"
3293,3295,1,"2024-01-31 18:08:56"
3294,3296,1,"2023-07-22 11:12:05"
3295,3297,1,"2024-02-10 11:37:28"
3296,3298,1,"2023-11-10 18:40:06"
3297,3299,1,"2023-07-22 12:32:58"
3298,3300,1,"2024-01-18 19:48:42"
3299,3301,1,"2023-10-08 04:40:05"
3300,3302,1,"2023-11-04 11:07:30"
3301,3303,1,"2023-07-01 10:06:33"
3302,3304,1,"2024-02-04 20:35:03"
3303,3305,1,"2023-12-25 06:51:20"
3304,3306,1,"2024-01-18 05:45:29"
3305,3307,1,"2023-09-01 12:32:34"
3306,3308,1,"2023-11-05 21:19:25"
3307,3309,1,"2023-06-22 07:19:39"
3308,3310,1,"2024-04-03 16:57:50"
3309,3311,1,"2023-08-04 21:31:38"
3310,3312,1,"2023-09-03 19:22:17"
3311,3313,1,"2024-02-05 13:34:08"
3312,3314,1,"2023-09-01 17:19:42"
3313,3315,1,"2023-11-21 10:14:30"
3314,3316,1,"2023-09-28 10:45:30"
3315,3317,1,"2023-07-02 21:13:24"
3316,3318,1,"2023-11-16 11:29:21"
3317,3319,1,"2023-12-13 23:34:12"
3318,3320,1,"2024-02-12 07:40:05"
3319,3321,1,"2023-06-28 07:44:56"
3320,3322,1,"2023-07-17 23:17:20"
3321,3323,1,"2023-12-14 01:54:15"
3322,3324,1,"2024-01-07 12:40:39"
3323,3325,1,"2024-04-04 15:23:12"
3324,3326,1,"2024-06-18 17:07:30"
3325,3327,1,"2024-03-22 09:08:23"
3326,3328,1,"2024-02-03 03:14:14"
3327,3329,1,"2024-02-23 05:38:04"
3328,3330,1,"2023-10-01 15:18:52"
3329,3331,1,"2024-01-28 05:29:13"
3330,3332,1,"2023-08-24 01:58:14"
3331,3333,1,"2024-03-30 10:59:47"
3332,3334,1,"2024-01-05 07:15:05"
3333,3335,1,"2024-03-07 10:39:04"
3334,3336,1,"2023-08-31 16:54:43"
3335,3337,1,"2023-07-18 10:46:09"
3336,3338,1,"2024-06-06 17:13:58"
3337,3339,1,"2023-11-04 13:18:43"
3338,3340,1,"2024-01-30 07:32:09"
3339,3341,1,"2023-08-07 23:19:24"
3340,3342,1,"2024-04-08 11:08:48"
3341,3343,1,"2023-09-03 07:08:59"
3342,3344,1,"2024-04-03 01:23:48"
3343,3345,1,"2024-04-11 22:39:20"
3344,3346,1,"2023-07-18 00:49:56"
3345,3347,1,"2023-12-17 23:40:06"
3346,3348,1,"2023-09-29 02:00:27"
3347,3349,1,"2024-03-21 02:28:01"
3348,3350,1,"2023-07-16 15:23:44"
3349,3351,1,"2023-08-05 19:27:07"
3350,3352,1,"2023-09-28 08:48:18"
3351,3353,1,"2024-03-14 17:18:15"
3352,3354,1,"2024-03-24 13:35:35"
3353,3355,1,"2024-03-09 00:42:11"
3354,3356,1,"2024-01-02 06:54:10"
3355,3357,1,"2024-06-01 22:26:47"
3356,3358,1,"2024-02-08 22:33:49"
3357,3359,1,"2024-04-25 17:49:57"
3358,3360,1,"2024-01-09 21:47:46"
3359,3361,1,"2024-01-13 01:43:30"
3360,3362,1,"2024-03-24 22:06:02"
3361,3363,1,"2024-04-30 03:33:40"
3362,3364,1,"2023-10-14 14:18:40"
3363,3365,1,"2023-07-29 12:23:34"
3364,3366,1,"2023-08-23 04:58:19"
3365,3367,1,"2023-09-11 13:59:01"
3366,3368,1,"2024-04-10 06:45:53"
3367,3369,1,"2023-07-01 16:28:32"
3368,3370,1,"2024-05-18 08:35:53"
3369,3371,1,"2024-04-04 09:53:16"
3370,3372,1,"2024-03-18 20:25:04"
3371,3373,1,"2023-10-06 11:53:48"
3372,3374,1,"2023-08-31 04:03:35"
3373,3375,1,"2023-10-24 18:35:31"
3374,3376,1,"2023-09-13 22:55:11"
3375,3377,1,"2024-03-11 09:41:22"
3376,3378,1,"2023-08-31 05:46:00"
3377,3379,1,"2023-11-18 02:00:08"
3378,3380,1,"2023-08-08 07:59:13"
3379,3381,1,"2024-03-09 10:54:51"
3380,3382,1,"2024-02-10 19:56:08"
3381,3383,1,"2023-11-20 01:35:45"
3382,3384,1,"2024-06-04 03:55:30"
3383,3385,1,"2024-03-27 09:11:18"
3384,3386,1,"2024-03-21 15:18:47"
3385,3387,1,"2023-08-10 13:21:16"
3386,3388,1,"2023-10-31 05:48:09"
3387,3389,1,"2024-02-26 07:32:03"
3388,3390,1,"2024-02-19 19:05:32"
3389,3391,1,"2023-06-23 21:53:42"
3390,3392,1,"2023-09-07 13:07:17"
3391,3393,1,"2024-06-02 19:57:48"
3392,3394,1,"2024-01-02 00:17:24"
3393,3395,1,"2023-09-06 08:25:22"
3394,3396,1,"2024-06-01 02:35:03"
3395,3397,1,"2024-01-27 21:24:56"
3396,3398,1,"2023-08-15 01:40:54"
3397,3399,1,"2024-05-22 07:44:12"
3398,3400,1,"2024-05-25 02:12:23"
3399,3401,1,"2023-07-25 13:45:08"
3400,3402,1,"2023-08-31 00:23:29"
3401,3403,1,"2023-10-05 04:34:19"
3402,3404,1,"2023-09-02 00:01:40"
3403,3405,1,"2024-01-19 11:24:18"
3404,3406,1,"2024-01-27 08:37:17"
3405,3407,1,"2023-09-11 21:25:54"
3406,3408,1,"2023-07-05 18:39:46"
3407,3409,1,"2024-06-06 23:40:35"
3408,3410,1,"2024-01-02 01:50:08"
3409,3411,1,"2023-11-23 06:03:18"
3410,3412,1,"2023-10-13 09:45:43"
3411,3413,1,"2023-07-14 21:25:05"
3412,3414,1,"2024-02-09 08:09:01"
3413,3415,1,"2024-02-22 01:18:02"
3414,3416,1,"2023-11-17 19:45:29"
3415,3417,1,"2023-11-03 15:31:00"
3416,3418,1,"2023-09-02 20:46:13"
3417,3419,1,"2023-11-23 17:17:49"
3418,3420,1,"2023-11-27 07:54:35"
3419,3421,1,"2023-09-29 04:35:07"
3420,3422,1,"2024-04-28 08:38:45"
3421,3423,1,"2024-03-09 05:57:17"
3422,3424,1,"2023-12-14 09:11:06"
3423,3425,1,"2024-02-26 12:40:50"
3424,3426,1,"2023-08-13 00:58:13"
3425,3427,1,"2024-04-09 20:36:58"
3426,3428,1,"2023-11-19 03:09:47"
3427,3429,1,"2024-03-04 07:01:35"
3428,3430,1,"2024-03-13 07:22:57"
3429,3431,1,"2023-07-27 08:25:45"
3430,3432,1,"2024-02-26 11:35:49"
3431,3433,1,"2024-03-17 22:03:44"
3432,3434,1,"2023-09-03 15:15:25"
3433,3435,1,"2023-09-24 12:58:22"
3434,3436,1,"2023-09-06 04:44:30"
3435,3437,1,"2023-12-02 09:18:14"
3436,3438,1,"2023-09-14 00:48:25"
3437,3439,1,"2023-08-18 08:56:22"
3438,3440,1,"2024-05-28 11:41:44"
3439,3441,1,"2023-08-03 21:15:03"
3440,3442,1,"2023-09-23 00:28:56"
3441,3443,1,"2024-01-19 13:20:07"
3442,3444,1,"2023-08-15 08:50:18"
3443,3445,1,"2023-09-01 10:48:06"
3444,3446,1,"2024-03-29 11:08:12"
3445,3447,1,"2024-04-13 10:07:21"
3446,3448,1,"2024-04-25 09:01:03"
3447,3449,1,"2023-06-25 07:07:59"
3448,3450,1,"2024-01-10 11:31:43"
3449,3451,1,"2024-05-20 14:40:56"
3450,3452,1,"2024-04-12 19:03:56"
3451,3453,1,"2024-02-21 12:30:31"
3452,3454,1,"2024-04-06 05:19:07"
3453,3455,1,"2024-01-13 13:25:41"
3454,3456,1,"2023-11-21 06:08:23"
3455,3457,1,"2023-11-20 15:04:50"
3456,3458,1,"2024-03-30 01:51:10"
3457,3459,1,"2023-07-06 04:36:29"
3458,3460,1,"2023-06-26 10:45:42"
3459,3461,1,"2023-07-04 04:15:18"
3460,3462,1,"2024-03-29 03:42:05"
3461,3463,1,"2023-10-16 00:18:44"
3462,3464,1,"2023-12-19 23:58:37"
3463,3465,1,"2024-02-27 05:54:37"
3464,3466,1,"2023-11-21 14:25:55"
3465,3467,1,"2023-08-30 14:52:41"
3466,3468,1,"2024-05-23 18:27:00"
3467,3469,1,"2024-02-02 14:10:39"
3468,3470,1,"2024-06-02 22:36:19"
3469,3471,1,"2024-01-26 01:10:37"
3470,3472,1,"2023-07-07 11:37:13"
3471,3473,1,"2023-06-24 07:24:27"
3472,3474,1,"2023-12-21 13:57:45"
3473,3475,1,"2024-06-20 01:31:59"
3474,3476,1,"2023-09-27 06:25:25"
3475,3477,1,"2023-07-27 13:04:20"
3476,3478,1,"2023-11-02 12:39:01"
3477,3479,1,"2024-01-24 19:10:17"
3478,3480,1,"2023-08-30 10:57:48"
3479,3481,1,"2023-12-31 03:25:47"
3480,3482,1,"2024-03-31 08:50:10"
3481,3483,1,"2024-03-17 21:40:23"
3482,3484,1,"2023-07-10 02:32:16"
3483,3485,1,"2023-11-25 15:36:56"
3484,3486,1,"2024-04-10 23:58:46"
3485,3487,1,"2024-05-06 05:16:32"
3486,3488,1,"2024-06-20 07:40:20"
3487,3489,1,"2023-09-04 12:16:13"
3488,3490,1,"2024-03-31 08:40:34"
3489,3491,1,"2023-10-29 01:11:10"
3490,3492,1,"2023-09-28 04:13:24"
3491,3493,1,"2023-10-03 08:05:55"
3492,3494,1,"2023-07-15 12:23:33"
3493,3495,1,"2024-06-05 19:30:04"
3494,3496,1,"2024-02-24 13:27:39"
3495,3497,1,"2023-08-10 07:14:05"
3496,3498,1,"2023-07-12 09:51:28"
3497,3499,1,"2023-08-21 22:27:19"
3498,3500,1,"2023-07-25 10:26:39"
3499,3501,1,"2023-11-30 11:06:16"
3500,3502,1,"2024-03-03 02:13:33"
3501,3503,1,"2023-11-01 19:22:03"
3502,3504,1,"2024-02-28 20:06:23"
3503,3505,1,"2024-01-27 05:22:52"
3504,3506,1,"2023-12-31 18:51:47"
3505,3507,1,"2023-11-14 11:50:05"
3506,3508,1,"2024-02-10 06:08:42"
3507,3509,1,"2023-09-20 23:19:50"
3508,3510,1,"2023-08-13 01:02:31"
3509,3511,1,"2024-04-29 13:43:36"
3510,3512,1,"2024-04-23 02:39:41"
3511,3513,1,"2023-08-06 13:11:00"
3512,3514,1,"2024-04-07 05:16:01"
3513,3515,1,"2024-05-02 11:59:32"
3514,3516,1,"2024-06-20 13:17:38"
3515,3517,1,"2023-10-30 04:44:40"
3516,3518,1,"2023-07-25 12:40:43"
3517,3519,1,"2023-07-12 10:49:27"
3518,3520,1,"2024-03-20 22:31:23"
3519,3521,1,"2023-10-19 23:47:24"
3520,3522,1,"2023-07-17 14:53:11"
3521,3523,1,"2024-05-29 22:23:05"
3522,3524,1,"2024-05-01 09:37:16"
3523,3525,1,"2023-07-29 16:07:28"
3524,3526,1,"2023-07-08 20:51:17"
3525,3527,1,"2024-05-15 17:13:12"
3526,3528,1,"2023-09-01 05:48:29"
3527,3529,1,"2023-12-08 21:25:27"
3528,3530,1,"2023-07-07 06:08:54"
3529,3531,1,"2024-06-05 14:30:03"
3530,3532,1,"2024-05-31 19:40:01"
3531,3533,1,"2023-07-11 23:59:49"
3532,3534,1,"2023-08-20 05:14:06"
3533,3535,1,"2024-04-04 02:01:19"
3534,3536,1,"2024-03-27 00:33:26"
3535,3537,1,"2023-08-20 20:32:56"
3536,3538,1,"2023-10-20 21:15:45"
3537,3539,1,"2024-04-22 15:58:37"
3538,3540,1,"2024-02-19 10:23:53"
3539,3541,1,"2024-03-21 15:47:04"
3540,3542,1,"2023-12-15 20:58:24"
3541,3543,1,"2024-02-20 19:08:27"
3542,3544,1,"2023-06-28 10:18:13"
3543,3545,1,"2023-08-01 20:13:11"
3544,3546,1,"2024-02-24 18:00:37"
3545,3547,1,"2024-05-26 14:36:36"
3546,3548,1,"2024-05-26 08:07:41"
3547,3549,1,"2023-09-23 10:51:41"
3548,3550,1,"2023-09-24 06:28:52"
3549,3551,1,"2023-12-09 06:40:15"
3550,3552,1,"2024-03-07 00:05:32"
3551,3553,1,"2023-11-04 02:19:05"
3552,3554,1,"2023-08-16 09:16:34"
3553,3555,1,"2024-05-16 17:30:14"
3554,3556,1,"2023-08-22 02:11:08"
3555,3557,1,"2023-09-04 23:43:44"
3556,3558,1,"2023-08-04 23:29:13"
3557,3559,1,"2024-01-29 17:20:58"
3558,3560,1,"2023-09-24 04:54:32"
3559,3561,1,"2024-02-19 18:07:09"
3560,3562,1,"2024-04-03 14:45:31"
3561,3563,1,"2024-02-11 07:46:17"
3562,3564,1,"2024-05-09 05:48:29"
3563,3565,1,"2023-08-12 04:58:42"
3564,3566,1,"2024-05-18 14:53:57"
3565,3567,1,"2024-04-21 09:47:42"
3566,3568,1,"2023-11-04 19:45:59"
3567,3569,1,"2024-02-20 17:20:24"
3568,3570,1,"2023-12-16 17:03:40"
3569,3571,1,"2023-09-16 12:30:56"
3570,3572,1,"2024-05-11 13:30:45"
3571,3573,1,"2024-02-23 14:16:21"
3572,3574,1,"2023-08-28 16:34:28"
3573,3575,1,"2024-01-02 21:37:26"
3574,3576,1,"2023-08-12 04:41:16"
3575,3577,1,"2024-04-11 22:21:02"
3576,3578,1,"2023-07-06 08:20:08"
3577,3579,1,"2024-06-14 13:26:27"
3578,3580,1,"2023-12-31 13:33:58"
3579,3581,1,"2024-01-01 22:26:52"
3580,3582,1,"2023-10-18 18:18:45"
3581,3583,1,"2024-03-01 15:12:51"
3582,3584,1,"2023-10-10 13:55:04"
3583,3585,1,"2024-02-23 07:39:39"
3584,3586,1,"2024-04-09 21:48:05"
3585,3587,1,"2024-03-25 17:59:25"
3586,3588,1,"2024-04-21 18:38:49"
3587,3589,1,"2023-07-21 11:02:44"
3588,3590,1,"2024-02-24 04:14:17"
3589,3591,1,"2023-12-08 06:34:24"
3590,3592,1,"2023-12-17 20:02:02"
3591,3593,1,"2024-03-17 11:34:53"
3592,3594,1,"2023-09-21 05:03:02"
3593,3595,1,"2023-12-15 08:14:46"
3594,3596,1,"2024-06-13 23:11:18"
3595,3597,1,"2024-05-24 20:26:12"
3596,3598,1,"2023-11-13 23:41:24"
3597,3599,1,"2023-11-13 23:33:21"
3598,3600,1,"2024-04-13 02:48:41"
3599,3601,1,"2024-03-12 17:42:53"
3600,3602,1,"2023-11-14 00:10:09"
3601,3603,1,"2024-01-22 20:48:40"
3602,3604,1,"2023-09-20 11:31:08"
3603,3605,1,"2023-09-27 19:19:46"
3604,3606,1,"2023-12-15 15:13:03"
3605,3607,1,"2023-08-09 06:34:04"
3606,3608,1,"2023-07-29 19:05:55"
3607,3609,1,"2023-08-28 17:02:22"
3608,3610,1,"2023-07-28 15:59:18"
3609,3611,1,"2024-04-29 04:42:47"
3610,3612,1,"2024-02-12 15:08:43"
3611,3613,1,"2024-04-17 19:58:20"
3612,3614,1,"2024-02-07 18:02:07"
3613,3615,1,"2023-07-10 19:23:29"
3614,3616,1,"2024-03-06 19:48:24"
3615,3617,1,"2023-07-29 14:52:15"
3616,3618,1,"2023-08-31 06:55:07"
3617,3619,1,"2024-01-15 07:31:20"
3618,3620,1,"2024-05-22 19:55:09"
3619,3621,1,"2024-01-16 21:29:40"
3620,3622,1,"2023-08-18 03:27:06"
3621,3623,1,"2024-01-22 10:05:57"
3622,3624,1,"2024-01-26 21:07:01"
3623,3625,1,"2023-08-08 15:27:19"
3624,3626,1,"2024-02-08 03:13:25"
3625,3627,1,"2023-11-13 02:48:32"
3626,3628,1,"2023-08-19 02:40:33"
3627,3629,1,"2024-02-02 03:39:37"
3628,3630,1,"2023-11-17 07:24:11"
3629,3631,1,"2023-07-27 15:54:08"
3630,3632,1,"2024-03-09 18:34:42"
3631,3633,1,"2024-05-14 14:57:24"
3632,3634,1,"2023-11-08 21:46:20"
3633,3635,1,"2024-02-08 13:17:01"
3634,3636,1,"2023-10-30 19:26:38"
3635,3637,1,"2023-11-15 06:11:27"
3636,3638,1,"2024-01-21 04:19:42"
3637,3639,1,"2023-08-02 23:15:55"
3638,3640,1,"2024-01-14 02:36:47"
3639,3641,1,"2023-12-13 03:26:33"
3640,3642,1,"2023-07-09 09:07:38"
3641,3643,1,"2023-12-01 12:40:31"
3642,3644,1,"2023-08-14 02:42:19"
3643,3645,1,"2023-11-30 15:31:44"
3644,3646,1,"2023-09-26 06:59:48"
3645,3647,1,"2023-06-30 13:11:08"
3646,3648,1,"2024-04-08 04:29:07"
3647,3649,1,"2023-09-26 00:17:30"
3648,3651,1,"2023-12-28 07:44:21"
3649,3652,1,"2024-02-13 06:32:35"
3650,3653,1,"2024-02-12 13:41:33"
3651,3654,1,"2024-05-19 23:47:29"
3652,3655,1,"2024-03-01 02:01:29"
3653,3656,1,"2024-04-27 10:04:22"
3654,3657,1,"2023-07-07 16:32:44"
3655,3658,1,"2023-11-20 06:02:49"
3656,3659,1,"2023-07-30 00:29:03"
3657,3660,1,"2024-05-20 12:07:27"
3658,3661,1,"2023-09-09 15:15:21"
3659,3662,1,"2024-04-24 08:50:43"
3660,3663,1,"2024-01-20 19:57:41"
3661,3664,1,"2023-12-10 22:03:56"
3662,3665,1,"2024-02-05 22:29:25"
3663,3666,1,"2024-01-22 21:12:11"
3664,3667,1,"2024-06-18 10:54:32"
3665,3668,1,"2023-11-20 12:58:41"
3666,3669,1,"2023-07-08 17:06:24"
3667,3670,1,"2024-01-18 06:45:59"
3668,3671,1,"2024-05-01 18:44:13"
3669,3672,1,"2023-08-26 02:07:03"
3670,3673,1,"2024-01-26 08:35:18"
3671,3674,1,"2023-07-24 01:47:21"
3672,3675,1,"2024-03-06 09:53:53"
3673,3676,1,"2024-01-05 12:41:20"
3674,3677,1,"2023-10-22 00:44:56"
3675,3678,1,"2023-10-10 09:49:02"
3676,3679,1,"2023-10-17 00:37:03"
3677,3680,1,"2024-05-11 10:37:48"
3678,3681,1,"2024-01-08 11:49:28"
3679,3682,1,"2024-05-06 04:06:14"
3680,3683,1,"2024-01-18 03:00:26"
3681,3684,1,"2024-01-07 23:33:52"
3682,3685,1,"2023-11-24 19:48:46"
3683,3686,1,"2024-02-18 14:05:54"
3684,3687,1,"2024-03-15 11:20:03"
3685,3688,1,"2024-04-20 08:18:23"
3686,3689,1,"2023-11-15 21:03:57"
3687,3690,1,"2023-08-24 07:10:58"
3688,3691,1,"2024-04-24 13:19:44"
3689,3692,1,"2023-10-20 04:08:39"
3690,3693,1,"2024-01-08 04:26:20"
3691,3694,1,"2024-03-31 16:04:40"
3692,3695,1,"2024-01-04 20:10:48"
3693,3696,1,"2023-08-24 01:35:15"
3694,3697,1,"2024-01-30 17:45:51"
3695,3698,1,"2023-11-09 01:17:36"
3696,3699,1,"2024-03-10 16:51:12"
3697,3700,1,"2023-12-28 14:02:55"
3698,3701,1,"2023-07-14 12:49:02"
3699,3702,1,"2024-01-09 02:51:45"
3700,3703,1,"2024-03-30 01:40:17"
3701,3704,1,"2024-05-09 01:28:09"
3702,3705,1,"2024-05-20 03:32:22"
3703,3706,1,"2024-04-05 00:51:28"
3704,3707,1,"2024-01-30 04:37:20"
3705,3708,1,"2023-11-03 20:26:32"
3706,3709,1,"2023-06-21 13:08:00"
3707,3710,1,"2023-09-26 17:24:26"
3708,3711,1,"2023-09-04 11:29:19"
3709,3712,1,"2023-12-25 01:59:01"
3710,3713,1,"2023-11-28 07:10:56"
3711,3714,1,"2023-10-12 05:40:07"
3712,3715,1,"2023-09-09 00:30:05"
3713,3716,1,"2023-09-25 10:43:32"
3714,3717,1,"2024-03-29 02:40:36"
3715,3718,1,"2023-07-27 02:16:05"
3716,3719,1,"2024-02-17 23:43:49"
3717,3720,1,"2023-11-11 19:19:41"
3718,3721,1,"2024-06-16 00:16:23"
3719,3722,1,"2024-06-06 18:50:38"
3720,3723,1,"2024-04-21 00:29:41"
3721,3724,1,"2023-11-15 22:03:40"
3722,3725,1,"2024-01-04 10:09:32"
3723,3726,1,"2023-09-15 13:02:07"
3724,3727,1,"2024-01-14 20:23:53"
3725,3728,1,"2024-06-15 23:16:24"
3726,3729,1,"2023-09-03 15:12:26"
3727,3730,1,"2024-01-26 09:06:00"
3728,3731,1,"2024-05-12 15:56:26"
3729,3732,1,"2024-04-23 04:17:02"
3730,3733,1,"2024-01-04 12:19:10"
3731,3734,1,"2024-04-03 06:11:55"
3732,3735,1,"2023-07-30 05:39:04"
3733,3736,1,"2024-04-19 12:27:07"
3734,3737,1,"2023-10-20 02:53:38"
3735,3738,1,"2024-01-05 07:07:26"
3736,3739,1,"2024-01-31 20:34:32"
3737,3740,1,"2024-02-23 05:21:05"
3738,3741,1,"2023-12-10 12:12:04"
3739,3742,1,"2024-01-15 03:44:01"
3740,3743,1,"2023-09-23 08:20:12"
3741,3744,1,"2023-07-18 13:42:52"
3742,3745,1,"2024-01-28 14:30:44"
3743,3746,1,"2023-12-26 08:56:20"
3744,3747,1,"2024-03-09 14:54:36"
3745,3748,1,"2024-01-05 20:44:05"
3746,3749,1,"2023-07-17 22:56:17"
3747,3750,1,"2024-01-19 20:31:09"
3748,3751,1,"2024-03-18 07:23:58"
3749,3752,1,"2024-01-20 18:48:28"
3750,3753,1,"2023-12-05 13:54:31"
3751,3754,1,"2024-05-18 02:13:25"
3752,3755,1,"2024-01-06 15:00:53"
3753,3756,1,"2023-10-17 19:13:57"
3754,3757,1,"2024-03-12 12:42:35"
3755,3758,1,"2023-12-22 02:06:52"
3756,3759,1,"2023-09-23 00:19:52"
3757,3760,1,"2023-10-17 08:57:34"
3758,3761,1,"2024-01-20 17:09:06"
3759,3762,1,"2024-05-25 03:57:54"
3760,3763,1,"2023-11-22 11:13:28"
3761,3764,1,"2024-03-31 04:49:45"
3762,3765,1,"2023-07-29 12:57:19"
3763,3766,1,"2023-08-30 14:24:51"
3764,3767,1,"2023-12-22 16:52:37"
3765,3768,1,"2024-05-03 16:43:34"
3766,3769,1,"2024-02-11 20:25:12"
3767,3770,1,"2023-06-22 00:46:04"
3768,3771,1,"2023-09-14 16:32:15"
3769,3772,1,"2023-06-29 04:31:09"
3770,3773,1,"2023-09-24 08:26:09"
3771,3774,1,"2023-11-15 06:28:46"
3772,3775,1,"2024-06-13 09:36:58"
3773,3776,1,"2023-08-16 19:23:00"
3774,3777,1,"2023-10-08 19:57:41"
3775,3778,1,"2024-04-24 00:31:10"
3776,3779,1,"2023-09-30 21:03:06"
3777,3780,1,"2023-09-19 06:39:41"
3778,3781,1,"2024-05-31 08:41:28"
3779,3782,1,"2024-01-31 13:07:25"
3780,3783,1,"2023-06-25 12:54:24"
3781,3784,1,"2024-06-19 22:09:02"
3782,3785,1,"2024-03-26 02:46:05"
3783,3786,1,"2024-02-19 18:26:10"
3784,3787,1,"2024-02-23 21:11:37"
3785,3788,1,"2023-07-09 14:48:08"
3786,3789,1,"2024-05-03 09:22:34"
3787,3790,1,"2023-08-29 03:45:49"
3788,3791,1,"2023-11-21 14:37:19"
3789,3792,1,"2023-12-13 13:22:05"
3790,3793,1,"2024-04-29 14:58:58"
3791,3794,1,"2023-08-18 00:37:59"
3792,3795,1,"2024-05-21 00:44:54"
3793,3796,1,"2023-10-12 22:42:51"
3794,3797,1,"2024-03-12 16:47:46"
3795,3798,1,"2023-09-25 07:16:10"
3796,3799,1,"2024-02-20 06:27:59"
3797,3800,1,"2024-03-18 23:49:32"
3798,3801,1,"2024-04-08 21:50:39"
3799,3802,1,"2023-07-08 04:12:06"
3800,3803,1,"2024-02-26 02:48:54"
3801,3804,1,"2024-02-22 20:07:10"
3802,3805,1,"2023-11-16 00:50:37"
3803,3806,1,"2024-01-19 10:03:55"
3804,3807,1,"2024-03-22 12:50:51"
3805,3808,1,"2024-04-14 12:36:42"
3806,3809,1,"2024-04-12 00:44:40"
3807,3810,1,"2024-06-04 15:04:42"
3808,3811,1,"2023-08-15 00:12:10"
3809,3812,1,"2024-04-19 02:37:05"
3810,3813,1,"2023-10-31 11:09:07"
3811,3814,1,"2023-07-31 13:32:01"
3812,3815,1,"2024-03-06 19:56:33"
3813,3816,1,"2024-02-06 03:03:03"
3814,3817,1,"2024-02-04 09:18:55"
3815,3818,1,"2023-10-08 18:25:20"
3816,3819,1,"2024-03-06 10:55:54"
3817,3820,1,"2024-02-10 19:05:40"
3818,3821,1,"2024-01-09 16:21:34"
3819,3822,1,"2023-07-03 16:28:29"
3820,3823,1,"2023-08-15 12:16:42"
3821,3824,1,"2023-08-25 11:43:10"
3822,3825,1,"2024-06-16 10:02:34"
3823,3826,1,"2024-03-29 17:25:49"
3824,3827,1,"2023-08-15 21:28:09"
3825,3828,1,"2024-01-18 05:31:05"
3826,3829,1,"2024-03-05 15:37:57"
3827,3830,1,"2023-06-29 21:05:48"
3828,3831,1,"2024-05-27 18:37:28"
3829,3832,1,"2023-09-25 13:12:22"
3830,3833,1,"2023-08-11 07:41:04"
3831,3834,1,"2024-02-19 07:29:44"
3832,3835,1,"2024-06-09 02:23:04"
3833,3836,1,"2023-07-25 12:33:59"
3834,3837,1,"2023-09-21 04:01:23"
3835,3838,1,"2024-06-01 06:15:04"
3836,3839,1,"2023-07-24 13:21:15"
3837,3840,1,"2023-09-10 02:58:33"
3838,3841,1,"2023-12-27 20:29:00"
3839,3842,1,"2024-04-18 11:55:10"
3840,3843,1,"2023-09-23 19:01:20"
3841,3844,1,"2024-01-26 02:54:26"
3842,3845,1,"2023-09-20 23:25:31"
3843,3846,1,"2023-09-26 22:29:18"
3844,3847,1,"2024-05-05 00:14:07"
3845,3848,1,"2024-05-15 13:33:35"
3846,3849,1,"2023-07-23 04:21:58"
3847,3850,1,"2023-06-23 06:59:36"
3848,3851,1,"2023-07-29 17:24:51"
3849,3852,1,"2024-03-01 12:09:20"
3850,3853,1,"2023-12-19 12:51:21"
3851,3854,1,"2023-10-27 13:14:39"
3852,3855,1,"2023-10-20 02:01:42"
3853,3856,1,"2023-12-25 18:51:40"
3854,3857,1,"2023-10-29 18:03:47"
3855,3858,1,"2024-03-15 03:07:52"
3856,3859,1,"2023-08-10 19:56:37"
3857,3860,1,"2023-09-18 08:15:08"
3858,3861,1,"2024-02-10 23:42:37"
3859,3862,1,"2024-02-22 15:06:49"
3860,3863,1,"2024-04-19 16:28:50"
3861,3864,1,"2024-04-27 20:16:24"
3862,3865,1,"2024-01-04 08:37:03"
3863,3866,1,"2024-05-19 11:14:46"
3864,3867,1,"2023-11-18 14:13:30"
3865,3868,1,"2023-08-27 16:02:46"
3866,3869,1,"2023-10-19 22:55:33"
3867,3870,1,"2023-07-26 03:57:43"
3868,3871,1,"2024-02-13 12:00:34"
3869,3872,1,"2023-11-24 01:59:52"
3870,3873,1,"2023-09-16 23:49:59"
3871,3874,1,"2024-04-27 11:09:46"
3872,3875,1,"2023-12-24 20:00:40"
3873,3876,1,"2024-04-19 15:10:13"
3874,3877,1,"2024-02-13 20:26:29"
3875,3878,1,"2023-09-03 10:35:10"
3876,3879,1,"2023-07-05 04:04:31"
3877,3880,1,"2024-02-20 17:37:38"
3878,3881,1,"2024-01-16 16:16:45"
3879,3882,1,"2023-11-08 15:14:47"
3880,3883,1,"2024-01-30 07:25:57"
3881,3884,1,"2023-11-02 02:14:30"
3882,3885,1,"2023-12-04 08:30:33"
3883,3886,1,"2023-06-28 15:37:46"
3884,3887,1,"2024-03-18 19:21:52"
3885,3888,1,"2024-03-28 21:34:27"
3886,3889,1,"2024-05-19 12:36:28"
3887,3890,1,"2024-03-26 18:28:14"
3888,3891,1,"2023-06-24 06:54:26"
3889,3892,1,"2024-01-25 23:20:17"
3890,3893,1,"2023-07-20 08:22:05"
3891,3894,1,"2024-03-31 14:18:31"
3892,3895,1,"2024-02-13 09:28:07"
3893,3896,1,"2023-11-06 11:26:44"
3894,3897,1,"2024-05-27 17:16:33"
3895,3898,1,"2024-01-06 17:01:41"
3896,3899,1,"2023-07-13 21:26:55"
3897,3900,1,"2024-03-05 01:15:16"
3898,3901,1,"2024-05-19 15:38:23"
3899,3902,1,"2023-08-13 19:03:22"
3900,3903,1,"2023-10-02 18:27:33"
3901,3904,1,"2023-08-18 06:38:27"
3902,3905,1,"2023-10-06 05:59:11"
3903,3906,1,"2023-07-25 05:05:21"
3904,3907,1,"2023-12-29 16:53:04"
3905,3908,1,"2024-06-04 04:09:21"
3906,3909,1,"2024-06-10 14:02:00"
3907,3910,1,"2023-12-13 02:01:50"
3908,3911,1,"2024-01-21 03:29:33"
3909,3912,1,"2024-05-11 14:06:19"
3910,3913,1,"2023-08-21 00:52:47"
3911,3914,1,"2023-09-14 18:49:12"
3912,3915,1,"2024-06-01 17:34:12"
3913,3916,1,"2024-02-16 09:06:24"
3914,3917,1,"2024-04-28 19:11:42"
3915,3918,1,"2024-02-08 05:59:01"
3916,3919,1,"2024-04-29 07:49:53"
3917,3920,1,"2024-04-29 06:16:20"
3918,3921,1,"2023-08-30 12:36:15"
3919,3922,1,"2024-06-17 07:39:24"
3920,3923,1,"2024-06-06 23:26:50"
3921,3924,1,"2024-04-13 07:12:04"
3922,3925,1,"2024-05-16 16:23:15"
3923,3926,1,"2024-05-13 21:54:59"
3924,3927,1,"2023-08-18 16:56:43"
3925,3928,1,"2023-08-18 13:10:46"
3926,3929,1,"2023-09-30 14:50:24"
3927,3930,1,"2024-04-19 15:56:23"
3928,3931,1,"2023-12-19 20:04:04"
3929,3932,1,"2023-11-14 10:09:55"
3930,3933,1,"2023-12-03 20:28:11"
3931,3934,1,"2024-05-01 01:15:26"
3932,3935,1,"2023-07-04 02:31:59"
3933,3936,1,"2023-12-04 06:31:38"
3934,3937,1,"2024-01-14 12:38:30"
3935,3938,1,"2024-03-29 03:22:29"
3936,3939,1,"2024-05-29 13:14:04"
3937,3940,1,"2023-12-06 03:54:54"
3938,3941,1,"2023-08-28 12:14:08"
3939,3942,1,"2023-12-12 20:16:15"
3940,3943,1,"2024-01-10 19:36:50"
3941,3944,1,"2024-04-28 18:19:27"
3942,3945,1,"2023-11-01 15:26:50"
3943,3946,1,"2023-09-11 13:35:35"
3944,3947,1,"2024-05-26 14:46:22"
3945,3948,1,"2024-04-20 11:00:00"
3946,3949,1,"2023-11-18 05:02:52"
3947,3950,1,"2023-08-09 16:34:49"
3948,3951,1,"2024-06-02 19:03:37"
3949,3952,1,"2023-07-13 07:57:08"
3950,3953,1,"2024-05-31 05:55:23"
3951,3954,1,"2023-12-09 17:11:03"
3952,3955,1,"2024-05-25 16:11:47"
3953,3956,1,"2023-07-12 06:00:50"
3954,3957,1,"2023-11-13 20:02:30"
3955,3958,1,"2023-09-09 02:59:33"
3956,3959,1,"2023-11-16 14:36:10"
3957,3960,1,"2023-12-13 06:06:11"
3958,3961,1,"2023-12-28 05:54:22"
3959,3962,1,"2023-11-11 10:47:06"
3960,3963,1,"2024-01-15 04:59:46"
3961,3964,1,"2024-03-13 14:24:34"
3962,3965,1,"2023-08-12 16:59:33"
3963,3966,1,"2024-04-22 22:10:00"
3964,3967,1,"2023-07-12 14:40:16"
3965,3968,1,"2024-01-19 15:32:00"
3966,3969,1,"2023-11-20 14:00:28"
3967,3970,1,"2023-11-28 18:25:26"
3968,3971,1,"2024-04-13 11:55:32"
3969,3972,1,"2024-06-17 07:07:57"
3970,3973,1,"2023-11-16 21:40:01"
3971,3974,1,"2023-08-11 23:31:28"
3972,3975,1,"2024-04-02 09:36:25"
3973,3976,1,"2024-05-03 10:28:41"
3974,3977,1,"2023-10-04 15:08:07"
3975,3978,1,"2023-11-17 03:15:34"
3976,3979,1,"2023-08-13 20:37:40"
3977,3980,1,"2024-04-03 12:17:57"
3978,3981,1,"2024-04-07 05:16:45"
3979,3982,1,"2024-05-25 17:21:54"
3980,3983,1,"2023-12-23 19:20:37"
3981,3984,1,"2023-09-21 15:20:19"
3982,3985,1,"2023-06-23 03:11:48"
3983,3986,1,"2024-03-27 23:45:57"
3984,3987,1,"2023-08-26 01:41:37"
3985,3988,1,"2023-09-18 21:37:34"
3986,3989,1,"2024-05-24 18:41:50"
3987,3990,1,"2023-10-30 16:11:10"
3988,3991,1,"2024-01-14 17:19:16"
3989,3992,1,"2023-11-12 20:12:42"
3990,3993,1,"2024-06-11 00:25:26"
3991,3994,1,"2023-12-23 06:51:22"
3992,3995,1,"2023-10-18 14:11:34"
3993,3996,1,"2024-05-07 01:10:58"
3994,3997,1,"2023-08-04 20:28:51"
3995,3998,1,"2023-11-04 10:49:08"
3996,3999,1,"2024-06-16 00:09:14"
3997,4000,1,"2023-11-05 06:47:52"
3998,4001,1,"2023-12-13 07:30:39"
3999,4002,1,"2024-06-05 08:24:34"
4000,4003,1,"2024-05-02 10:15:55"
4001,4004,1,"2024-03-31 07:51:10"
4002,4005,1,"2024-06-11 18:47:37"
4003,4006,1,"2023-07-12 12:58:07"
4004,4007,1,"2024-01-20 06:06:28"
4005,4008,1,"2023-10-04 03:48:34"
4006,4009,1,"2023-12-26 04:39:24"
4007,4010,1,"2024-05-16 11:44:21"
4008,4011,1,"2024-04-23 00:55:43"
4009,4012,1,"2023-09-24 06:22:53"
4010,4013,1,"2024-02-20 09:36:38"
4011,4014,1,"2024-01-01 16:51:50"
4012,4015,1,"2023-07-23 08:17:30"
4013,4016,1,"2023-09-02 17:47:15"
4014,4017,1,"2024-06-01 00:07:23"
4015,4018,1,"2023-10-18 15:31:48"
4016,4019,1,"2023-09-04 13:21:28"
4017,4020,1,"2023-11-04 14:58:12"
4018,4021,1,"2024-06-04 17:20:17"
4019,4022,1,"2024-04-17 18:02:46"
4020,4023,1,"2024-02-10 10:58:49"
4021,4024,1,"2024-05-03 21:40:58"
4022,4025,1,"2024-02-18 03:08:29"
4023,4026,1,"2023-10-04 01:47:43"
4024,4027,1,"2023-08-12 09:43:41"
4025,4028,1,"2023-06-25 12:00:02"
4026,4029,1,"2024-01-20 15:40:01"
4027,4030,1,"2024-02-04 21:56:17"
4028,4031,1,"2023-07-05 09:31:21"
4029,4032,1,"2023-10-04 05:08:21"
4030,4033,1,"2024-03-24 09:02:45"
4031,4034,1,"2023-07-22 18:09:26"
4032,4035,1,"2023-11-27 00:24:22"
4033,4036,1,"2023-09-16 23:11:06"
4034,4037,1,"2023-11-12 11:42:23"
4035,4038,1,"2023-08-16 22:25:14"
4036,4039,1,"2023-11-11 06:16:22"
4037,4040,1,"2023-08-20 00:53:58"
4038,4041,1,"2023-11-09 04:52:37"
4039,4042,1,"2024-01-13 10:20:56"
4040,4043,1,"2024-04-29 01:25:50"
4041,4044,1,"2024-01-01 10:31:13"
4042,4045,1,"2023-07-17 01:49:39"
4043,4046,1,"2024-04-02 14:14:56"
4044,4047,1,"2024-05-05 06:59:39"
4045,4048,1,"2023-09-11 20:53:48"
4046,4049,1,"2024-06-01 10:34:08"
4047,4050,1,"2023-09-14 21:22:48"
4048,4051,1,"2023-07-18 14:05:32"
4049,4052,1,"2024-04-09 08:54:26"
4050,4053,1,"2024-06-09 14:43:20"
4051,4054,1,"2023-10-19 01:35:15"
4052,4055,1,"2024-03-09 02:22:47"
4053,4056,1,"2024-06-08 20:47:31"
4054,4057,1,"2023-08-23 17:35:43"
4055,4058,1,"2024-02-25 12:57:15"
4056,4059,1,"2023-10-13 01:38:06"
4057,4060,1,"2023-11-07 00:04:52"
4058,4061,1,"2023-09-01 05:48:32"
4059,4062,1,"2023-08-24 22:45:20"
4060,4063,1,"2023-10-05 13:03:35"
4061,4064,1,"2024-06-06 02:39:38"
4062,4065,1,"2023-07-01 05:19:04"
4063,4066,1,"2024-04-12 15:20:07"
4064,4067,1,"2023-09-28 05:10:31"
4065,4068,1,"2023-10-25 19:06:22"
4066,4069,1,"2023-09-27 19:59:56"
4067,4070,1,"2024-05-10 10:46:49"
4068,4071,1,"2024-03-11 20:28:43"
4069,4072,1,"2024-05-21 14:40:52"
4070,4073,1,"2024-02-16 03:01:41"
4071,4074,1,"2023-11-14 05:19:11"
4072,4075,1,"2024-03-10 10:38:20"
4073,4076,1,"2023-12-03 13:05:51"
4074,4077,1,"2023-10-26 16:19:50"
4075,4078,1,"2024-06-17 17:30:39"
4076,4079,1,"2023-07-14 22:43:05"
4077,4080,1,"2023-08-20 18:24:39"
4078,4081,1,"2024-02-27 14:27:53"
4079,4082,1,"2023-12-31 17:34:30"
4080,4083,1,"2024-01-30 13:17:56"
4081,4084,1,"2023-11-30 06:57:51"
4082,4085,1,"2024-04-21 09:02:21"
4083,4086,1,"2024-06-09 10:01:43"
4084,4087,1,"2023-10-23 11:48:05"
4085,4088,1,"2024-02-16 12:54:46"
4086,4089,1,"2023-11-30 09:39:53"
4087,4090,1,"2023-06-25 15:57:18"
4088,4091,1,"2024-03-08 07:08:41"
4089,4092,1,"2024-05-04 06:02:21"
4090,4093,1,"2023-08-04 06:54:39"
4091,4094,1,"2023-07-26 15:14:23"
4092,4095,1,"2024-06-01 12:21:00"
4093,4096,1,"2024-01-25 15:25:50"
4094,4097,1,"2023-12-20 06:48:22"
4095,4098,1,"2023-07-05 22:52:19"
4096,4099,1,"2024-03-17 18:15:29"
4097,4100,1,"2023-08-24 17:38:00"
4098,4101,1,"2023-07-13 05:34:08"
4099,4102,1,"2024-05-09 13:23:35"
4100,4103,1,"2023-11-10 20:54:42"
4101,4104,1,"2024-05-09 11:54:24"
4102,4105,1,"2024-05-27 05:21:11"
4103,4106,1,"2024-03-12 19:41:21"
4104,4107,1,"2023-10-03 12:00:53"
4105,4108,1,"2024-05-23 06:41:45"
4106,4109,1,"2023-09-18 02:18:18"
4107,4110,1,"2023-08-06 03:24:29"
4108,4111,1,"2024-02-14 15:48:32"
4109,4112,1,"2023-11-20 00:01:48"
4110,4113,1,"2023-07-23 07:20:10"
4111,4114,1,"2023-08-16 15:57:50"
4112,4115,1,"2024-05-12 15:41:53"
4113,4116,1,"2024-02-20 13:12:25"
4114,4117,1,"2023-07-03 05:09:11"
4115,4118,1,"2024-02-17 16:03:26"
4116,4119,1,"2023-10-22 06:03:36"
4117,4120,1,"2024-04-14 03:51:57"
4118,4121,1,"2023-08-21 10:16:43"
4119,4122,1,"2023-12-10 05:44:53"
4120,4123,1,"2024-06-09 02:22:13"
4121,4124,1,"2023-10-17 08:06:21"
4122,4125,1,"2023-10-03 16:14:10"
4123,4126,1,"2024-03-04 08:03:49"
4124,4127,1,"2024-05-10 09:11:52"
4125,4128,1,"2024-01-21 01:23:57"
4126,4129,1,"2024-01-10 17:18:28"
4127,4130,1,"2024-04-18 04:08:07"
4128,4131,1,"2024-06-06 02:45:39"
4129,4132,1,"2024-05-10 00:01:52"
4130,4133,1,"2024-02-06 14:07:06"
4131,4134,1,"2023-10-11 12:21:54"
4132,4135,1,"2023-11-27 22:11:17"
4133,4136,1,"2023-08-10 09:29:22"
4134,4137,1,"2024-03-14 02:08:48"
4135,4138,1,"2023-12-25 22:40:07"
4136,4139,1,"2023-08-01 06:13:32"
4137,4140,1,"2023-09-12 04:44:11"
4138,4141,1,"2024-05-05 01:52:50"
4139,4142,1,"2023-09-03 14:47:09"
4140,4143,1,"2023-09-07 12:40:57"
4141,4144,1,"2023-12-12 09:24:03"
4142,4145,1,"2024-05-10 08:19:31"
4143,4146,1,"2024-03-14 17:12:18"
4144,4147,1,"2024-02-21 21:43:43"
4145,4148,1,"2023-11-04 17:04:19"
4146,4149,1,"2024-01-28 19:57:32"
4147,4150,1,"2023-09-16 22:46:36"
4148,4151,1,"2024-03-07 05:10:38"
4149,4152,1,"2023-09-25 04:04:05"
4150,4153,1,"2023-10-07 12:06:33"
4151,4154,1,"2023-12-30 20:22:16"
4152,4155,1,"2023-09-11 10:15:42"
4153,4156,1,"2024-01-08 15:01:55"
4154,4157,1,"2023-09-21 12:59:02"
4155,4158,1,"2023-10-23 16:39:41"
4156,4159,1,"2023-08-16 11:42:09"
4157,4160,1,"2023-08-16 11:31:03"
4158,4161,1,"2024-06-16 07:21:46"
4159,4162,1,"2023-11-19 02:17:51"
4160,4163,1,"2023-09-13 10:51:32"
4161,4164,1,"2023-07-15 10:15:49"
4162,4165,1,"2023-07-11 02:57:18"
4163,4166,1,"2023-09-20 01:59:34"
4164,4167,1,"2023-07-30 01:14:24"
4165,4168,1,"2023-06-20 17:36:07"
4166,4169,1,"2024-04-15 13:01:00"
4167,4170,1,"2024-03-20 09:23:45"
4168,4171,1,"2023-09-28 01:47:52"
4169,4172,1,"2023-12-01 14:24:33"
4170,4173,1,"2023-12-28 14:04:44"
4171,4174,1,"2023-09-03 10:40:39"
4172,4175,1,"2024-05-08 11:38:59"
4173,4176,1,"2024-03-30 17:15:41"
4174,4177,1,"2023-12-11 06:21:20"
4175,4178,1,"2023-08-08 03:57:03"
4176,4179,1,"2024-04-14 01:48:37"
4177,4180,1,"2024-03-06 15:02:43"
4178,4181,1,"2023-08-14 21:29:04"
4179,4182,1,"2024-02-23 22:15:50"
4180,4183,1,"2023-11-24 08:59:05"
4181,4184,1,"2023-07-14 12:43:30"
4182,4185,1,"2024-03-25 12:15:23"
4183,4186,1,"2023-08-21 02:29:28"
4184,4187,1,"2024-02-04 08:38:33"
4185,4188,1,"2023-06-22 23:21:06"
4186,4189,1,"2023-07-02 05:52:24"
4187,4190,1,"2023-12-12 06:02:18"
4188,4191,1,"2023-06-29 18:36:02"
4189,4192,1,"2024-02-29 03:33:08"
4190,4193,1,"2023-12-14 06:53:13"
4191,4194,1,"2024-04-05 04:20:12"
4192,4195,1,"2023-12-23 05:26:33"
4193,4196,1,"2024-01-22 10:51:55"
4194,4197,1,"2024-04-14 00:20:37"
4195,4198,1,"2024-04-23 08:23:38"
4196,4199,1,"2024-01-13 05:37:52"
4197,4200,1,"2024-05-28 06:36:57"
4198,4201,1,"2023-09-03 15:47:53"
4199,4202,1,"2023-09-13 08:37:05"
4200,4203,1,"2023-11-01 15:12:54"
4201,4204,1,"2024-05-14 11:52:40"
4202,4205,1,"2023-11-21 17:51:03"
4203,4206,1,"2023-08-22 17:44:23"
4204,4207,1,"2024-04-04 05:51:29"
4205,4208,1,"2023-10-27 00:49:33"
4206,4209,1,"2023-08-27 13:15:24"
4207,4210,1,"2023-09-22 01:52:06"
4208,4211,1,"2024-01-03 09:10:45"
4209,4212,1,"2023-09-09 01:36:27"
4210,4213,1,"2023-10-30 12:06:27"
4211,4214,1,"2024-01-13 05:30:07"
4212,4215,1,"2023-08-06 01:36:38"
4213,4216,1,"2024-04-23 13:31:55"
4214,4217,1,"2024-03-05 15:24:56"
4215,4218,1,"2023-08-24 16:07:25"
4216,4219,1,"2024-01-04 07:20:26"
4217,4220,1,"2023-07-21 04:01:28"
4218,4221,1,"2023-08-12 19:56:53"
4219,4222,1,"2023-11-18 17:33:16"
4220,4223,1,"2023-12-14 12:08:39"
4221,4224,1,"2023-09-23 08:13:44"
4222,4225,1,"2023-12-02 19:56:29"
4223,4226,1,"2024-02-21 03:34:04"
4224,4227,1,"2024-04-14 05:49:20"
4225,4228,1,"2024-01-29 03:55:28"
4226,4229,1,"2024-02-14 05:58:34"
4227,4230,1,"2024-03-23 02:59:56"
4228,4231,1,"2023-08-11 09:41:00"
4229,4232,1,"2024-03-03 18:40:16"
4230,4233,1,"2023-08-05 00:51:35"
4231,4234,1,"2023-09-14 04:02:39"
4232,4235,1,"2024-01-31 06:25:21"
4233,4236,1,"2023-10-18 23:02:37"
4234,4237,1,"2024-05-12 18:09:31"
4235,4238,1,"2024-02-27 04:16:27"
4236,4239,1,"2023-12-06 12:41:44"
4237,4240,1,"2023-07-09 13:51:17"
4238,4241,1,"2024-05-11 03:18:19"
4239,4242,1,"2024-05-04 00:33:32"
4240,4243,1,"2023-10-17 15:48:22"
4241,4244,1,"2024-01-18 09:12:32"
4242,4245,1,"2024-02-10 12:32:39"
4243,4246,1,"2024-02-09 04:15:43"
4244,4247,1,"2024-04-24 23:45:05"
4245,4248,1,"2023-09-26 08:58:11"
4246,4249,1,"2023-06-27 17:59:41"
4247,4250,1,"2023-11-21 08:06:05"
4248,4251,1,"2023-12-22 20:16:54"
4249,4252,1,"2024-05-17 14:03:26"
4250,4253,1,"2024-04-09 21:56:13"
4251,4254,1,"2024-02-09 18:56:55"
4252,4255,1,"2023-07-09 21:53:42"
4253,4256,1,"2023-09-14 06:07:57"
4254,4257,1,"2024-06-19 00:56:04"
4255,4258,1,"2024-05-03 12:51:29"
4256,4259,1,"2024-03-23 18:37:32"
4257,4260,1,"2023-11-29 04:59:03"
4258,4261,1,"2023-12-22 02:28:18"
4259,4262,1,"2023-11-09 06:10:53"
4260,4263,1,"2024-02-20 18:23:29"
4261,4264,1,"2023-12-22 04:44:59"
4262,4265,1,"2023-07-10 19:40:35"
4263,4266,1,"2023-09-10 04:07:10"
4264,4267,1,"2024-05-13 23:04:26"
4265,4268,1,"2023-08-15 21:57:08"
4266,4269,1,"2023-09-20 06:06:52"
4267,4270,1,"2023-11-27 01:50:09"
4268,4271,1,"2024-05-19 02:40:48"
4269,4272,1,"2024-01-25 07:34:42"
4270,4273,1,"2024-01-14 20:13:05"
4271,4274,1,"2024-03-13 01:36:46"
4272,4275,1,"2024-05-19 17:11:04"
4273,4276,1,"2023-10-14 07:53:21"
4274,4277,1,"2024-04-08 16:46:33"
4275,4278,1,"2024-04-09 13:02:01"
4276,4279,1,"2023-07-12 18:27:07"
4277,4280,1,"2024-03-17 00:22:51"
4278,4281,1,"2024-01-08 02:52:56"
4279,4282,1,"2024-01-09 19:33:33"
4280,4283,1,"2024-05-19 10:31:22"
4281,4284,1,"2023-10-13 04:02:42"
4282,4285,1,"2024-01-10 05:47:11"
4283,4286,1,"2023-12-16 07:31:07"
4284,4287,1,"2023-10-11 17:17:40"
4285,4288,1,"2023-07-14 16:22:04"
4286,4289,1,"2024-03-09 03:04:09"
4287,4290,1,"2023-11-21 04:55:56"
4288,4291,1,"2023-10-31 00:03:18"
4289,4292,1,"2024-01-30 22:27:31"
4290,4293,1,"2024-02-06 04:02:03"
4291,4294,1,"2024-05-21 18:47:27"
4292,4295,1,"2024-04-23 09:51:25"
4293,4296,1,"2024-05-09 13:06:25"
4294,4297,1,"2024-04-30 17:25:14"
4295,4298,1,"2023-12-14 18:38:07"
4296,4299,1,"2024-02-06 22:28:03"
4297,4300,1,"2023-11-22 06:01:25"
4298,4301,1,"2024-02-25 19:09:25"
4299,4302,1,"2023-12-18 11:22:15"
4300,4303,1,"2024-01-29 10:59:37"
4301,4304,1,"2024-02-20 19:15:49"
4302,4305,1,"2024-01-16 06:22:09"
4303,4306,1,"2023-11-02 10:29:13"
4304,4307,1,"2024-02-12 08:05:31"
4305,4308,1,"2024-01-01 20:02:58"
4306,4309,1,"2024-04-18 19:00:20"
4307,4310,1,"2024-03-15 05:36:37"
4308,4311,1,"2023-10-08 15:41:48"
4309,4312,1,"2024-03-29 09:49:26"
4310,4313,1,"2024-01-09 21:45:18"
4311,4314,1,"2024-04-23 18:08:55"
4312,4315,1,"2024-06-16 09:38:22"
4313,4316,1,"2024-05-04 18:08:36"
4314,4317,1,"2023-09-06 08:47:43"
4315,4318,1,"2023-10-01 19:34:01"
4316,4319,1,"2023-09-22 16:46:28"
4317,4320,1,"2023-09-24 22:35:36"
4318,4321,1,"2024-02-01 18:37:18"
4319,4322,1,"2023-07-16 14:23:44"
4320,4323,1,"2023-12-14 11:09:03"
4321,4324,1,"2023-11-08 19:42:39"
4322,4325,1,"2023-11-02 04:09:37"
4323,4326,1,"2024-03-09 11:56:26"
4324,4327,1,"2024-01-31 13:14:27"
4325,4328,1,"2023-07-04 07:00:40"
4326,4329,1,"2024-03-14 18:24:30"
4327,4330,1,"2024-04-12 20:31:26"
4328,4331,1,"2023-09-26 01:58:40"
4329,4332,1,"2024-04-05 02:04:41"
4330,4333,1,"2023-12-16 05:48:59"
4331,4334,1,"2024-02-29 19:14:13"
4332,4335,1,"2023-12-22 03:14:21"
4333,4336,1,"2024-04-21 09:22:45"
4334,4337,1,"2024-01-08 14:20:30"
4335,4338,1,"2024-03-18 08:35:21"
4336,4339,1,"2023-08-19 19:49:00"
4337,4340,1,"2023-11-17 02:34:37"
4338,4341,1,"2023-09-16 07:28:55"
4339,4342,1,"2023-06-25 08:16:05"
4340,4343,1,"2023-07-04 17:00:44"
4341,4344,1,"2023-06-21 15:33:20"
4342,4345,1,"2024-04-28 08:47:44"
4343,4346,1,"2024-05-20 17:12:35"
4344,4347,1,"2023-10-12 12:17:41"
4345,4348,1,"2023-12-10 03:34:28"
4346,4349,1,"2024-02-23 22:16:46"
4347,4350,1,"2024-02-21 19:11:21"
4348,4351,1,"2023-07-16 15:22:12"
4349,4352,1,"2023-08-23 23:26:11"
4350,4353,1,"2023-11-11 13:12:27"
4351,4354,1,"2023-12-06 03:37:54"
4352,4355,1,"2023-11-30 12:52:29"
4353,4356,1,"2023-07-28 00:49:18"
4354,4357,1,"2023-12-24 23:32:42"
4355,4358,1,"2023-08-26 11:31:23"
4356,4359,1,"2024-02-29 09:47:15"
4357,4360,1,"2023-11-20 21:26:45"
4358,4361,1,"2024-01-17 06:53:58"
4359,4362,1,"2023-08-19 10:05:36"
4360,4363,1,"2024-01-12 22:00:57"
4361,4364,1,"2024-05-23 01:37:19"
4362,4365,1,"2024-05-13 20:56:52"
4363,4366,1,"2024-05-11 05:48:29"
4364,4367,1,"2023-08-18 16:14:06"
4365,4368,1,"2024-05-18 01:30:25"
4366,4369,1,"2023-08-09 17:35:50"
4367,4370,1,"2024-05-20 21:40:14"
4368,4371,1,"2024-03-01 18:54:57"
4369,4372,1,"2024-04-24 05:40:01"
4370,4373,1,"2024-01-27 01:35:57"
4371,4374,1,"2024-01-02 13:02:59"
4372,4375,1,"2023-11-20 21:37:13"
4373,4376,1,"2023-09-05 02:31:33"
4374,4377,1,"2023-12-26 15:24:19"
4375,4378,1,"2023-10-24 10:40:31"
4376,4379,1,"2023-09-04 20:18:16"
4377,4380,1,"2023-11-03 20:29:29"
4378,4381,1,"2024-05-19 21:19:04"
4379,4382,1,"2023-11-15 14:38:51"
4380,4383,1,"2023-12-10 22:51:28"
4381,4384,1,"2023-10-09 10:37:01"
4382,4385,1,"2024-01-08 06:56:21"
4383,4386,1,"2024-01-08 05:49:30"
4384,4387,1,"2024-05-23 09:53:47"
4385,4388,1,"2023-08-30 03:38:05"
4386,4389,1,"2023-11-13 05:04:07"
4387,4390,1,"2023-08-13 17:17:21"
4388,4391,1,"2024-04-05 21:36:10"
4389,4392,1,"2024-06-18 06:37:57"
4390,4393,1,"2023-12-06 10:17:29"
4391,4394,1,"2023-07-11 10:41:21"
4392,4395,1,"2024-02-05 13:54:06"
4393,4396,1,"2023-12-29 08:51:07"
4394,4397,1,"2024-01-14 15:00:30"
4395,4398,1,"2024-02-20 20:57:12"
4396,4399,1,"2023-10-08 07:29:45"
4397,4400,1,"2023-12-09 02:22:28"
4398,4401,1,"2023-09-11 06:36:37"
4399,4402,1,"2023-08-19 02:42:46"
4400,4403,1,"2024-02-03 08:37:22"
4401,4404,1,"2023-12-10 03:54:17"
4402,4405,1,"2023-12-14 08:48:25"
4403,4406,1,"2023-11-23 03:07:53"
4404,4407,1,"2023-09-04 20:19:25"
4405,4408,1,"2023-10-16 12:54:32"
4406,4409,1,"2023-12-31 08:13:57"
4407,4410,1,"2023-08-06 13:56:12"
4408,4411,1,"2024-02-09 12:10:25"
4409,4412,1,"2024-03-15 10:13:44"
4410,4413,1,"2023-09-18 16:20:21"
4411,4414,1,"2023-07-05 05:53:42"
4412,4415,1,"2024-03-23 02:51:03"
4413,4416,1,"2024-01-31 21:43:40"
4414,4417,1,"2023-08-16 09:49:29"
4415,4418,1,"2024-03-05 13:33:11"
4416,4419,1,"2023-11-11 11:12:15"
4417,4420,1,"2024-04-29 16:52:34"
4418,4421,1,"2023-10-30 15:12:10"
4419,4422,1,"2023-10-12 01:40:49"
4420,4423,1,"2023-08-02 15:57:15"
4421,4424,1,"2024-01-06 14:53:12"
4422,4425,1,"2024-01-06 23:59:49"
4423,4426,1,"2023-10-31 09:42:05"
4424,4427,1,"2023-08-08 22:33:23"
4425,4428,1,"2023-07-08 12:12:10"
4426,4429,1,"2024-06-04 17:46:35"
4427,4430,1,"2024-02-21 10:52:24"
4428,4431,1,"2024-04-25 22:42:20"
4429,4432,1,"2023-10-15 08:58:32"
4430,4433,1,"2024-04-01 05:35:57"
4431,4434,1,"2023-11-03 10:17:48"
4432,4435,1,"2023-12-09 11:19:50"
4433,4436,1,"2023-11-18 01:39:25"
4434,4437,1,"2023-07-25 19:44:30"
4435,4438,1,"2024-02-26 12:24:47"
4436,4439,1,"2023-10-31 12:05:38"
4437,4440,1,"2024-05-26 08:07:24"
4438,4441,1,"2023-09-18 00:31:51"
4439,4442,1,"2023-08-27 12:02:17"
4440,4443,1,"2023-12-20 05:28:54"
4441,4444,1,"2023-06-28 03:03:19"
4442,4445,1,"2023-07-30 20:07:59"
4443,4446,1,"2024-04-19 14:53:40"
4444,4447,1,"2023-12-20 11:11:31"
4445,4448,1,"2024-02-15 16:51:21"
4446,4449,1,"2023-11-09 15:52:14"
4447,4450,1,"2024-02-12 19:55:01"
4448,4451,1,"2023-10-14 23:46:09"
4449,4452,1,"2023-07-26 07:29:58"
4450,4453,1,"2024-06-17 22:48:31"
4451,4454,1,"2024-02-03 08:22:53"
4452,4455,1,"2024-02-11 10:24:44"
4453,4456,1,"2023-09-21 07:56:10"
4454,4457,1,"2024-02-07 11:46:23"
4455,4458,1,"2024-03-07 17:30:00"
4456,4459,1,"2024-06-09 04:43:28"
4457,4460,1,"2023-08-21 17:34:50"
4458,4461,1,"2023-12-11 09:09:28"
4459,4462,1,"2023-09-30 14:27:59"
4460,4463,1,"2023-09-23 02:02:57"
4461,4464,1,"2024-03-16 09:54:49"
4462,4465,1,"2024-06-17 20:09:34"
4463,4466,1,"2024-02-21 17:40:45"
4464,4467,1,"2024-06-20 17:50:10"
4465,4468,1,"2023-07-11 23:50:52"
4466,4469,1,"2023-07-07 10:08:54"
4467,4470,1,"2023-07-25 17:20:00"
4468,4471,1,"2023-09-28 22:32:24"
4469,4472,1,"2024-01-03 18:08:33"
4470,4473,1,"2024-01-25 12:15:56"
4471,4474,1,"2024-05-29 22:41:25"
4472,4475,1,"2023-11-12 09:38:33"
4473,4476,1,"2023-12-01 17:35:36"
4474,4477,1,"2023-11-13 16:50:32"
4475,4478,1,"2024-04-17 11:53:13"
4476,4479,1,"2024-01-27 16:18:00"
4477,4480,1,"2023-09-29 15:22:18"
4478,4481,1,"2023-11-18 12:52:05"
4479,4482,1,"2023-11-06 14:55:39"
4480,4483,1,"2023-08-24 04:03:02"
4481,4484,1,"2023-07-26 22:01:23"
4482,4485,1,"2023-10-07 17:16:04"
4483,4486,1,"2023-07-12 15:26:35"
4484,4487,1,"2023-08-20 15:18:04"
4485,4488,1,"2024-02-20 10:11:53"
4486,4489,1,"2023-07-30 09:51:47"
4487,4490,1,"2024-06-20 21:58:20"
4488,4491,1,"2024-01-26 06:30:25"
4489,4492,1,"2024-02-27 18:18:25"
4490,4493,1,"2023-12-28 13:44:56"
4491,4494,1,"2024-04-29 04:02:17"
4492,4495,1,"2024-04-15 16:59:11"
4493,4496,1,"2024-06-12 19:35:39"
4494,4497,1,"2024-02-05 17:22:29"
4495,4498,1,"2023-08-15 19:23:22"
4496,4499,1,"2023-09-01 22:03:41"
4497,4500,1,"2024-03-04 14:53:18"
4498,4501,1,"2024-03-08 23:40:07"
4499,4502,1,"2024-04-02 23:25:16"
4500,4503,1,"2023-07-18 12:56:34"
4501,4504,1,"2023-11-29 04:13:16"
4502,4505,1,"2023-10-15 15:42:45"
4503,4506,1,"2023-12-27 07:12:25"
4504,4507,1,"2023-06-29 05:41:00"
4505,4508,1,"2024-05-23 06:31:00"
4506,4509,1,"2023-09-01 10:20:10"
4507,4510,1,"2023-06-28 12:04:33"
4508,4511,1,"2024-03-19 22:37:49"
4509,4512,1,"2024-03-24 12:33:09"
4510,4513,1,"2023-11-12 09:17:15"
4511,4514,1,"2024-06-01 18:29:02"
4512,4515,1,"2023-12-01 12:01:23"
4513,4516,1,"2024-04-08 05:20:17"
4514,4517,1,"2024-06-17 10:33:45"
4515,4518,1,"2023-12-20 19:23:43"
4516,4519,1,"2024-06-13 22:49:50"
4517,4520,1,"2023-10-14 02:10:25"
4518,4521,1,"2023-12-22 10:13:32"
4519,4522,1,"2023-12-27 08:26:40"
4520,4523,1,"2024-04-24 04:50:21"
4521,4524,1,"2024-04-17 06:25:31"
4522,4525,1,"2024-06-09 14:01:48"
4523,4526,1,"2023-06-28 00:00:58"
4524,4527,1,"2023-11-05 09:58:49"
4525,4528,1,"2024-02-10 06:48:28"
4526,4529,1,"2023-07-14 04:26:58"
4527,4530,1,"2024-03-02 14:03:35"
4528,4531,1,"2023-07-12 18:08:27"
4529,4532,1,"2024-04-04 19:36:42"
4530,4533,1,"2023-10-23 23:11:21"
4531,4534,1,"2023-12-03 22:29:36"
4532,4535,1,"2023-11-13 11:54:03"
4533,4536,1,"2024-05-23 00:05:43"
4534,4537,1,"2024-02-27 23:26:09"
4535,4538,1,"2023-11-26 14:26:09"
4536,4539,1,"2024-04-13 06:16:16"
4537,4540,1,"2024-03-25 02:25:24"
4538,4541,1,"2023-10-08 17:17:59"
4539,4542,1,"2023-09-11 14:48:47"
4540,4543,1,"2023-12-30 22:35:22"
4541,4544,1,"2023-12-29 18:19:04"
4542,4545,1,"2024-01-20 20:13:40"
4543,4546,1,"2023-08-29 20:53:11"
4544,4547,1,"2024-04-01 01:04:38"
4545,4548,1,"2024-05-19 07:16:10"
4546,4549,1,"2024-02-17 15:54:04"
4547,4550,1,"2023-06-28 10:27:22"
4548,4551,1,"2024-02-09 10:14:05"
4549,4552,1,"2024-01-18 15:24:11"
4550,4553,1,"2023-12-19 18:58:19"
4551,4554,1,"2024-05-08 10:06:19"
4552,4555,1,"2024-03-10 00:19:52"
4553,4556,1,"2023-12-31 22:24:32"
4554,4557,1,"2024-05-11 05:01:47"
4555,4558,1,"2023-07-15 00:15:04"
4556,4559,1,"2023-09-07 00:56:34"
4557,4560,1,"2024-02-08 02:07:59"
4558,4561,1,"2023-09-03 12:15:43"
4559,4562,1,"2024-02-08 23:47:27"
4560,4563,1,"2023-07-11 21:03:16"
4561,4564,1,"2023-06-29 20:36:44"
4562,4565,1,"2024-02-06 18:55:11"
4563,4566,1,"2023-09-05 03:21:01"
4564,4567,1,"2024-01-05 23:05:49"
4565,4568,1,"2023-10-10 04:46:01"
4566,4569,1,"2023-10-12 00:07:15"
4567,4570,1,"2023-12-23 05:54:33"
4568,4571,1,"2023-10-22 14:29:35"
4569,4572,1,"2024-02-21 09:11:41"
4570,4573,1,"2023-11-03 22:05:37"
4571,4574,1,"2023-07-28 04:19:14"
4572,4575,1,"2023-09-06 16:02:26"
4573,4576,1,"2023-07-14 01:35:56"
4574,4577,1,"2024-01-04 10:34:10"
4575,4578,1,"2023-12-11 04:45:54"
4576,4579,1,"2023-08-09 07:21:38"
4577,4580,1,"2024-05-14 12:28:33"
4578,4581,1,"2023-10-14 06:13:34"
4579,4582,1,"2024-05-30 22:11:46"
4580,4583,1,"2024-03-23 15:30:31"
4581,4584,1,"2023-11-21 15:54:30"
4582,4585,1,"2024-03-27 08:25:46"
4583,4586,1,"2023-11-03 00:54:29"
4584,4587,1,"2024-03-01 00:58:56"
4585,4588,1,"2024-05-29 12:11:40"
4586,4589,1,"2023-12-12 15:49:01"
4587,4590,1,"2024-05-02 08:01:37"
4588,4591,1,"2023-07-27 01:26:51"
4589,4592,1,"2024-02-02 01:57:32"
4590,4593,1,"2023-10-18 07:45:11"
4591,4594,1,"2023-11-18 08:30:26"
4592,4595,1,"2024-01-17 07:02:46"
4593,4596,1,"2024-03-06 02:00:26"
4594,4597,1,"2024-01-06 05:08:24"
4595,4598,1,"2023-12-15 18:11:40"
4596,4599,1,"2024-04-21 16:03:19"
4597,4600,1,"2024-04-26 05:52:41"
4598,4601,1,"2024-06-18 19:19:55"
4599,4602,1,"2023-07-05 23:32:24"
4600,4603,1,"2023-12-20 09:16:21"
4601,4604,1,"2023-10-05 21:39:08"
4602,4605,1,"2023-08-13 19:44:19"
4603,4606,1,"2024-03-07 08:20:59"
4604,4607,1,"2023-08-07 07:10:57"
4605,4608,1,"2023-11-26 11:11:44"
4606,4609,1,"2024-01-25 16:52:36"
4607,4610,1,"2023-10-16 07:50:45"
4608,4611,1,"2024-05-18 02:04:15"
4609,4612,1,"2024-01-16 00:44:15"
4610,4613,1,"2023-09-12 09:00:14"
4611,4614,1,"2023-08-23 10:23:54"
4612,4615,1,"2023-12-15 06:05:12"
4613,4616,1,"2023-12-15 09:12:44"
4614,4617,1,"2023-11-09 03:27:00"
4615,4618,1,"2023-12-19 20:59:30"
4616,4619,1,"2024-04-04 14:34:36"
4617,4620,1,"2023-09-02 11:50:11"
4618,4621,1,"2023-08-14 18:13:54"
4619,4622,1,"2024-02-11 12:20:05"
4620,4623,1,"2023-07-07 05:20:33"
4621,4624,1,"2024-02-29 20:35:41"
4622,4625,1,"2024-01-10 02:10:24"
4623,4626,1,"2023-07-01 13:25:35"
4624,4627,1,"2024-01-30 21:10:30"
4625,4628,1,"2024-01-24 12:59:51"
4626,4629,1,"2024-04-04 03:07:06"
4627,4630,1,"2023-07-04 14:17:02"
4628,4631,1,"2023-06-22 15:43:22"
4629,4632,1,"2023-07-18 01:23:18"
4630,4633,1,"2023-10-24 22:14:42"
4631,4634,1,"2023-08-17 06:56:00"
4632,4635,1,"2023-12-16 19:00:23"
4633,4636,1,"2024-03-22 04:21:54"
4634,4637,1,"2024-02-07 08:17:17"
4635,4638,1,"2024-02-03 04:44:24"
4636,4639,1,"2024-01-30 17:33:26"
4637,4640,1,"2023-12-12 15:23:45"
4638,4641,1,"2024-01-26 20:24:48"
4639,4642,1,"2023-08-10 00:34:18"
4640,4643,1,"2024-04-05 00:28:53"
4641,4644,1,"2023-08-09 07:06:25"
4642,4645,1,"2023-12-07 17:40:53"
4643,4646,1,"2023-08-29 23:09:27"
4644,4647,1,"2023-09-18 07:19:36"
4645,4648,1,"2023-08-05 21:01:36"
4646,4649,1,"2023-10-09 16:35:29"
4647,4650,1,"2023-09-10 17:16:37"
4648,4651,1,"2023-08-04 20:08:20"
4649,4652,1,"2024-01-09 19:53:57"
4650,4653,1,"2023-12-16 00:34:27"
4651,4654,1,"2024-03-23 09:55:38"
4652,4655,1,"2023-12-05 22:36:36"
4653,4656,1,"2023-11-11 11:44:57"
4654,4657,1,"2024-02-17 13:16:40"
4655,4658,1,"2024-04-21 03:37:06"
4656,4659,1,"2023-08-21 00:49:04"
4657,4660,1,"2023-08-12 18:03:38"
4658,4661,1,"2023-10-09 17:49:17"
4659,4662,1,"2024-04-03 13:11:47"
4660,4663,1,"2024-03-03 07:16:37"
4661,4664,1,"2024-04-21 07:43:28"
4662,4665,1,"2023-12-09 17:50:26"
4663,4666,1,"2023-09-13 00:09:31"
4664,4667,1,"2024-06-03 05:37:28"
4665,4668,1,"2024-02-13 00:50:39"
4666,4669,1,"2024-01-30 16:22:10"
4667,4670,1,"2023-11-24 08:04:17"
4668,4671,1,"2024-04-14 14:25:03"
4669,4672,1,"2023-07-03 10:50:11"
4670,4673,1,"2023-11-08 05:46:44"
4671,4674,1,"2023-09-10 00:21:24"
4672,4675,1,"2023-09-28 00:45:11"
4673,4676,1,"2023-09-10 07:27:01"
4674,4677,1,"2023-10-04 17:39:45"
4675,4678,1,"2024-06-15 03:47:34"
4676,4679,1,"2023-09-18 09:22:12"
4677,4680,1,"2024-05-31 11:28:40"
4678,4681,1,"2023-12-06 03:54:52"
4679,4682,1,"2023-10-21 06:41:12"
4680,4683,1,"2024-02-06 18:20:54"
4681,4684,1,"2023-08-11 08:35:51"
4682,4685,1,"2023-09-03 10:49:14"
4683,4686,1,"2023-12-31 05:13:04"
4684,4687,1,"2023-11-12 07:12:53"
4685,4688,1,"2023-07-26 22:17:01"
4686,4689,1,"2024-03-02 18:29:49"
4687,4690,1,"2024-04-19 23:26:30"
4688,4691,1,"2024-06-08 15:01:42"
4689,4692,1,"2023-10-31 03:12:55"
4690,4693,1,"2023-06-28 06:45:17"
4691,4694,1,"2023-07-09 11:29:47"
4692,4695,1,"2024-06-04 12:59:57"
4693,4696,1,"2024-06-16 22:49:07"
4694,4697,1,"2023-09-05 20:36:14"
4695,4698,1,"2024-01-12 08:19:34"
4696,4699,1,"2023-09-25 13:39:45"
4697,4700,1,"2024-03-08 00:18:15"
4698,4701,1,"2024-05-02 19:33:06"
4699,4702,1,"2024-03-29 19:29:46"
4700,4703,1,"2024-02-09 06:55:20"
4701,4704,1,"2023-08-16 16:53:59"
4702,4705,1,"2023-10-28 07:58:31"
4703,4706,1,"2023-07-23 09:49:58"
4704,4707,1,"2023-07-14 16:06:41"
4705,4708,1,"2024-06-18 06:15:46"
4706,4709,1,"2023-11-26 11:07:49"
4707,4710,1,"2023-10-18 04:09:35"
4708,4711,1,"2024-02-04 16:44:06"
4709,4712,1,"2024-06-13 14:36:20"
4710,4713,1,"2023-10-13 22:02:08"
4711,4714,1,"2023-08-28 16:23:58"
4712,4715,1,"2023-10-23 12:07:28"
4713,4716,1,"2024-04-10 05:57:34"
4714,4717,1,"2023-10-08 17:37:26"
4715,4718,1,"2023-08-28 04:48:16"
4716,4719,1,"2023-06-29 14:44:38"
4717,4720,1,"2023-11-28 17:56:10"
4718,4721,1,"2023-08-31 10:16:50"
4719,4722,1,"2024-03-15 10:45:15"
4720,4723,1,"2023-10-10 07:10:28"
4721,4724,1,"2023-06-25 07:29:14"
4722,4725,1,"2023-12-11 15:43:38"
4723,4726,1,"2023-10-08 08:43:26"
4724,4727,1,"2024-05-25 20:35:19"
4725,4728,1,"2023-07-07 23:35:33"
4726,4729,1,"2023-10-20 06:39:44"
4727,4730,1,"2023-10-02 06:27:50"
4728,4731,1,"2023-08-20 12:55:48"
4729,4732,1,"2024-01-31 14:57:40"
4730,4733,1,"2024-04-07 17:16:54"
4731,4734,1,"2024-04-05 13:04:35"
4732,4735,1,"2024-01-18 07:07:38"
4733,4736,1,"2023-08-08 03:13:21"
4734,4737,1,"2023-08-29 00:48:03"
4735,4738,1,"2023-12-05 03:05:33"
4736,4739,1,"2024-02-01 04:17:53"
4737,4740,1,"2023-11-30 14:44:03"
4738,4741,1,"2023-08-15 15:46:07"
4739,4742,1,"2023-08-19 16:43:33"
4740,4743,1,"2023-09-26 08:31:01"
4741,4744,1,"2024-05-12 04:46:38"
4742,4745,1,"2023-11-16 17:48:32"
4743,4746,1,"2024-03-11 10:38:14"
4744,4747,1,"2023-08-06 16:25:03"
4745,4748,1,"2024-01-17 20:41:12"
4746,4749,1,"2024-02-03 03:33:50"
4747,4750,1,"2023-10-10 03:51:47"
4748,4751,1,"2024-03-02 01:09:10"
4749,4752,1,"2024-03-08 11:24:32"
4750,4753,1,"2024-02-12 07:23:15"
4751,4754,1,"2023-11-12 21:29:25"
4752,4755,1,"2024-01-13 01:52:52"
4753,4756,1,"2023-11-03 05:29:23"
4754,4757,1,"2023-10-28 03:30:58"
4755,4758,1,"2024-01-25 14:57:16"
4756,4759,1,"2024-06-19 03:31:27"
4757,4760,1,"2024-06-12 08:56:28"
4758,4761,1,"2023-08-19 01:20:55"
4759,4762,1,"2023-07-08 21:16:07"
4760,4763,1,"2023-06-23 23:40:12"
4761,4764,1,"2023-11-21 03:25:32"
4762,4765,1,"2023-07-24 08:19:08"
4763,4766,1,"2023-07-30 23:26:40"
4764,4767,1,"2023-08-01 18:28:53"
4765,4768,1,"2024-05-31 21:54:29"
4766,4769,1,"2024-02-26 02:38:09"
4767,4770,1,"2024-01-14 22:03:58"
4768,4771,1,"2023-07-18 05:05:58"
4769,4772,1,"2023-12-10 18:14:19"
4770,4773,1,"2024-03-05 12:08:21"
4771,4774,1,"2024-05-17 07:31:55"
4772,4775,1,"2023-09-30 19:07:30"
4773,4776,1,"2024-01-30 06:10:11"
4774,4777,1,"2024-06-18 11:28:27"
4775,4778,1,"2024-02-11 08:53:52"
4776,4779,1,"2024-02-04 03:41:24"
4777,4780,1,"2023-09-22 23:37:09"
4778,4781,1,"2024-03-21 14:38:56"
4779,4782,1,"2024-01-26 16:52:11"
4780,4783,1,"2023-09-24 11:57:51"
4781,4784,1,"2023-10-07 23:40:24"
4782,4785,1,"2023-12-22 22:07:25"
4783,4786,1,"2023-08-10 16:47:02"
4784,4787,1,"2023-09-11 02:17:38"
4785,4788,1,"2023-10-03 19:35:08"
4786,4789,1,"2024-02-18 22:10:26"
4787,4790,1,"2023-08-13 01:17:54"
4788,4791,1,"2023-12-09 14:59:14"
4789,4792,1,"2024-05-22 13:34:35"
4790,4793,1,"2023-10-06 13:27:24"
4791,4794,1,"2024-04-21 00:58:35"
4792,4795,1,"2023-12-08 18:27:19"
4793,4796,1,"2024-06-06 21:35:26"
4794,4797,1,"2024-05-01 14:23:45"
4795,4798,1,"2024-02-21 17:04:56"
4796,4799,1,"2024-06-07 05:24:10"
4797,4800,1,"2023-07-18 03:51:16"
4798,4801,1,"2023-07-30 20:22:10"
4799,4802,1,"2023-08-27 11:00:07"
4800,4803,1,"2024-03-22 08:46:14"
4801,4804,1,"2023-09-27 22:20:20"
4802,4805,1,"2023-10-03 00:41:37"
4803,4806,1,"2024-05-12 03:03:24"
4804,4807,1,"2024-05-17 09:39:12"
4805,4808,1,"2024-03-28 12:07:23"
4806,4809,1,"2023-08-12 18:27:23"
4807,4810,1,"2024-03-16 11:40:06"
4808,4812,1,"2023-07-28 13:55:01"
4809,4813,1,"2024-01-12 15:09:58"
4810,4814,1,"2023-12-27 15:10:07"
4811,4815,1,"2024-02-20 02:05:11"
4812,4816,1,"2024-01-26 15:36:53"
4813,4817,1,"2024-05-28 00:08:32"
4814,4818,1,"2024-03-11 04:27:12"
4815,4819,1,"2023-11-10 10:40:15"
4816,4820,1,"2023-10-26 23:41:07"
4817,4821,1,"2023-08-02 09:04:10"
4818,4822,1,"2024-04-12 13:48:37"
4819,4823,1,"2024-01-17 02:53:50"
4820,4824,1,"2024-04-08 13:24:32"
4821,4825,1,"2024-03-14 18:29:39"
4822,4826,1,"2024-02-09 12:28:06"
4823,4827,1,"2023-12-21 20:50:49"
4824,4828,1,"2023-10-10 03:33:39"
4825,4829,1,"2024-02-24 06:08:00"
4826,4830,1,"2024-05-16 12:51:03"
4827,4831,1,"2023-09-20 09:32:21"
4828,4832,1,"2023-09-26 16:31:34"
4829,4833,1,"2023-09-29 16:34:48"
4830,4834,1,"2023-10-23 13:27:03"
4831,4835,1,"2024-03-23 17:18:47"
4832,4836,1,"2023-12-07 06:46:02"
4833,4837,1,"2023-08-03 17:51:47"
4834,4838,1,"2023-07-30 01:28:17"
4835,4839,1,"2024-05-17 14:41:33"
4836,4840,1,"2024-03-08 03:55:15"
4837,4841,1,"2024-05-28 15:38:51"
4838,4842,1,"2023-09-26 16:23:07"
4839,4843,1,"2024-06-09 04:06:24"
4840,4844,1,"2024-04-25 18:49:13"
4841,4845,1,"2023-06-26 04:13:11"
4842,4846,1,"2024-02-28 14:54:14"
4843,4847,1,"2023-12-05 14:27:51"
4844,4848,1,"2023-07-23 05:17:13"
4845,4849,1,"2024-06-18 00:39:42"
4846,4850,1,"2023-07-20 02:28:25"
4847,4851,1,"2023-09-03 03:30:18"
4848,4852,1,"2023-08-10 21:44:00"
4849,4853,1,"2023-10-28 09:15:48"
4850,4854,1,"2023-10-15 11:51:33"
4851,4855,1,"2024-02-06 12:49:22"
4852,4856,1,"2024-02-19 02:42:10"
4853,4857,1,"2024-01-22 08:15:29"
4854,4858,1,"2024-06-06 20:18:41"
4855,4859,1,"2023-10-13 07:04:30"
4856,4860,1,"2024-01-07 12:43:06"
4857,4861,1,"2024-05-13 00:39:51"
4858,4862,1,"2024-03-04 20:27:10"
4859,4863,1,"2024-04-15 00:30:45"
4860,4864,1,"2023-07-08 21:11:55"
4861,4865,1,"2024-03-25 15:44:06"
4862,4866,1,"2024-04-16 02:26:36"
4863,4867,1,"2023-12-28 15:35:21"
4864,4868,1,"2023-07-19 15:25:38"
4865,4869,1,"2024-01-16 14:56:05"
4866,4870,1,"2024-04-24 15:45:29"
4867,4871,1,"2024-02-11 01:57:06"
4868,4872,1,"2024-05-05 07:54:20"
4869,4873,1,"2024-02-21 15:31:08"
4870,4874,1,"2023-12-16 07:35:03"
4871,4875,1,"2023-09-08 11:47:05"
4872,4876,1,"2023-09-02 06:08:58"
4873,4877,1,"2024-06-01 07:46:11"
4874,4878,1,"2024-05-18 05:25:40"
4875,4879,1,"2023-11-01 17:09:46"
4876,4880,1,"2023-12-10 19:20:44"
4877,4881,1,"2024-05-07 21:12:14"
4878,4882,1,"2023-07-16 12:17:02"
4879,4883,1,"2024-03-20 23:29:50"
4880,4884,1,"2023-10-02 22:03:57"
4881,4885,1,"2024-03-28 01:42:15"
4882,4886,1,"2023-09-03 19:29:44"
4883,4887,1,"2024-03-10 16:15:06"
4884,4888,1,"2024-04-01 11:07:43"
4885,4889,1,"2023-07-25 13:24:51"
4886,4890,1,"2023-12-30 15:51:09"
4887,4891,1,"2023-06-28 04:49:43"
4888,4892,1,"2023-12-11 07:18:38"
4889,4893,1,"2024-02-11 19:25:42"
4890,4894,1,"2024-04-24 16:23:06"
4891,4895,1,"2023-06-25 06:10:16"
4892,4896,1,"2024-03-04 06:50:52"
4893,4897,1,"2023-11-22 10:58:52"
4894,4898,1,"2024-06-09 20:25:45"
4895,4899,1,"2024-02-18 11:12:56"
4896,4900,1,"2024-01-27 04:32:39"
4897,4901,1,"2024-06-03 14:55:12"
4898,4902,1,"2023-10-06 17:47:37"
4899,4903,1,"2023-08-25 07:43:29"
4900,4904,1,"2023-07-26 05:21:15"
4901,4905,1,"2024-01-23 04:54:16"
4902,4906,1,"2024-04-27 12:04:32"
4903,4907,1,"2024-05-04 06:35:58"
4904,4908,1,"2023-10-30 16:43:59"
4905,4909,1,"2023-08-21 02:39:35"
4906,4910,1,"2024-04-11 07:16:01"
4907,4911,1,"2023-11-21 21:34:33"
4908,4912,1,"2023-06-29 15:34:28"
4909,4913,1,"2024-05-17 10:14:06"
4910,4914,1,"2024-03-04 17:03:56"
4911,4915,1,"2023-12-28 06:15:58"
4912,4916,1,"2024-06-03 23:12:08"
4913,4917,1,"2023-11-03 16:15:07"
4914,4918,1,"2023-06-21 03:30:53"
4915,4919,1,"2024-06-12 03:49:52"
4916,4920,1,"2024-03-19 12:52:23"
4917,4921,1,"2024-03-30 08:43:10"
4918,4922,1,"2024-04-24 07:44:09"
4919,4923,1,"2024-05-27 19:31:50"
4920,4924,1,"2023-09-24 03:01:09"
4921,4925,1,"2023-07-09 16:37:54"
4922,4926,1,"2023-09-12 09:39:59"
4923,4927,1,"2024-01-24 10:33:53"
4924,4928,1,"2024-03-28 01:33:37"
4925,4929,1,"2024-01-07 19:09:44"
4926,4930,1,"2023-09-15 15:55:46"
4927,4931,1,"2023-10-16 12:05:32"
4928,4932,1,"2024-04-09 16:25:42"
4929,4933,1,"2023-12-28 09:56:15"
4930,4934,1,"2023-11-07 09:07:29"
4931,4935,1,"2024-04-04 07:14:13"
4932,4936,1,"2024-05-22 14:01:12"
4933,4937,1,"2023-07-23 04:25:37"
4934,4938,1,"2024-04-29 16:52:58"
4935,4939,1,"2023-08-18 01:20:31"
4936,4940,1,"2023-11-16 19:16:22"
4937,4941,1,"2024-05-08 16:04:08"
4938,4942,1,"2024-01-13 13:50:10"
4939,4943,1,"2023-08-04 22:46:45"
4940,4944,1,"2023-09-17 03:03:33"
4941,4945,1,"2023-11-08 01:14:09"
4942,4946,1,"2024-01-17 14:52:06"
4943,4947,1,"2023-07-04 03:03:10"
4944,4948,1,"2023-09-13 10:28:40"
4945,4949,1,"2023-08-30 19:30:02"
4946,4950,1,"2024-01-06 12:25:03"
4947,4951,1,"2024-05-19 02:42:20"
4948,4952,1,"2024-03-13 04:36:11"
4949,4953,1,"2023-09-09 21:51:43"
4950,4954,1,"2023-11-26 16:58:53"
4951,4955,1,"2024-01-08 02:35:41"
4952,4956,1,"2024-01-12 04:12:28"
4953,4957,1,"2024-03-14 02:04:56"
4954,4958,1,"2023-10-07 02:50:22"
4955,4959,1,"2024-02-02 02:04:25"
4956,4960,1,"2024-01-30 17:34:40"
4957,4961,1,"2024-01-22 15:34:49"
4958,4962,1,"2023-10-03 17:57:28"
4959,4963,1,"2024-03-12 05:27:35"
4960,4964,1,"2024-06-13 02:53:32"
4961,4965,1,"2023-08-18 20:02:00"
4962,4966,1,"2023-11-05 07:08:58"
4963,4967,1,"2023-11-28 13:51:49"
4964,4968,1,"2023-10-24 15:32:22"
4965,4969,1,"2023-10-29 17:26:28"
4966,4970,1,"2024-02-03 09:10:04"
4967,4971,1,"2023-10-23 07:21:39"
4968,4972,1,"2024-04-18 19:58:06"
4969,4973,1,"2024-02-16 02:04:09"
4970,4974,1,"2024-01-21 13:28:28"
4971,4975,1,"2023-08-31 01:32:03"
4972,4976,1,"2024-02-08 19:28:12"
4973,4977,1,"2023-11-11 16:30:27"
4974,4978,1,"2023-08-28 02:15:42"
4975,4979,1,"2023-12-07 11:29:51"
4976,4980,1,"2024-03-09 18:15:46"
4977,4981,1,"2024-03-19 17:26:25"
4978,4982,1,"2023-08-06 15:15:30"
4979,4983,1,"2023-12-10 19:02:24"
4980,4984,1,"2023-08-16 19:22:10"
4981,4985,1,"2024-01-15 03:08:31"
4982,4986,1,"2024-02-23 16:28:02"
4983,4987,1,"2023-08-09 18:32:50"
4984,4988,1,"2023-10-30 07:30:15"
4985,4989,1,"2024-02-16 16:37:34"
4986,4990,1,"2024-01-29 16:35:52"
4987,4991,1,"2023-07-29 23:37:12"
4988,4992,1,"2023-11-12 08:29:15"
4989,4993,1,"2023-11-12 09:48:02"
4990,4994,1,"2023-09-30 18:26:43"
4991,4995,1,"2023-10-21 19:41:46"
4992,4996,1,"2024-03-29 21:59:09"
4993,4997,1,"2023-09-08 18:51:36"
4994,4998,1,"2023-11-20 04:39:11"
4995,4999,1,"2023-10-04 06:36:22"
4996,5000,1,"2023-10-17 00:53:21"
4997,5001,1,"2023-08-05 09:54:50"
4998,5002,1,"2023-06-23 18:00:46"
4999,5003,1,"2023-07-13 03:56:22"
5000,5004,1,"2023-10-20 05:55:52"
5001,5005,1,"2023-10-02 22:11:41"
5002,5006,1,"2023-12-16 14:05:47"
5003,5007,1,"2024-02-17 12:30:28"
5004,5008,1,"2023-07-17 13:52:51"
5005,5009,1,"2024-05-31 13:02:24"
5006,5010,1,"2024-01-26 16:29:39"
5007,5011,1,"2024-04-22 09:39:44"
5008,5012,1,"2023-12-22 02:41:03"
5009,5013,1,"2024-01-29 14:25:06"
5010,5014,1,"2024-03-29 02:37:08"
5011,5015,1,"2024-01-11 09:49:37"
5012,5016,1,"2024-03-03 17:41:40"
5013,5017,1,"2023-07-16 13:18:55"
5014,5018,1,"2023-10-23 14:02:35"
5015,5019,1,"2024-05-14 05:20:05"
5016,5020,1,"2023-08-30 09:30:17"
5017,5021,1,"2024-04-02 19:28:14"
5018,5022,1,"2024-03-11 07:05:12"
5019,5023,1,"2023-08-02 11:33:03"
5020,5025,1,"2023-10-29 03:12:30"
5021,5026,1,"2024-06-10 03:13:03"
5022,5027,1,"2024-01-17 03:26:18"
5023,5028,1,"2024-05-13 01:44:03"
5024,5029,1,"2024-05-26 06:12:42"
5025,5030,1,"2023-12-07 17:59:41"
5026,5031,1,"2024-04-15 10:09:10"
5027,5032,1,"2023-09-10 18:55:21"
5028,5033,1,"2023-10-24 17:57:33"
5029,5034,1,"2023-09-09 08:59:04"
5030,5035,1,"2024-02-13 22:13:23"
5031,5036,1,"2023-06-21 14:27:33"
5032,5037,1,"2024-05-12 01:19:28"
5033,5038,1,"2024-01-11 12:04:35"
5034,5039,1,"2024-05-24 05:35:49"
5035,5040,1,"2023-08-08 02:35:25"
5036,5041,1,"2024-02-29 19:31:48"
5037,5042,1,"2023-12-25 08:01:55"
5038,5043,1,"2024-06-19 08:36:09"
5039,5044,1,"2023-10-17 02:00:35"
5040,5045,1,"2023-11-24 06:48:53"
5041,5046,1,"2023-11-25 08:51:46"
5042,5047,1,"2024-01-08 07:21:14"
5043,5048,1,"2023-09-24 06:43:52"
5044,5049,1,"2024-03-10 07:43:07"
5045,5050,1,"2023-06-30 19:07:34"
5046,5051,1,"2024-03-16 00:34:44"
5047,5052,1,"2024-03-12 14:52:30"
5048,5053,1,"2023-11-21 15:49:33"
5049,5054,1,"2023-09-28 06:41:26"
5050,5055,1,"2024-05-13 14:53:20"
5051,5056,1,"2023-11-12 15:45:36"
5052,5057,1,"2023-07-02 00:05:51"
5053,5058,1,"2024-06-03 09:23:03"
5054,5059,1,"2023-10-28 06:06:08"
5055,5060,1,"2024-03-25 16:47:08"
5056,5061,1,"2023-08-19 08:50:02"
5057,5062,1,"2024-05-16 08:19:09"
5058,5063,1,"2024-01-17 17:18:20"
5059,5064,1,"2023-12-31 05:34:59"
5060,5065,1,"2024-01-26 17:03:21"
5061,5066,1,"2023-10-14 18:38:32"
5062,5067,1,"2023-08-20 03:52:03"
5063,5068,1,"2023-09-08 19:47:34"
5064,5069,1,"2024-02-11 17:40:49"
5065,5070,1,"2024-04-03 03:29:12"
5066,5071,1,"2023-07-25 11:06:17"
5067,5072,1,"2024-02-16 12:29:39"
5068,5073,1,"2024-04-13 19:18:24"
5069,5074,1,"2024-02-05 19:03:47"
5070,5075,1,"2023-09-29 14:04:09"
5071,5076,1,"2023-07-07 11:46:26"
5072,5077,1,"2023-10-09 20:14:22"
5073,5078,1,"2023-11-19 01:28:12"
5074,5079,1,"2024-06-17 09:23:02"
5075,5080,1,"2023-10-18 11:12:34"
5076,5081,1,"2023-08-31 00:02:50"
5077,5082,1,"2023-11-25 07:27:46"
5078,5083,1,"2024-03-11 10:44:38"
5079,5084,1,"2024-04-05 02:17:28"
5080,5085,1,"2023-07-21 04:06:40"
5081,5086,1,"2024-02-27 13:40:21"
5082,5087,1,"2023-07-28 22:44:23"
5083,5088,1,"2024-05-10 18:52:44"
5084,5089,1,"2024-06-15 08:02:43"
5085,5090,1,"2023-09-03 05:18:04"
5086,5091,1,"2024-03-02 08:09:50"
5087,5092,1,"2023-12-25 12:03:00"
5088,5093,1,"2024-05-28 02:28:21"
5089,5094,1,"2023-10-29 23:11:50"
5090,5095,1,"2024-04-06 21:45:45"
5091,5096,1,"2023-11-15 10:58:58"
5092,5097,1,"2023-12-12 21:51:47"
5093,5098,1,"2024-03-28 07:39:28"
5094,5099,1,"2024-02-08 04:48:16"
5095,5100,1,"2023-06-26 00:11:06"
5096,5101,1,"2023-07-02 10:30:22"
5097,5102,1,"2023-09-14 22:49:32"
5098,5103,1,"2023-09-11 07:26:54"
5099,5104,1,"2023-11-05 08:03:44"
5100,5105,1,"2024-05-16 11:17:53"
5101,5106,1,"2024-05-05 13:18:45"
5102,5107,1,"2023-12-30 11:58:42"
5103,5108,1,"2023-12-14 08:57:24"
5104,5109,1,"2023-08-25 22:43:02"
5105,5110,1,"2024-04-28 04:43:13"
5106,5111,1,"2024-01-07 20:06:01"
5107,5112,1,"2024-01-27 14:18:31"
5108,5113,1,"2023-09-19 05:40:05"
5109,5114,1,"2023-12-21 19:07:08"
5110,5115,1,"2023-12-24 23:37:21"
5111,5116,1,"2024-06-20 22:54:54"
5112,5117,1,"2023-09-26 10:35:04"
5113,5118,1,"2024-02-09 07:18:48"
5114,5119,1,"2024-03-16 02:38:35"
5115,5120,1,"2023-07-20 17:54:19"
5116,5121,1,"2023-07-16 06:13:42"
5117,5122,1,"2024-03-08 14:49:11"
5118,5123,1,"2023-08-19 03:06:17"
5119,5124,1,"2024-06-13 06:02:22"
5120,5125,1,"2023-10-02 03:41:03"
5121,5126,1,"2023-12-10 06:05:31"
5122,5127,1,"2023-07-14 03:59:25"
5123,5128,1,"2023-10-29 18:31:16"
5124,5129,1,"2023-10-26 13:53:20"
5125,5130,1,"2023-12-20 06:23:02"
5126,5131,1,"2023-08-18 21:16:00"
5127,5132,1,"2024-02-21 03:19:42"
5128,5133,1,"2024-03-30 03:00:56"
5129,5134,1,"2023-10-02 09:39:09"
5130,5135,1,"2023-09-02 18:32:48"
5131,5136,1,"2023-09-04 19:26:14"
5132,5137,1,"2024-03-30 20:09:03"
5133,5138,1,"2023-10-06 15:51:34"
5134,5139,1,"2024-04-18 12:03:46"
5135,5140,1,"2024-04-17 07:26:37"
5136,5141,1,"2023-07-06 20:04:53"
5137,5142,1,"2023-07-08 08:28:46"
5138,5143,1,"2024-06-09 08:12:15"
5139,5144,1,"2023-11-21 20:54:09"
5140,5145,1,"2024-03-24 07:48:46"
5141,5146,1,"2023-11-28 02:05:17"
5142,5147,1,"2023-11-20 13:00:12"
5143,5148,1,"2024-01-28 13:05:32"
5144,5149,1,"2023-11-09 05:45:03"
5145,5150,1,"2023-10-05 09:54:30"
5146,5151,1,"2024-05-08 11:24:43"
5147,5152,1,"2023-08-30 06:40:50"
5148,5153,1,"2023-12-30 06:54:16"
5149,5154,1,"2023-11-03 01:46:30"
5150,5155,1,"2024-05-28 18:51:17"
5151,5156,1,"2024-02-01 23:30:41"
5152,5157,1,"2023-07-22 14:12:37"
5153,5158,1,"2023-08-24 19:59:29"
5154,5159,1,"2023-07-07 02:45:17"
5155,5160,1,"2023-11-30 07:57:48"
5156,5161,1,"2024-02-19 02:34:03"
5157,5162,1,"2023-12-19 15:23:12"
5158,5163,1,"2023-10-24 03:34:43"
5159,5164,1,"2023-12-04 03:33:32"
5160,5165,1,"2024-01-19 22:32:33"
5161,5166,1,"2024-01-16 18:09:47"
5162,5167,1,"2023-12-30 22:12:10"
5163,5168,1,"2024-06-01 08:03:11"
5164,5169,1,"2023-11-08 13:07:31"
5165,5170,1,"2024-03-17 05:04:03"
5166,5171,1,"2023-09-20 00:51:29"
5167,5172,1,"2023-08-25 08:11:59"
5168,5173,1,"2024-01-03 01:24:47"
5169,5174,1,"2023-07-23 20:02:12"
5170,5175,1,"2023-07-17 20:12:58"
5171,5176,1,"2024-03-18 13:29:53"
5172,5177,1,"2023-07-07 03:38:31"
5173,5178,1,"2023-09-15 05:13:20"
5174,5179,1,"2024-05-04 17:37:15"
5175,5180,1,"2024-05-03 01:02:25"
5176,5181,1,"2024-01-09 03:19:21"
5177,5182,1,"2024-06-05 18:22:38"
5178,5183,1,"2023-08-26 04:15:08"
5179,5184,1,"2024-02-16 00:27:31"
5180,5185,1,"2024-06-02 15:16:44"
5181,5186,1,"2024-06-05 14:34:37"
5182,5187,1,"2023-07-05 05:46:51"
5183,5188,1,"2024-04-20 14:34:17"
5184,5189,1,"2024-01-21 13:19:23"
5185,5190,1,"2024-05-14 02:04:35"
5186,5191,1,"2023-07-02 04:12:12"
5187,5192,1,"2023-09-02 00:59:33"
5188,5193,1,"2023-12-06 16:26:48"
5189,5194,1,"2023-11-11 01:41:57"
5190,5195,1,"2024-04-11 18:35:32"
5191,5196,1,"2024-04-25 03:07:08"
5192,5197,1,"2024-04-05 20:18:06"
5193,5198,1,"2024-03-13 01:56:26"
5194,5199,1,"2023-11-19 23:42:51"
5195,5200,1,"2024-02-12 03:57:34"
5196,5201,1,"2023-07-05 12:40:00"
5197,5202,1,"2024-04-03 11:22:34"
5198,5203,1,"2023-10-20 09:57:50"
5199,5204,1,"2023-10-03 03:02:41"
5200,5205,1,"2024-04-13 21:27:28"
5201,5206,1,"2023-08-10 23:56:39"
5202,5207,1,"2023-10-21 23:05:05"
5203,5208,1,"2024-03-23 13:15:07"
5204,5209,1,"2023-11-22 16:12:38"
5205,5210,1,"2024-06-07 06:24:00"
5206,5211,1,"2023-09-03 11:24:28"
5207,5212,1,"2024-05-08 23:22:00"
5208,5213,1,"2024-06-02 04:01:30"
5209,5214,1,"2024-06-11 20:22:01"
5210,5215,1,"2023-07-30 10:28:15"
5211,5216,1,"2023-10-28 16:31:20"
5212,5217,1,"2024-05-16 13:32:37"
5213,5218,1,"2023-10-25 00:04:46"
5214,5219,1,"2023-09-21 06:10:40"
5215,5220,1,"2023-12-06 07:57:32"
5216,5221,1,"2023-10-23 01:48:42"
5217,5222,1,"2023-10-22 11:16:23"
5218,5223,1,"2024-02-18 14:54:24"
5219,5224,1,"2023-06-27 17:17:42"
5220,5225,1,"2024-05-10 18:35:52"
5221,5226,1,"2024-06-14 17:22:54"
5222,5227,1,"2024-02-16 22:08:59"
5223,5228,1,"2023-07-01 04:28:38"
5224,5229,1,"2024-02-08 18:31:28"
5225,5230,1,"2024-05-21 15:48:49"
5226,5231,1,"2023-07-24 11:20:19"
5227,5232,1,"2024-03-03 02:00:37"
5228,5233,1,"2023-09-24 15:49:47"
5229,5234,1,"2024-02-23 15:42:51"
5230,5235,1,"2024-01-11 13:45:34"
5231,5236,1,"2023-08-10 14:04:32"
5232,5237,1,"2024-01-27 07:02:10"
5233,5238,1,"2023-08-04 14:20:25"
5234,5239,1,"2023-09-16 18:10:15"
5235,5240,1,"2023-09-23 03:35:29"
5236,5241,1,"2024-01-16 01:56:29"
5237,5242,1,"2023-09-25 09:51:09"
5238,5243,1,"2024-01-24 01:03:38"
5239,5244,1,"2023-08-07 03:05:48"
5240,5245,1,"2023-07-12 20:24:56"
5241,5246,1,"2023-08-11 06:11:35"
5242,5247,1,"2023-10-02 11:29:34"
5243,5248,1,"2024-02-14 23:48:39"
5244,5249,1,"2024-02-27 09:14:06"
5245,5250,1,"2023-11-15 20:03:46"
5246,5251,1,"2023-10-31 23:38:50"
5247,5252,1,"2023-11-06 19:04:48"
5248,5253,1,"2024-06-14 17:29:55"
5249,5254,1,"2024-02-13 20:43:57"
5250,5255,1,"2023-11-17 16:07:23"
5251,5256,1,"2023-08-18 01:32:03"
5252,5257,1,"2024-01-30 04:02:08"
5253,5258,1,"2023-09-03 07:10:39"
5254,5259,1,"2024-03-28 12:11:00"
5255,5260,1,"2023-07-09 15:08:47"
5256,5261,1,"2023-10-30 21:54:40"
5257,5262,1,"2023-10-27 18:49:53"
5258,5263,1,"2023-08-27 11:48:00"
5259,5264,1,"2024-06-15 18:18:47"
5260,5265,1,"2023-07-21 01:38:52"
5261,5266,1,"2024-06-09 03:12:50"
5262,5267,1,"2024-04-21 19:58:11"
5263,5268,1,"2023-12-20 12:39:12"
5264,5269,1,"2024-03-06 22:19:10"
5265,5270,1,"2023-12-11 07:48:50"
5266,5271,1,"2023-09-20 04:45:45"
5267,5272,1,"2024-05-01 02:58:56"
5268,5273,1,"2023-10-02 16:39:17"
5269,5274,1,"2023-08-11 14:57:04"
5270,5275,1,"2024-05-23 21:31:14"
5271,5276,1,"2023-12-17 08:25:02"
5272,5277,1,"2023-07-19 09:46:55"
5273,5278,1,"2023-12-21 17:18:13"
5274,5279,1,"2024-03-08 01:42:50"
5275,5280,1,"2024-02-13 18:23:16"
5276,5281,1,"2023-09-06 01:03:40"
5277,5282,1,"2023-08-20 21:22:13"
5278,5283,1,"2024-01-15 08:55:43"
5279,5284,1,"2023-10-29 04:06:56"
5280,5285,1,"2023-08-24 00:42:26"
5281,5286,1,"2023-11-11 19:07:23"
5282,5287,1,"2023-09-24 07:14:58"
5283,5288,1,"2024-03-21 08:05:43"
5284,5289,1,"2024-02-18 11:03:29"
5285,5290,1,"2024-03-04 07:32:48"
5286,5291,1,"2023-10-25 10:20:41"
5287,5292,1,"2024-05-13 11:21:49"
5288,5293,1,"2024-01-17 08:31:25"
5289,5294,1,"2024-04-14 06:19:13"
5290,5295,1,"2024-06-05 11:51:43"
5291,5296,1,"2023-08-04 02:15:33"
5292,5297,1,"2024-04-07 16:52:29"
5293,5298,1,"2023-12-21 22:18:42"
5294,5299,1,"2023-08-29 16:28:04"
5295,5300,1,"2024-04-23 02:08:48"
5296,5301,1,"2024-02-04 06:59:01"
5297,5302,1,"2023-07-21 03:55:50"
5298,5303,1,"2023-08-09 20:46:32"
5299,5304,1,"2023-11-14 18:05:49"
5300,5305,1,"2024-01-25 11:35:49"
5301,5306,1,"2024-03-14 23:11:04"
5302,5307,1,"2023-06-23 13:06:31"
5303,5308,1,"2023-06-21 20:45:04"
5304,5309,1,"2024-04-22 01:39:37"
5305,5310,1,"2023-12-12 12:13:23"
5306,5311,1,"2024-06-14 04:40:06"
5307,5312,1,"2024-02-23 02:52:35"
5308,5313,1,"2024-05-08 13:04:53"
5309,5314,1,"2023-11-30 07:04:07"
5310,5315,1,"2024-04-18 05:49:21"
5311,5316,1,"2023-09-16 13:48:59"
5312,5317,1,"2023-08-28 22:08:11"
5313,5318,1,"2024-01-23 07:11:05"
5314,5319,1,"2023-12-23 12:51:02"
5315,5320,1,"2024-04-04 03:03:55"
5316,5321,1,"2024-01-10 04:40:36"
5317,5322,1,"2024-03-01 09:13:44"
5318,5323,1,"2024-01-20 13:06:10"
5319,5324,1,"2023-08-11 08:09:16"
5320,5325,1,"2023-12-07 17:50:08"
5321,5326,1,"2024-02-02 08:00:13"
5322,5327,1,"2023-09-11 18:10:33"
5323,5328,1,"2023-11-21 18:42:41"
5324,5329,1,"2024-02-26 17:55:36"
5325,5330,1,"2023-06-26 11:19:55"
5326,5331,1,"2023-12-20 16:05:17"
5327,5332,1,"2023-07-22 17:38:13"
5328,5333,1,"2023-12-14 11:20:03"
5329,5334,1,"2024-03-14 20:31:28"
5330,5335,1,"2023-10-09 18:46:58"
5331,5336,1,"2023-11-09 05:31:23"
5332,5337,1,"2023-08-06 13:00:02"
5333,5338,1,"2024-03-06 19:45:31"
5334,5339,1,"2023-09-13 18:37:46"
5335,5340,1,"2024-05-31 03:34:21"
5336,5341,1,"2023-09-15 20:58:51"
5337,5342,1,"2023-11-02 16:51:30"
5338,5343,1,"2024-01-22 02:48:38"
5339,5344,1,"2024-02-22 18:58:43"
5340,5345,1,"2023-09-04 03:15:34"
5341,5346,1,"2024-01-24 17:08:45"
5342,5347,1,"2023-09-14 12:59:24"
5343,5348,1,"2024-04-01 11:07:36"
5344,5349,1,"2024-03-03 12:51:56"
5345,5350,1,"2023-08-28 17:20:11"
5346,5351,1,"2024-06-01 11:47:31"
5347,5352,1,"2024-04-05 09:51:16"
5348,5353,1,"2023-09-11 03:17:02"
5349,5354,1,"2024-02-27 07:11:04"
5350,5355,1,"2024-01-27 15:34:02"
5351,5356,1,"2023-12-17 03:16:13"
5352,5357,1,"2023-07-28 13:03:03"
5353,5358,1,"2024-02-21 09:49:38"
5354,5359,1,"2023-06-22 18:47:51"
5355,5360,1,"2023-10-08 07:56:44"
5356,5361,1,"2023-09-01 14:31:36"
5357,5362,1,"2024-02-08 09:22:29"
5358,5363,1,"2024-02-06 20:32:18"
5359,5364,1,"2024-01-16 01:49:28"
5360,5365,1,"2024-02-26 22:18:57"
5361,5366,1,"2023-07-20 23:44:38"
5362,5367,1,"2023-09-19 09:49:08"
5363,5368,1,"2023-08-20 16:58:10"
5364,5369,1,"2023-06-25 13:35:01"
5365,5370,1,"2023-07-07 15:50:15"
5366,5371,1,"2024-01-14 04:57:52"
5367,5372,1,"2023-11-02 12:08:40"
5368,5373,1,"2023-06-21 19:20:16"
5369,5374,1,"2023-06-30 03:51:41"
5370,5375,1,"2024-03-11 22:43:43"
5371,5376,1,"2024-03-28 05:40:20"
5372,5377,1,"2024-01-03 11:26:45"
5373,5378,1,"2023-09-15 03:46:19"
5374,5379,1,"2023-07-10 16:47:50"
5375,5380,1,"2024-04-28 02:32:29"
5376,5381,1,"2024-03-26 00:31:21"
5377,5382,1,"2024-04-28 02:01:40"
5378,5383,1,"2024-03-31 01:57:07"
5379,5384,1,"2023-12-29 13:41:20"
5380,5385,1,"2023-08-14 13:00:14"
5381,5386,1,"2024-02-14 16:41:17"
5382,5387,1,"2024-06-10 02:41:42"
5383,5388,1,"2024-06-11 10:55:33"
5384,5389,1,"2024-04-26 11:42:54"
5385,5390,1,"2024-05-01 00:01:49"
5386,5391,1,"2024-04-22 22:53:31"
5387,5392,1,"2023-10-18 04:08:59"
5388,5393,1,"2024-02-14 07:09:25"
5389,5394,1,"2024-05-28 19:27:06"
5390,5395,1,"2024-01-14 18:17:26"
5391,5396,1,"2024-04-16 19:41:35"
5392,5397,1,"2023-09-20 14:33:52"
5393,5398,1,"2024-05-12 23:55:01"
5394,5399,1,"2023-09-02 05:27:21"
5395,5400,1,"2023-09-26 11:04:36"
5396,5401,1,"2023-11-29 01:37:31"
5397,5402,1,"2024-02-06 03:08:48"
5398,5403,1,"2023-11-26 07:19:26"
5399,5404,1,"2024-06-19 10:02:56"
5400,5405,1,"2024-01-25 19:53:47"
5401,5406,1,"2023-08-09 21:40:46"
5402,5407,1,"2023-08-10 15:39:04"
5403,5408,1,"2024-01-24 17:38:15"
5404,5409,1,"2023-09-22 07:25:24"
5405,5410,1,"2023-08-08 11:12:29"
5406,5411,1,"2024-01-24 06:41:40"
5407,5412,1,"2023-10-04 04:05:59"
5408,5413,1,"2023-12-03 16:55:14"
5409,5414,1,"2024-04-23 07:01:54"
5410,5415,1,"2023-06-28 03:04:44"
5411,5416,1,"2023-11-12 05:01:19"
5412,5417,1,"2023-10-06 09:39:02"
5413,5418,1,"2024-06-15 03:31:01"
5414,5419,1,"2023-11-04 07:09:09"
5415,5420,1,"2024-06-10 13:29:56"
5416,5421,1,"2023-06-29 02:39:44"
5417,5422,1,"2023-08-20 16:47:53"
5418,5423,1,"2024-01-05 21:35:35"
5419,5424,1,"2024-05-23 17:25:36"
5420,5425,1,"2023-09-15 23:34:16"
5421,5426,1,"2024-03-23 12:45:30"
5422,5427,1,"2024-04-29 20:15:08"
5423,5428,1,"2023-11-24 01:48:56"
5424,5429,1,"2024-06-13 12:13:08"
5425,5430,1,"2024-03-04 02:05:15"
5426,5431,1,"2023-11-29 15:06:35"
5427,5432,1,"2024-01-04 02:30:33"
5428,5433,1,"2024-04-20 18:15:36"
5429,5434,1,"2024-06-05 23:46:28"
5430,5435,1,"2024-03-29 21:04:26"
5431,5436,1,"2023-07-19 11:25:59"
5432,5437,1,"2024-04-25 02:40:20"
5433,5438,1,"2023-07-27 20:38:04"
5434,5439,1,"2024-02-04 19:22:45"
5435,5440,1,"2024-03-13 07:39:24"
5436,5441,1,"2023-08-06 20:22:58"
5437,5442,1,"2023-09-01 16:22:43"
5438,5443,1,"2023-12-28 01:20:28"
5439,5444,1,"2023-09-20 16:05:11"
5440,5445,1,"2024-02-08 07:08:46"
5441,5446,1,"2024-01-19 21:29:23"
5442,5447,1,"2024-01-15 14:35:55"
5443,5448,1,"2024-06-10 05:00:39"
5444,5449,1,"2024-01-30 13:24:16"
5445,5450,1,"2024-02-08 15:16:46"
5446,5451,1,"2023-08-25 02:18:59"
5447,5452,1,"2023-08-19 00:25:42"
5448,5453,1,"2024-05-26 07:45:29"
5449,5454,1,"2024-04-07 11:36:47"
5450,5455,1,"2023-12-02 23:35:49"
5451,5456,1,"2023-09-12 03:13:26"
5452,5457,1,"2023-10-03 15:20:42"
5453,5458,1,"2023-09-30 04:12:37"
5454,5459,1,"2024-03-23 14:05:31"
5455,5460,1,"2023-12-08 21:45:13"
5456,5461,1,"2024-03-21 09:03:04"
5457,5462,1,"2023-06-25 17:15:39"
5458,5463,1,"2023-08-08 23:57:34"
5459,5464,1,"2024-04-22 16:46:50"
5460,5465,1,"2024-04-14 07:49:53"
5461,5466,1,"2023-11-14 00:19:44"
5462,5467,1,"2023-06-29 02:42:58"
5463,5468,1,"2024-04-04 22:40:29"
5464,5469,1,"2023-08-28 06:46:55"
5465,5470,1,"2024-03-26 21:47:41"
5466,5471,1,"2024-01-04 01:54:23"
5467,5472,1,"2023-12-15 02:47:59"
5468,5473,1,"2023-12-17 01:46:46"
5469,5474,1,"2024-06-10 21:41:28"
5470,5475,1,"2024-03-26 13:08:57"
5471,5476,1,"2023-09-16 00:35:02"
5472,5477,1,"2023-08-06 06:55:43"
5473,5478,1,"2023-09-11 01:51:56"
5474,5479,1,"2023-09-27 16:41:03"
5475,5480,1,"2024-06-09 22:00:53"
5476,5481,1,"2023-08-13 12:48:02"
5477,5482,1,"2024-01-08 22:02:37"
5478,5483,1,"2024-05-01 07:55:09"
5479,5484,1,"2023-10-23 05:47:55"
5480,5485,1,"2023-10-04 15:17:22"
5481,5486,1,"2023-12-31 05:41:49"
5482,5487,1,"2024-06-11 00:13:08"
5483,5488,1,"2024-01-27 05:44:22"
5484,5489,1,"2023-08-02 23:08:29"
5485,5490,1,"2024-01-11 12:40:23"
5486,5491,1,"2023-11-07 19:20:38"
5487,5492,1,"2023-07-11 04:56:46"
5488,5493,1,"2023-08-03 12:50:34"
5489,5494,1,"2024-04-30 16:33:44"
5490,5495,1,"2023-09-30 18:08:18"
5491,5496,1,"2024-01-10 05:57:14"
5492,5497,1,"2024-05-09 14:14:50"
5493,5498,1,"2023-11-19 02:47:13"
5494,5499,1,"2024-01-19 13:30:30"
5495,5500,1,"2024-06-18 08:20:24"
5496,5501,1,"2024-03-10 02:59:34"
5497,5502,1,"2023-10-28 14:06:36"
5498,5503,1,"2023-11-11 01:54:07"
5499,5504,1,"2024-02-24 02:53:48"
5500,5505,1,"2023-11-03 10:10:53"
5501,5506,1,"2023-11-16 04:31:19"
5502,5507,1,"2024-05-27 06:22:18"
5503,5508,1,"2023-09-20 01:26:58"
5504,5509,1,"2023-11-20 16:45:40"
5505,5510,1,"2024-01-12 13:44:41"
5506,5511,1,"2024-03-17 14:04:56"
5507,5512,1,"2023-12-30 12:45:34"
5508,5513,1,"2024-01-13 06:19:53"
5509,5514,1,"2024-05-27 04:30:01"
5510,5515,1,"2023-08-17 01:58:36"
5511,5516,1,"2023-11-16 15:04:19"
5512,5517,1,"2024-03-01 17:37:21"
5513,5518,1,"2024-01-23 04:47:11"
5514,5519,1,"2023-11-30 05:12:19"
5515,5520,1,"2023-06-27 23:31:17"
5516,5521,1,"2023-06-26 14:29:54"
5517,5522,1,"2023-10-21 12:12:04"
5518,5523,1,"2024-03-19 12:52:10"
5519,5524,1,"2023-12-25 08:19:47"
5520,5525,1,"2023-09-30 10:15:11"
5521,5526,1,"2023-12-06 09:07:04"
5522,5527,1,"2024-06-05 01:49:39"
5523,5528,1,"2024-05-14 15:31:40"
5524,5529,1,"2024-04-17 22:41:42"
5525,5530,1,"2023-09-17 00:46:14"
5526,5531,1,"2024-06-04 00:06:12"
5527,5532,1,"2023-07-30 03:23:56"
5528,5533,1,"2024-03-11 11:31:36"
5529,5534,1,"2024-05-12 13:39:28"
5530,5535,1,"2023-08-22 07:01:51"
5531,5536,1,"2024-01-28 22:09:09"
5532,5537,1,"2024-05-03 15:38:19"
5533,5538,1,"2023-09-24 21:20:48"
5534,5539,1,"2024-01-04 05:42:25"
5535,5540,1,"2023-08-23 01:36:22"
5536,5541,1,"2023-10-09 23:50:26"
5537,5542,1,"2023-10-30 14:05:48"
5538,5543,1,"2024-05-02 20:42:59"
5539,5544,1,"2023-07-10 20:29:22"
5540,5545,1,"2023-08-06 17:22:46"
5541,5546,1,"2024-04-13 14:31:36"
5542,5547,1,"2024-03-21 09:20:58"
5543,5548,1,"2023-10-15 12:26:30"
5544,5549,1,"2023-12-29 09:18:02"
5545,5550,1,"2024-01-11 23:47:55"
5546,5551,1,"2024-02-02 08:19:30"
5547,5552,1,"2023-10-17 04:26:01"
5548,5553,1,"2024-02-26 04:14:21"
5549,5554,1,"2023-08-01 08:01:07"
5550,5555,1,"2024-02-28 10:21:37"
5551,5556,1,"2023-08-10 19:57:53"
5552,5557,1,"2024-01-08 21:45:15"
5553,5558,1,"2023-10-19 09:01:09"
5554,5559,1,"2024-02-28 12:16:55"
5555,5560,1,"2023-07-03 13:26:22"
5556,5561,1,"2024-03-07 04:09:31"
5557,5562,1,"2024-04-23 15:24:06"
5558,5563,1,"2024-02-04 02:46:42"
5559,5564,1,"2023-11-21 12:57:19"
5560,5565,1,"2023-10-27 18:08:05"
5561,5566,1,"2024-04-02 06:27:25"
5562,5567,1,"2024-01-30 21:09:56"
5563,5568,1,"2024-06-12 11:40:57"
5564,5569,1,"2024-01-26 23:57:45"
5565,5570,1,"2023-12-12 12:45:14"
5566,5571,1,"2023-12-28 08:16:21"
5567,5572,1,"2023-07-30 22:22:02"
5568,5573,1,"2024-03-29 15:37:25"
5569,5574,1,"2023-12-25 19:12:40"
5570,5575,1,"2024-04-07 21:26:02"
5571,5576,1,"2023-12-16 16:05:43"
5572,5577,1,"2023-09-20 23:49:51"
5573,5578,1,"2023-08-28 16:39:58"
5574,5579,1,"2024-02-26 19:22:36"
5575,5580,1,"2023-08-21 11:06:20"
5576,5581,1,"2024-05-27 11:25:01"
5577,5582,1,"2024-03-12 16:03:07"
5578,5583,1,"2024-01-11 02:25:06"
5579,5584,1,"2024-04-21 17:05:23"
5580,5585,1,"2023-11-12 09:02:29"
5581,5586,1,"2023-11-08 11:50:02"
5582,5587,1,"2024-02-13 03:04:49"
5583,5588,1,"2024-06-19 20:17:11"
5584,5589,1,"2023-11-07 21:11:52"
5585,5590,1,"2023-09-17 20:09:18"
5586,5591,1,"2023-11-03 15:42:49"
5587,5592,1,"2023-08-03 23:21:23"
5588,5593,1,"2023-11-08 07:44:20"
5589,5594,1,"2024-02-17 09:43:35"
5590,5595,1,"2023-09-21 06:43:50"
5591,5596,1,"2024-06-16 06:01:03"
5592,5597,1,"2023-09-06 01:55:34"
5593,5598,1,"2024-06-07 22:59:26"
5594,5599,1,"2024-04-25 23:29:31"
5595,5600,1,"2023-10-14 12:20:04"
5596,5601,1,"2023-10-10 03:19:21"
5597,5602,1,"2023-07-19 14:03:12"
5598,5603,1,"2023-07-02 20:56:06"
5599,5604,1,"2024-03-25 23:28:17"
5600,5605,1,"2024-02-10 00:58:53"
5601,5606,1,"2023-10-20 04:19:09"
5602,5607,1,"2023-11-04 22:21:09"
5603,5608,1,"2024-04-29 12:00:36"
5604,5609,1,"2024-05-23 01:01:42"
5605,5610,1,"2024-06-06 10:18:22"
5606,5611,1,"2023-09-09 09:59:58"
5607,5612,1,"2024-03-29 09:53:49"
5608,5613,1,"2023-08-27 12:23:17"
5609,5614,1,"2024-01-24 06:01:13"
5610,5615,1,"2023-12-24 11:38:21"
5611,5616,1,"2023-11-16 05:26:18"
5612,5617,1,"2024-03-21 11:08:59"
5613,5618,1,"2023-07-02 09:46:41"
5614,5619,1,"2023-12-21 23:37:03"
5615,5620,1,"2023-12-12 01:20:45"
5616,5621,1,"2024-03-23 13:02:24"
5617,5622,1,"2024-01-12 20:40:01"
5618,5623,1,"2024-05-13 18:54:15"
5619,5624,1,"2024-01-19 19:07:05"
5620,5625,1,"2023-12-06 13:22:31"
5621,5626,1,"2023-11-23 09:02:46"
5622,5627,1,"2023-10-05 21:48:27"
5623,5628,1,"2024-03-29 04:07:27"
5624,5629,1,"2023-09-02 13:12:50"
5625,5630,1,"2024-05-09 17:28:16"
5626,5631,1,"2023-09-13 12:03:21"
5627,5632,1,"2024-06-18 04:13:40"
5628,5633,1,"2024-04-30 07:18:24"
5629,5634,1,"2023-11-03 01:27:05"
5630,5635,1,"2024-02-03 07:42:51"
5631,5636,1,"2023-09-20 14:38:17"
5632,5637,1,"2023-08-09 20:19:44"
5633,5638,1,"2023-06-21 16:46:21"
5634,5639,1,"2023-10-09 11:37:31"
5635,5640,1,"2024-05-20 13:34:38"
5636,5641,1,"2024-02-23 23:17:08"
5637,5642,1,"2024-01-10 21:44:45"
5638,5643,1,"2024-02-25 16:11:23"
5639,5644,1,"2023-09-02 05:48:42"
5640,5645,1,"2023-10-02 00:00:11"
5641,5646,1,"2024-01-30 18:13:16"
5642,5647,1,"2023-09-16 01:53:13"
5643,5648,1,"2024-01-27 11:59:36"
5644,5649,1,"2023-12-29 04:07:37"
5645,5650,1,"2023-08-06 22:13:37"
5646,5651,1,"2023-12-05 05:34:43"
5647,5652,1,"2023-08-18 13:25:50"
5648,5653,1,"2023-10-15 22:17:10"
5649,5654,1,"2023-10-06 03:39:39"
5650,5655,1,"2024-03-11 19:58:38"
5651,5656,1,"2024-04-25 08:52:40"
5652,5657,1,"2023-10-06 20:49:26"
5653,5658,1,"2023-11-23 09:35:46"
5654,5659,1,"2023-07-23 16:02:30"
5655,5660,1,"2024-01-22 12:47:12"
5656,5661,1,"2023-07-31 19:36:11"
5657,5662,1,"2023-10-21 17:08:43"
5658,5663,1,"2023-09-21 05:43:49"
5659,5664,1,"2023-11-14 09:46:45"
5660,5665,1,"2024-05-30 20:35:59"
5661,5666,1,"2024-04-29 10:11:56"
5662,5667,1,"2024-04-19 02:38:29"
5663,5668,1,"2023-07-20 19:04:57"
5664,5669,1,"2023-10-31 04:47:33"
5665,5670,1,"2023-11-15 00:08:41"
5666,5671,1,"2023-12-23 16:56:27"
5667,5672,1,"2023-08-30 02:59:38"
5668,5673,1,"2023-06-22 03:41:30"
5669,5674,1,"2024-02-28 08:40:02"
5670,5675,1,"2024-03-27 16:52:28"
5671,5676,1,"2024-04-27 10:58:36"
5672,5677,1,"2023-10-28 18:38:21"
5673,5678,1,"2023-11-20 01:12:05"
5674,5679,1,"2024-04-02 10:26:08"
5675,5680,1,"2023-10-15 11:33:52"
5676,5681,1,"2024-05-26 01:09:43"
5677,5682,1,"2024-01-12 03:13:52"
5678,5683,1,"2023-07-01 15:39:03"
5679,5684,1,"2023-06-27 12:53:29"
5680,5685,1,"2023-08-07 11:15:30"
5681,5686,1,"2023-09-26 22:10:59"
5682,5687,1,"2023-12-09 08:27:09"
5683,5688,1,"2023-12-16 06:13:36"
5684,5689,1,"2023-07-07 01:00:49"
5685,5690,1,"2023-09-23 19:32:08"
5686,5691,1,"2023-06-28 10:02:23"
5687,5692,1,"2024-05-04 14:49:00"
5688,5693,1,"2024-02-03 05:46:34"
5689,5694,1,"2024-04-18 08:52:35"
5690,5695,1,"2023-07-28 16:14:47"
5691,5696,1,"2024-01-20 05:43:17"
5692,5697,1,"2023-06-24 11:23:18"
5693,5698,1,"2024-06-08 00:17:33"
5694,5699,1,"2023-07-30 09:48:18"
5695,5700,1,"2023-07-27 22:18:57"
5696,5701,1,"2024-04-06 17:23:55"
5697,5702,1,"2024-04-03 23:11:29"
5698,5703,1,"2024-01-24 22:51:54"
5699,5704,1,"2023-07-09 17:23:55"
5700,5705,1,"2024-03-27 18:42:19"
5701,5706,1,"2023-10-26 19:17:15"
5702,5707,1,"2024-06-13 13:24:17"
5703,5708,1,"2023-12-20 08:30:20"
5704,5709,1,"2024-05-02 09:23:32"
5705,5710,1,"2023-12-21 05:06:27"
5706,5711,1,"2024-03-04 15:37:35"
5707,5712,1,"2023-11-18 15:22:00"
5708,5713,1,"2024-03-03 19:37:00"
5709,5714,1,"2023-12-04 05:30:53"
5710,5715,1,"2023-08-17 11:04:20"
5711,5716,1,"2023-08-14 14:20:01"
5712,5717,1,"2024-05-07 08:50:26"
5713,5718,1,"2024-05-21 21:22:30"
5714,5719,1,"2024-04-28 22:38:40"
5715,5720,1,"2023-09-20 13:38:01"
5716,5721,1,"2023-11-24 22:08:41"
5717,5722,1,"2023-07-07 22:48:50"
5718,5723,1,"2023-09-22 01:38:46"
5719,5724,1,"2023-11-20 14:48:35"
5720,5725,1,"2024-04-12 23:07:44"
5721,5726,1,"2023-11-07 02:02:02"
5722,5727,1,"2023-10-04 00:35:58"
5723,5728,1,"2023-09-17 20:06:29"
5724,5729,1,"2023-12-07 04:40:24"
5725,5730,1,"2023-09-13 19:51:03"
5726,5731,1,"2024-01-26 20:10:30"
5727,5732,1,"2024-04-25 15:08:42"
5728,5733,1,"2023-07-09 13:10:49"
5729,5734,1,"2023-07-28 21:17:35"
5730,5735,1,"2024-02-17 20:38:30"
5731,5736,1,"2023-10-08 03:17:59"
5732,5737,1,"2023-10-10 20:08:54"
5733,5738,1,"2024-05-24 10:15:34"
5734,5739,1,"2024-01-26 22:34:33"
5735,5740,1,"2024-03-25 00:20:24"
5736,5741,1,"2023-08-08 18:29:07"
5737,5742,1,"2023-08-04 00:34:54"
5738,5743,1,"2024-02-18 10:49:45"
5739,5744,1,"2023-07-19 10:16:54"
5740,5745,1,"2024-01-22 04:17:18"
5741,5746,1,"2023-07-24 12:23:26"
5742,5747,1,"2024-04-10 07:03:37"
5743,5748,1,"2023-06-25 19:17:56"
5744,5749,1,"2023-07-19 07:25:43"
5745,5750,1,"2024-02-04 20:44:05"
5746,5751,1,"2023-08-11 17:37:20"
5747,5752,1,"2023-07-14 06:22:32"
5748,5753,1,"2023-10-14 21:32:18"
5749,5754,1,"2024-01-17 15:15:00"
5750,5755,1,"2023-07-13 02:02:46"
5751,5756,1,"2024-04-29 19:05:37"
5752,5757,1,"2023-09-07 04:40:15"
5753,5758,1,"2024-04-19 01:50:43"
5754,5759,1,"2024-04-24 15:30:59"
5755,5760,1,"2023-07-31 07:42:30"
5756,5761,1,"2024-04-13 22:55:31"
5757,5762,1,"2024-06-20 01:11:37"
5758,5763,1,"2024-01-20 19:35:16"
5759,5764,1,"2024-01-06 21:19:40"
5760,5765,1,"2023-09-21 08:56:33"
5761,5766,1,"2023-12-13 16:44:43"
5762,5767,1,"2024-05-07 01:35:34"
5763,5768,1,"2023-09-29 14:37:01"
5764,5769,1,"2023-11-07 10:35:25"
5765,5770,1,"2024-05-17 23:50:36"
5766,5771,1,"2024-05-30 03:37:19"
5767,5772,1,"2024-02-24 03:56:38"
5768,5773,1,"2024-01-13 21:54:55"
5769,5774,1,"2024-01-10 13:34:03"
5770,5775,1,"2023-08-15 17:36:57"
5771,5776,1,"2023-12-21 01:30:14"
5772,5777,1,"2023-12-17 10:33:53"
5773,5778,1,"2024-04-16 12:25:01"
5774,5779,1,"2023-10-10 02:21:56"
5775,5780,1,"2024-05-22 10:12:37"
5776,5781,1,"2024-01-22 17:15:04"
5777,5782,1,"2024-03-19 19:55:39"
5778,5783,1,"2024-05-28 09:04:44"
5779,5784,1,"2023-10-14 12:17:52"
5780,5785,1,"2023-09-23 10:54:12"
5781,5786,1,"2024-03-01 06:22:02"
5782,5787,1,"2023-07-04 03:51:49"
5783,5788,1,"2023-08-13 13:30:02"
5784,5789,1,"2023-12-03 15:59:24"
5785,5790,1,"2023-09-04 01:11:10"
5786,5791,1,"2023-08-12 06:47:18"
5787,5792,1,"2024-05-10 11:05:19"
5788,5793,1,"2024-02-07 13:35:36"
5789,5794,1,"2024-03-31 08:23:43"
5790,5795,1,"2024-04-15 15:46:03"
5791,5796,1,"2024-04-02 13:16:30"
5792,5797,1,"2024-03-10 18:53:07"
5793,5798,1,"2023-07-08 10:15:14"
5794,5799,1,"2024-04-16 05:18:39"
5795,5800,1,"2023-06-25 05:38:06"
5796,5801,1,"2023-10-27 12:30:04"
5797,5802,1,"2024-04-20 21:03:01"
5798,5803,1,"2024-05-24 22:38:26"
5799,5804,1,"2024-01-28 22:19:19"
5800,5805,1,"2023-07-02 13:09:53"
5801,5806,1,"2023-09-20 20:48:25"
5802,5807,1,"2023-10-17 01:16:08"
5803,5808,1,"2023-09-02 21:41:43"
5804,5809,1,"2023-09-18 08:31:31"
5805,5810,1,"2024-05-13 00:58:23"
5806,5811,1,"2023-10-19 18:32:02"
5807,5812,1,"2023-07-06 14:13:36"
5808,5813,1,"2024-02-08 12:03:33"
5809,5814,1,"2023-11-26 12:23:17"
5810,5815,1,"2023-06-27 15:29:23"
5811,5816,1,"2024-01-16 17:22:59"
5812,5817,1,"2023-11-13 04:00:08"
5813,5818,1,"2023-07-24 23:54:33"
5814,5819,1,"2023-12-25 18:58:04"
5815,5820,1,"2024-05-23 14:46:44"
5816,5821,1,"2023-10-18 18:31:26"
5817,5822,1,"2024-03-11 09:22:43"
5818,5823,1,"2023-09-17 07:11:25"
5819,5824,1,"2024-04-26 17:19:53"
5820,5825,1,"2024-01-28 20:24:50"
5821,5826,1,"2023-07-18 01:39:02"
5822,5827,1,"2024-02-19 09:19:44"
5823,5828,1,"2024-02-14 02:34:08"
5824,5829,1,"2023-11-27 00:53:49"
5825,5830,1,"2023-07-10 03:20:21"
5826,5831,1,"2023-12-20 13:14:05"
5827,5832,1,"2023-08-02 04:59:24"
5828,5833,1,"2024-06-16 22:45:44"
5829,5834,1,"2023-11-05 14:59:59"
5830,5835,1,"2023-11-12 10:44:22"
5831,5836,1,"2023-07-16 22:19:40"
5832,5837,1,"2024-03-26 03:01:59"
5833,5838,1,"2023-11-28 05:18:25"
5834,5839,1,"2023-12-16 13:40:05"
5835,5840,1,"2023-07-06 09:51:30"
5836,5841,1,"2024-04-27 20:24:18"
5837,5842,1,"2023-09-08 19:41:58"
5838,5843,1,"2023-07-14 08:22:21"
5839,5844,1,"2024-04-10 07:43:11"
5840,5845,1,"2023-11-21 13:06:04"
5841,5846,1,"2024-04-05 17:17:34"
5842,5847,1,"2024-02-02 09:49:09"
5843,5848,1,"2023-09-05 01:54:02"
5844,5849,1,"2024-05-11 01:26:19"
5845,5850,1,"2023-06-25 10:53:20"
5846,5851,1,"2023-12-21 15:48:00"
5847,5852,1,"2023-08-15 14:39:42"
5848,5853,1,"2023-08-08 20:41:54"
5849,5854,1,"2023-10-08 15:50:55"
5850,5855,1,"2023-10-06 13:59:35"
5851,5856,1,"2023-07-13 08:41:42"
5852,5857,1,"2024-02-17 06:24:09"
5853,5858,1,"2023-09-14 11:06:20"
5854,5859,1,"2024-03-03 22:49:09"
5855,5860,1,"2024-02-18 07:48:41"
5856,5861,1,"2023-06-28 11:16:38"
5857,5862,1,"2023-10-06 06:06:03"
5858,5863,1,"2023-06-26 02:04:34"
5859,5864,1,"2023-09-20 03:12:58"
5860,5865,1,"2024-01-12 04:05:24"
5861,5866,1,"2023-10-09 01:53:43"
5862,5867,1,"2023-07-13 01:54:23"
5863,5868,1,"2023-08-24 00:36:57"
5864,5869,1,"2024-04-11 22:55:43"
5865,5870,1,"2024-01-05 09:21:10"
5866,5871,1,"2024-02-25 14:37:52"
5867,5872,1,"2023-09-02 07:55:55"
5868,5873,1,"2023-09-21 17:46:31"
5869,5874,1,"2024-02-15 10:09:31"
5870,5875,1,"2023-12-22 13:57:07"
5871,5876,1,"2024-06-01 09:07:17"
5872,5877,1,"2024-01-03 13:37:50"
5873,5878,1,"2023-10-07 13:11:54"
5874,5879,1,"2023-11-12 22:21:39"
5875,5880,1,"2023-11-25 14:05:45"
5876,5881,1,"2023-10-14 15:44:28"
5877,5882,1,"2023-06-26 07:12:01"
5878,5883,1,"2024-04-05 01:52:22"
5879,5884,1,"2024-01-17 04:39:56"
5880,5885,1,"2023-12-28 22:53:56"
5881,5886,1,"2023-07-15 23:06:51"
5882,5887,1,"2023-11-23 16:08:43"
5883,5888,1,"2024-03-27 01:30:21"
5884,5889,1,"2024-03-20 22:31:40"
5885,5890,1,"2024-06-13 16:49:57"
5886,5891,1,"2024-02-07 10:39:41"
5887,5892,1,"2024-03-24 17:55:14"
5888,5893,1,"2023-07-30 12:44:53"
5889,5894,1,"2024-02-02 23:51:43"
5890,5895,1,"2023-11-27 18:32:57"
5891,5896,1,"2023-10-01 23:59:10"
5892,5897,1,"2024-05-22 15:42:55"
5893,5898,1,"2024-02-20 15:42:27"
5894,5899,1,"2023-10-10 20:34:17"
5895,5900,1,"2023-09-22 06:26:55"
5896,5901,1,"2024-06-19 22:10:52"
5897,5902,1,"2023-07-24 11:01:39"
5898,5903,1,"2023-08-18 03:04:50"
5899,5904,1,"2023-12-16 11:37:11"
5900,5905,1,"2024-05-29 12:32:07"
5901,5906,1,"2023-10-16 16:26:58"
5902,5907,1,"2023-12-19 16:05:35"
5903,5908,1,"2024-04-20 10:18:52"
5904,5909,1,"2023-09-01 06:38:51"
5905,5910,1,"2024-04-10 17:08:38"
5906,5911,1,"2024-01-23 12:10:02"
5907,5912,1,"2024-01-23 17:01:08"
5908,5913,1,"2023-12-14 01:54:57"
5909,5914,1,"2023-10-16 16:40:56"
5910,5915,1,"2024-06-11 00:59:38"
5911,5916,1,"2024-01-13 05:27:12"
5912,5917,1,"2023-12-08 10:21:26"
5913,5918,1,"2024-04-22 11:26:50"
5914,5919,1,"2024-03-30 09:38:25"
5915,5920,1,"2024-05-13 03:48:29"
5916,5921,1,"2023-11-29 03:49:21"
5917,5922,1,"2024-03-03 22:23:29"
5918,5923,1,"2024-05-26 05:09:49"
5919,5924,1,"2023-09-08 20:45:09"
5920,5925,1,"2023-10-15 18:42:22"
5921,5926,1,"2023-11-16 05:21:55"
5922,5927,1,"2024-02-10 19:20:56"
5923,5928,1,"2024-02-18 08:55:03"
5924,5929,1,"2024-01-07 09:44:55"
5925,5930,1,"2023-11-17 18:10:08"
5926,5931,1,"2024-04-05 18:41:04"
5927,5932,1,"2023-10-16 12:50:21"
5928,5933,1,"2024-02-03 04:08:20"
5929,5934,1,"2023-07-12 03:30:55"
5930,5935,1,"2024-06-02 19:10:17"
5931,5936,1,"2024-06-03 22:02:31"
5932,5937,1,"2024-03-14 14:45:11"
5933,5938,1,"2024-05-24 06:33:01"
5934,5939,1,"2024-03-15 22:41:48"
5935,5940,1,"2023-07-15 01:24:08"
5936,5941,1,"2024-02-22 05:23:04"
5937,5942,1,"2024-05-02 23:42:06"
5938,5943,1,"2024-01-31 03:48:43"
5939,5944,1,"2023-09-01 08:19:10"
5940,5945,1,"2024-03-03 12:16:12"
5941,5946,1,"2023-12-04 14:21:22"
5942,5947,1,"2023-06-23 02:24:50"
5943,5948,1,"2023-11-21 04:01:07"
5944,5949,1,"2024-01-16 14:24:27"
5945,5950,1,"2023-08-24 14:52:40"
5946,5951,1,"2024-06-18 04:00:54"
5947,5952,1,"2024-05-07 00:15:20"
5948,5953,1,"2024-06-09 09:38:09"
5949,5954,1,"2023-07-31 18:21:39"
5950,5955,1,"2024-02-24 12:51:51"
5951,5956,1,"2023-09-30 04:57:25"
5952,5957,1,"2023-12-25 15:06:28"
5953,5958,1,"2023-11-28 18:01:59"
5954,5959,1,"2023-11-27 19:12:31"
5955,5960,1,"2024-05-13 10:15:17"
5956,5961,1,"2023-07-06 15:58:21"
5957,5962,1,"2023-12-26 12:44:32"
5958,5963,1,"2024-01-07 21:31:40"
5959,5964,1,"2023-11-02 22:16:21"
5960,5965,1,"2023-11-05 23:12:08"
5961,5966,1,"2023-12-30 23:25:15"
5962,5967,1,"2024-02-02 10:20:01"
5963,5968,1,"2023-07-20 20:30:19"
5964,5969,1,"2023-09-22 05:11:20"
5965,5970,1,"2024-03-12 03:13:35"
5966,5971,1,"2024-02-04 10:08:42"
5967,5972,1,"2023-07-18 14:31:05"
5968,5973,1,"2024-02-26 05:49:25"
5969,5974,1,"2023-11-18 21:28:32"
5970,5975,1,"2023-08-31 03:48:05"
5971,5976,1,"2024-03-10 23:23:18"
5972,5977,1,"2023-11-16 05:29:18"
5973,5978,1,"2023-11-27 13:49:16"
5974,5979,1,"2023-11-25 16:54:12"
5975,5980,1,"2024-03-12 03:21:00"
5976,5981,1,"2024-06-10 09:32:04"
5977,5982,1,"2023-09-08 19:59:09"
5978,5983,1,"2023-07-15 22:51:38"
5979,5984,1,"2023-11-17 02:19:02"
5980,5985,1,"2024-06-13 07:15:26"
5981,5986,1,"2024-04-18 10:02:14"
5982,5987,1,"2023-12-19 12:56:49"
5983,5988,1,"2024-01-06 11:03:15"
5984,5989,1,"2024-06-03 06:10:49"
5985,5990,1,"2023-10-02 15:14:10"
5986,5991,1,"2023-08-18 15:33:31"
5987,5992,1,"2023-12-04 03:43:36"
5988,5993,1,"2024-03-12 15:37:45"
5989,5994,1,"2024-04-25 05:08:04"
5990,5995,1,"2024-02-20 10:19:34"
5991,5996,1,"2024-01-23 15:26:06"
5992,5997,1,"2024-03-11 10:38:17"
5993,5998,1,"2024-01-18 09:45:43"
5994,5999,1,"2023-07-25 16:52:29"
5995,6000,1,"2023-07-31 23:35:47"
5996,6001,1,"2023-11-08 10:32:37"
5997,6002,1,"2023-08-30 19:09:47"
5998,6003,1,"2024-03-19 17:01:58"
5999,6004,1,"2023-08-30 06:54:19"
6000,6005,1,"2023-09-30 18:35:13"
6001,6006,1,"2024-03-15 20:46:43"
6002,6007,1,"2023-07-12 11:22:43"
6003,6008,1,"2023-10-30 05:29:42"
6004,6009,1,"2024-02-22 15:23:28"
6005,6010,1,"2023-10-30 02:34:24"
6006,6011,1,"2023-09-25 22:57:56"
6007,6012,1,"2024-06-07 19:03:08"
6008,6013,1,"2024-03-24 02:03:07"
6009,6014,1,"2024-05-11 15:54:49"
6010,6015,1,"2023-09-06 00:02:08"
6011,6016,1,"2023-07-14 13:26:17"
6012,6017,1,"2023-07-15 16:06:31"
6013,6018,1,"2024-01-29 22:43:13"
6014,6019,1,"2024-02-28 18:19:37"
6015,6020,1,"2023-09-04 02:17:39"
6016,6021,1,"2024-01-13 07:19:11"
6017,6022,1,"2024-02-05 21:05:01"
6018,6023,1,"2024-01-06 11:05:06"
6019,6024,1,"2024-04-03 12:26:20"
6020,6025,1,"2024-02-04 13:23:44"
6021,6026,1,"2024-05-04 13:14:54"
6022,6027,1,"2023-12-06 00:11:28"
6023,6028,1,"2024-06-08 05:38:50"
6024,6029,1,"2023-12-30 10:57:20"
6025,6030,1,"2023-10-03 20:49:27"
6026,6031,1,"2024-06-09 19:01:18"
6027,6032,1,"2023-10-15 14:29:34"
6028,6033,1,"2023-11-02 16:38:56"
6029,6034,1,"2024-02-12 15:03:24"
6030,6035,1,"2024-01-02 10:28:29"
6031,6036,1,"2024-02-26 14:03:49"
6032,6037,1,"2023-08-29 04:25:50"
6033,6038,1,"2023-11-24 00:06:50"
6034,6039,1,"2023-12-28 23:27:42"
6035,6040,1,"2024-02-10 15:48:29"
6036,6041,1,"2023-07-17 02:24:14"
6037,6042,1,"2023-09-01 22:31:16"
6038,6043,1,"2023-07-27 15:01:23"
6039,6044,1,"2023-06-21 08:04:03"
6040,6045,1,"2024-03-08 17:47:52"
6041,6046,1,"2024-02-22 15:30:31"
6042,6047,1,"2023-12-03 08:41:32"
6043,6048,1,"2023-08-26 11:45:26"
6044,6049,1,"2024-05-03 00:17:20"
6045,6050,1,"2024-05-08 16:22:27"
6046,6051,1,"2023-08-08 07:06:59"
6047,6052,1,"2023-12-11 07:29:44"
6048,6053,1,"2023-12-20 22:07:13"
6049,6054,1,"2023-11-14 14:29:46"
6050,6055,1,"2024-02-24 07:16:21"
6051,6056,1,"2024-04-03 18:17:49"
6052,6057,1,"2023-11-13 10:29:38"
6053,6058,1,"2023-09-20 07:21:45"
6054,6059,1,"2024-02-22 06:28:24"
6055,6060,1,"2024-05-26 03:31:11"
6056,6061,1,"2024-01-02 23:45:03"
6057,6062,1,"2024-01-09 09:18:27"
6058,6063,1,"2024-04-13 07:05:45"
6059,6064,1,"2024-04-29 17:26:13"
6060,6065,1,"2023-10-26 13:14:17"
6061,6066,1,"2024-01-24 23:00:37"
6062,6067,1,"2024-02-17 11:27:35"
6063,6068,1,"2024-05-14 21:45:14"
6064,6069,1,"2024-04-05 01:17:17"
6065,6070,1,"2023-09-09 01:45:12"
6066,6071,1,"2023-10-31 23:32:22"
6067,6072,1,"2023-08-04 08:47:10"
6068,6073,1,"2024-02-05 18:37:48"
6069,6074,1,"2024-03-24 05:12:03"
6070,6075,1,"2023-08-11 23:48:49"
6071,6076,1,"2023-07-19 09:39:46"
6072,6077,1,"2023-12-02 00:13:52"
6073,6078,1,"2023-11-28 20:45:19"
6074,6079,1,"2023-09-21 19:04:20"
6075,6080,1,"2024-02-25 05:30:16"
6076,6081,1,"2024-02-16 08:33:00"
6077,6082,1,"2024-05-14 21:36:27"
6078,6083,1,"2024-01-13 20:21:03"
6079,6084,1,"2023-07-04 11:25:42"
6080,6085,1,"2024-01-03 23:20:48"
6081,6086,1,"2024-06-01 10:36:52"
6082,6087,1,"2024-06-14 23:15:35"
6083,6088,1,"2024-05-19 10:44:41"
6084,6089,1,"2023-10-06 21:24:00"
6085,6090,1,"2024-03-01 11:54:21"
6086,6091,1,"2023-12-18 23:22:53"
6087,6092,1,"2024-03-28 03:00:24"
6088,6093,1,"2023-11-08 22:55:14"
6089,6094,1,"2024-05-13 08:23:08"
6090,6095,1,"2023-08-26 09:06:35"
6091,6096,1,"2024-04-25 19:19:52"
6092,6097,1,"2024-03-20 13:57:37"
6093,6098,1,"2024-05-13 18:47:11"
6094,6099,1,"2024-04-13 19:47:52"
6095,6100,1,"2023-10-19 10:29:51"
6096,6101,1,"2023-06-26 21:28:56"
6097,6102,1,"2024-05-20 13:34:42"
6098,6103,1,"2024-04-03 14:33:18"
6099,6104,1,"2024-04-26 20:42:22"
6100,6105,1,"2023-09-29 22:15:27"
6101,6106,1,"2024-04-19 16:39:06"
6102,6107,1,"2024-05-09 15:44:28"
6103,6108,1,"2024-03-06 06:34:25"
6104,6109,1,"2024-02-09 08:00:20"
6105,6110,1,"2024-03-22 02:47:51"
6106,6111,1,"2023-07-06 12:55:38"
6107,6112,1,"2023-09-20 09:55:12"
6108,6113,1,"2023-08-14 21:51:39"
6109,6114,1,"2023-09-15 04:24:17"
6110,6115,1,"2023-11-14 18:49:13"
6111,6116,1,"2024-01-24 21:17:44"
6112,6117,1,"2024-04-24 20:48:15"
6113,6118,1,"2023-09-28 15:45:01"
6114,6119,1,"2023-12-04 02:40:29"
6115,6120,1,"2023-06-24 22:57:47"
6116,6121,1,"2024-06-03 08:34:32"
6117,6122,1,"2023-07-09 12:43:17"
6118,6123,1,"2024-01-08 00:36:03"
6119,6124,1,"2024-05-07 12:50:14"
6120,6125,1,"2023-10-15 21:18:04"
6121,6126,1,"2024-03-30 16:25:49"
6122,6127,1,"2024-01-15 05:37:56"
6123,6128,1,"2023-10-09 11:23:46"
6124,6129,1,"2023-12-30 22:07:09"
6125,6130,1,"2023-12-15 15:58:57"
6126,6131,1,"2024-01-15 04:36:43"
6127,6132,1,"2023-10-16 04:50:40"
6128,6133,1,"2023-10-26 06:58:27"
6129,6134,1,"2023-11-29 23:21:02"
6130,6135,1,"2023-10-09 11:53:40"
6131,6136,1,"2023-12-05 01:58:28"
6132,6137,1,"2024-05-22 11:53:34"
6133,6138,1,"2023-10-02 00:44:41"
6134,6139,1,"2023-08-12 23:15:54"
6135,6140,1,"2024-02-09 21:19:30"
6136,6141,1,"2024-01-16 06:53:20"
6137,6142,1,"2023-11-07 20:34:05"
6138,6143,1,"2024-02-22 22:22:59"
6139,6144,1,"2024-03-14 01:29:56"
6140,6145,1,"2023-12-29 16:09:20"
6141,6146,1,"2024-05-20 22:54:38"
6142,6147,1,"2024-01-08 20:38:26"
6143,6148,1,"2024-06-06 17:12:26"
6144,6149,1,"2023-08-03 01:38:17"
6145,6150,1,"2024-05-21 22:22:23"
6146,6151,1,"2023-12-10 18:37:11"
6147,6152,1,"2023-10-18 16:19:45"
6148,6153,1,"2024-02-15 15:59:03"
6149,6154,1,"2024-02-29 09:31:06"
6150,6155,1,"2024-01-18 23:47:43"
6151,6156,1,"2023-10-01 16:16:53"
6152,6157,1,"2024-03-29 17:31:45"
6153,6158,1,"2023-06-22 13:13:58"
6154,6159,1,"2024-02-05 14:22:52"
6155,6160,1,"2023-10-24 10:33:07"
6156,6161,1,"2024-01-06 00:43:17"
6157,6162,1,"2023-10-04 09:20:55"
6158,6163,1,"2024-01-20 05:40:51"
6159,6164,1,"2023-11-08 07:23:30"
6160,6165,1,"2023-09-14 08:44:24"
6161,6166,1,"2023-08-23 22:30:16"
6162,6167,1,"2024-01-28 14:47:59"
6163,6168,1,"2024-02-12 12:32:50"
6164,6169,1,"2023-10-05 16:52:43"
6165,6170,1,"2023-07-06 07:02:02"
6166,6171,1,"2024-03-12 15:09:20"
6167,6172,1,"2023-12-16 19:06:22"
6168,6173,1,"2023-09-25 19:08:36"
6169,6174,1,"2023-11-21 10:38:54"
6170,6175,1,"2024-01-23 15:56:38"
6171,6176,1,"2024-04-12 12:38:29"
6172,6177,1,"2024-02-07 23:59:23"
6173,6178,1,"2023-08-18 23:05:03"
6174,6179,1,"2023-10-24 05:13:41"
6175,6180,1,"2024-05-02 04:30:46"
6176,6181,1,"2024-02-01 07:59:40"
6177,6182,1,"2024-06-02 15:34:43"
6178,6183,1,"2023-09-30 09:08:42"
6179,6184,1,"2023-09-09 18:01:26"
6180,6185,1,"2024-03-31 15:13:16"
6181,6186,1,"2023-11-23 17:38:02"
6182,6187,1,"2023-07-17 06:50:16"
6183,6188,1,"2024-03-09 17:40:42"
6184,6189,1,"2023-08-27 09:28:05"
6185,6190,1,"2024-02-22 13:59:01"
6186,6191,1,"2023-10-31 03:52:55"
6187,6192,1,"2023-10-22 05:25:38"
6188,6193,1,"2023-11-08 17:07:46"
6189,6194,1,"2024-01-23 05:30:31"
6190,6195,1,"2024-05-27 13:27:10"
6191,6196,1,"2023-10-19 18:29:14"
6192,6197,1,"2024-01-30 11:01:55"
6193,6198,1,"2023-07-25 12:21:56"
6194,6199,1,"2024-01-11 11:17:57"
6195,6200,1,"2024-02-07 00:46:19"
6196,6201,1,"2024-06-19 00:34:02"
6197,6202,1,"2023-12-25 14:05:37"
6198,6203,1,"2023-11-23 09:38:41"
6199,6204,1,"2024-05-02 23:04:57"
6200,6205,1,"2023-12-03 04:51:39"
6201,6206,1,"2023-11-16 15:04:10"
6202,6207,1,"2024-04-25 08:00:12"
6203,6208,1,"2023-10-08 07:16:49"
6204,6209,1,"2024-04-26 08:47:01"
6205,6210,1,"2023-10-11 05:12:19"
6206,6211,1,"2023-10-18 09:29:28"
6207,6212,1,"2024-01-13 22:17:34"
6208,6213,1,"2024-02-22 23:57:02"
6209,6214,1,"2023-07-30 23:54:05"
6210,6215,1,"2023-08-16 00:57:05"
6211,6216,1,"2024-02-01 04:13:23"
6212,6217,1,"2024-05-24 19:53:32"
6213,6218,1,"2024-05-23 01:16:15"
6214,6219,1,"2024-06-03 22:05:10"
6215,6220,1,"2023-12-01 16:11:22"
6216,6221,1,"2023-11-01 08:32:29"
6217,6222,1,"2024-05-08 00:52:04"
6218,6223,1,"2023-09-26 23:19:26"
6219,6224,1,"2023-08-04 08:22:09"
6220,6225,1,"2023-08-23 17:54:43"
6221,6226,1,"2024-01-12 13:11:44"
6222,6227,1,"2024-05-08 13:11:18"
6223,6228,1,"2023-10-30 22:03:39"
6224,6229,1,"2024-01-06 05:21:46"
6225,6230,1,"2024-03-26 08:50:53"
6226,6231,1,"2023-11-07 19:30:22"
6227,6232,1,"2024-05-22 04:24:37"
6228,6233,1,"2023-07-29 17:42:02"
6229,6234,1,"2024-04-13 05:46:19"
6230,6235,1,"2024-05-24 14:01:01"
6231,6236,1,"2023-09-24 00:54:09"
6232,6237,1,"2024-02-13 23:46:22"
6233,6238,1,"2024-06-08 06:40:38"
6234,6239,1,"2023-07-25 02:25:41"
6235,6240,1,"2024-03-24 12:25:21"
6236,6241,1,"2024-03-23 20:33:47"
6237,6242,1,"2023-10-08 07:09:42"
6238,6243,1,"2024-04-26 02:07:40"
6239,6244,1,"2023-07-30 07:15:00"
6240,6245,1,"2023-12-26 17:51:04"
6241,6246,1,"2024-05-28 17:50:52"
6242,6247,1,"2024-02-20 21:11:20"
6243,6248,1,"2024-01-24 12:05:19"
6244,6249,1,"2023-07-12 01:34:01"
6245,6250,1,"2023-09-20 05:46:51"
6246,6251,1,"2023-10-05 07:07:07"
6247,6252,1,"2023-10-18 15:02:57"
6248,6253,1,"2024-01-31 17:25:17"
6249,6254,1,"2023-08-05 21:44:19"
6250,6255,1,"2023-09-09 13:19:50"
6251,6256,1,"2024-06-05 19:34:10"
6252,6257,1,"2024-01-19 19:34:51"
6253,6258,1,"2024-06-08 00:41:27"
6254,6259,1,"2024-04-26 01:43:24"
6255,6260,1,"2023-08-22 06:19:55"
6256,6261,1,"2024-05-19 04:57:28"
6257,6262,1,"2023-08-19 14:19:51"
6258,6263,1,"2023-08-29 21:45:01"
6259,6264,1,"2024-03-03 07:50:24"
6260,6265,1,"2023-09-12 03:11:32"
6261,6266,1,"2023-10-14 04:08:55"
6262,6267,1,"2024-06-05 22:59:36"
6263,6268,1,"2023-12-28 07:25:05"
6264,6269,1,"2024-05-10 18:58:51"
6265,6270,1,"2023-07-08 18:35:46"
6266,6271,1,"2023-10-14 13:20:20"
6267,6272,1,"2023-10-21 08:26:42"
6268,6273,1,"2024-05-19 13:56:59"
6269,6274,1,"2023-09-27 15:50:43"
6270,6275,1,"2024-06-01 15:09:16"
6271,6276,1,"2023-12-24 17:44:14"
6272,6277,1,"2024-04-13 05:46:22"
6273,6278,1,"2023-12-31 02:08:43"
6274,6279,1,"2024-01-01 10:30:16"
6275,6280,1,"2023-07-05 18:32:43"
6276,6281,1,"2024-04-14 19:48:26"
6277,6282,1,"2023-12-07 15:25:13"
6278,6283,1,"2024-04-12 23:23:20"
6279,6284,1,"2024-03-28 09:34:21"
6280,6285,1,"2023-11-12 16:00:22"
6281,6286,1,"2024-02-22 11:13:57"
6282,6287,1,"2023-11-03 15:57:19"
6283,6288,1,"2024-03-25 00:31:31"
6284,6289,1,"2023-11-20 20:21:59"
6285,6290,1,"2023-09-22 20:37:53"
6286,6291,1,"2023-07-23 02:17:22"
6287,6292,1,"2023-08-09 11:59:10"
6288,6293,1,"2024-03-11 18:35:53"
6289,6294,1,"2023-12-23 08:21:01"
6290,6295,1,"2024-05-05 02:03:14"
6291,6296,1,"2023-10-30 10:39:41"
6292,6297,1,"2023-07-17 12:20:01"
6293,6298,1,"2024-02-04 20:38:23"
6294,6299,1,"2023-09-18 07:16:46"
6295,6300,1,"2023-07-31 04:09:39"
6296,6301,1,"2024-01-03 17:02:44"
6297,6302,1,"2023-12-18 11:08:11"
6298,6303,1,"2024-06-01 16:09:07"
6299,6304,1,"2023-12-11 09:50:50"
6300,6305,1,"2023-08-03 21:44:35"
6301,6306,1,"2024-04-19 16:21:30"
6302,6307,1,"2023-08-27 01:52:38"
6303,6308,1,"2023-07-06 08:19:38"
6304,6309,1,"2024-06-11 04:09:11"
6305,6310,1,"2023-07-02 03:11:31"
6306,6311,1,"2024-05-16 15:00:49"
6307,6312,1,"2023-08-30 09:43:37"
6308,6313,1,"2023-10-07 16:10:04"
6309,6314,1,"2023-08-20 14:39:01"
6310,6315,1,"2024-01-08 07:17:49"
6311,6316,1,"2024-01-28 19:33:15"
6312,6317,1,"2024-04-19 09:40:22"
6313,6318,1,"2023-11-03 02:32:39"
6314,6319,1,"2024-01-23 08:36:20"
6315,6320,1,"2023-10-01 03:25:52"
6316,6321,1,"2024-02-20 03:14:41"
6317,6322,1,"2024-05-21 15:13:53"
6318,6323,1,"2024-04-10 06:31:09"
6319,6324,1,"2023-11-27 05:45:05"
6320,6325,1,"2024-03-15 07:01:17"
6321,6326,1,"2024-01-20 18:59:51"
6322,6327,1,"2023-12-24 15:27:10"
6323,6328,1,"2024-03-03 01:48:59"
6324,6329,1,"2023-09-04 08:26:31"
6325,6330,1,"2023-07-13 17:03:44"
6326,6331,1,"2024-03-15 21:05:10"
6327,6332,1,"2023-12-07 08:13:56"
6328,6333,1,"2023-12-16 22:11:41"
6329,6334,1,"2023-10-28 13:01:42"
6330,6335,1,"2023-09-23 12:21:39"
6331,6336,1,"2024-02-18 17:27:18"
6332,6337,1,"2024-02-11 08:11:55"
6333,6338,1,"2023-12-21 18:46:17"
6334,6339,1,"2024-05-08 00:09:35"
6335,6340,1,"2024-02-10 20:03:27"
6336,6341,1,"2024-01-07 06:49:59"
6337,6342,1,"2024-04-16 18:38:33"
6338,6343,1,"2023-11-17 11:18:11"
6339,6344,1,"2024-04-02 01:17:41"
6340,6345,1,"2024-06-08 02:48:59"
6341,6346,1,"2024-03-07 03:28:40"
6342,6347,1,"2024-05-21 05:15:15"
6343,6348,1,"2024-06-11 19:09:03"
6344,6349,1,"2024-05-17 12:39:13"
6345,6350,1,"2024-01-29 03:00:39"
6346,6351,1,"2023-07-21 02:21:59"
6347,6352,1,"2023-11-02 02:46:35"
6348,6353,1,"2023-09-30 15:45:45"
6349,6354,1,"2024-01-21 06:05:11"
6350,6355,1,"2024-05-06 16:04:16"
6351,6356,1,"2024-03-10 18:22:32"
6352,6357,1,"2023-07-28 10:19:50"
6353,6358,1,"2023-08-25 06:05:33"
6354,6359,1,"2023-10-21 05:33:33"
6355,6360,1,"2024-02-13 19:54:40"
6356,6361,1,"2024-01-10 11:09:52"
6357,6362,1,"2023-09-11 19:43:13"
6358,6363,1,"2024-03-10 18:39:52"
6359,6364,1,"2024-04-11 23:17:11"
6360,6365,1,"2024-03-04 03:43:46"
6361,6366,1,"2023-10-09 22:10:28"
6362,6367,1,"2024-04-20 14:17:40"
6363,6368,1,"2023-07-07 13:14:20"
6364,6369,1,"2024-04-19 05:34:33"
6365,6370,1,"2023-09-12 22:59:27"
6366,6371,1,"2024-04-16 14:06:44"
6367,6372,1,"2024-02-12 12:29:04"
6368,6373,1,"2023-08-07 20:11:05"
6369,6374,1,"2023-12-29 12:57:55"
6370,6375,1,"2023-08-26 13:01:01"
6371,6376,1,"2024-01-08 21:17:21"
6372,6377,1,"2023-11-16 07:14:08"
6373,6378,1,"2024-05-26 11:23:43"
6374,6379,1,"2024-06-20 10:52:21"
6375,6380,1,"2023-07-27 05:18:32"
6376,6381,1,"2024-04-18 06:06:35"
6377,6382,1,"2024-03-11 10:42:03"
6378,6383,1,"2024-01-12 17:55:01"
6379,6384,1,"2024-05-10 17:07:22"
6380,6385,1,"2023-11-30 01:50:32"
6381,6386,1,"2023-09-13 05:45:01"
6382,6387,1,"2024-06-11 23:19:52"
6383,6388,1,"2023-10-06 14:24:43"
6384,6389,1,"2023-07-20 01:35:21"
6385,6390,1,"2023-08-07 08:15:32"
6386,6391,1,"2023-11-21 06:48:33"
6387,6392,1,"2024-01-25 20:55:47"
6388,6393,1,"2023-10-20 22:04:27"
6389,6394,1,"2023-09-03 13:04:51"
6390,6395,1,"2024-02-20 13:28:38"
6391,6396,1,"2024-05-25 05:13:46"
6392,6397,1,"2024-05-09 02:34:34"
6393,6398,1,"2023-08-21 16:54:53"
6394,6399,1,"2024-02-20 09:37:48"
6395,6400,1,"2023-08-07 08:39:02"
6396,6401,1,"2023-12-12 14:18:48"
6397,6402,1,"2023-10-30 03:40:50"
6398,6403,1,"2024-06-20 21:11:54"
6399,6404,1,"2024-06-17 00:02:56"
6400,6405,1,"2023-12-19 01:46:50"
6401,6406,1,"2023-09-13 12:05:51"
6402,6407,1,"2024-05-20 16:33:58"
6403,6408,1,"2023-09-28 17:05:25"
6404,6409,1,"2024-05-16 23:07:21"
6405,6410,1,"2024-04-14 11:27:37"
6406,6411,1,"2024-06-04 11:33:42"
6407,6412,1,"2023-09-18 04:32:04"
6408,6413,1,"2023-11-01 22:56:42"
6409,6414,1,"2023-12-01 12:28:06"
6410,6415,1,"2023-09-11 17:01:50"
6411,6416,1,"2023-07-09 12:11:38"
6412,6417,1,"2024-05-10 11:44:53"
6413,6418,1,"2023-09-27 09:16:37"
6414,6419,1,"2024-06-16 10:37:29"
6415,6420,1,"2023-10-26 02:33:32"
6416,6421,1,"2023-08-13 22:32:34"
6417,6422,1,"2023-10-28 01:26:31"
6418,6423,1,"2024-03-11 04:45:42"
6419,6424,1,"2024-03-09 16:17:11"
6420,6425,1,"2024-02-21 04:40:30"
6421,6426,1,"2024-05-09 03:51:08"
6422,6427,1,"2024-05-20 15:38:27"
6423,6428,1,"2023-07-23 12:54:36"
6424,6429,1,"2023-08-06 17:50:48"
6425,6430,1,"2023-12-26 09:16:01"
6426,6431,1,"2024-05-01 12:03:09"
6427,6432,1,"2024-04-26 21:34:24"
6428,6433,1,"2023-07-30 20:40:25"
6429,6434,1,"2023-12-25 15:37:25"
6430,6435,1,"2023-10-03 01:03:17"
6431,6436,1,"2024-01-27 14:47:32"
6432,6437,1,"2023-12-27 19:40:18"
6433,6438,1,"2023-07-02 04:25:22"
6434,6439,1,"2024-04-08 23:58:43"
6435,6440,1,"2023-11-20 23:46:36"
6436,6441,1,"2024-05-29 09:11:54"
6437,6442,1,"2023-06-21 04:59:03"
6438,6443,1,"2023-09-12 16:43:38"
6439,6444,1,"2024-05-27 22:41:19"
6440,6445,1,"2023-08-06 13:14:46"
6441,6446,1,"2024-06-05 23:07:27"
6442,6447,1,"2024-05-06 08:41:03"
6443,6448,1,"2024-03-11 05:05:45"
6444,6449,1,"2024-02-07 04:44:43"
6445,6450,1,"2023-09-02 00:55:46"
6446,6452,1,"2024-01-14 00:53:26"
6447,6453,1,"2024-03-09 16:49:53"
6448,6454,1,"2024-04-13 09:00:24"
6449,6455,1,"2023-09-23 04:33:57"
6450,6456,1,"2023-11-06 19:16:35"
6451,6457,1,"2024-02-09 03:20:30"
6452,6458,1,"2023-09-25 09:42:05"
6453,6459,1,"2023-06-21 22:17:57"
6454,6460,1,"2023-11-10 04:17:59"
6455,6461,1,"2024-04-03 05:02:46"
6456,6462,1,"2023-08-06 10:34:21"
6457,6463,1,"2024-03-29 02:03:19"
6458,6464,1,"2024-02-12 22:05:04"
6459,6465,1,"2023-07-14 01:52:35"
6460,6466,1,"2023-09-27 13:01:53"
6461,6467,1,"2023-09-25 22:14:44"
6462,6468,1,"2023-09-19 15:51:53"
6463,6469,1,"2023-08-06 17:37:53"
6464,6470,1,"2024-05-07 12:12:08"
6465,6471,1,"2024-04-29 10:19:17"
6466,6472,1,"2023-12-21 03:00:25"
6467,6473,1,"2023-07-21 00:02:58"
6468,6474,1,"2023-10-19 07:30:25"
6469,6475,1,"2024-05-18 04:08:47"
6470,6476,1,"2023-08-17 04:07:50"
6471,6477,1,"2023-11-12 02:34:01"
6472,6478,1,"2024-02-05 12:41:38"
6473,6479,1,"2023-09-26 06:19:28"
6474,6480,1,"2023-12-24 21:12:09"
6475,6481,1,"2023-07-08 04:53:30"
6476,6482,1,"2023-11-16 13:00:38"
6477,6483,1,"2023-10-01 02:18:12"
6478,6484,1,"2023-09-23 21:12:32"
6479,6485,1,"2023-08-13 02:24:19"
6480,6486,1,"2024-01-19 00:06:52"
6481,6487,1,"2023-09-15 02:10:19"
6482,6488,1,"2023-07-17 08:28:10"
6483,6489,1,"2024-03-22 08:08:34"
6484,6490,1,"2024-05-02 10:50:06"
6485,6491,1,"2023-09-16 21:10:38"
6486,6492,1,"2023-11-15 17:14:47"
6487,6493,1,"2024-02-21 10:40:56"
6488,6494,1,"2024-05-03 15:18:03"
6489,6495,1,"2024-03-10 06:39:58"
6490,6496,1,"2024-01-07 19:43:44"
6491,6497,1,"2023-09-11 11:25:51"
6492,6498,1,"2023-12-01 14:54:50"
6493,6499,1,"2024-02-16 07:21:00"
6494,6500,1,"2024-04-10 19:09:55"
6495,6501,1,"2024-03-10 07:02:20"
6496,6502,1,"2024-01-20 09:42:45"
6497,6503,1,"2023-09-03 07:23:11"
6498,6504,1,"2023-12-16 23:16:30"
6499,6505,1,"2024-05-24 20:57:02"
6500,6506,1,"2024-01-10 22:04:42"
6501,6507,1,"2023-11-03 18:55:35"
6502,6508,1,"2024-02-09 04:52:24"
6503,6509,1,"2023-12-14 04:01:46"
6504,6510,1,"2023-12-12 16:28:15"
6505,6511,1,"2023-11-08 01:52:43"
6506,6512,1,"2023-10-20 02:23:18"
6507,6513,1,"2023-06-22 14:58:15"
6508,6514,1,"2023-08-06 21:22:01"
6509,6515,1,"2023-08-07 12:38:25"
6510,6516,1,"2023-09-10 08:23:42"
6511,6517,1,"2023-12-20 09:01:52"
6512,6518,1,"2023-10-25 06:47:52"
6513,6519,1,"2024-05-19 02:27:01"
6514,6520,1,"2023-10-09 10:30:21"
6515,6521,1,"2024-06-07 16:53:59"
6516,6522,1,"2024-05-04 21:44:34"
6517,6523,1,"2023-11-25 01:37:57"
6518,6524,1,"2023-07-21 00:19:51"
6519,6525,1,"2023-11-03 15:57:30"
6520,6526,1,"2024-05-01 00:18:12"
6521,6527,1,"2023-07-01 11:29:04"
6522,6528,1,"2024-01-30 08:24:27"
6523,6529,1,"2023-12-10 14:55:13"
6524,6530,1,"2024-04-09 21:33:41"
6525,6531,1,"2024-04-18 16:37:39"
6526,6532,1,"2024-01-24 01:26:48"
6527,6533,1,"2024-02-20 20:03:31"
6528,6534,1,"2024-04-08 22:13:21"
6529,6535,1,"2023-06-22 03:54:52"
6530,6536,1,"2024-03-28 13:41:47"
6531,6537,1,"2024-04-22 18:47:16"
6532,6538,1,"2024-01-16 14:59:56"
6533,6539,1,"2023-07-15 03:35:22"
6534,6540,1,"2023-07-20 16:24:44"
6535,6541,1,"2024-01-16 08:42:15"
6536,6542,1,"2024-06-16 04:59:45"
6537,6543,1,"2024-05-05 14:30:39"
6538,6544,1,"2023-12-12 21:15:04"
6539,6545,1,"2023-12-29 05:34:37"
6540,6546,1,"2024-06-13 19:37:02"
6541,6547,1,"2024-03-17 20:34:26"
6542,6548,1,"2023-07-11 11:02:24"
6543,6549,1,"2024-02-11 07:03:22"
6544,6550,1,"2023-07-31 07:10:22"
6545,6551,1,"2024-05-20 20:51:20"
6546,6552,1,"2023-09-05 21:12:40"
6547,6553,1,"2024-04-04 10:38:40"
6548,6554,1,"2023-09-21 14:46:32"
6549,6555,1,"2024-04-14 04:11:04"
6550,6556,1,"2023-10-30 22:19:50"
6551,6557,1,"2024-05-12 07:17:41"
6552,6558,1,"2023-11-19 13:33:38"
6553,6559,1,"2023-10-12 14:00:51"
6554,6560,1,"2023-07-27 09:42:17"
6555,6561,1,"2023-12-12 01:18:23"
6556,6562,1,"2024-02-19 14:46:46"
6557,6563,1,"2024-02-16 15:58:55"
6558,6564,1,"2023-08-03 17:51:00"
6559,6565,1,"2023-07-17 04:42:27"
6560,6566,1,"2024-02-24 22:00:43"
6561,6567,1,"2024-01-02 13:20:32"
6562,6568,1,"2024-05-22 16:30:21"
6563,6569,1,"2023-08-10 19:57:33"
6564,6570,1,"2024-03-09 12:01:25"
6565,6571,1,"2024-06-14 05:07:48"
6566,6572,1,"2024-02-05 07:15:05"
6567,6573,1,"2023-10-11 12:34:57"
6568,6574,1,"2023-09-10 19:54:47"
6569,6575,1,"2023-10-27 00:59:56"
6570,6576,1,"2024-05-23 19:38:41"
6571,6577,1,"2023-08-14 17:15:54"
6572,6578,1,"2023-11-02 22:51:16"
6573,6579,1,"2024-02-26 08:02:42"
6574,6580,1,"2023-11-03 09:46:05"
6575,6581,1,"2023-07-23 18:38:21"
6576,6582,1,"2024-04-12 08:20:56"
6577,6583,1,"2023-10-08 00:41:15"
6578,6584,1,"2024-03-03 22:07:46"
6579,6585,1,"2023-06-25 10:27:42"
6580,6586,1,"2024-02-22 10:43:59"
6581,6587,1,"2024-02-29 06:58:30"
6582,6588,1,"2023-09-23 09:08:26"
6583,6589,1,"2023-08-18 20:26:11"
6584,6590,1,"2023-07-17 19:29:47"
6585,6591,1,"2024-05-06 09:43:46"
6586,6592,1,"2024-05-12 13:55:38"
6587,6593,1,"2024-04-30 06:05:23"
6588,6594,1,"2024-02-23 09:03:30"
6589,6595,1,"2023-11-21 21:23:16"
6590,6596,1,"2023-09-24 17:11:12"
6591,6597,1,"2023-07-30 22:25:20"
6592,6598,1,"2024-03-01 07:56:42"
6593,6599,1,"2024-05-22 02:04:37"
6594,6600,1,"2024-01-21 18:47:18"
6595,6601,1,"2023-08-09 02:01:53"
6596,6602,1,"2023-10-02 05:52:12"
6597,6603,1,"2023-09-15 02:36:52"
6598,6604,1,"2023-07-20 12:05:45"
6599,6605,1,"2023-11-10 10:08:22"
6600,6606,1,"2023-07-21 11:50:09"
6601,6607,1,"2024-05-04 12:41:21"
6602,6608,1,"2024-06-21 02:38:25"
6603,6609,1,"2024-04-01 02:23:17"
6604,6610,1,"2023-08-21 01:48:08"
6605,6611,1,"2024-05-26 05:53:23"
6606,6612,1,"2023-08-02 17:49:16"
6607,6613,1,"2024-01-05 05:28:05"
6608,6614,1,"2024-04-02 17:44:29"
6609,6615,1,"2023-09-09 01:57:14"
6610,6616,1,"2023-12-20 04:41:37"
6611,6617,1,"2024-06-07 20:14:29"
6612,6618,1,"2023-07-25 12:54:14"
6613,6619,1,"2023-10-20 17:16:08"
6614,6620,1,"2024-01-26 21:13:51"
6615,6621,1,"2024-05-22 12:41:14"
6616,6622,1,"2023-07-09 02:32:18"
6617,6623,1,"2024-05-19 08:23:32"
6618,6624,1,"2023-09-09 17:53:34"
6619,6625,1,"2023-07-26 04:15:31"
6620,6626,1,"2024-02-02 04:52:12"
6621,6627,1,"2023-12-23 18:06:00"
6622,6628,1,"2024-03-12 13:40:36"
6623,6629,1,"2023-10-28 22:13:17"
6624,6630,1,"2023-12-05 13:25:38"
6625,6631,1,"2024-03-15 16:29:28"
6626,6632,1,"2023-07-18 16:10:04"
6627,6633,1,"2023-08-22 10:17:50"
6628,6634,1,"2024-05-14 13:53:30"
6629,6635,1,"2024-04-16 21:20:09"
6630,6636,1,"2023-10-03 17:34:29"
6631,6637,1,"2024-01-19 10:07:13"
6632,6638,1,"2024-06-18 09:07:16"
6633,6639,1,"2023-10-19 10:08:54"
6634,6640,1,"2024-01-19 17:30:04"
6635,6641,1,"2023-12-13 13:01:43"
6636,6642,1,"2023-12-26 21:25:16"
6637,6643,1,"2023-10-26 00:47:31"
6638,6644,1,"2024-04-06 16:45:31"
6639,6645,1,"2024-01-17 19:21:55"
6640,6646,1,"2024-04-01 10:24:55"
6641,6647,1,"2024-05-14 22:02:16"
6642,6648,1,"2024-03-06 11:58:16"
6643,6649,1,"2023-07-21 12:16:10"
6644,6650,1,"2024-05-15 21:51:18"
6645,6651,1,"2024-03-21 03:14:14"
6646,6652,1,"2024-03-31 03:25:22"
6647,6653,1,"2023-07-27 02:03:57"
6648,6654,1,"2023-12-28 17:12:26"
6649,6655,1,"2023-11-27 01:47:07"
6650,6656,1,"2024-04-11 07:09:21"
6651,6657,1,"2023-10-23 14:18:44"
6652,6658,1,"2023-12-17 12:45:08"
6653,6659,1,"2023-11-10 14:09:54"
6654,6660,1,"2023-12-18 05:35:06"
6655,6661,1,"2024-02-21 06:58:23"
6656,6662,1,"2023-08-03 19:38:17"
6657,6663,1,"2023-12-18 21:57:24"
6658,6664,1,"2023-07-10 04:52:25"
6659,6665,1,"2023-10-11 05:02:12"
6660,6666,1,"2024-03-07 07:31:11"
6661,6667,1,"2024-03-29 02:04:17"
6662,6668,1,"2023-11-30 05:04:08"
6663,6669,1,"2024-04-21 06:28:42"
6664,6670,1,"2023-10-08 02:07:22"
6665,6671,1,"2024-03-03 02:36:40"
6666,6672,1,"2024-03-25 13:18:56"
6667,6673,1,"2024-01-28 18:33:59"
6668,6674,1,"2024-04-26 03:23:55"
6669,6675,1,"2024-02-28 16:42:16"
6670,6676,1,"2023-11-14 10:44:31"
6671,6677,1,"2024-02-18 05:40:51"
6672,6678,1,"2023-07-30 21:21:26"
6673,6679,1,"2023-08-08 18:15:22"
6674,6680,1,"2023-08-09 14:12:31"
6675,6681,1,"2023-08-04 11:00:21"
6676,6682,1,"2023-08-07 02:55:42"
6677,6683,1,"2023-07-28 16:13:24"
6678,6684,1,"2023-07-02 21:12:29"
6679,6685,1,"2024-03-25 06:31:52"
6680,6686,1,"2023-09-05 18:53:28"
6681,6687,1,"2023-07-31 15:56:12"
6682,6688,1,"2023-10-16 23:45:29"
6683,6689,1,"2024-02-03 03:03:40"
6684,6690,1,"2023-09-18 12:45:05"
6685,6691,1,"2024-05-20 17:35:14"
6686,6692,1,"2023-11-09 02:30:00"
6687,6693,1,"2023-11-20 01:33:19"
6688,6694,1,"2023-09-28 13:18:14"
6689,6695,1,"2023-09-18 11:20:33"
6690,6696,1,"2024-03-22 23:19:31"
6691,6697,1,"2023-06-28 22:59:09"
6692,6698,1,"2023-09-09 14:02:03"
6693,6699,1,"2023-06-26 04:04:33"
6694,6700,1,"2023-09-14 14:27:10"
6695,6701,1,"2023-09-08 00:29:16"
6696,6702,1,"2024-03-20 21:02:36"
6697,6703,1,"2024-01-16 01:54:12"
6698,6704,1,"2023-10-27 05:52:20"
6699,6705,1,"2023-10-10 23:27:00"
6700,6706,1,"2024-06-08 04:46:34"
6701,6707,1,"2024-03-08 14:08:54"
6702,6708,1,"2023-06-21 08:46:57"
6703,6709,1,"2024-04-22 20:26:36"
6704,6710,1,"2023-08-02 11:21:03"
6705,6711,1,"2024-02-01 01:17:33"
6706,6712,1,"2024-06-13 03:32:32"
6707,6713,1,"2023-08-13 03:47:37"
6708,6714,1,"2023-11-03 06:05:43"
6709,6715,1,"2023-10-10 20:24:40"
6710,6716,1,"2023-09-20 17:44:29"
6711,6717,1,"2023-07-12 09:21:08"
6712,6718,1,"2023-08-02 16:05:15"
6713,6719,1,"2024-03-18 23:38:18"
6714,6720,1,"2024-04-25 05:47:56"
6715,6721,1,"2024-02-18 19:05:56"
6716,6722,1,"2024-01-02 23:08:49"
6717,6723,1,"2023-07-19 21:09:28"
6718,6724,1,"2023-07-01 05:18:06"
6719,6725,1,"2023-09-11 10:33:37"
6720,6726,1,"2023-12-08 18:45:38"
6721,6727,1,"2024-04-03 03:46:56"
6722,6728,1,"2024-03-14 06:25:01"
6723,6729,1,"2024-05-17 14:47:42"
6724,6730,1,"2023-06-29 14:21:52"
6725,6731,1,"2024-04-11 00:30:38"
6726,6732,1,"2024-03-21 14:13:31"
6727,6733,1,"2023-10-14 17:18:08"
6728,6734,1,"2024-06-04 22:17:14"
6729,6735,1,"2023-10-25 06:02:32"
6730,6736,1,"2023-12-05 13:23:45"
6731,6737,1,"2023-11-22 18:57:47"
6732,6738,1,"2023-12-28 05:12:04"
6733,6739,1,"2023-12-07 14:09:58"
6734,6740,1,"2023-07-21 16:56:18"
6735,6741,1,"2024-02-17 14:59:27"
6736,6742,1,"2024-01-21 06:34:47"
6737,6743,1,"2023-07-30 07:40:40"
6738,6744,1,"2023-12-05 18:20:50"
6739,6745,1,"2023-07-07 17:23:43"
6740,6746,1,"2023-11-12 19:15:23"
6741,6747,1,"2023-07-26 11:24:29"
6742,6748,1,"2024-03-22 09:55:26"
6743,6749,1,"2024-03-16 12:16:16"
6744,6750,1,"2024-05-20 19:59:15"
6745,6751,1,"2024-06-16 17:51:37"
6746,6752,1,"2023-08-22 03:50:21"
6747,6753,1,"2024-02-06 04:33:55"
6748,6754,1,"2023-12-12 15:09:21"
6749,6755,1,"2023-11-14 18:04:03"
6750,6756,1,"2023-08-05 04:05:56"
6751,6757,1,"2023-12-22 12:00:41"
6752,6758,1,"2023-08-09 20:36:23"
6753,6759,1,"2023-10-14 23:28:08"
6754,6760,1,"2024-01-05 21:08:06"
6755,6761,1,"2023-06-30 02:28:08"
6756,6762,1,"2024-02-05 07:46:23"
6757,6763,1,"2024-03-19 04:43:31"
6758,6764,1,"2023-12-30 08:02:22"
6759,6765,1,"2023-07-09 10:14:45"
6760,6766,1,"2024-05-23 20:22:52"
6761,6767,1,"2023-12-31 14:27:18"
6762,6768,1,"2023-09-30 20:18:01"
6763,6769,1,"2023-11-10 23:46:06"
6764,6770,1,"2024-06-13 02:26:11"
6765,6771,1,"2023-08-14 01:21:06"
6766,6772,1,"2024-05-30 08:19:43"
6767,6773,1,"2023-09-18 10:43:54"
6768,6774,1,"2024-02-01 03:13:55"
6769,6775,1,"2024-02-15 20:59:23"
6770,6776,1,"2023-07-23 16:32:38"
6771,6777,1,"2023-10-02 07:48:22"
6772,6778,1,"2023-06-26 22:20:08"
6773,6779,1,"2023-11-30 04:48:40"
6774,6780,1,"2023-11-05 01:25:51"
6775,6781,1,"2024-06-01 08:11:30"
6776,6782,1,"2023-12-30 12:38:01"
6777,6783,1,"2024-03-14 03:56:04"
6778,6784,1,"2023-09-21 15:30:19"
6779,6785,1,"2023-10-24 15:00:30"
6780,6786,1,"2024-04-08 02:27:20"
6781,6787,1,"2024-05-26 18:30:21"
6782,6788,1,"2023-09-19 22:34:44"
6783,6789,1,"2024-05-15 00:34:27"
6784,6790,1,"2024-06-05 08:05:25"
6785,6791,1,"2023-11-19 22:49:21"
6786,6792,1,"2023-06-29 18:02:32"
6787,6793,1,"2024-01-27 22:09:48"
6788,6794,1,"2023-12-01 07:50:13"
6789,6795,1,"2024-01-15 08:17:54"
6790,6796,1,"2023-09-06 22:13:37"
6791,6797,1,"2024-05-29 15:58:30"
6792,6798,1,"2024-01-13 09:54:42"
6793,6799,1,"2024-03-02 17:41:46"
6794,6800,1,"2023-11-25 13:19:35"
6795,6801,1,"2023-11-14 05:25:03"
6796,6802,1,"2023-12-22 15:38:38"
6797,6803,1,"2024-06-02 09:41:32"
6798,6804,1,"2024-04-23 08:42:25"
6799,6805,1,"2023-10-25 06:35:39"
6800,6806,1,"2023-09-07 16:10:56"
6801,6807,1,"2023-09-01 07:28:30"
6802,6808,1,"2023-11-20 18:41:06"
6803,6809,1,"2024-04-16 04:27:24"
6804,6810,1,"2023-09-28 23:53:42"
6805,6811,1,"2024-05-15 12:13:39"
6806,6812,1,"2023-08-30 13:43:44"
6807,6813,1,"2023-11-15 01:59:29"
6808,6814,1,"2024-01-29 06:45:54"
6809,6815,1,"2024-04-24 03:28:41"
6810,6816,1,"2023-09-30 23:18:57"
6811,6817,1,"2024-02-10 03:15:18"
6812,6818,1,"2024-03-11 18:07:34"
6813,6819,1,"2023-09-20 22:38:46"
6814,6820,1,"2023-06-20 18:23:37"
6815,6821,1,"2023-11-05 00:26:12"
6816,6822,1,"2023-10-06 06:05:24"
6817,6823,1,"2024-06-13 17:00:07"
6818,6824,1,"2024-02-15 03:57:00"
6819,6825,1,"2023-08-09 11:47:35"
6820,6826,1,"2024-03-02 11:35:16"
6821,6827,1,"2023-10-01 21:20:39"
6822,6828,1,"2023-11-25 13:55:28"
6823,6829,1,"2024-06-09 15:28:19"
6824,6830,1,"2023-07-27 15:13:16"
6825,6831,1,"2024-01-08 13:07:17"
6826,6832,1,"2024-06-02 10:00:41"
6827,6833,1,"2024-03-01 14:19:03"
6828,6834,1,"2023-10-03 11:02:30"
6829,6835,1,"2023-12-06 05:59:38"
6830,6836,1,"2023-12-14 19:37:25"
6831,6837,1,"2023-07-01 21:28:33"
6832,6838,1,"2023-09-16 05:57:45"
6833,6839,1,"2023-12-16 13:25:02"
6834,6840,1,"2023-09-01 00:57:46"
6835,6841,1,"2024-02-10 07:36:07"
6836,6842,1,"2023-10-12 02:09:50"
6837,6843,1,"2024-01-13 15:45:02"
6838,6844,1,"2024-03-21 10:55:21"
6839,6845,1,"2023-09-04 19:01:58"
6840,6846,1,"2024-04-14 15:51:45"
6841,6847,1,"2024-05-21 12:19:04"
6842,6848,1,"2024-04-09 11:46:45"
6843,6849,1,"2023-11-28 15:53:25"
6844,6850,1,"2024-03-01 20:35:17"
6845,6851,1,"2024-04-28 01:28:27"
6846,6852,1,"2023-12-09 13:20:09"
6847,6853,1,"2024-05-02 23:28:46"
6848,6854,1,"2023-07-11 20:59:56"
6849,6855,1,"2024-06-19 20:28:49"
6850,6856,1,"2024-02-20 21:05:35"
6851,6857,1,"2024-05-15 17:02:55"
6852,6858,1,"2024-04-10 10:14:36"
6853,6859,1,"2023-06-29 16:57:21"
6854,6860,1,"2024-05-31 01:14:38"
6855,6861,1,"2023-12-09 14:36:27"
6856,6862,1,"2024-05-30 09:24:41"
6857,6863,1,"2024-02-20 22:57:29"
6858,6864,1,"2024-06-17 07:51:25"
6859,6865,1,"2023-10-30 17:48:44"
6860,6866,1,"2023-07-29 13:25:14"
6861,6867,1,"2023-09-21 06:53:31"
6862,6868,1,"2023-12-26 12:11:04"
6863,6869,1,"2023-12-15 14:54:47"
6864,6870,1,"2024-03-18 18:41:23"
6865,6871,1,"2024-03-01 19:32:34"
6866,6872,1,"2023-09-26 06:57:07"
6867,6873,1,"2023-07-09 22:10:13"
6868,6874,1,"2024-02-13 10:37:27"
6869,6875,1,"2024-02-13 18:45:10"
6870,6876,1,"2023-11-26 16:57:05"
6871,6877,1,"2024-06-18 19:44:37"
6872,6878,1,"2023-08-06 19:26:50"
6873,6879,1,"2024-04-15 16:26:02"
6874,6880,1,"2024-04-05 00:28:50"
6875,6881,1,"2023-07-13 21:17:00"
6876,6882,1,"2024-02-07 13:55:27"
6877,6883,1,"2023-06-26 12:32:35"
6878,6884,1,"2024-04-17 01:47:07"
6879,6885,1,"2023-08-02 05:36:24"
6880,6886,1,"2023-08-30 04:33:32"
6881,6887,1,"2023-12-05 03:08:10"
6882,6888,1,"2023-09-18 06:56:23"
6883,6889,1,"2024-05-19 03:02:33"
6884,6890,1,"2023-08-02 14:19:25"
6885,6891,1,"2023-06-21 11:24:19"
6886,6892,1,"2023-07-20 19:38:11"
6887,6893,1,"2023-11-16 21:08:22"
6888,6894,1,"2023-11-05 13:21:23"
6889,6895,1,"2023-08-31 20:30:53"
6890,6896,1,"2024-03-31 09:04:45"
6891,6897,1,"2023-11-21 01:16:35"
6892,6898,1,"2023-09-19 05:51:46"
6893,6899,1,"2023-12-29 04:50:59"
6894,6900,1,"2023-10-08 03:20:38"
6895,6901,1,"2024-02-04 09:49:14"
6896,6902,1,"2023-06-26 13:24:19"
6897,6903,1,"2024-04-08 13:10:14"
6898,6904,1,"2023-07-07 13:21:50"
6899,6905,1,"2023-08-18 02:31:49"
6900,6906,1,"2024-02-27 11:21:20"
6901,6907,1,"2024-03-20 23:22:19"
6902,6908,1,"2024-02-04 15:44:50"
6903,6909,1,"2023-11-20 12:14:30"
6904,6910,1,"2023-08-14 02:03:17"
6905,6911,1,"2023-10-31 19:29:40"
6906,6912,1,"2023-08-16 06:24:55"
6907,6913,1,"2023-08-30 22:37:00"
6908,6914,1,"2023-12-30 09:10:21"
6909,6915,1,"2023-07-12 08:31:54"
6910,6916,1,"2024-05-12 00:33:12"
6911,6917,1,"2024-02-20 13:22:36"
6912,6918,1,"2024-01-28 10:18:42"
6913,6919,1,"2023-06-26 15:29:15"
6914,6920,1,"2023-08-16 22:09:45"
6915,6921,1,"2023-08-20 07:11:31"
6916,6922,1,"2023-12-13 19:34:53"
6917,6923,1,"2024-05-04 16:53:43"
6918,6924,1,"2023-06-20 13:15:50"
6919,6925,1,"2023-08-22 01:12:03"
6920,6926,1,"2023-08-25 15:23:54"
6921,6927,1,"2024-03-27 12:08:43"
6922,6928,1,"2024-01-23 02:46:00"
6923,6929,1,"2023-07-01 15:08:52"
6924,6930,1,"2024-01-11 14:49:22"
6925,6931,1,"2024-01-14 19:55:33"
6926,6932,1,"2024-05-11 11:57:39"
6927,6933,1,"2023-11-14 10:29:39"
6928,6934,1,"2024-06-11 05:36:29"
6929,6935,1,"2024-03-11 15:14:08"
6930,6936,1,"2024-01-29 13:28:56"
6931,6937,1,"2024-02-21 09:19:33"
6932,6938,1,"2024-06-13 04:20:30"
6933,6939,1,"2023-12-07 19:44:52"
6934,6940,1,"2023-09-28 08:38:39"
6935,6941,1,"2023-07-05 16:22:44"
6936,6942,1,"2023-12-22 00:27:01"
6937,6943,1,"2024-02-17 11:44:17"
6938,6944,1,"2023-07-23 08:08:42"
6939,6945,1,"2023-06-21 15:09:11"
6940,6946,1,"2023-12-02 00:53:02"
6941,6947,1,"2023-09-13 10:53:07"
6942,6948,1,"2024-03-11 22:28:14"
6943,6949,1,"2023-11-30 07:19:24"
6944,6950,1,"2024-06-09 13:50:22"
6945,6951,1,"2024-01-28 12:01:57"
6946,6952,1,"2024-05-07 18:23:54"
6947,6953,1,"2023-12-24 16:10:22"
6948,6954,1,"2023-08-18 20:15:48"
6949,6955,1,"2024-01-20 18:27:09"
6950,6956,1,"2024-05-29 19:21:54"
6951,6957,1,"2024-05-16 22:17:01"
6952,6958,1,"2024-01-16 18:46:02"
6953,6959,1,"2024-02-22 15:43:57"
6954,6960,1,"2023-12-15 12:10:38"
6955,6961,1,"2023-07-02 16:37:30"
6956,6962,1,"2023-11-16 19:15:09"
6957,6963,1,"2023-08-18 03:42:35"
6958,6964,1,"2024-01-14 17:27:57"
6959,6965,1,"2024-06-08 09:03:40"
6960,6966,1,"2024-03-11 06:53:27"
6961,6967,1,"2023-10-15 21:59:41"
6962,6968,1,"2023-07-05 05:39:46"
6963,6969,1,"2024-02-06 18:13:15"
6964,6970,1,"2024-03-26 10:10:59"
6965,6971,1,"2023-10-05 13:27:55"
6966,6972,1,"2023-07-28 18:09:53"
6967,6973,1,"2024-04-17 21:27:45"
6968,6974,1,"2024-04-25 04:15:08"
6969,6975,1,"2024-03-04 07:16:16"
6970,6976,1,"2024-02-24 02:15:55"
6971,6977,1,"2023-11-25 20:52:49"
6972,6978,1,"2024-05-25 16:43:47"
6973,6979,1,"2024-04-08 00:42:18"
6974,6980,1,"2024-04-13 16:59:55"
6975,6981,1,"2023-11-22 06:21:20"
6976,6982,1,"2024-03-27 23:50:33"
6977,6983,1,"2024-06-06 01:48:36"
6978,6984,1,"2023-09-25 00:07:08"
6979,6985,1,"2023-12-15 08:46:51"
6980,6986,1,"2023-09-03 12:25:49"
6981,6987,1,"2024-03-28 23:42:28"
6982,6988,1,"2023-10-18 11:12:37"
6983,6989,1,"2023-09-30 23:22:22"
6984,6990,1,"2024-01-27 06:52:46"
6985,6991,1,"2023-12-07 09:23:28"
6986,6992,1,"2023-10-06 06:29:57"
6987,6993,1,"2024-03-02 16:35:12"
6988,6994,1,"2023-08-10 20:59:59"
6989,6995,1,"2024-04-20 10:07:41"
6990,6996,1,"2023-12-25 05:33:22"
6991,6997,1,"2024-03-16 09:06:40"
6992,6998,1,"2024-05-23 01:38:56"
6993,6999,1,"2024-03-24 21:55:55"
6994,7000,1,"2023-09-24 14:52:19"
6995,7001,1,"2023-09-26 15:20:17"
6996,7002,1,"2023-09-18 04:25:30"
6997,7003,1,"2023-07-27 22:46:42"
6998,7004,1,"2023-11-10 13:18:22"
6999,7005,1,"2023-07-19 11:04:29"
7000,7006,1,"2023-08-28 15:34:28"
7001,7007,1,"2024-01-08 06:27:52"
7002,7008,1,"2023-12-20 03:33:56"
7003,7009,1,"2023-12-20 16:06:53"
7004,7010,1,"2024-02-16 03:41:18"
7005,7011,1,"2024-03-02 13:19:51"
7006,7012,1,"2023-11-25 06:12:36"
7007,7013,1,"2024-06-02 15:41:11"
7008,7014,1,"2024-06-19 09:32:14"
7009,7015,1,"2024-04-20 11:19:24"
7010,7016,1,"2023-10-05 14:25:08"
7011,7017,1,"2023-09-29 04:01:42"
7012,7018,1,"2023-08-22 20:01:43"
7013,7019,1,"2024-05-29 22:04:12"
7014,7020,1,"2024-05-13 04:43:58"
7015,7021,1,"2024-02-15 12:06:27"
7016,7022,1,"2023-09-22 16:22:23"
7017,7023,1,"2024-01-12 23:29:15"
7018,7024,1,"2023-08-11 08:21:13"
7019,7025,1,"2023-07-11 12:48:32"
7020,7026,1,"2024-03-07 21:51:45"
7021,7027,1,"2024-04-27 11:05:05"
7022,7028,1,"2023-07-09 03:03:33"
7023,7029,1,"2024-04-10 18:04:24"
7024,7030,1,"2023-11-22 13:28:11"
7025,7031,1,"2024-04-09 17:22:12"
7026,7032,1,"2024-01-24 09:09:15"
7027,7033,1,"2024-01-27 07:47:38"
7028,7034,1,"2024-04-21 08:25:16"
7029,7035,1,"2023-08-07 14:14:48"
7030,7036,1,"2023-09-24 08:17:28"
7031,7037,1,"2024-01-25 11:06:19"
7032,7038,1,"2024-01-21 03:56:04"
7033,7039,1,"2024-04-15 12:00:43"
7034,7040,1,"2024-01-13 23:45:33"
7035,7041,1,"2023-12-28 17:27:05"
7036,7042,1,"2024-06-03 06:31:56"
7037,7043,1,"2024-01-05 20:35:31"
7038,7044,1,"2023-09-09 14:35:06"
7039,7045,1,"2023-12-13 19:38:23"
7040,7046,1,"2023-08-22 07:52:40"
7041,7047,1,"2023-12-13 21:22:09"
7042,7048,1,"2023-10-26 02:36:50"
7043,7049,1,"2024-06-10 18:57:18"
7044,7050,1,"2024-03-06 14:17:13"
7045,7051,1,"2023-09-03 22:01:39"
7046,7052,1,"2024-04-29 15:39:30"
7047,7053,1,"2023-10-29 01:43:00"
7048,7054,1,"2023-12-16 02:35:24"
7049,7055,1,"2023-06-28 03:15:28"
7050,7056,1,"2023-11-12 18:43:53"
7051,7057,1,"2023-09-01 23:05:47"
7052,7058,1,"2024-04-30 00:16:15"
7053,7059,1,"2023-10-15 12:51:14"
7054,7060,1,"2024-01-31 15:25:21"
7055,7061,1,"2024-03-14 02:44:23"
7056,7062,1,"2024-04-02 22:29:34"
7057,7063,1,"2024-04-15 14:47:32"
7058,7064,1,"2023-10-10 01:20:11"
7059,7065,1,"2023-08-07 09:14:20"
7060,7066,1,"2023-10-01 23:12:03"
7061,7067,1,"2024-03-10 14:55:50"
7062,7068,1,"2023-08-31 01:36:01"
7063,7069,1,"2024-04-26 08:47:36"
7064,7070,1,"2023-09-05 08:57:05"
7065,7071,1,"2023-11-01 00:10:46"
7066,7072,1,"2024-03-12 19:27:52"
7067,7073,1,"2024-03-31 21:17:07"
7068,7074,1,"2023-12-02 09:53:16"
7069,7075,1,"2023-08-08 17:18:32"
7070,7076,1,"2023-07-23 14:40:25"
7071,7077,1,"2023-12-25 05:01:29"
7072,7078,1,"2023-08-29 16:26:17"
7073,7079,1,"2023-10-08 03:58:37"
7074,7080,1,"2024-05-28 10:15:35"
7075,7081,1,"2024-04-03 01:50:48"
7076,7082,1,"2024-04-14 06:41:33"
7077,7083,1,"2023-06-23 20:36:25"
7078,7084,1,"2024-01-10 07:38:15"
7079,7085,1,"2024-06-07 14:51:51"
7080,7086,1,"2024-05-06 22:24:16"
7081,7087,1,"2023-08-13 14:44:43"
7082,7088,1,"2023-10-21 20:21:19"
7083,7089,1,"2024-04-01 12:21:11"
7084,7090,1,"2023-10-13 00:41:53"
7085,7091,1,"2023-09-21 00:40:47"
7086,7092,1,"2023-09-25 22:57:04"
7087,7093,1,"2023-08-14 17:43:47"
7088,7094,1,"2023-11-19 01:46:55"
7089,7095,1,"2023-09-26 01:20:36"
7090,7096,1,"2024-06-13 10:58:34"
7091,7097,1,"2023-08-10 10:55:42"
7092,7098,1,"2024-02-25 18:25:44"
7093,7099,1,"2024-05-16 14:02:23"
7094,7100,1,"2023-09-07 15:42:57"
7095,7101,1,"2024-02-23 02:45:25"
7096,7102,1,"2023-10-21 05:07:17"
7097,7103,1,"2023-09-22 17:22:32"
7098,7104,1,"2024-04-04 14:30:28"
7099,7105,1,"2023-12-27 19:33:54"
7100,7106,1,"2023-09-07 19:08:16"
7101,7107,1,"2023-07-30 01:45:28"
7102,7108,1,"2023-08-18 18:40:22"
7103,7109,1,"2024-04-13 04:33:17"
7104,7110,1,"2024-03-27 15:39:18"
7105,7111,1,"2024-03-03 07:09:05"
7106,7112,1,"2023-09-27 03:20:20"
7107,7113,1,"2024-05-09 13:07:16"
7108,7114,1,"2023-07-22 07:14:05"
7109,7115,1,"2024-05-28 08:28:15"
7110,7116,1,"2024-03-02 08:55:14"
7111,7117,1,"2024-06-19 02:47:38"
7112,7118,1,"2024-02-16 08:51:21"
7113,7119,1,"2023-09-07 22:18:55"
7114,7120,1,"2024-04-25 10:24:00"
7115,7121,1,"2023-10-19 22:07:14"
7116,7122,1,"2024-02-27 11:32:25"
7117,7123,1,"2024-02-20 09:18:53"
7118,7124,1,"2023-07-29 02:30:20"
7119,7125,1,"2023-09-11 06:39:15"
7120,7126,1,"2024-01-20 15:43:00"
7121,7127,1,"2023-09-15 19:57:24"
7122,7128,1,"2024-04-02 11:10:16"
7123,7129,1,"2023-08-22 08:37:49"
7124,7130,1,"2024-02-13 10:07:18"
7125,7131,1,"2023-12-12 08:11:32"
7126,7132,1,"2024-03-27 06:34:04"
7127,7133,1,"2024-02-29 01:34:24"
7128,7134,1,"2023-06-21 07:47:18"
7129,7135,1,"2023-08-08 08:36:09"
7130,7136,1,"2023-10-13 03:12:11"
7131,7137,1,"2023-09-02 08:00:08"
7132,7138,1,"2023-12-10 09:07:14"
7133,7139,1,"2024-06-09 06:59:38"
7134,7140,1,"2024-01-02 00:30:16"
7135,7141,1,"2023-06-28 23:33:56"
7136,7142,1,"2024-01-27 22:53:45"
7137,7143,1,"2023-10-08 07:45:20"
7138,7144,1,"2023-11-21 21:24:03"
7139,7145,1,"2024-01-20 06:36:48"
7140,7146,1,"2023-07-07 00:42:07"
7141,7147,1,"2024-05-25 02:32:57"
7142,7148,1,"2024-01-16 02:14:02"
7143,7149,1,"2023-10-14 02:02:39"
7144,7150,1,"2024-02-18 16:33:02"
7145,7151,1,"2023-07-09 15:39:42"
7146,7152,1,"2024-02-28 17:11:45"
7147,7153,1,"2024-02-20 17:08:22"
7148,7154,1,"2024-06-13 00:04:56"
7149,7155,1,"2023-07-25 22:38:21"
7150,7156,1,"2023-09-17 18:46:22"
7151,7157,1,"2024-01-29 20:37:12"
7152,7158,1,"2023-11-13 18:29:11"
7153,7159,1,"2024-03-15 20:20:17"
7154,7160,1,"2024-04-24 18:54:34"
7155,7161,1,"2023-12-10 03:38:41"
7156,7162,1,"2024-02-25 14:20:03"
7157,7163,1,"2024-05-13 07:25:28"
7158,7164,1,"2023-08-23 09:07:53"
7159,7165,1,"2024-03-29 15:05:21"
7160,7166,1,"2024-05-24 09:50:06"
7161,7167,1,"2024-05-07 20:55:36"
7162,7168,1,"2023-09-20 04:24:17"
7163,7169,1,"2023-09-03 07:14:24"
7164,7170,1,"2023-12-17 00:29:21"
7165,7171,1,"2023-10-06 09:44:41"
7166,7172,1,"2024-01-17 23:02:45"
7167,7173,1,"2023-07-16 02:10:12"
7168,7174,1,"2023-12-11 00:50:58"
7169,7175,1,"2023-06-21 07:58:29"
7170,7176,1,"2023-08-18 10:32:32"
7171,7177,1,"2023-08-26 17:32:56"
7172,7178,1,"2024-01-25 03:04:29"
7173,7179,1,"2023-10-21 18:34:41"
7174,7180,1,"2023-11-07 04:30:04"
7175,7181,1,"2023-07-07 20:34:51"
7176,7182,1,"2024-04-11 07:49:29"
7177,7183,1,"2024-03-10 06:41:14"
7178,7184,1,"2023-12-04 04:01:01"
7179,7185,1,"2023-10-28 15:00:47"
7180,7186,1,"2024-02-20 20:37:18"
7181,7187,1,"2023-08-15 06:47:53"
7182,7188,1,"2023-12-06 01:35:29"
7183,7189,1,"2024-03-08 10:27:39"
7184,7190,1,"2023-08-08 20:35:28"
7185,7191,1,"2023-08-25 12:50:19"
7186,7192,1,"2024-03-13 03:39:57"
7187,7193,1,"2023-09-27 12:51:16"
7188,7194,1,"2024-05-22 12:49:01"
7189,7195,1,"2023-10-28 07:50:42"
7190,7196,1,"2024-06-14 04:05:53"
7191,7197,1,"2023-11-22 01:21:39"
7192,7198,1,"2023-12-30 17:43:49"
7193,7199,1,"2023-12-22 06:16:56"
7194,7200,1,"2023-11-18 14:07:18"
7195,7201,1,"2023-09-20 22:56:13"
7196,7202,1,"2023-11-16 07:39:28"
7197,7203,1,"2024-03-26 18:58:14"
7198,7204,1,"2023-08-19 12:26:24"
7199,7205,1,"2023-11-20 15:03:26"
7200,7206,1,"2024-01-06 19:54:00"
7201,7207,1,"2024-01-01 23:32:42"
7202,7208,1,"2024-04-22 15:10:03"
7203,7209,1,"2023-08-22 23:11:20"
7204,7210,1,"2023-09-08 20:06:13"
7205,7211,1,"2023-09-23 22:04:03"
7206,7212,1,"2024-01-03 02:39:22"
7207,7213,1,"2023-06-25 05:08:34"
7208,7214,1,"2023-11-23 06:11:38"
7209,7215,1,"2023-09-27 17:52:39"
7210,7216,1,"2024-03-22 17:50:14"
7211,7217,1,"2023-07-20 01:23:24"
7212,7218,1,"2024-01-25 12:03:49"
7213,7219,1,"2024-02-28 03:44:48"
7214,7220,1,"2023-06-24 03:28:34"
7215,7221,1,"2023-07-31 15:57:20"
7216,7222,1,"2024-03-18 23:50:11"
7217,7223,1,"2024-05-14 00:58:03"
7218,7224,1,"2024-02-25 22:28:28"
7219,7225,1,"2024-03-28 16:44:46"
7220,7226,1,"2024-01-12 15:45:19"
7221,7227,1,"2023-09-25 01:33:24"
7222,7228,1,"2023-12-24 20:26:50"
7223,7229,1,"2023-11-10 14:40:20"
7224,7230,1,"2024-06-16 18:17:40"
7225,7231,1,"2023-11-24 08:58:07"
7226,7232,1,"2024-05-31 07:50:39"
7227,7233,1,"2024-05-15 21:48:38"
7228,7234,1,"2024-04-09 13:24:29"
7229,7235,1,"2023-10-17 09:14:56"
7230,7236,1,"2024-04-22 00:53:29"
7231,7237,1,"2023-08-30 21:02:33"
7232,7238,1,"2024-03-17 09:23:11"
7233,7239,1,"2023-09-21 15:05:17"
7234,7240,1,"2023-07-10 13:29:21"
7235,7241,1,"2023-12-23 23:55:37"
7236,7242,1,"2023-12-22 15:11:23"
7237,7243,1,"2023-11-30 15:20:17"
7238,7244,1,"2024-02-12 11:28:31"
7239,7245,1,"2023-09-27 07:13:45"
7240,7246,1,"2024-05-15 15:00:45"
7241,7247,1,"2024-03-07 04:39:54"
7242,7248,1,"2024-05-12 13:54:56"
7243,7249,1,"2024-02-20 19:06:43"
7244,7250,1,"2023-09-01 00:25:33"
7245,7251,1,"2023-10-04 20:10:31"
7246,7252,1,"2024-03-10 02:16:32"
7247,7253,1,"2023-12-11 07:03:01"
7248,7254,1,"2023-08-08 08:25:58"
7249,7255,1,"2024-03-25 05:58:29"
7250,7256,1,"2024-05-06 15:21:09"
7251,7257,1,"2023-07-17 18:40:40"
7252,7258,1,"2023-08-04 07:59:26"
7253,7259,1,"2024-06-07 19:48:16"
7254,7260,1,"2024-02-03 10:33:53"
7255,7261,1,"2024-03-13 16:43:14"
7256,7262,1,"2024-05-03 23:04:18"
7257,7263,1,"2023-09-10 16:35:02"
7258,7264,1,"2023-12-22 02:40:53"
7259,7265,1,"2024-02-20 04:47:32"
7260,7266,1,"2024-03-22 15:48:21"
7261,7267,1,"2023-10-14 08:21:47"
7262,7268,1,"2024-06-17 07:51:11"
7263,7269,1,"2024-01-23 18:45:34"
7264,7270,1,"2024-02-26 22:58:42"
7265,7271,1,"2023-10-01 17:06:06"
7266,7272,1,"2024-02-09 07:41:33"
7267,7273,1,"2023-10-16 15:49:14"
7268,7274,1,"2023-10-05 05:49:53"
7269,7275,1,"2024-01-20 12:27:51"
7270,7276,1,"2024-05-08 05:21:30"
7271,7277,1,"2024-05-02 00:51:08"
7272,7278,1,"2024-02-19 23:08:39"
7273,7279,1,"2024-01-22 20:41:15"
7274,7280,1,"2024-05-30 06:29:02"
7275,7281,1,"2023-07-31 22:18:19"
7276,7282,1,"2024-05-07 16:48:27"
7277,7283,1,"2023-09-06 19:19:19"
7278,7284,1,"2023-10-28 23:14:38"
7279,7285,1,"2023-10-15 03:47:51"
7280,7286,1,"2024-03-05 01:12:24"
7281,7287,1,"2023-06-30 10:17:15"
7282,7288,1,"2023-10-20 09:27:27"
7283,7289,1,"2023-11-23 05:18:44"
7284,7290,1,"2023-07-28 02:40:28"
7285,7291,1,"2024-05-07 12:52:30"
7286,7292,1,"2023-09-11 03:04:47"
7287,7293,1,"2024-04-20 22:56:20"
7288,7294,1,"2023-08-29 02:21:06"
7289,7295,1,"2024-04-11 09:34:55"
7290,7296,1,"2024-05-20 07:46:48"
7291,7297,1,"2023-12-08 02:38:12"
7292,7298,1,"2023-11-12 06:33:11"
7293,7299,1,"2024-04-18 08:16:10"
7294,7300,1,"2024-01-16 17:44:39"
7295,7301,1,"2024-04-04 17:35:15"
7296,7302,1,"2023-08-22 00:22:58"
7297,7303,1,"2024-04-17 11:08:08"
7298,7304,1,"2024-04-15 01:41:08"
7299,7305,1,"2024-03-21 05:41:36"
7300,7306,1,"2024-01-29 22:56:50"
7301,7307,1,"2023-07-08 15:43:06"
7302,7308,1,"2024-02-29 15:08:36"
7303,7309,1,"2023-07-31 03:25:50"
7304,7310,1,"2023-09-18 21:50:37"
7305,7311,1,"2024-03-09 23:06:11"
7306,7312,1,"2023-08-03 03:25:12"
7307,7313,1,"2024-03-17 14:58:42"
7308,7314,1,"2023-11-02 11:54:14"
7309,7315,1,"2023-10-15 05:57:19"
7310,7316,1,"2024-05-11 17:50:15"
7311,7317,1,"2023-09-09 17:58:00"
7312,7318,1,"2024-01-13 20:43:42"
7313,7319,1,"2024-04-06 10:52:04"
7314,7320,1,"2023-11-21 19:09:20"
7315,7321,1,"2023-07-11 20:21:26"
7316,7322,1,"2024-02-17 21:58:25"
7317,7323,1,"2024-06-19 23:00:40"
7318,7324,1,"2024-01-30 22:24:42"
7319,7325,1,"2023-10-18 21:52:23"
7320,7326,1,"2024-01-27 12:51:07"
7321,7327,1,"2023-12-11 07:18:47"
7322,7328,1,"2023-08-16 07:42:28"
7323,7329,1,"2023-07-16 12:24:12"
7324,7330,1,"2024-04-03 07:21:56"
7325,7331,1,"2023-10-23 20:35:40"
7326,7332,1,"2024-04-16 15:26:17"
7327,7333,1,"2024-06-19 16:17:29"
7328,7334,1,"2023-11-21 04:51:55"
7329,7335,1,"2024-03-14 08:26:08"
7330,7336,1,"2023-10-20 22:18:57"
7331,7337,1,"2024-05-13 06:14:29"
7332,7338,1,"2024-05-08 10:03:33"
7333,7339,1,"2024-04-15 11:48:40"
7334,7340,1,"2024-02-12 11:55:56"
7335,7341,1,"2023-08-25 12:30:09"
7336,7342,1,"2024-02-26 14:37:33"
7337,7343,1,"2024-06-19 14:01:46"
7338,7344,1,"2023-10-18 15:00:54"
7339,7345,1,"2023-10-08 10:04:58"
7340,7346,1,"2023-09-02 09:06:29"
7341,7347,1,"2023-12-03 04:23:08"
7342,7348,1,"2024-05-27 23:21:20"
7343,7349,1,"2023-09-15 03:54:43"
7344,7350,1,"2024-06-09 03:08:51"
7345,7351,1,"2023-07-23 17:14:16"
7346,7352,1,"2023-09-19 02:22:50"
7347,7353,1,"2024-05-05 18:18:54"
7348,7354,1,"2023-09-24 19:07:34"
7349,7355,1,"2023-07-01 00:20:10"
7350,7356,1,"2024-03-19 08:56:24"
7351,7357,1,"2023-10-16 18:46:21"
7352,7358,1,"2023-11-23 09:25:41"
7353,7359,1,"2023-10-26 18:19:04"
7354,7360,1,"2024-05-14 09:58:10"
7355,7361,1,"2024-04-27 02:39:55"
7356,7362,1,"2024-05-16 17:21:59"
7357,7363,1,"2023-12-04 01:06:18"
7358,7364,1,"2024-04-02 15:00:46"
7359,7365,1,"2023-08-02 11:07:04"
7360,7366,1,"2024-02-15 02:19:09"
7361,7367,1,"2024-03-20 05:13:37"
7362,7368,1,"2024-03-18 03:22:32"
7363,7369,1,"2023-10-18 10:47:45"
7364,7370,1,"2023-06-29 16:36:47"
7365,7371,1,"2023-09-03 12:44:26"
7366,7372,1,"2023-07-08 19:23:52"
7367,7373,1,"2023-10-02 09:06:44"
7368,7374,1,"2023-10-30 14:09:37"
7369,7375,1,"2024-03-05 04:29:16"
7370,7376,1,"2024-03-04 16:30:30"
7371,7377,1,"2023-10-22 04:50:12"
7372,7378,1,"2023-11-05 14:57:34"
7373,7379,1,"2023-07-25 03:49:46"
7374,7380,1,"2023-09-29 08:13:14"
7375,7381,1,"2023-08-07 13:27:37"
7376,7382,1,"2024-02-19 09:49:04"
7377,7383,1,"2023-06-29 15:10:11"
7378,7384,1,"2023-08-17 01:51:29"
7379,7385,1,"2023-12-15 09:20:11"
7380,7386,1,"2023-08-12 22:25:10"
7381,7387,1,"2023-07-01 20:27:42"
7382,7388,1,"2023-08-01 07:05:11"
7383,7389,1,"2023-12-11 14:50:16"
7384,7390,1,"2023-10-08 22:52:41"
7385,7391,1,"2023-10-19 10:54:29"
7386,7392,1,"2024-04-13 07:15:22"
7387,7393,1,"2024-01-14 05:37:53"
7388,7394,1,"2024-02-04 05:04:15"
7389,7395,1,"2023-08-09 22:50:45"
7390,7396,1,"2023-10-05 12:55:04"
7391,7397,1,"2023-12-24 14:38:29"
7392,7398,1,"2024-05-07 10:07:14"
7393,7399,1,"2024-06-11 21:18:09"
7394,7400,1,"2024-03-09 02:33:51"
7395,7401,1,"2024-04-28 06:14:23"
7396,7402,1,"2024-01-10 03:23:24"
7397,7404,1,"2024-01-24 00:44:05"
7398,7405,1,"2023-07-28 00:04:37"
7399,7406,1,"2023-09-24 22:45:27"
7400,7407,1,"2024-01-07 20:49:23"
7401,7408,1,"2023-12-11 13:31:04"
7402,7409,1,"2023-09-21 04:25:05"
7403,7410,1,"2024-04-05 23:18:02"
7404,7411,1,"2024-03-23 23:43:27"
7405,7412,1,"2023-10-26 17:16:00"
7406,7413,1,"2024-02-25 16:47:39"
7407,7414,1,"2024-03-22 09:40:45"
7408,7415,1,"2024-06-20 23:59:12"
7409,7416,1,"2023-12-14 17:21:33"
7410,7417,1,"2024-04-25 04:53:59"
7411,7418,1,"2024-03-27 06:05:43"
7412,7419,1,"2023-08-15 15:02:37"
7413,7420,1,"2023-07-13 17:15:45"
7414,7421,1,"2023-08-30 20:01:17"
7415,7422,1,"2024-06-08 07:19:04"
7416,7423,1,"2024-04-14 08:09:46"
7417,7424,1,"2024-02-01 08:05:04"
7418,7425,1,"2024-05-30 08:23:28"
7419,7426,1,"2023-09-08 14:06:23"
7420,7427,1,"2023-06-24 12:42:30"
7421,7428,1,"2023-08-21 04:39:05"
7422,7429,1,"2023-09-20 20:31:48"
7423,7430,1,"2024-06-04 09:07:10"
7424,7431,1,"2024-01-15 08:31:55"
7425,7432,1,"2024-03-31 00:35:27"
7426,7433,1,"2023-09-29 13:46:50"
7427,7434,1,"2023-09-05 17:45:45"
7428,7435,1,"2024-02-28 12:24:02"
7429,7436,1,"2023-11-14 00:09:16"
7430,7437,1,"2024-02-09 20:37:48"
7431,7438,1,"2023-12-12 04:00:23"
7432,7439,1,"2023-12-11 10:03:30"
7433,7440,1,"2023-09-17 18:23:23"
7434,7441,1,"2024-01-28 06:36:12"
7435,7442,1,"2024-02-21 11:21:07"
7436,7443,1,"2023-08-14 16:50:00"
7437,7444,1,"2024-06-18 01:44:44"
7438,7445,1,"2023-11-14 07:01:04"
7439,7446,1,"2023-08-20 06:55:33"
7440,7447,1,"2024-03-05 19:47:20"
7441,7448,1,"2024-03-13 04:22:01"
7442,7449,1,"2023-06-26 23:04:38"
7443,7450,1,"2023-10-22 07:02:08"
7444,7451,1,"2024-04-18 08:04:20"
7445,7452,1,"2023-07-04 21:11:55"
7446,7453,1,"2024-04-25 01:15:51"
7447,7454,1,"2023-09-26 09:05:26"
7448,7455,1,"2023-07-29 06:44:27"
7449,7456,1,"2023-10-11 11:48:56"
7450,7457,1,"2024-03-24 06:24:29"
7451,7458,1,"2023-07-12 07:18:22"
7452,7459,1,"2023-11-06 23:45:17"
7453,7460,1,"2023-07-23 14:31:32"
7454,7461,1,"2023-08-09 21:09:05"
7455,7462,1,"2024-01-19 09:25:43"
7456,7463,1,"2024-02-21 16:14:59"
7457,7464,1,"2024-06-12 08:00:32"
7458,7465,1,"2023-08-03 03:54:16"
7459,7466,1,"2023-11-30 08:52:39"
7460,7467,1,"2023-11-13 03:12:54"
7461,7468,1,"2023-11-27 05:46:32"
7462,7469,1,"2024-05-27 07:40:36"
7463,7470,1,"2023-06-30 08:27:44"
7464,7471,1,"2023-09-29 02:16:33"
7465,7472,1,"2023-10-18 07:00:09"
7466,7473,1,"2023-10-16 17:43:12"
7467,7474,1,"2024-03-27 19:38:49"
7468,7475,1,"2024-03-19 23:49:59"
7469,7476,1,"2023-07-17 13:22:14"
7470,7477,1,"2024-04-05 03:26:43"
7471,7478,1,"2023-10-25 12:40:33"
7472,7479,1,"2023-07-09 00:16:53"
7473,7480,1,"2024-02-18 20:29:40"
7474,7481,1,"2023-09-09 08:58:36"
7475,7482,1,"2024-05-17 16:18:41"
7476,7483,1,"2024-06-17 03:21:54"
7477,7484,1,"2023-08-29 04:11:11"
7478,7485,1,"2023-11-08 09:47:42"
7479,7486,1,"2024-02-26 15:31:40"
7480,7487,1,"2023-08-14 03:24:49"
7481,7488,1,"2023-11-04 12:20:13"
7482,7489,1,"2023-11-28 18:02:26"
7483,7490,1,"2024-02-15 23:00:58"
7484,7491,1,"2023-10-20 20:06:01"
7485,7492,1,"2024-05-23 18:07:36"
7486,7493,1,"2024-04-14 02:23:42"
7487,7494,1,"2024-01-30 01:47:32"
7488,7495,1,"2024-05-01 04:08:57"
7489,7496,1,"2023-10-23 16:06:18"
7490,7497,1,"2023-10-07 18:09:06"
7491,7498,1,"2024-04-10 21:39:38"
7492,7499,1,"2024-02-23 19:20:41"
7493,7500,1,"2023-11-23 16:01:22"
7494,7501,1,"2023-12-06 12:24:20"
7495,7502,1,"2023-11-25 05:19:15"
7496,7503,1,"2024-06-03 05:40:55"
7497,7504,1,"2023-10-01 10:03:35"
7498,7505,1,"2023-09-08 06:26:42"
7499,7506,1,"2023-10-30 19:35:39"
7500,7507,1,"2024-05-02 02:45:40"
7501,7508,1,"2023-08-04 05:21:05"
7502,7509,1,"2024-03-09 20:16:55"
7503,7510,1,"2023-10-06 15:37:15"
7504,7511,1,"2023-12-10 22:37:41"
7505,7512,1,"2024-05-03 19:49:12"
7506,7513,1,"2023-11-08 03:37:08"
7507,7514,1,"2024-05-15 07:57:40"
7508,7515,1,"2023-11-22 16:15:08"
7509,7516,1,"2023-08-20 23:55:08"
7510,7517,1,"2023-12-07 13:32:55"
7511,7518,1,"2023-08-27 01:53:00"
7512,7519,1,"2024-05-20 23:39:50"
7513,7520,1,"2024-04-24 18:00:36"
7514,7521,1,"2024-06-13 23:21:24"
7515,7522,1,"2024-02-07 07:45:57"
7516,7523,1,"2023-11-20 20:41:36"
7517,7524,1,"2024-04-21 15:28:50"
7518,7525,1,"2023-12-03 00:12:40"
7519,7526,1,"2023-07-04 18:47:36"
7520,7527,1,"2024-06-03 18:07:46"
7521,7528,1,"2023-12-17 01:21:10"
7522,7529,1,"2023-12-05 23:05:32"
7523,7530,1,"2023-11-16 20:24:49"
7524,7531,1,"2024-04-26 01:33:24"
7525,7532,1,"2024-04-30 23:11:08"
7526,7533,1,"2023-09-12 12:00:27"
7527,7534,1,"2023-08-05 23:55:37"
7528,7535,1,"2024-03-05 16:52:46"
7529,7536,1,"2024-04-19 06:23:27"
7530,7537,1,"2024-01-22 16:09:09"
7531,7538,1,"2023-08-31 21:29:04"
7532,7539,1,"2023-12-15 17:51:49"
7533,7540,1,"2023-12-25 01:49:20"
7534,7541,1,"2024-02-10 04:01:15"
7535,7542,1,"2023-07-28 17:43:07"
7536,7543,1,"2023-09-08 13:43:36"
7537,7544,1,"2023-08-19 21:12:19"
7538,7545,1,"2024-02-04 03:01:59"
7539,7546,1,"2023-10-06 14:10:43"
7540,7547,1,"2023-06-23 22:23:30"
7541,7548,1,"2024-04-23 23:10:48"
7542,7549,1,"2024-06-13 17:44:57"
7543,7550,1,"2024-04-20 23:29:55"
7544,494,2,"2024-04-17 08:25:35"
7545,7422,2,"2024-06-08 00:31:04"
7546,6599,2,"2024-05-22 00:40:37"
7547,5590,2,"2023-09-18 02:33:18"
7548,5986,2,"2024-04-18 04:26:14"
7549,4146,2,"2024-03-14 23:36:18"
7550,6821,2,"2023-11-04 22:26:12"
7551,4128,2,"2024-01-21 01:35:57"
7552,6644,2,"2024-04-06 16:57:31"
7553,1791,2,"2024-05-19 21:24:34"
7554,4164,2,"2023-07-15 09:15:49"
7555,676,2,"2024-03-09 18:53:10"
7556,1507,2,"2023-09-21 13:31:09"
7557,3896,2,"2023-11-06 10:38:44"
7558,2665,2,"2023-10-06 05:35:36"
7559,2719,2,"2024-04-08 15:47:05"
7560,1626,2,"2024-02-26 13:18:53"
7561,1065,2,"2023-06-22 02:21:09"
7562,5645,2,"2023-10-02 06:00:11"
7563,5632,2,"2024-06-17 22:37:40"
7564,6915,2,"2023-07-12 14:19:54"
7565,810,2,"2023-11-13 14:06:49"
7566,393,2,"2024-04-18 20:58:46"
7567,205,2,"2024-02-14 09:29:27"
7568,6687,2,"2023-07-31 10:44:12"
7569,5525,2,"2023-09-30 21:27:11"
7570,3113,2,"2024-01-03 06:43:35"
7571,151,2,"2024-01-11 22:05:28"
7572,1516,2,"2024-05-26 07:45:45"
7573,4644,2,"2023-08-09 07:54:25"
7574,1121,2,"2023-09-23 18:13:53"
7575,4719,2,"2023-06-29 15:44:38"
7576,2738,2,"2024-01-03 05:40:12"
7577,5749,2,"2023-07-19 09:25:43"
7578,1168,2,"2023-12-08 10:22:24"
7579,1728,2,"2024-03-24 23:51:57"
7580,3792,2,"2023-12-13 22:10:05"
7581,7163,2,"2024-05-13 06:49:28"
7582,3430,2,"2024-03-13 05:22:57"
7583,2927,2,"2023-08-01 21:00:50"
7584,5643,2,"2024-02-25 22:11:23"
7585,5713,2,"2024-03-03 08:49:00"
7586,5579,2,"2024-02-26 19:34:36"
7587,2394,2,"2024-04-10 19:13:43"
7588,7465,2,"2023-08-03 00:06:16"
7589,1298,2,"2023-10-10 02:50:52"
7590,857,2,"2024-03-25 02:17:37"
7591,869,2,"2023-08-24 20:56:35"
7592,2574,2,"2023-08-31 11:47:56"
7593,675,2,"2023-11-08 00:49:18"
7594,6071,2,"2023-11-01 10:08:22"
7595,3019,2,"2024-04-21 04:30:40"
7596,6690,2,"2023-09-18 11:33:05"
7597,3615,2,"2023-07-10 14:59:29"
7598,2172,2,"2024-06-15 20:40:29"
7599,3014,2,"2023-09-03 10:17:18"
7600,1154,2,"2023-08-25 02:23:27"
7601,2136,2,"2023-11-02 05:26:30"
7602,2371,2,"2024-06-07 16:21:22"
7603,304,2,"2023-12-20 22:05:45"
7604,7256,2,"2024-05-06 23:57:09"
7605,4847,2,"2023-12-05 16:15:51"
7606,4331,2,"2023-09-26 04:22:40"
7607,2762,2,"2024-05-09 18:44:07"
7608,3465,2,"2024-02-27 07:18:37"
7609,3333,2,"2024-03-30 15:35:47"
7610,1997,2,"2023-07-16 02:23:52"
7611,4962,2,"2023-10-04 01:33:28"
7612,1786,2,"2024-01-09 06:10:33"
7613,4539,2,"2024-04-13 01:04:16"
7614,7456,2,"2023-10-11 16:24:56"
7615,7306,2,"2024-01-29 20:20:50"
7616,5869,2,"2024-04-11 14:31:43"
7617,6792,2,"2023-06-29 20:38:32"
7618,4776,2,"2024-01-30 01:22:11"
7619,5359,2,"2023-06-22 15:59:51"
7620,2404,2,"2024-03-10 07:10:13"
7621,6058,2,"2023-09-20 14:57:45"
7622,5712,2,"2023-11-18 19:10:00"
7623,6204,2,"2024-05-03 00:04:57"
7624,6842,2,"2023-10-12 08:45:50"
7625,7384,2,"2023-08-17 03:39:29"
7626,2518,2,"2023-12-05 11:14:25"
7627,6626,2,"2024-02-02 10:16:12"
7628,2206,2,"2023-12-26 13:32:58"
7629,2662,2,"2023-09-13 00:06:33"
7630,6221,2,"2023-11-01 11:56:29"
7631,1585,2,"2023-08-12 10:50:59"
7632,5159,2,"2023-07-07 00:21:17"
7633,5990,2,"2023-10-02 16:02:10"
7634,656,2,"2023-12-20 05:51:41"
7635,5450,2,"2024-02-08 15:28:46"
7636,7169,2,"2023-09-03 10:38:24"
7637,2626,2,"2023-12-04 00:08:14"
7638,703,2,"2024-02-19 16:07:31"
7639,4429,2,"2024-06-04 08:46:35"
7640,3148,2,"2023-08-04 15:28:21"
7641,3707,2,"2024-01-30 08:37:20"
7642,2815,2,"2024-04-18 22:48:04"
7643,3876,2,"2024-04-19 19:58:13"
7644,1695,2,"2023-09-19 16:40:26"
7645,2314,2,"2023-08-03 05:31:41"
7646,5241,2,"2024-01-16 04:56:29"
7647,5398,2,"2024-05-12 23:55:01"
7648,2382,2,"2023-07-24 16:36:34"
7649,3218,2,"2023-09-25 13:11:41"
7650,1780,2,"2024-01-08 04:55:55"
7651,2953,2,"2024-03-11 19:05:33"
7652,424,2,"2023-10-12 10:29:28"
7653,7423,2,"2024-04-14 05:33:46"
7654,3092,2,"2023-12-13 03:12:41"
7655,3000,2,"2024-03-06 18:12:13"
7656,4606,2,"2024-03-07 07:44:59"
7657,4746,2,"2024-03-11 08:02:14"
7658,1819,2,"2023-07-01 04:25:33"
7659,17,2,"2023-08-16 06:35:49"
7660,3789,2,"2024-05-03 16:34:34"
7661,4240,2,"2023-07-09 15:27:17"
7662,3352,2,"2023-09-28 11:12:18"
7663,2599,2,"2023-08-29 16:34:14"
7664,2376,2,"2023-07-19 06:47:55"
7665,3978,2,"2023-11-17 11:03:34"
7666,6233,2,"2023-07-29 14:42:02"
7667,3935,2,"2023-07-03 20:31:59"
7668,573,2,"2023-12-21 07:39:45"
7669,1360,2,"2023-06-25 00:43:20"
7670,5168,2,"2024-06-01 12:51:11"
7671,4558,2,"2023-07-15 02:51:04"
7672,7113,2,"2024-05-09 04:31:16"
7673,6548,2,"2023-07-11 00:14:24"
7674,4648,2,"2023-08-05 17:49:36"
7675,714,2,"2024-01-11 16:50:18"
7676,4090,2,"2023-06-25 06:09:18"
7677,7541,2,"2024-02-10 14:13:15"
7678,2837,2,"2024-05-13 15:10:35"
7679,750,2,"2023-11-16 09:42:47"
7680,6002,2,"2023-08-31 03:45:47"
7681,4730,2,"2023-10-02 01:39:50"
7682,727,2,"2024-05-11 08:14:18"
7683,6609,2,"2024-03-31 23:47:17"
7684,6524,2,"2023-07-21 10:31:51"
7685,3254,2,"2023-11-02 18:42:40"
7686,1081,2,"2024-04-07 12:34:01"
7687,830,2,"2024-04-20 07:50:04"
7688,4485,2,"2023-10-07 12:40:04"
7689,3185,2,"2023-11-07 07:57:09"
7690,2746,2,"2024-03-20 07:23:00"
7691,5509,2,"2023-11-20 15:21:40"
7692,736,2,"2023-10-29 09:29:34"
7693,6809,2,"2024-04-16 03:03:24"
7694,2514,2,"2024-03-14 13:49:41"
7695,600,2,"2023-12-18 18:55:01"
7696,1552,2,"2023-08-15 10:44:48"
7697,2535,2,"2024-02-07 00:50:09"
7698,2083,2,"2023-07-20 06:51:43"
7699,1193,2,"2023-10-04 10:33:21"
7700,2905,2,"2023-12-21 15:37:55"
7701,4710,2,"2023-10-18 00:57:35"
7702,1929,2,"2023-09-29 19:10:28"
7703,2457,2,"2024-06-02 13:06:24"
7704,2,2,"2023-12-13 01:54:08"
7705,3685,2,"2023-11-25 02:24:46"
7706,7228,2,"2023-12-24 23:26:50"
7707,7015,2,"2024-04-20 08:55:24"
7708,7539,2,"2023-12-15 21:15:49"
7709,6305,2,"2023-08-04 00:20:35"
7710,3981,2,"2024-04-06 22:04:45"
7711,4382,2,"2023-11-15 10:14:51"
7712,1435,2,"2023-09-10 16:43:14"
7713,118,2,"2024-05-22 23:10:41"
7714,4943,2,"2023-08-04 15:46:45"
7715,4709,2,"2023-11-26 05:31:49"
7716,2331,2,"2023-12-28 23:17:14"
7717,397,2,"2024-02-26 09:32:41"
7718,3011,2,"2023-08-30 05:07:47"
7719,2833,2,"2023-10-16 16:24:11"
7720,3361,2,"2024-01-13 03:07:30"
7721,4638,2,"2024-02-03 08:20:24"
7722,3448,2,"2024-04-25 00:37:03"
7723,2976,2,"2024-01-31 20:24:13"
7724,1433,2,"2023-07-15 01:46:23"
7725,3845,2,"2023-09-21 10:37:31"
7726,6775,2,"2024-02-15 11:11:23"
7727,4258,2,"2024-05-03 02:27:29"
7728,4047,2,"2024-05-05 06:35:39"
7729,2313,2,"2024-02-11 01:42:11"
7730,3310,2,"2024-04-03 15:09:50"
7731,3861,2,"2024-02-10 20:54:37"
7732,881,2,"2023-08-23 20:44:32"
7733,4272,2,"2024-01-25 07:10:42"
7734,6057,2,"2023-11-13 05:17:38"
7735,2580,2,"2024-04-22 23:21:48"
7736,2176,2,"2024-03-23 02:29:55"
7737,2530,2,"2024-03-28 11:34:57"
7738,6805,2,"2023-10-25 00:35:39"
7739,514,2,"2023-11-06 15:03:18"
7740,4779,2,"2024-02-04 09:29:24"
7741,984,2,"2023-07-11 03:11:51"
7742,4674,2,"2023-09-09 20:57:24"
7743,2592,2,"2024-03-12 17:25:59"
7744,4473,2,"2024-01-25 20:03:56"
7745,2912,2,"2024-05-28 10:34:05"
7746,5507,2,"2024-05-27 09:10:18"
7747,6406,2,"2023-09-13 12:05:51"
7748,2432,2,"2024-01-09 21:34:50"
7749,5044,2,"2023-10-17 09:48:35"
7750,5994,2,"2024-04-25 13:32:04"
7751,6831,2,"2024-01-08 13:31:17"
7752,4732,2,"2024-01-31 16:45:40"
7753,723,2,"2024-02-16 05:50:47"
7754,3187,2,"2024-01-02 11:44:02"
7755,6259,2,"2024-04-26 06:55:24"
7756,6024,2,"2024-04-03 15:38:20"
7757,1365,2,"2023-10-22 02:15:57"
7758,5537,2,"2024-05-04 02:02:19"
7759,6658,2,"2023-12-17 22:09:08"
7760,2679,2,"2024-03-01 06:53:43"
7761,6961,2,"2023-07-02 19:25:30"
7762,295,2,"2024-02-22 06:24:28"
7763,897,2,"2023-10-31 06:43:38"
7764,1979,2,"2023-08-06 11:00:29"
7765,2772,2,"2024-01-10 14:30:31"
7766,1797,2,"2023-10-31 23:57:47"
7767,7010,2,"2024-02-15 21:17:18"
7768,2071,2,"2023-12-13 21:37:50"
7769,2570,2,"2023-08-19 05:20:54"
7770,7529,2,"2023-12-05 17:41:32"
7771,5037,2,"2024-05-12 03:55:28"
7772,1964,2,"2024-04-30 06:39:23"
7773,269,2,"2023-07-04 10:20:49"
7774,5347,2,"2023-09-14 20:23:24"
7775,2229,2,"2024-05-17 00:38:07"
7776,3758,2,"2023-12-22 07:18:52"
7777,305,2,"2023-06-20 17:49:58"
7778,2350,2,"2023-07-19 13:55:49"
7779,2325,2,"2023-11-14 17:04:48"
7780,4853,2,"2023-10-28 13:03:48"
7781,6150,2,"2024-05-21 22:22:23"
7782,457,2,"2024-02-17 21:45:47"
7783,4586,2,"2023-11-02 20:42:29"
7784,3042,2,"2024-06-03 10:57:12"
7785,2699,2,"2023-12-15 22:03:56"
7786,1974,2,"2024-02-07 10:36:50"
7787,130,2,"2024-02-05 03:19:19"
7788,3418,2,"2023-09-02 20:22:13"
7789,6717,2,"2023-07-12 02:45:08"
7790,6895,2,"2023-08-31 20:18:53"
7791,1678,2,"2023-09-06 21:34:14"
7792,5001,2,"2023-08-05 09:42:50"
7793,1765,2,"2023-09-28 02:35:31"
7794,140,2,"2023-12-31 01:21:13"
7795,7396,2,"2023-10-05 19:55:04"
7796,259,2,"2023-08-07 11:33:18"
7797,7073,2,"2024-04-01 00:53:07"
7798,1351,2,"2023-07-04 18:03:58"
7799,5140,2,"2024-04-17 13:26:37"
7800,565,2,"2024-01-21 20:44:36"
7801,1165,2,"2023-08-27 18:04:45"
7802,5277,2,"2023-07-19 10:58:55"
7803,6680,2,"2023-08-09 07:24:31"
7804,7381,2,"2023-08-07 21:15:37"
7805,3291,2,"2024-02-21 11:07:19"
7806,1837,2,"2023-10-11 11:58:28"
7807,4537,2,"2024-02-27 20:26:09"
7808,1490,2,"2023-10-17 03:34:10"
7809,3983,2,"2023-12-23 18:20:37"
7810,512,2,"2023-11-07 12:03:45"
7811,7472,2,"2023-10-18 14:24:09"
7812,4571,2,"2023-10-22 16:17:35"
7813,4868,2,"2023-07-19 17:49:38"
7814,308,2,"2023-11-19 07:08:29"
7815,2115,2,"2024-03-15 14:40:14"
7816,1172,2,"2023-12-17 02:04:18"
7817,5041,2,"2024-02-29 20:43:48"
7818,7162,2,"2024-02-25 15:44:03"
7819,5591,2,"2023-11-03 11:18:49"
7820,710,2,"2024-02-15 13:21:11"
7821,4566,2,"2023-09-04 23:33:01"
7822,5684,2,"2023-06-27 14:53:29"
7823,5862,2,"2023-10-06 12:42:03"
7824,242,2,"2023-12-12 14:51:33"
7825,3239,2,"2023-08-20 00:32:21"
7826,1815,2,"2024-02-15 00:08:41"
7827,1421,2,"2023-11-22 19:41:38"
7828,3243,2,"2023-07-27 01:17:19"
7829,2564,2,"2023-10-27 11:31:11"
7830,4675,2,"2023-09-27 17:57:11"
7831,6631,2,"2024-03-15 19:41:28"
7832,6854,2,"2023-07-12 02:47:56"
7833,7309,2,"2023-07-31 03:25:50"
7834,4992,2,"2023-11-12 06:05:15"
7835,720,2,"2023-12-30 19:42:36"
7836,5443,2,"2023-12-27 19:44:28"
7837,2888,2,"2023-06-23 04:17:35"
7838,3561,2,"2024-02-19 20:07:09"
7839,3302,2,"2023-11-04 01:43:30"
7840,4114,2,"2023-08-16 23:33:50"
7841,5836,2,"2023-07-17 05:43:40"
7842,1621,2,"2023-08-15 20:03:52"
7843,1205,2,"2023-09-01 13:01:50"
7844,1034,2,"2024-01-26 20:06:09"
7845,1494,2,"2024-02-21 20:41:51"
7846,6954,2,"2023-08-18 19:15:48"
7847,2099,2,"2023-10-10 14:45:08"
7848,1619,2,"2023-12-05 11:05:41"
7849,2814,2,"2023-09-16 01:31:30"
7850,167,2,"2023-09-06 22:57:37"
7851,6790,2,"2024-06-05 06:17:25"
7852,6864,2,"2024-06-16 21:15:25"
7853,6912,2,"2023-08-16 13:24:55"
7854,1237,2,"2023-09-12 16:50:32"
7855,2271,2,"2023-08-31 02:49:42"
7856,3036,2,"2024-01-07 05:08:09"
7857,5381,2,"2024-03-26 07:43:21"
7858,6566,2,"2024-02-24 15:48:43"
7859,6278,2,"2023-12-31 04:44:43"
7860,5457,2,"2023-10-03 14:32:42"
7861,4801,2,"2023-07-31 00:22:10"
7862,632,2,"2024-01-12 02:50:16"
7863,6117,2,"2024-04-25 03:48:15"
7864,6529,2,"2023-12-10 21:55:13"
7865,4460,2,"2023-08-21 12:34:50"
7866,4683,2,"2024-02-06 17:32:54"
7867,1262,2,"2023-11-16 18:13:41"
7868,1798,2,"2023-09-07 04:09:09"
7869,4877,2,"2024-06-01 13:10:11"
7870,5593,2,"2023-11-08 15:56:20"
7871,5725,2,"2024-04-13 04:31:44"
7872,7290,2,"2023-07-27 19:28:28"
7873,1919,2,"2023-07-10 00:21:15"
7874,7210,2,"2023-09-09 05:30:13"
7875,7341,2,"2023-08-25 13:06:09"
7876,414,2,"2024-03-28 19:03:42"
7877,5623,2,"2024-05-13 20:06:15"
7878,6408,2,"2023-09-28 09:29:25"
7879,2345,2,"2024-01-10 18:36:16"
7880,1474,2,"2023-09-26 07:05:25"
7881,5817,2,"2023-11-13 01:36:08"
7882,4551,2,"2024-02-09 07:38:05"
7883,3740,2,"2024-02-22 22:21:05"
7884,5368,2,"2023-08-20 16:46:10"
7885,82,2,"2023-09-26 18:59:39"
7886,5956,2,"2023-09-30 06:57:25"
7887,5407,2,"2023-08-10 21:51:04"
7888,3997,2,"2023-08-04 19:52:51"
7889,5143,2,"2024-06-09 03:24:15"
7890,6554,2,"2023-09-21 15:22:32"
7891,3807,2,"2024-03-22 12:02:51"
7892,5320,2,"2024-04-03 17:03:55"
7893,1994,2,"2023-09-14 01:23:00"
7894,434,2,"2023-10-31 05:58:28"
7895,4094,2,"2023-07-26 17:14:23"
7896,2388,2,"2024-02-05 14:08:01"
7897,5973,2,"2024-02-26 07:25:25"
7898,5291,2,"2023-10-25 17:32:41"
7899,3344,2,"2024-04-02 23:35:48"
7900,163,2,"2023-11-12 01:38:03"
7901,5242,2,"2023-09-25 08:15:09"
7902,485,2,"2024-04-24 01:48:15"
7903,5975,2,"2023-08-31 10:00:05"
7904,258,2,"2024-02-09 21:02:02"
7905,6764,2,"2023-12-30 06:02:22"
7906,3883,2,"2024-01-30 10:01:57"
7907,4370,2,"2024-05-21 04:04:14"
7908,6820,2,"2023-06-20 23:47:37"
7909,743,2,"2024-06-07 05:17:45"
7910,3209,2,"2024-04-26 22:43:37"
7911,4346,2,"2024-05-20 12:36:35"
7912,4423,2,"2023-08-02 14:57:15"
7913,6620,2,"2024-01-27 01:49:51"
7914,418,2,"2024-05-19 05:45:25"
7915,6387,2,"2024-06-11 20:19:52"
7916,1710,2,"2023-10-04 04:35:26"
7917,6314,2,"2023-08-20 22:51:01"
7918,6753,2,"2024-02-06 06:33:55"
7919,1831,2,"2024-05-31 12:25:33"
7920,3605,2,"2023-09-27 17:43:46"
7921,5298,2,"2023-12-22 07:30:42"
7922,6709,2,"2024-04-22 21:02:36"
7923,6035,2,"2024-01-02 13:28:29"
7924,7223,2,"2024-05-14 04:10:03"
7925,4799,2,"2024-06-07 08:48:10"
7926,7458,2,"2023-07-12 06:42:22"
7927,1731,2,"2023-11-07 19:10:12"
7928,6774,2,"2024-02-01 11:25:55"
7929,5665,2,"2024-05-31 00:59:59"
7930,233,2,"2023-11-30 11:23:18"
7931,1382,2,"2023-09-11 18:18:42"
7932,4755,2,"2024-01-13 06:52:52"
7933,6949,2,"2023-11-29 19:43:24"
7934,7005,2,"2023-07-19 12:04:29"
7935,3575,2,"2024-01-03 02:37:26"
7936,6846,2,"2024-04-14 13:27:45"
7937,6666,2,"2024-03-07 07:31:11"
7938,3208,2,"2024-01-21 04:10:07"
7939,7154,2,"2024-06-12 22:28:56"
7940,3213,2,"2023-12-17 13:34:44"
7941,3832,2,"2023-09-25 07:00:22"
7942,4054,2,"2023-10-19 07:35:15"
7943,5533,2,"2024-03-11 07:55:36"
7944,2554,2,"2023-09-12 06:25:32"
7945,4495,2,"2024-04-16 03:59:11"
7946,6942,2,"2023-12-21 20:15:01"
7947,7109,2,"2024-04-13 13:33:17"
7948,5789,2,"2023-12-03 10:59:24"
7949,6361,2,"2024-01-10 14:21:52"
7950,4662,2,"2024-04-03 05:23:47"
7951,4687,2,"2023-11-12 04:00:53"
7952,3032,2,"2023-12-27 23:55:27"
7953,4012,2,"2023-09-23 20:34:53"
7954,6674,2,"2024-04-26 02:47:55"
7955,6430,2,"2023-12-26 13:16:01"
7956,2119,2,"2023-10-27 01:44:06"
7957,152,2,"2023-09-21 17:53:23"
7958,4564,2,"2023-06-29 18:36:44"
7959,5082,2,"2023-11-25 05:51:46"
7960,4990,2,"2024-01-29 16:47:52"
7961,6251,2,"2023-10-04 20:07:07"
7962,7122,2,"2024-02-27 06:32:25"
7963,2449,2,"2024-01-05 11:53:31"
7964,4010,2,"2024-05-16 15:44:21"
7965,4341,2,"2023-09-16 06:04:55"
7966,72,2,"2023-10-12 00:21:14"
7967,4116,2,"2024-02-20 03:36:25"
7968,4278,2,"2024-04-09 13:14:01"
7969,6331,2,"2024-03-15 12:41:10"
7970,2373,2,"2024-04-21 23:03:11"
7971,2644,2,"2024-04-30 02:59:45"
7972,580,2,"2023-08-22 09:16:35"
7973,3142,2,"2024-02-20 14:54:43"
7974,5564,2,"2023-11-21 20:45:19"
7975,7170,2,"2023-12-16 21:29:21"
7976,2040,2,"2023-07-02 13:10:35"
7977,1546,2,"2024-05-27 21:50:57"
7978,6129,2,"2023-12-30 21:07:09"
7979,3384,2,"2024-06-04 11:19:30"
7980,4107,2,"2023-10-03 10:36:53"
7981,5166,2,"2024-01-16 17:57:47"
7982,2077,2,"2023-11-30 04:01:14"
7983,5117,2,"2023-09-26 18:47:04"
7984,871,2,"2024-02-22 07:37:35"
7985,6401,2,"2023-12-12 11:42:48"
7986,7134,2,"2023-06-21 10:35:18"
7987,1066,2,"2024-03-20 21:28:11"
7988,5451,2,"2023-08-25 11:06:59"
7989,2957,2,"2023-08-29 17:57:24"
7990,6643,2,"2023-10-26 03:23:31"
7991,3438,2,"2023-09-14 03:12:25"
7992,3364,2,"2023-10-14 12:42:40"
7993,3140,2,"2023-08-06 18:42:22"
7994,6731,2,"2024-04-10 21:06:38"
7995,44,2,"2024-02-22 15:20:37"
7996,6434,2,"2023-12-26 00:37:25"
7997,5455,2,"2023-12-02 14:47:49"
7998,1631,2,"2024-06-10 15:20:04"
7999,3022,2,"2024-01-05 12:37:31"
8000,1828,2,"2023-08-10 08:15:28"
8001,3028,2,"2024-02-04 02:44:01"
8002,2335,2,"2024-04-11 21:23:22"
8003,6979,2,"2024-04-07 23:30:18"
8004,4561,2,"2023-09-03 09:27:43"
8005,4222,2,"2023-11-18 09:21:16"
8006,1968,2,"2023-11-12 18:23:48"
8007,2110,2,"2023-12-29 00:17:49"
8008,7271,2,"2023-10-01 22:18:06"
8009,4988,2,"2023-10-30 02:30:15"
8010,7514,2,"2024-05-15 03:45:40"
8011,7492,2,"2024-05-23 12:55:36"
8012,5210,2,"2024-06-07 13:48:00"
8013,6464,2,"2024-02-12 15:41:04"
8014,4106,2,"2024-03-12 23:29:21"
8015,98,2,"2023-07-12 20:10:17"
8016,7318,2,"2024-01-13 17:07:42"
8017,1525,2,"2023-08-02 02:17:30"
8018,4017,2,"2024-06-01 04:55:23"
8019,5185,2,"2024-06-02 14:40:44"
8020,6080,2,"2024-02-25 07:30:16"
8021,1345,2,"2023-10-21 21:00:18"
8022,1575,2,"2024-05-26 00:11:46"
8023,3888,2,"2024-03-29 04:34:27"
8024,1574,2,"2024-01-15 09:18:46"
8025,5479,2,"2023-09-27 19:29:03"
8026,3072,2,"2023-10-05 17:36:18"
8027,6192,2,"2023-10-22 06:49:38"
8028,2680,2,"2024-01-10 12:26:00"
8029,6622,2,"2023-07-09 02:20:18"
8030,6472,2,"2023-12-21 05:12:25"
8031,7070,2,"2023-09-05 11:33:05"
8032,5580,2,"2023-08-21 08:42:20"
8033,2284,2,"2023-12-30 05:52:04"
8034,4956,2,"2024-01-12 06:48:28"
8035,5934,2,"2023-07-12 04:30:55"
8036,6725,2,"2023-09-11 12:33:37"
8037,4474,2,"2024-05-29 23:41:25"
8038,3596,2,"2024-06-14 02:11:18"
8039,6935,2,"2024-03-11 22:26:08"
8040,5151,2,"2024-05-08 12:24:43"
8041,5685,2,"2023-08-07 11:51:30"
8042,2446,2,"2024-03-15 14:07:31"
8043,1790,2,"2024-01-07 08:36:56"
8044,3235,2,"2024-02-05 21:21:46"
8045,5284,2,"2023-10-29 12:06:56"
8046,1820,2,"2024-03-12 13:43:48"
8047,3996,2,"2024-05-07 08:58:58"
8048,5307,2,"2023-06-23 19:18:31"
8049,738,2,"2024-03-09 15:02:34"
8050,6757,2,"2023-12-22 10:24:41"
8051,354,2,"2024-02-21 07:56:36"
8052,2250,2,"2023-07-19 04:06:22"
8053,4311,2,"2023-10-08 23:17:48"
8054,5661,2,"2023-07-31 19:48:11"
8055,979,2,"2024-02-18 21:20:20"
8056,7425,2,"2024-05-30 07:23:28"
8057,5387,2,"2024-06-10 07:17:42"
8058,2572,2,"2023-08-21 03:06:38"
8059,2150,2,"2023-11-01 17:33:20"
8060,2262,2,"2023-07-20 21:21:41"
8061,2634,2,"2024-01-01 14:37:46"
8062,6588,2,"2023-09-23 03:32:26"
8063,4924,2,"2023-09-23 23:49:09"
8064,2925,2,"2024-02-15 17:46:22"
8065,2435,2,"2023-11-08 14:25:38"
8066,1324,2,"2024-01-29 03:32:04"
8067,5491,2,"2023-11-07 10:20:38"
8068,182,2,"2023-10-19 09:04:10"
8069,3307,2,"2023-09-01 13:56:34"
8070,4529,2,"2023-07-13 20:38:58"
8071,6253,2,"2024-01-31 11:25:17"
8072,6542,2,"2024-06-15 22:11:45"
8073,1192,2,"2023-08-25 01:54:42"
8074,3567,2,"2024-04-21 07:23:42"
8075,7531,2,"2024-04-26 02:21:24"
8076,5266,2,"2024-06-09 06:00:50"
8077,4667,2,"2024-06-02 22:13:28"
8078,7448,2,"2024-03-13 09:46:01"
8079,2529,2,"2023-12-31 23:42:19"
8080,3417,2,"2023-11-03 16:43:00"
8081,177,2,"2024-06-06 00:44:45"
8082,6730,2,"2023-06-29 11:09:52"
8083,4747,2,"2023-08-07 02:01:03"
8084,334,2,"2023-12-18 08:40:45"
8085,1420,2,"2024-01-24 17:14:36"
8086,7511,2,"2023-12-10 21:49:41"
8087,1651,2,"2024-02-24 15:34:45"
8088,3618,2,"2023-08-31 01:31:07"
8089,5508,2,"2023-09-19 22:38:58"
8090,4326,2,"2024-03-09 12:32:26"
8091,1926,2,"2023-07-01 06:16:14"
8092,289,2,"2024-03-28 16:39:04"
8093,7045,2,"2023-12-13 19:38:23"
8094,3039,2,"2023-10-19 00:22:32"
8095,6378,2,"2024-05-26 10:11:43"
8096,4906,2,"2024-04-27 16:52:32"
8097,983,2,"2023-11-03 21:00:23"
8098,6425,2,"2024-02-21 11:28:30"
8099,6528,2,"2024-01-30 07:36:27"
8100,2696,2,"2024-05-03 09:57:39"
8101,2273,2,"2023-11-01 00:36:15"
8102,5012,2,"2023-12-22 03:29:03"
8103,145,2,"2024-02-18 07:44:48"
8104,1868,2,"2024-01-28 03:58:00"
8105,5906,2,"2023-10-16 16:38:58"
8106,4562,2,"2024-02-09 04:47:27"
8107,234,2,"2023-08-29 13:29:18"
8108,2608,2,"2024-01-23 03:35:24"
8109,6614,2,"2024-04-02 17:32:29"
8110,6761,2,"2023-06-30 03:52:08"
8111,6887,2,"2023-12-05 03:44:10"
8112,859,2,"2024-05-30 08:31:07"
8113,1818,2,"2023-11-19 15:48:30"
8114,6836,2,"2023-12-15 02:01:25"
8115,2911,2,"2024-05-03 17:27:46"
8116,2880,2,"2024-05-08 17:14:54"
8117,5259,2,"2024-03-28 08:11:00"
8118,2590,2,"2024-04-17 22:40:54"
8119,775,2,"2023-09-17 17:29:14"
8120,117,2,"2024-04-21 19:39:09"
8121,4246,2,"2024-02-09 05:03:43"
8122,4124,2,"2023-10-17 13:06:21"
8123,780,2,"2023-07-11 01:17:08"
8124,4173,2,"2023-12-28 18:16:44"
8125,7355,2,"2023-06-30 19:44:10"
8126,4574,2,"2023-07-28 04:43:14"
8127,7088,2,"2023-10-22 00:57:19"
8128,4317,2,"2023-09-06 02:35:43"
8129,2917,2,"2024-05-20 02:13:28"
8130,2255,2,"2023-12-16 21:41:58"
8131,1762,2,"2024-04-29 00:50:51"
8132,7520,2,"2024-04-24 16:12:36"
8133,6168,2,"2024-02-12 17:32:50"
8134,5949,2,"2024-01-16 08:48:27"
8135,147,2,"2024-04-28 01:37:15"
8136,2260,2,"2024-04-19 15:08:00"
8137,5999,2,"2023-07-26 00:52:29"
8138,2295,2,"2023-10-16 15:54:38"
8139,7052,2,"2024-04-29 20:27:30"
8140,5198,2,"2024-03-13 04:56:26"
8141,5905,2,"2024-05-29 15:56:07"
8142,3639,2,"2023-08-03 04:27:55"
8143,5879,2,"2023-11-13 01:57:39"
8144,3111,2,"2023-07-23 21:15:29"
8145,3655,2,"2024-02-29 23:25:29"
8146,31,2,"2024-03-01 20:09:32"
8147,3463,2,"2023-10-16 03:30:44"
8148,3571,2,"2023-09-16 15:30:56"
8149,4303,2,"2024-01-29 10:47:37"
8150,3466,2,"2023-11-21 15:13:55"
8151,3809,2,"2024-04-11 23:08:40"
8152,591,2,"2023-11-01 17:43:48"
8153,6191,2,"2023-10-31 05:16:55"
8154,7435,2,"2024-02-28 12:00:02"
8155,688,2,"2024-02-20 09:08:14"
8156,4898,2,"2024-06-09 22:37:45"
8157,3991,2,"2024-01-15 00:19:16"
8158,1453,2,"2023-11-18 08:08:56"
8159,148,2,"2023-11-08 11:40:54"
8160,4178,2,"2023-08-08 02:57:03"
8161,3321,2,"2023-06-27 21:56:56"
8162,3342,2,"2024-04-08 17:32:48"
8163,426,2,"2024-02-20 16:04:28"
8164,4286,2,"2023-12-16 13:19:07"
8165,7549,2,"2024-06-13 17:32:57"
8166,35,2,"2024-04-08 09:35:59"
8167,5785,2,"2023-09-23 11:30:12"
8168,3368,2,"2024-04-10 03:21:53"
8169,3341,2,"2023-08-07 18:31:24"
8170,212,2,"2023-12-19 11:24:07"
8171,6676,2,"2023-11-14 19:20:31"
8172,2596,2,"2023-08-28 12:25:58"
8173,381,2,"2023-09-30 15:52:21"
8174,2444,2,"2023-08-01 21:59:45"
8175,136,2,"2024-03-17 08:07:42"
8176,4371,2,"2024-03-01 09:06:57"
8177,3378,2,"2023-08-30 21:10:00"
8178,492,2,"2024-01-25 17:05:47"
8179,7345,2,"2023-10-08 03:04:58"
8180,3376,2,"2023-09-13 21:19:11"
8181,3460,2,"2023-06-26 08:09:42"
8182,3227,2,"2023-11-02 07:29:44"
8183,7220,2,"2023-06-24 00:52:34"
8184,3590,2,"2024-02-24 11:50:17"
8185,5876,2,"2024-06-01 07:43:17"
8186,4028,2,"2023-06-25 12:36:02"
8187,4475,2,"2023-11-12 06:50:33"
8188,3875,2,"2023-12-24 16:24:40"
8189,2024,2,"2023-07-19 03:30:13"
8190,7175,2,"2023-06-21 06:46:29"
8191,6086,2,"2024-06-01 03:24:52"
8192,5925,2,"2023-10-15 09:42:22"
8193,5824,2,"2024-04-26 06:31:53"
8194,2895,2,"2023-07-01 05:16:34"
8195,4141,2,"2024-05-05 06:52:50"
8196,2640,2,"2024-03-01 20:50:36"
8197,1961,2,"2024-01-20 00:51:16"
8198,6106,2,"2024-04-19 07:15:06"
8199,664,2,"2023-12-27 10:25:48"
8200,4390,2,"2023-08-13 21:05:21"
8201,6295,2,"2024-05-05 09:51:14"
8202,1816,2,"2023-08-10 02:29:00"
8203,3694,2,"2024-03-31 17:16:40"
8204,1327,2,"2024-03-20 04:34:20"
8205,6768,2,"2023-09-30 22:18:01"
8206,7434,2,"2023-09-05 14:33:45"
8207,12,2,"2023-07-04 10:43:55"
8208,886,2,"2023-10-27 12:23:26"
8209,4462,2,"2023-09-30 15:39:59"
8210,5710,2,"2023-12-21 08:30:27"
8211,578,2,"2024-06-11 14:34:15"
8212,6332,2,"2023-12-07 09:01:56"
8213,440,2,"2024-02-26 04:11:36"
8214,67,2,"2024-02-28 01:11:28"
8215,6144,2,"2024-03-13 16:17:56"
8216,1898,2,"2024-05-09 16:58:03"
8217,4676,2,"2023-09-10 02:15:01"
8218,2863,2,"2023-10-12 19:42:42"
8219,5834,2,"2023-11-05 06:59:59"
8220,4599,2,"2024-04-21 17:15:19"
8221,2130,2,"2024-03-11 00:07:11"
8222,6158,2,"2023-06-22 19:25:58"
8223,3720,2,"2023-11-11 19:31:41"
8224,2242,2,"2024-02-01 03:00:41"
8225,1250,2,"2024-06-11 06:05:58"
8226,1582,2,"2024-02-19 19:03:43"
8227,5156,2,"2024-02-02 05:18:41"
8228,5436,2,"2023-07-19 18:01:59"
8229,2050,2,"2023-06-24 05:09:40"
8230,790,2,"2024-06-13 03:20:37"
8231,5411,2,"2024-01-24 08:29:40"
8232,1630,2,"2023-09-18 11:30:07"
8233,6568,2,"2024-05-22 09:06:21"
8234,6729,2,"2024-05-17 16:59:42"
8235,3898,2,"2024-01-06 16:01:41"
8236,1326,2,"2023-10-03 03:36:24"
8237,7152,2,"2024-02-28 05:59:45"
8238,6310,2,"2023-07-01 22:47:31"
8239,6199,2,"2024-01-11 09:41:57"
8240,7371,2,"2023-09-03 13:32:26"
8241,6366,2,"2023-10-09 23:10:28"
8242,3942,2,"2023-12-13 03:16:15"
8243,798,2,"2023-08-13 16:08:37"
8244,2831,2,"2023-12-25 13:22:56"
8245,5129,2,"2023-10-26 21:17:20"
8246,4188,2,"2023-06-23 00:09:06"
8247,5963,2,"2024-01-08 00:31:40"
8248,3645,2,"2023-11-30 21:43:44"
8249,5635,2,"2024-02-03 14:06:51"
8250,1890,2,"2023-08-22 20:45:38"
8251,2440,2,"2023-06-29 02:37:49"
8252,4329,2,"2024-03-15 00:36:30"
8253,3775,2,"2024-06-13 03:36:58"
8254,618,2,"2023-11-11 19:12:04"
8255,3909,2,"2024-06-10 03:50:00"
8256,3299,2,"2023-07-22 03:32:58"
8257,2742,2,"2023-08-29 03:50:29"
8258,6183,2,"2023-09-30 19:08:42"
8259,5055,2,"2024-05-13 07:53:20"
8260,737,2,"2023-08-18 05:20:43"
8261,1598,2,"2023-09-01 08:24:58"
8262,6336,2,"2024-02-19 01:03:18"
8263,1958,2,"2023-12-27 05:06:55"
8264,6132,2,"2023-10-16 05:38:40"
8265,1933,2,"2023-09-14 02:19:53"
8266,3147,2,"2023-11-09 18:27:08"
8267,3911,2,"2024-01-21 08:41:33"
8268,3080,2,"2024-04-21 14:06:16"
8269,4324,2,"2023-11-09 05:18:39"
8270,2881,2,"2024-05-30 05:25:54"
8271,462,2,"2024-05-28 02:49:06"
8272,6560,2,"2023-07-27 05:06:17"
8273,625,2,"2023-07-03 19:58:44"
8274,3281,2,"2024-01-23 14:47:35"
8275,36,2,"2023-07-27 19:16:36"
8276,4965,2,"2023-08-19 01:38:00"
8277,448,2,"2024-03-31 15:08:03"
8278,4321,2,"2024-02-01 20:25:18"
8279,4304,2,"2024-02-20 16:03:49"
8280,5541,2,"2023-10-10 03:26:26"
8281,2241,2,"2024-06-04 05:55:15"
8282,3787,2,"2024-02-24 02:47:37"
8283,2721,2,"2023-10-18 03:29:40"
8284,2222,2,"2024-05-30 19:02:34"
8285,6946,2,"2023-12-02 08:29:02"
8286,45,2,"2024-01-25 03:53:00"
8287,6940,2,"2023-09-28 06:38:39"
8288,4109,2,"2023-09-18 02:06:18"
8289,564,2,"2024-04-29 08:30:57"
8290,1084,2,"2024-06-17 04:18:41"
8291,1256,2,"2023-08-20 03:20:50"
8292,3411,2,"2023-11-23 04:03:18"
8293,2689,2,"2023-06-28 08:15:26"
8294,4897,2,"2023-11-22 13:10:52"
8295,4650,2,"2023-09-10 12:40:37"
8296,7369,2,"2023-10-18 13:11:45"
8297,5614,2,"2024-01-24 09:13:13"
8298,3999,2,"2024-06-15 20:45:14"
8299,748,2,"2023-07-25 11:30:20"
8300,3932,2,"2023-11-14 12:21:55"
8301,3817,2,"2024-02-03 23:18:55"
8302,5195,2,"2024-04-11 20:35:32"
8303,4724,2,"2023-06-25 08:41:14"
8304,4951,2,"2024-05-18 19:30:20"
8305,3130,2,"2024-03-03 11:01:03"
8306,2047,2,"2024-05-01 07:29:37"
8307,7513,2,"2023-11-07 23:01:08"
8308,5528,2,"2024-05-14 19:19:40"
8309,5329,2,"2024-02-26 12:31:36"
8310,853,2,"2023-12-20 16:47:11"
8311,1395,2,"2023-07-18 13:18:48"
8312,5488,2,"2024-01-27 06:20:22"
8313,1488,2,"2023-08-22 03:32:28"
8314,7348,2,"2024-05-27 19:21:20"
8315,282,2,"2024-03-15 12:30:55"
8316,6650,2,"2024-05-15 23:15:18"
8317,2393,2,"2023-11-07 08:33:10"
8318,7171,2,"2023-10-06 07:56:41"
8319,4513,2,"2023-11-11 23:29:15"
8320,3055,2,"2023-06-24 12:16:06"
8321,3870,2,"2023-07-26 01:09:43"
8322,3636,2,"2023-10-30 19:38:38"
8323,4315,2,"2024-06-16 12:14:22"
8324,4001,2,"2023-12-13 07:42:39"
8325,2675,2,"2024-04-15 22:59:24"
8326,4295,2,"2024-04-23 01:27:25"
8327,2051,2,"2023-11-09 01:35:55"
8328,6655,2,"2023-11-27 02:23:07"
8329,7046,2,"2023-08-22 04:04:40"
8330,1675,2,"2024-05-13 15:53:01"
8331,4444,2,"2023-06-28 09:39:19"
8332,518,2,"2024-02-15 18:13:18"
8333,1149,2,"2024-05-05 04:36:06"
8334,3286,2,"2023-10-21 19:27:06"
8335,2400,2,"2023-10-10 11:00:18"
8336,4887,2,"2024-03-10 14:51:06"
8337,4041,2,"2023-11-09 05:16:37"
8338,1561,2,"2023-06-25 03:40:38"
8339,3743,2,"2023-09-23 06:08:12"
8340,3456,2,"2023-11-21 14:08:23"
8341,5979,2,"2023-11-25 17:30:12"
8342,7314,2,"2023-11-02 09:54:14"
8343,3096,2,"2023-11-27 17:55:04"
8344,981,2,"2024-06-04 12:56:48"
8345,2966,2,"2024-04-21 14:25:09"
8346,1784,2,"2023-06-26 15:09:13"
8347,480,2,"2023-08-20 22:28:23"
8348,3811,2,"2023-08-15 09:00:10"
8349,6873,2,"2023-07-09 19:10:13"
8350,445,2,"2024-06-16 10:50:13"
8351,7294,2,"2023-08-28 23:45:06"
8352,2958,2,"2023-08-23 13:50:07"
8353,4872,2,"2024-05-05 10:18:20"
8354,888,2,"2024-01-05 08:07:21"
8355,829,2,"2024-05-14 19:32:45"
8356,6600,2,"2024-01-21 16:11:18"
8357,3157,2,"2024-06-19 01:39:35"
8358,1557,2,"2023-10-25 10:44:34"
8359,3919,2,"2024-04-29 12:25:53"
8360,1859,2,"2024-04-03 09:50:58"
8361,3892,2,"2024-01-26 02:32:17"
8362,7329,2,"2023-07-16 08:24:12"
8363,2451,2,"2024-04-21 17:39:58"
8364,7107,2,"2023-07-30 03:45:28"
8365,6386,2,"2023-09-13 02:45:01"
8366,4169,2,"2024-04-15 13:01:00"
8367,1422,2,"2023-10-18 12:24:49"
8368,4033,2,"2024-03-23 22:02:45"
8369,2318,2,"2024-04-19 00:14:07"
8370,5463,2,"2023-08-09 03:57:34"
8371,353,2,"2024-06-13 20:47:47"
8372,3963,2,"2024-01-15 15:59:46"
8373,2324,2,"2024-01-03 19:44:17"
8374,7105,2,"2023-12-27 13:57:54"
8375,429,2,"2023-09-07 05:33:37"
8376,1932,2,"2023-07-02 15:20:17"
8377,112,2,"2023-07-18 16:15:08"
8378,6437,2,"2023-12-27 15:28:18"
8379,2681,2,"2023-11-30 22:15:38"
8380,684,2,"2023-09-06 16:59:04"
8381,2670,2,"2024-02-05 10:29:12"
8382,3833,2,"2023-08-11 15:53:04"
8383,2419,2,"2024-01-25 23:56:32"
8384,5230,2,"2024-05-21 10:36:49"
8385,3468,2,"2024-05-23 19:15:00"
8386,7547,2,"2023-06-23 20:23:30"
8387,1716,2,"2023-10-14 13:14:19"
8388,749,2,"2023-11-17 10:59:28"
8389,5099,2,"2024-02-08 13:00:16"
8390,6960,2,"2023-12-15 13:22:38"
8391,5751,2,"2023-08-11 15:37:20"
8392,6526,2,"2024-05-01 10:06:12"
8393,1800,2,"2023-11-03 08:29:15"
8394,7518,2,"2023-08-26 20:53:00"
8395,6627,2,"2023-12-23 23:18:00"
8396,3390,2,"2024-02-20 02:17:32"
8397,3857,2,"2023-10-30 01:03:47"
8398,613,2,"2024-05-20 08:00:07"
8399,1736,2,"2023-09-10 19:47:15"
8400,7191,2,"2023-08-25 08:14:19"
8401,5417,2,"2023-10-06 10:27:02"
8402,1112,2,"2023-07-11 13:56:32"
8403,6911,2,"2023-11-01 02:53:40"
8404,2507,2,"2024-03-23 02:39:33"
8405,1063,2,"2024-02-17 01:44:53"
8406,1254,2,"2024-02-28 15:47:10"
8407,917,2,"2023-11-15 13:16:34"
8408,695,2,"2023-08-04 16:01:05"
8409,5700,2,"2023-07-27 16:54:57"
8410,4003,2,"2024-05-02 13:03:55"
8411,533,2,"2024-01-04 11:54:38"
8412,2157,2,"2023-10-30 02:36:32"
8413,3490,2,"2024-03-31 05:52:34"
8414,4234,2,"2023-09-14 06:50:39"
8415,6803,2,"2024-06-02 10:53:32"
8416,5403,2,"2023-11-26 05:43:26"
8417,2364,2,"2024-05-13 22:14:44"
8418,6997,2,"2024-03-16 19:06:40"
8419,2978,2,"2024-05-01 13:07:39"
8420,5719,2,"2024-04-29 01:14:40"
8421,2999,2,"2024-04-08 04:26:41"
8422,4976,2,"2024-02-09 01:16:12"
8423,572,2,"2023-08-18 17:51:57"
8424,933,2,"2024-02-21 20:42:46"
8425,3309,2,"2023-06-22 11:07:39"
8426,2116,2,"2023-09-21 09:32:49"
8427,415,2,"2024-05-12 20:15:30"
8428,5199,2,"2023-11-19 22:18:51"
8429,5955,2,"2024-02-24 09:03:51"
8430,1198,2,"2023-11-07 10:07:37"
8431,5254,2,"2024-02-13 18:55:57"
8432,806,2,"2023-10-31 09:33:07"
8433,7352,2,"2023-09-18 23:58:50"
8434,4386,2,"2024-01-08 07:37:30"
8435,1569,2,"2024-05-11 23:32:46"
8436,3122,2,"2023-12-10 05:15:48"
8437,472,2,"2023-12-02 06:17:08"
8438,6569,2,"2023-08-10 22:09:33"
8439,3852,2,"2024-03-01 05:33:20"
8440,7317,2,"2023-09-09 22:34:00"
8441,2539,2,"2024-03-30 20:35:22"
8442,6900,2,"2023-10-08 02:44:38"
8443,2924,2,"2024-02-29 17:05:33"
8444,5908,2,"2024-04-20 07:54:52"
8445,5386,2,"2024-02-14 09:53:17"
8446,2123,2,"2023-12-15 02:54:57"
8447,5053,2,"2023-11-21 12:13:33"
8448,2915,2,"2023-08-25 04:20:36"
8449,6476,2,"2023-08-16 20:55:50"
8450,6670,2,"2023-10-08 00:19:22"
8451,1622,2,"2024-03-14 22:04:15"
8452,5268,2,"2023-12-20 08:03:12"
8453,6334,2,"2023-10-28 12:13:42"
8454,6380,2,"2023-07-27 04:18:32"
8455,1720,2,"2024-04-25 06:11:20"
8456,2936,2,"2024-05-22 08:15:08"
8457,3370,2,"2024-05-18 08:11:53"
8458,6240,2,"2024-03-24 05:13:21"
8459,7331,2,"2023-10-24 07:11:40"
8460,6288,2,"2024-03-24 22:31:31"
8461,3442,2,"2023-09-22 22:16:56"
8462,3045,2,"2023-07-23 22:46:00"
8463,2029,2,"2023-10-12 09:39:55"
8464,2764,2,"2024-01-28 08:11:23"
8465,6135,2,"2023-10-09 09:53:40"
8466,2225,2,"2024-01-23 14:14:04"
8467,3767,2,"2023-12-22 15:16:37"
8468,5786,2,"2024-03-01 06:58:02"
8469,6049,2,"2024-05-03 02:05:20"
8470,999,2,"2023-07-22 00:23:14"
8471,7533,2,"2023-09-12 07:36:27"
8472,452,2,"2023-10-13 11:42:00"
8473,3355,2,"2024-03-08 21:06:11"
8474,2793,2,"2024-02-25 23:56:41"
8475,3177,2,"2023-07-21 21:15:02"
8476,267,2,"2023-07-25 08:42:31"
8477,2533,2,"2023-09-26 16:58:37"
8478,2039,2,"2023-09-18 06:34:43"
8479,6673,2,"2024-01-28 20:09:59"
8480,6636,2,"2023-10-03 11:58:29"
8481,3210,2,"2024-04-01 18:20:05"
8482,6396,2,"2024-05-25 08:01:46"
8483,4519,2,"2024-06-13 20:01:50"
8484,1601,2,"2024-03-24 16:54:03"
8485,4358,2,"2023-08-26 09:19:23"
8486,1291,2,"2023-08-15 02:05:05"
8487,7048,2,"2023-10-26 08:48:50"
8488,567,2,"2023-11-12 10:52:49"
8489,2413,2,"2024-03-02 16:08:29"
8490,4318,2,"2023-10-01 18:34:01"
8491,7219,2,"2024-02-28 03:08:48"
8492,1679,2,"2024-02-03 23:45:10"
8493,3406,2,"2024-01-27 19:01:17"
8494,391,2,"2023-11-20 00:50:10"
8495,3965,2,"2023-08-12 11:11:33"
8496,3459,2,"2023-07-06 09:24:29"
8497,2982,2,"2023-10-12 05:39:12"
8498,3090,2,"2024-05-18 01:36:34"
8499,4293,2,"2024-02-06 10:02:03"
8500,4492,2,"2024-02-27 20:30:25"
8501,5492,2,"2023-07-10 18:08:46"
8502,3665,2,"2024-02-05 12:41:25"
8503,6972,2,"2023-07-28 19:33:53"
8504,7087,2,"2023-08-13 16:56:43"
8505,6985,2,"2023-12-15 07:10:51"
8506,2610,2,"2023-09-03 07:34:43"
8507,1104,2,"2024-05-15 00:19:31"
8508,7336,2,"2023-10-20 22:06:57"
8509,317,2,"2024-02-06 16:42:25"
8510,6074,2,"2024-03-24 08:36:03"
8511,7328,2,"2023-08-16 08:06:28"
8512,1260,2,"2024-02-08 22:31:05"
8513,5313,2,"2024-05-08 07:52:53"
8514,2144,2,"2023-12-21 14:46:39"
8515,48,2,"2023-07-28 23:35:50"
8516,1107,2,"2023-07-30 01:15:27"
8517,677,2,"2024-03-10 04:03:27"
8518,3757,2,"2024-03-12 10:30:35"
8519,2124,2,"2023-06-26 04:45:59"
8520,551,2,"2024-03-05 13:28:31"
8521,1613,2,"2024-01-15 01:12:43"
8522,1109,2,"2024-05-16 03:35:01"
8523,3217,2,"2023-11-21 12:00:43"
8524,83,2,"2024-05-28 22:48:37"
8525,1581,2,"2024-04-14 00:33:51"
8526,4397,2,"2024-01-14 16:36:30"
8527,2945,2,"2024-04-21 15:44:22"
8528,4091,2,"2024-03-07 20:08:41"
8529,1618,2,"2023-08-27 18:35:02"
8530,7222,2,"2024-03-18 17:50:11"
8531,137,2,"2023-11-14 05:37:39"
8532,1373,2,"2023-09-23 10:48:33"
8533,2356,2,"2024-02-25 22:21:35"
8534,4413,2,"2023-09-18 19:32:21"
8535,301,2,"2024-04-22 12:01:48"
8536,1337,2,"2024-02-19 02:54:26"
8537,2142,2,"2024-01-18 03:44:23"
8538,488,2,"2023-10-02 08:28:50"
8539,6801,2,"2023-11-14 09:37:03"
8540,2495,2,"2023-12-07 01:00:08"
8541,7063,2,"2024-04-15 11:11:32"
8542,1566,2,"2024-05-20 22:49:52"
8543,1739,2,"2024-01-28 19:57:29"
8544,1242,2,"2023-06-26 23:28:42"
8545,975,2,"2023-07-30 22:06:34"
8546,5062,2,"2024-05-16 06:43:09"
8547,1013,2,"2024-01-27 09:55:41"
8548,5092,2,"2023-12-25 11:39:00"
8549,5467,2,"2023-06-29 07:06:58"
8550,4389,2,"2023-11-13 02:40:07"
8551,5745,2,"2024-01-22 12:41:18"
8552,3329,2,"2024-02-22 19:02:04"
8553,4540,2,"2024-03-25 03:49:24"
8554,5049,2,"2024-03-10 07:31:07"
8555,3191,2,"2024-05-21 06:33:43"
8556,7286,2,"2024-03-05 01:12:24"
8557,4296,2,"2024-05-09 13:18:25"
8558,1495,2,"2023-10-26 14:14:00"
8559,3858,2,"2024-03-15 03:07:52"
8560,1403,2,"2024-03-03 23:08:10"
8561,3698,2,"2023-11-09 08:17:36"
8562,2065,2,"2024-05-17 06:14:59"
8563,3050,2,"2023-09-24 11:26:56"
8564,607,2,"2023-10-12 01:25:04"
8565,2938,2,"2024-05-12 15:17:27"
8566,5548,2,"2023-10-15 07:14:30"
8567,6844,2,"2024-03-21 17:19:21"
8568,1666,2,"2023-12-27 20:08:13"
8569,2948,2,"2024-01-20 08:28:48"
8570,6850,2,"2024-03-01 19:11:17"
8571,840,2,"2024-05-22 02:56:33"
8572,3040,2,"2024-05-23 22:44:39"
8573,1142,2,"2024-06-06 13:08:30"
8574,7021,2,"2024-02-15 07:30:27"
8575,2787,2,"2024-05-15 00:59:49"
8576,111,2,"2023-08-14 18:27:25"
8577,850,2,"2023-11-20 19:33:46"
8578,5709,2,"2024-05-02 16:23:32"
8579,6719,2,"2024-03-18 18:38:18"
8580,6447,2,"2024-05-06 02:17:03"
8581,7339,2,"2024-04-15 10:24:40"
8582,4259,2,"2024-03-23 20:25:32"
8583,5921,2,"2023-11-29 01:01:21"
8584,7199,2,"2023-12-22 12:16:56"
8585,2220,2,"2023-09-10 00:39:16"
8586,6358,2,"2023-08-25 09:29:33"
8587,1531,2,"2024-04-13 03:22:46"
8588,1888,2,"2024-04-23 06:16:36"
8589,2601,2,"2024-04-27 06:39:52"
8590,4377,2,"2023-12-26 13:00:19"
8591,5987,2,"2023-12-19 15:44:49"
8592,7548,2,"2024-04-23 16:10:48"
8593,4224,2,"2023-09-23 00:25:44"
8594,4712,2,"2024-06-13 17:48:20"
8595,1398,2,"2023-12-24 04:59:46"
8596,7166,2,"2024-05-24 08:26:06"
8597,5875,2,"2023-12-22 13:33:07"
8598,5063,2,"2024-01-17 08:18:20"
8599,865,2,"2024-01-07 07:15:20"
8600,860,2,"2023-12-24 04:08:59"
8601,1923,2,"2024-06-05 02:21:47"
8602,5328,2,"2023-11-21 17:18:41"
8603,5736,2,"2023-10-08 07:17:59"
8604,1804,2,"2024-04-28 02:20:03"
8605,7096,2,"2024-06-13 09:22:34"
8606,493,2,"2024-02-23 09:26:14"
8607,667,2,"2023-09-26 18:06:22"
8608,2191,2,"2024-05-12 11:35:52"
8609,4104,2,"2024-05-09 13:42:24"
8610,3675,2,"2024-03-06 19:05:53"
8611,3064,2,"2023-09-03 00:09:47"
8612,3382,2,"2024-02-11 02:32:08"
8613,2671,2,"2023-10-24 03:22:51"
8614,535,2,"2023-08-12 13:25:04"
8615,4705,2,"2023-10-28 14:46:31"
8616,5035,2,"2024-02-14 03:49:23"
8617,3189,2,"2023-10-12 07:18:05"
8618,114,2,"2024-02-06 04:46:52"
8619,5539,2,"2024-01-04 12:06:25"
8620,7017,2,"2023-09-29 09:37:42"
8621,5193,2,"2023-12-06 11:14:48"
8622,449,2,"2023-11-02 19:19:51"
8623,235,2,"2023-08-10 23:27:51"
8624,2947,2,"2024-05-01 16:50:28"
8625,2120,2,"2024-05-01 10:45:50"
8626,5471,2,"2024-01-03 23:30:23"
8627,5153,2,"2023-12-30 07:18:16"
8628,7006,2,"2023-08-28 21:58:28"
8629,6394,2,"2023-09-03 18:28:51"
8630,978,2,"2023-10-05 04:56:38"
8631,4917,2,"2023-11-03 08:27:07"
8632,824,2,"2024-04-03 11:14:49"
8633,6250,2,"2023-09-20 01:34:51"
8634,4121,2,"2023-08-21 16:04:43"
8635,5389,2,"2024-04-26 10:18:54"
8636,1264,2,"2023-12-16 13:27:26"
8637,4511,2,"2024-03-19 21:37:49"
8638,1590,2,"2024-01-02 19:25:17"
8639,3778,2,"2024-04-24 05:07:10"
8640,3083,2,"2024-06-14 20:25:41"
8641,4300,2,"2023-11-22 05:37:25"
8642,3924,2,"2024-04-12 21:24:04"
8643,5584,2,"2024-04-21 14:41:23"
8644,801,2,"2024-04-30 12:52:06"
8645,1875,2,"2023-12-22 02:53:43"
8646,4916,2,"2024-06-04 00:24:08"
8647,616,2,"2023-11-12 18:46:36"
8648,4145,2,"2024-05-10 17:43:31"
8649,2127,2,"2024-04-09 14:00:11"
8650,2621,2,"2024-02-21 02:44:01"
8651,6653,2,"2023-07-26 23:27:57"
8652,5698,2,"2024-06-08 03:41:33"
8653,5323,2,"2024-01-20 17:30:10"
8654,5920,2,"2024-05-12 23:24:29"
8655,2211,2,"2024-02-19 16:20:52"
8656,7130,2,"2024-02-13 15:43:18"
8657,5729,2,"2023-12-07 06:28:24"
8658,6000,2,"2023-07-31 21:47:47"
8659,176,2,"2023-12-25 08:12:55"
8660,3776,2,"2023-08-17 02:47:00"
8661,1544,2,"2023-08-01 15:21:19"
8662,4743,2,"2023-09-26 14:43:01"
8663,7249,2,"2024-02-20 16:06:43"
8664,4271,2,"2024-05-19 03:52:48"
8665,1393,2,"2023-08-18 14:21:45"
8666,5809,2,"2023-09-18 11:55:31"
8667,3548,2,"2024-05-26 12:31:41"
8668,1163,2,"2024-03-10 07:45:43"
8669,4088,2,"2024-02-16 11:54:46"
8670,3853,2,"2023-12-19 05:39:21"
8671,3895,2,"2024-02-13 09:28:07"
8672,6514,2,"2023-08-06 11:22:01"
8673,5674,2,"2024-02-28 11:04:02"
8674,4118,2,"2024-02-17 16:03:26"
8675,1644,2,"2023-07-14 01:21:57"
8676,6742,2,"2024-01-21 11:22:47"
8677,6525,2,"2023-11-03 16:09:30"
8678,3579,2,"2024-06-15 00:14:27"
8679,985,2,"2024-01-19 20:07:35"
8680,2991,2,"2024-05-11 03:56:40"
8681,2724,2,"2023-09-30 13:16:58"
8682,4470,2,"2023-07-25 22:56:00"
8683,2585,2,"2023-09-06 22:03:17"
8684,3053,2,"2024-02-12 02:45:28"
8685,6550,2,"2023-07-31 03:58:22"
8686,6265,2,"2023-09-12 05:47:32"
8687,6770,2,"2024-06-13 10:02:11"
8688,3338,2,"2024-06-07 00:49:58"
8689,2951,2,"2024-01-22 13:45:20"
8690,1493,2,"2023-10-27 17:51:10"
8691,1794,2,"2023-07-10 23:41:28"
8692,3751,2,"2024-03-18 02:47:58"
8693,3318,2,"2023-11-16 14:53:21"
8694,6072,2,"2023-08-04 08:59:10"
8695,3483,2,"2024-03-18 00:28:23"
8696,2259,2,"2024-06-15 03:44:22"
8697,5701,2,"2024-04-06 12:59:55"
8698,1565,2,"2024-05-04 22:32:30"
8699,781,2,"2024-02-20 01:40:22"
8700,2093,2,"2024-05-28 00:52:47"
8701,837,2,"2023-12-01 22:34:58"
8702,2054,2,"2023-08-20 11:19:54"
8703,1194,2,"2024-06-17 07:49:23"
8704,2160,2,"2023-07-13 23:21:03"
8705,5126,2,"2023-12-10 12:05:31"
8706,2016,2,"2023-07-31 15:34:23"
8707,5335,2,"2023-10-09 19:10:58"
8708,1432,2,"2024-05-25 22:17:33"
8709,6491,2,"2023-09-17 00:46:38"
8710,6606,2,"2023-07-21 10:26:09"
8711,2221,2,"2023-11-16 01:42:24"
8712,4720,2,"2023-11-28 23:44:10"
8713,5618,2,"2023-07-02 18:46:41"
8714,6483,2,"2023-10-01 01:54:12"
8715,7065,2,"2023-08-07 03:02:20"
8716,1706,2,"2024-06-05 18:39:04"
8717,3976,2,"2024-05-03 14:16:41"
8718,1322,2,"2024-06-01 06:03:58"
8719,2810,2,"2024-03-26 05:44:00"
8720,6849,2,"2023-11-28 19:29:25"
8721,5192,2,"2023-09-02 03:11:33"
8722,5893,2,"2023-07-30 08:20:53"
8723,5475,2,"2024-03-26 06:56:57"
8724,1363,2,"2024-01-25 18:14:16"
8725,6948,2,"2024-03-11 18:16:14"
8726,970,2,"2024-01-12 16:13:10"
8727,2041,2,"2023-08-02 23:13:19"
8728,1096,2,"2024-03-25 04:48:18"
8729,458,2,"2023-11-19 18:39:43"
8730,1187,2,"2023-07-23 12:52:52"
8731,5662,2,"2023-10-21 23:08:43"
8732,6800,2,"2023-11-25 20:43:35"
8733,2468,2,"2024-02-03 08:02:06"
8734,2012,2,"2024-02-10 00:59:18"
8735,622,2,"2023-09-20 13:35:00"
8736,5132,2,"2024-02-20 23:31:42"
8737,6538,2,"2024-01-16 21:47:56"
8738,316,2,"2023-10-03 18:29:13"
8739,4374,2,"2024-01-02 15:50:59"
8740,5517,2,"2024-03-01 16:13:21"
8741,941,2,"2024-05-16 21:56:48"
8742,1464,2,"2023-12-12 16:42:00"
8743,2408,2,"2023-08-18 23:28:32"
8744,2125,2,"2024-04-11 21:48:36"
8745,4968,2,"2023-10-24 10:08:22"
8746,5728,2,"2023-09-17 23:42:29"
8747,3846,2,"2023-09-27 00:29:18"
8748,6881,2,"2023-07-14 01:29:00"
8749,4831,2,"2023-09-20 08:08:21"
8750,5237,2,"2024-01-27 01:26:10"
8751,7080,2,"2024-05-28 07:51:35"
8752,1417,2,"2024-03-21 04:25:30"
8753,2052,2,"2023-11-11 07:15:42"
8754,6311,2,"2024-05-16 11:36:49"
8755,2246,2,"2024-04-15 17:40:35"
8756,3419,2,"2023-11-23 20:53:49"
8757,421,2,"2024-03-11 04:59:28"
8758,6847,2,"2024-05-21 11:31:04"
8759,1011,2,"2023-11-02 11:52:12"
8760,3494,2,"2023-07-15 06:35:33"
8761,3864,2,"2024-04-27 18:04:24"
8762,3711,2,"2023-09-04 02:05:19"
8763,5518,2,"2024-01-23 02:23:11"
8764,1756,2,"2024-04-26 05:58:51"
8765,3396,2,"2024-06-01 04:11:03"
8766,6872,2,"2023-09-26 12:33:07"
8767,4408,2,"2023-10-16 12:18:32"
8768,6307,2,"2023-08-27 01:28:38"
8769,6138,2,"2023-10-01 23:44:41"
8770,6980,2,"2024-04-13 22:59:55"
8771,4082,2,"2023-12-31 16:22:30"
8772,3906,2,"2023-07-25 10:17:21"
8773,2208,2,"2024-03-27 10:47:02"
8774,5857,2,"2024-02-17 08:36:09"
8775,4465,2,"2024-06-17 20:45:34"
8776,3716,2,"2023-09-25 07:43:32"
8777,3617,2,"2023-07-29 11:04:15"
8778,6938,2,"2024-06-13 04:20:30"
8779,3803,2,"2024-02-26 07:36:54"
8780,5219,2,"2023-09-21 03:34:40"
8781,1110,2,"2023-12-12 17:13:33"
8782,3901,2,"2024-05-19 20:50:23"
8783,1444,2,"2023-11-26 11:16:34"
8784,4623,2,"2023-07-07 07:20:33"
8785,4682,2,"2023-10-21 14:53:12"
8786,6556,2,"2023-10-30 20:19:50"
8787,1342,2,"2024-02-26 16:29:57"
8788,5240,2,"2023-09-23 00:47:29"
8789,6276,2,"2023-12-24 20:20:14"
8790,6749,2,"2024-03-16 14:52:16"
8791,856,2,"2023-10-23 11:54:04"
8792,4754,2,"2023-11-13 02:41:25"
8793,6863,2,"2024-02-21 04:21:29"
8794,6638,2,"2024-06-18 18:31:16"
8795,5706,2,"2023-10-26 16:29:15"
8796,1212,2,"2023-09-27 10:06:36"
8797,1253,2,"2023-10-27 10:57:06"
8798,4255,2,"2023-07-09 15:17:42"
8799,5928,2,"2024-02-18 05:31:03"
8800,3479,2,"2024-01-24 20:10:17"
8801,4486,2,"2023-07-12 12:38:35"
8802,90,2,"2024-03-02 02:45:05"
8803,5036,2,"2023-06-21 22:51:33"
8804,252,2,"2023-06-22 16:07:50"
8805,5669,2,"2023-10-31 04:59:33"
8806,3115,2,"2023-10-20 22:51:08"
8807,2186,2,"2023-06-27 14:08:58"
8808,2875,2,"2023-12-13 13:42:06"
8809,1995,2,"2023-09-01 09:52:40"
8810,1339,2,"2023-11-02 22:01:46"
8811,6865,2,"2023-10-30 15:36:44"
8812,785,2,"2023-07-08 03:50:13"
8813,2653,2,"2024-04-10 15:37:53"
8814,3761,2,"2024-01-20 12:33:06"
8815,6581,2,"2023-07-23 15:26:21"
8816,6021,2,"2024-01-13 04:31:11"
8817,4273,2,"2024-01-14 15:25:05"
8818,5663,2,"2023-09-21 10:31:49"
8819,803,2,"2024-04-11 21:36:48"
8820,6420,2,"2023-10-25 18:33:32"
8821,3915,2,"2024-06-01 22:22:12"
8822,2380,2,"2024-03-17 20:53:54"
8823,1058,2,"2023-08-09 02:32:43"
8824,969,2,"2024-01-15 08:02:24"
8825,5100,2,"2023-06-26 02:35:06"
8826,2857,2,"2024-04-12 11:03:26"
8827,848,2,"2024-03-10 11:36:30"
8828,746,2,"2024-05-23 06:59:03"
8829,3108,2,"2023-11-13 17:07:29"
8830,4695,2,"2024-06-04 18:59:57"
8831,5944,2,"2023-09-01 07:07:10"
8832,1071,2,"2023-09-10 10:30:50"
8833,6201,2,"2024-06-18 22:22:02"
8834,1148,2,"2023-07-27 16:16:40"
8835,6083,2,"2024-01-14 06:09:03"
8836,909,2,"2024-03-11 17:06:30"
8837,127,2,"2023-07-03 16:46:57"
8838,3966,2,"2024-04-22 15:22:00"
8839,4635,2,"2023-12-16 15:12:23"
8840,2940,2,"2024-01-02 20:43:03"
8841,1340,2,"2023-06-30 07:57:53"
8842,1283,2,"2023-12-06 20:20:23"
8843,4298,2,"2023-12-14 15:02:07"
8844,6741,2,"2024-02-17 20:23:27"
8845,6615,2,"2023-09-09 01:57:14"
8846,1145,2,"2023-10-23 12:44:09"
8847,1487,2,"2023-07-01 03:40:39"
8848,7452,2,"2023-07-04 23:11:55"
8849,967,2,"2024-04-15 12:25:36"
8850,4922,2,"2024-04-24 01:32:09"
8851,38,2,"2024-02-09 05:41:11"
8852,5095,2,"2024-04-06 16:09:45"
8853,3339,2,"2023-11-04 09:54:43"
8854,4896,2,"2024-03-03 21:50:52"
8855,6957,2,"2024-05-17 03:17:01"
8856,4533,2,"2023-10-23 20:11:21"
8857,1636,2,"2023-08-31 12:53:13"
8858,4176,2,"2024-03-30 20:51:41"
8859,4869,2,"2024-01-16 14:08:05"
8860,5933,2,"2024-02-03 01:20:20"
8861,131,2,"2024-03-21 17:57:11"
8862,3879,2,"2023-07-05 11:28:31"
8863,2949,2,"2024-01-18 14:38:21"
8864,767,2,"2023-11-03 00:17:32"
8865,5330,2,"2023-06-26 12:43:55"
8866,4742,2,"2023-08-19 07:19:33"
8867,2759,2,"2024-02-27 22:23:49"
8868,2955,2,"2024-02-19 07:10:58"
8869,3839,2,"2023-07-24 18:21:15"
8870,3543,2,"2024-02-20 14:56:27"
8871,4068,2,"2023-10-25 17:30:22"
8872,1272,2,"2023-11-29 05:53:42"
8873,709,2,"2023-07-02 06:21:27"
8874,1928,2,"2023-10-16 21:18:07"
8875,2205,2,"2023-09-10 04:19:41"
8876,2498,2,"2024-01-31 14:05:31"
8877,1662,2,"2024-01-07 20:32:16"
8878,3099,2,"2023-10-21 22:16:13"
8879,2043,2,"2023-10-21 12:06:32"
8880,4199,2,"2024-01-13 11:49:52"
8881,5360,2,"2023-10-08 13:20:44"
8882,3791,2,"2023-11-21 07:49:19"
8883,2769,2,"2024-02-01 03:49:40"
8884,3760,2,"2023-10-17 09:33:34"
8885,1632,2,"2024-05-26 21:50:33"
8886,3805,2,"2023-11-16 07:38:37"
8887,2118,2,"2023-12-25 02:10:46"
8888,4883,2,"2024-03-21 06:05:50"
8889,7060,2,"2024-01-31 21:13:21"
8890,6956,2,"2024-05-29 21:09:54"
8891,1970,2,"2023-10-22 08:36:08"
8892,5554,2,"2023-08-01 14:25:07"
8893,5146,2,"2023-11-27 23:05:17"
8894,7337,2,"2024-05-13 12:14:29"
8895,2705,2,"2023-11-11 20:55:39"
8896,2753,2,"2024-04-15 05:16:08"
8897,3012,2,"2023-07-05 01:54:47"
8898,5771,2,"2024-05-29 21:49:19"
8899,1416,2,"2024-01-16 01:26:25"
8900,6668,2,"2023-11-29 23:52:08"
8901,39,2,"2023-11-26 22:23:11"
8902,389,2,"2024-02-10 17:56:12"
8903,5260,2,"2023-07-09 16:20:47"
8904,6323,2,"2024-04-10 01:43:09"
8905,3193,2,"2023-10-09 00:21:46"
8906,1907,2,"2024-03-02 10:08:22"
8907,4134,2,"2023-10-11 12:45:54"
8908,2022,2,"2023-11-11 08:49:36"
8909,3925,2,"2024-05-16 18:59:15"
8910,6075,2,"2023-08-11 20:36:49"
8911,3753,2,"2023-12-05 09:30:31"
8912,1550,2,"2024-02-19 20:25:46"
8913,2986,2,"2023-07-25 18:47:50"
8914,2591,2,"2023-11-30 09:10:08"
8915,4673,2,"2023-11-08 04:58:44"
8916,7442,2,"2024-02-21 07:09:07"
8917,2631,2,"2023-10-03 18:38:55"
8918,5142,2,"2023-07-07 22:16:46"
8919,5353,2,"2023-09-10 19:17:02"
8920,4982,2,"2023-08-07 01:39:30"
8921,1500,2,"2023-11-24 03:53:15"
8922,6034,2,"2024-02-12 20:15:24"
8923,4133,2,"2024-02-06 16:19:06"
8924,5562,2,"2024-04-23 16:12:06"
8925,1570,2,"2024-01-26 05:50:53"
8926,731,2,"2023-12-15 20:55:56"
8927,3263,2,"2024-04-21 00:42:00"
8928,2064,2,"2023-12-15 05:45:20"
8929,6587,2,"2024-02-29 06:10:30"
8930,5423,2,"2024-01-05 18:23:35"
8931,6239,2,"2023-07-25 01:25:41"
8932,7234,2,"2024-04-09 16:00:29"
8933,2108,2,"2024-05-20 21:22:45"
8934,5780,2,"2024-05-22 10:48:37"
8935,2377,2,"2024-05-09 07:35:09"
8936,2326,2,"2024-02-19 22:33:08"
8937,2396,2,"2024-06-04 02:24:07"
8938,1486,2,"2024-02-11 09:23:34"
8939,1945,2,"2024-01-12 17:07:23"
8940,4879,2,"2023-11-01 17:45:46"
8941,376,2,"2024-06-07 20:40:00"
8942,198,2,"2023-07-11 19:10:01"
8943,5917,2,"2023-12-08 14:45:26"
8944,988,2,"2024-05-09 07:56:48"
8945,4762,2,"2023-07-08 18:04:07"
8946,6271,2,"2023-10-14 19:08:20"
8947,102,2,"2023-11-03 00:25:22"
8948,2028,2,"2023-10-22 12:17:55"
8949,3551,2,"2023-12-09 09:16:15"
8950,7164,2,"2023-08-23 02:31:53"
8951,3195,2,"2024-05-27 07:47:40"
8952,889,2,"2024-06-08 18:03:17"
8953,3786,2,"2024-02-19 23:14:10"
8954,5634,2,"2023-11-03 08:39:05"
8955,4912,2,"2023-06-29 19:46:28"
8956,539,2,"2023-07-16 22:44:54"
8957,598,2,"2023-08-20 12:58:22"
8958,1523,2,"2024-01-07 02:03:23"
8959,1031,2,"2023-08-09 11:36:01"
8960,4808,2,"2024-03-28 11:43:23"
8961,6696,2,"2024-03-22 22:43:31"
8962,4096,2,"2024-01-25 16:49:50"
8963,7153,2,"2024-02-20 15:08:22"
8964,121,2,"2024-03-09 05:51:50"
8965,3972,2,"2024-06-17 00:19:57"
8966,7414,2,"2024-03-22 12:16:45"
8967,6856,2,"2024-02-20 20:53:35"
8968,207,2,"2024-06-15 16:51:05"
8969,3830,2,"2023-06-29 19:29:48"
8970,7544,2,"2023-08-19 14:48:19"
8971,1190,2,"2023-09-23 01:59:30"
8972,1392,2,"2023-10-16 19:08:29"
8973,4686,2,"2023-12-31 08:13:04"
8974,6203,2,"2023-11-23 10:38:41"
8975,1348,2,"2023-10-06 14:00:31"
8976,6065,2,"2023-10-26 11:26:17"
8977,4579,2,"2023-08-09 05:45:38"
8978,1397,2,"2023-12-02 21:32:23"
8979,4235,2,"2024-01-31 05:49:21"
8980,223,2,"2023-12-16 10:38:37"
8981,1851,2,"2024-05-05 22:31:02"
8982,6989,2,"2023-09-30 21:58:22"
8983,4209,2,"2023-08-27 13:15:24"
8984,1576,2,"2023-09-19 15:21:23"
8985,5897,2,"2024-05-22 16:30:55"
8986,3152,2,"2023-09-30 04:45:36"
8987,2701,2,"2023-07-26 02:18:13"
8988,3616,2,"2024-03-06 18:48:24"
8989,5602,2,"2023-07-19 19:51:12"
8990,6549,2,"2024-02-11 02:27:22"
8991,5309,2,"2024-04-22 00:51:37"
8992,2416,2,"2023-11-13 11:13:51"
8993,4885,2,"2024-03-28 03:42:15"
8994,5923,2,"2024-05-26 06:09:49"
8995,5334,2,"2024-03-15 02:19:28"
8996,3403,2,"2023-10-04 22:22:19"
8997,5615,2,"2023-12-24 14:38:21"
8998,6426,2,"2024-05-09 00:27:08"
8999,6486,2,"2024-01-19 05:30:52"
9000,280,2,"2023-07-24 23:06:54"
9001,1862,2,"2024-02-16 11:05:40"
9002,498,2,"2023-09-30 11:19:39"
9003,4018,2,"2023-10-18 14:55:48"
9004,2276,2,"2023-06-27 18:09:30"
9005,5823,2,"2023-09-17 03:35:25"
9006,6214,2,"2023-07-31 03:18:05"
9007,3434,2,"2023-09-04 00:51:25"
9008,6048,2,"2023-08-26 23:21:26"
9009,2461,2,"2023-09-16 05:36:27"
9010,6589,2,"2023-08-19 05:38:11"
9011,4140,2,"2023-09-12 04:56:11"
9012,1026,2,"2024-02-21 00:38:47"
9013,2483,2,"2024-01-23 01:21:35"
9014,5687,2,"2023-12-09 12:15:09"
9015,3958,2,"2023-09-08 20:35:33"
9016,3088,2,"2024-01-24 16:58:17"
9017,108,2,"2024-03-20 19:50:22"
9018,3232,2,"2023-08-04 04:09:05"
9019,1216,2,"2023-10-11 16:18:58"
9020,3902,2,"2023-08-13 16:03:22"
9021,2754,2,"2024-04-28 03:29:19"
9022,4042,2,"2024-01-13 18:56:56"
9023,2455,2,"2023-06-21 13:51:41"
9024,4838,2,"2023-07-29 22:40:17"
9025,7025,2,"2023-07-11 11:00:32"
9026,1918,2,"2024-03-14 23:59:48"
9027,759,2,"2024-01-11 03:34:55"
9028,4238,2,"2024-02-26 23:40:27"
9029,7427,2,"2023-06-24 05:54:30"
9030,6747,2,"2023-07-26 02:36:29"
9031,6012,2,"2024-06-07 19:15:08"
9032,7242,2,"2023-12-22 06:35:23"
9033,5760,2,"2023-07-31 08:18:30"
9034,5689,2,"2023-07-07 07:36:49"
9035,3539,2,"2024-04-22 19:10:37"
9036,6007,2,"2023-07-12 12:34:43"
9037,6423,2,"2024-03-11 05:33:42"
9038,1134,2,"2023-11-07 17:04:02"
9039,7507,2,"2024-05-02 02:33:40"
9040,2177,2,"2023-12-12 22:25:26"
9041,1769,2,"2023-12-14 23:10:36"
9042,1749,2,"2024-02-21 05:54:35"
9043,476,2,"2024-05-06 04:19:23"
9044,1350,2,"2024-03-17 14:15:07"
9045,911,2,"2024-01-08 23:49:58"
9046,5930,2,"2023-11-17 23:34:08"
9047,7263,2,"2023-09-10 21:23:02"
9048,7461,2,"2023-08-09 23:57:05"
9049,6503,2,"2023-09-03 17:23:11"
9050,6721,2,"2024-02-18 18:41:56"
9051,319,2,"2023-12-10 00:12:08"
9052,5816,2,"2024-01-16 20:58:59"
9053,6511,2,"2023-11-08 08:16:43"
9054,199,2,"2024-02-11 20:33:29"
9055,4077,2,"2023-10-26 14:19:50"
9056,55,2,"2024-01-28 09:47:40"
9057,6218,2,"2024-05-23 01:40:15"
9058,2090,2,"2024-01-15 00:32:36"
9059,4319,2,"2023-09-22 17:58:28"
9060,3409,2,"2024-06-07 04:04:35"
9061,5873,2,"2023-09-21 12:22:31"
9062,7023,2,"2024-01-13 01:17:15"
9063,5951,2,"2024-06-18 00:48:54"
9064,7284,2,"2023-10-28 22:02:38"
9065,5416,2,"2023-11-12 02:25:19"
9066,1948,2,"2023-11-10 02:21:13"
9067,2174,2,"2024-02-09 02:47:03"
9068,996,2,"2023-10-24 17:41:36"
9069,6727,2,"2024-04-02 20:34:56"
9070,7268,2,"2024-06-16 23:39:11"
9071,3849,2,"2023-07-23 04:09:58"
9072,2147,2,"2024-05-13 06:20:27"
9073,2763,2,"2024-04-20 23:16:40"
9074,6573,2,"2023-10-11 11:58:57"
9075,2472,2,"2024-04-19 22:57:43"
9076,7473,2,"2023-10-16 18:31:12"
9077,4179,2,"2024-04-14 03:36:37"
9078,3990,2,"2023-10-30 18:35:10"
9079,4989,2,"2024-02-17 02:37:34"
9080,4316,2,"2024-05-04 16:44:36"
9081,1526,2,"2024-01-20 06:46:40"
9082,6469,2,"2023-08-06 22:37:53"
9083,3219,2,"2023-07-23 18:44:46"
9084,7379,2,"2023-07-24 23:37:46"
9085,3021,2,"2024-05-11 07:07:32"
9086,3149,2,"2023-10-14 01:11:40"
9087,5245,2,"2023-07-12 18:24:56"
9088,6751,2,"2024-06-16 19:27:37"
9089,511,2,"2024-04-24 18:36:43"
9090,6786,2,"2024-04-08 05:51:20"
9091,5223,2,"2024-02-18 12:42:24"
9092,779,2,"2023-06-26 09:58:12"
9093,132,2,"2023-07-18 17:24:28"
9094,994,2,"2024-02-14 15:58:57"
9095,1650,2,"2023-11-29 08:23:11"
9096,3652,2,"2024-02-13 15:08:35"
9097,5207,2,"2023-10-21 16:41:05"
9098,2870,2,"2023-08-27 11:38:54"
9099,6984,2,"2023-09-24 23:31:08"
9100,813,2,"2024-02-25 19:04:14"
9101,3729,2,"2023-09-03 06:36:26"
9102,517,2,"2024-02-21 11:39:51"
9103,6487,2,"2023-09-15 05:10:19"
9104,6225,2,"2023-08-23 20:18:43"
9105,1583,2,"2024-02-14 15:28:53"
9106,5325,2,"2023-12-08 00:02:08"
9107,5485,2,"2023-10-04 17:29:22"
9108,2049,2,"2023-07-20 07:44:33"
9109,5982,2,"2023-09-08 23:47:09"
9110,3060,2,"2024-04-21 13:54:24"
9111,4026,2,"2023-10-03 23:59:43"
9112,7273,2,"2023-10-16 18:13:14"
9113,4621,2,"2023-08-14 19:13:54"
9114,1542,2,"2024-04-13 01:50:10"
9115,4195,2,"2023-12-22 23:14:33"
9116,1438,2,"2024-04-18 12:02:21"
9117,7259,2,"2024-06-07 16:48:16"
9118,5273,2,"2023-10-02 12:03:17"
9119,5911,2,"2024-01-23 10:46:02"
9120,7446,2,"2023-08-19 23:55:33"
9121,4858,2,"2024-06-06 13:06:41"
9122,3383,2,"2023-11-19 23:47:45"
9123,6224,2,"2023-08-04 10:34:09"
9124,1407,2,"2024-03-22 00:30:44"
9125,4783,2,"2023-09-24 07:09:51"
9126,5603,2,"2023-07-02 23:08:06"
9127,1024,2,"2023-12-17 10:07:59"
9128,3763,2,"2023-11-22 03:49:28"
9129,3794,2,"2023-08-17 21:37:59"
9130,4729,2,"2023-10-20 09:27:44"
9131,3884,2,"2023-11-02 03:26:30"
9132,155,2,"2024-04-20 19:57:15"
9133,7132,2,"2024-03-27 05:46:04"
9134,4595,2,"2024-01-17 10:50:46"
9135,6662,2,"2023-08-03 21:26:17"
9136,583,2,"2024-02-17 11:59:35"
9137,6559,2,"2023-10-12 08:24:51"
9138,3256,2,"2023-11-16 08:43:21"
9139,3017,2,"2024-02-02 11:57:53"
9140,88,2,"2023-08-13 05:11:27"
9141,4907,2,"2024-05-04 05:11:58"
9142,2661,2,"2023-12-12 05:38:27"
9143,3446,2,"2024-03-29 10:20:12"
9144,4643,2,"2024-04-05 01:16:53"
9145,1188,2,"2023-09-23 19:45:05"
9146,4886,2,"2023-09-03 17:53:44"
9147,6055,2,"2024-02-24 00:04:21"
9148,86,2,"2023-07-11 03:25:54"
9149,3621,2,"2024-01-16 17:53:40"
9150,1616,2,"2024-06-15 20:13:47"
9151,1155,2,"2023-11-03 16:18:02"
9152,6860,2,"2024-05-30 23:50:38"
9153,1751,2,"2024-02-14 02:50:25"
9154,747,2,"2023-12-30 00:52:22"
9155,3733,2,"2024-01-04 08:07:10"
9156,4884,2,"2023-10-02 12:27:57"
9157,6843,2,"2024-01-13 22:45:02"
9158,201,2,"2023-12-04 04:06:38"
9159,3063,2,"2023-12-18 14:16:46"
9160,4517,2,"2024-06-17 07:09:45"
9161,5465,2,"2024-04-14 03:13:53"
9162,1668,2,"2023-08-28 01:32:02"
9163,6700,2,"2023-09-14 16:51:10"
9164,322,2,"2023-07-16 23:41:34"
9165,1674,2,"2024-02-06 21:02:21"
9166,6367,2,"2024-04-20 20:17:40"
9167,3526,2,"2023-07-09 07:15:17"
9168,6577,2,"2023-08-14 21:27:54"
9169,5297,2,"2024-04-08 01:52:29"
9170,87,2,"2024-06-10 21:52:29"
9171,4020,2,"2023-11-04 11:46:12"
9172,3435,2,"2023-09-24 14:10:22"
9173,5605,2,"2024-02-09 20:46:53"
9174,5028,2,"2024-05-12 20:32:03"
9175,1099,2,"2023-11-08 20:41:16"
9176,1273,2,"2024-01-10 18:15:35"
9177,1469,2,"2023-09-18 23:21:47"
9178,4997,2,"2023-09-09 01:15:36"
9179,2968,2,"2023-06-29 17:34:49"
9180,1649,2,"2023-09-27 17:24:36"
9181,2249,2,"2024-02-13 21:28:02"
9182,5332,2,"2023-07-22 16:26:13"
9183,7419,2,"2023-08-15 23:02:37"
9184,4160,2,"2023-08-16 07:07:03"
9185,4008,2,"2023-10-04 04:12:34"
9186,4502,2,"2024-04-02 20:37:16"
9187,6575,2,"2023-10-27 07:11:56"
9188,210,2,"2024-05-21 21:45:38"
9189,6787,2,"2024-05-26 08:54:21"
9190,3814,2,"2023-07-31 19:20:01"
9191,4480,2,"2023-09-29 19:34:18"
9192,4442,2,"2023-08-27 18:50:17"
9193,4194,2,"2024-04-05 08:44:12"
9194,3296,2,"2023-07-22 08:48:05"
9195,3250,2,"2024-01-09 12:04:27"
9196,1876,2,"2024-01-28 07:09:32"
9197,6,2,"2023-12-19 16:55:57"
9198,5106,2,"2024-05-05 10:18:45"
9199,6533,2,"2024-02-21 00:03:31"
9200,3705,2,"2024-05-20 04:32:22"
9201,1719,2,"2023-11-29 14:18:39"
9202,1481,2,"2024-01-05 17:08:46"
9203,174,2,"2023-08-04 13:53:38"
9204,691,2,"2023-08-24 22:20:35"
9205,2527,2,"2024-06-09 08:39:45"
9206,4974,2,"2024-01-21 14:52:28"
9207,2555,2,"2023-10-09 16:48:26"
9208,5354,2,"2024-02-26 19:35:04"
9209,733,2,"2024-01-22 02:56:46"
9210,2300,2,"2023-06-28 18:48:08"
9211,5804,2,"2024-01-29 00:31:19"
9212,5262,2,"2023-10-27 19:49:53"
9213,5772,2,"2024-02-24 04:08:38"
9214,525,2,"2023-07-30 22:46:39"
9215,5890,2,"2024-06-13 19:25:57"
9216,6116,2,"2024-01-24 19:29:44"
9217,6590,2,"2023-07-17 22:05:47"
9218,4459,2,"2024-06-09 06:07:28"
9219,685,2,"2024-02-17 00:14:43"
9220,562,2,"2024-04-22 05:11:50"
9221,2928,2,"2023-08-07 05:33:28"
9222,1503,2,"2024-03-22 20:19:24"
9223,777,2,"2023-11-17 00:45:38"
9224,7406,2,"2023-09-25 02:33:27"
9225,4765,2,"2023-07-24 07:43:08"
9226,7160,2,"2024-04-24 21:42:34"
9227,681,2,"2023-10-03 04:53:13"
9228,7424,2,"2024-02-01 00:41:04"
9229,3398,2,"2023-08-14 17:40:54"
9230,2902,2,"2024-03-03 10:33:51"
9231,1671,2,"2023-10-23 15:40:25"
9232,4451,2,"2023-10-14 20:58:09"
9233,5419,2,"2023-11-04 08:09:09"
9234,6341,2,"2024-01-07 03:13:59"
9235,3736,2,"2024-04-19 05:03:07"
9236,1855,2,"2024-05-27 13:52:11"
9237,4636,2,"2024-03-22 10:45:54"
9238,2453,2,"2023-12-16 21:25:04"
9239,3135,2,"2024-05-27 10:00:54"
9240,1020,2,"2023-08-15 04:23:45"
9241,7142,2,"2024-01-27 23:17:45"
9242,1939,2,"2023-07-02 04:41:20"
9243,6906,2,"2024-02-27 16:09:20"
9244,1792,2,"2023-08-12 02:01:59"
9245,5894,2,"2024-02-03 00:15:43"
9246,1594,2,"2024-05-27 00:05:23"
9247,1899,2,"2023-11-25 00:54:45"
9248,1157,2,"2024-05-07 07:14:03"
9249,5750,2,"2024-02-04 19:08:05"
9250,2786,2,"2024-01-24 07:51:17"
9251,7254,2,"2023-08-08 02:37:58"
9252,7410,2,"2024-04-06 03:42:02"
9253,2156,2,"2023-08-18 01:57:22"
9254,2964,2,"2023-07-07 17:54:36"
9255,6328,2,"2024-03-03 01:24:59"
9256,5209,2,"2023-11-22 16:36:38"
9257,3164,2,"2023-09-25 12:04:50"
9258,3356,2,"2024-01-01 19:42:10"
9259,96,2,"2023-09-17 01:53:51"
9260,3284,2,"2024-04-07 18:59:34"
9261,221,2,"2023-07-29 16:39:24"
9262,5448,2,"2024-06-10 10:24:39"
9263,1514,2,"2024-04-06 00:41:37"
9264,6639,2,"2023-10-19 03:32:54"
9265,5647,2,"2023-09-15 23:29:13"
9266,1057,2,"2023-11-13 14:49:34"
9267,4405,2,"2023-12-14 15:24:25"
9268,876,2,"2023-09-26 18:44:04"
9269,5145,2,"2024-03-24 08:48:46"
9270,3043,2,"2024-01-29 15:49:45"
9271,7543,2,"2023-09-08 08:55:36"
9272,2983,2,"2024-02-09 20:36:52"
9273,3943,2,"2024-01-10 20:12:50"
9274,7488,2,"2023-11-04 18:32:13"
9275,2418,2,"2024-05-08 17:58:27"
9276,7382,2,"2024-02-19 04:13:04"
9277,3416,2,"2023-11-17 15:33:29"
9278,4487,2,"2023-08-20 23:54:04"
9279,1218,2,"2024-04-17 16:07:15"
9280,6810,2,"2023-09-29 04:41:42"
9281,4351,2,"2023-07-16 07:58:12"
9282,5058,2,"2024-06-03 05:47:03"
9283,7516,2,"2023-08-21 04:07:08"
9284,4347,2,"2023-10-12 13:41:41"
9285,7363,2,"2023-12-03 19:18:18"
9286,2282,2,"2023-11-24 09:58:56"
9287,6682,2,"2023-08-07 06:07:42"
9288,6313,2,"2023-10-07 13:46:04"
9289,3585,2,"2024-02-23 04:27:39"
9290,6419,2,"2024-06-16 14:13:29"
9291,447,2,"2023-09-02 23:11:00"
9292,1356,2,"2024-05-18 21:59:10"
9293,4942,2,"2024-01-13 14:02:10"
9294,346,2,"2023-07-19 01:08:10"
9295,5807,2,"2023-10-17 02:28:08"
9296,3766,2,"2023-08-30 05:00:51"
9297,4804,2,"2023-09-28 05:32:20"
9298,3666,2,"2024-01-22 16:36:11"
9299,231,2,"2023-11-30 12:51:29"
9300,5655,2,"2024-03-11 20:22:38"
9301,2304,2,"2023-08-30 23:12:52"
9302,827,2,"2024-01-31 05:44:10"
9303,6422,2,"2023-10-27 17:14:31"
9304,508,2,"2023-07-20 11:20:14"
9305,4308,2,"2024-01-02 02:38:58"
9306,1689,2,"2024-06-03 08:02:13"
9307,716,2,"2024-03-25 14:24:41"
9308,3878,2,"2023-09-03 12:11:10"
9309,2509,2,"2024-05-24 21:40:31"
9310,5503,2,"2023-11-11 03:42:07"
9311,6196,2,"2023-10-19 12:53:14"
9312,1537,2,"2023-10-04 20:49:49"
9313,436,2,"2023-11-08 18:29:45"
9314,465,2,"2024-02-23 20:12:53"
9315,948,2,"2024-05-25 19:24:53"
9316,7251,2,"2023-10-04 19:22:31"
9317,3161,2,"2024-05-27 06:58:10"
9318,4680,2,"2024-05-31 19:04:40"
9319,3644,2,"2023-08-14 07:54:19"
9320,3531,2,"2024-06-05 19:06:03"
9321,6974,2,"2024-04-24 18:39:08"
9322,1381,2,"2023-08-19 09:16:47"
9323,3127,2,"2024-05-26 18:27:56"
9324,3400,2,"2024-05-25 05:12:23"
9325,7480,2,"2024-02-18 16:05:40"
9326,809,2,"2023-10-17 04:18:18"
9327,561,2,"2024-03-19 05:56:57"
9328,5454,2,"2024-04-07 03:00:47"
9329,7053,2,"2023-10-29 00:43:00"
9330,7089,2,"2024-04-01 14:57:11"
9331,5652,2,"2023-08-18 10:25:50"
9332,3426,2,"2023-08-12 22:46:13"
9333,4613,2,"2023-09-12 13:36:14"
9334,1147,2,"2024-03-07 02:52:38"
9335,1684,2,"2023-08-11 05:47:10"
9336,4584,2,"2023-11-21 07:54:30"
9337,5236,2,"2023-08-10 20:28:32"
9338,1519,2,"2023-07-09 04:03:09"
9339,4049,2,"2024-06-01 15:46:08"
9340,713,2,"2023-08-07 14:35:20"
9341,601,2,"2024-01-26 17:31:08"
9342,4553,2,"2023-12-19 14:22:19"
9343,2163,2,"2024-02-08 10:09:47"
9344,156,2,"2023-06-29 11:39:47"
9345,1182,2,"2023-07-23 17:32:40"
9346,4236,2,"2023-10-18 18:38:37"
9347,6160,2,"2023-10-24 07:57:07"
9348,7536,2,"2024-04-18 22:35:27"
9349,2342,2,"2023-07-14 21:25:27"
9350,1657,2,"2024-01-27 06:39:42"
9351,1128,2,"2023-08-11 09:29:07"
9352,4213,2,"2023-10-30 10:54:27"
9353,2332,2,"2024-02-25 02:19:37"
9354,3977,2,"2023-10-04 23:44:07"
9355,1055,2,"2023-10-21 17:25:40"
9356,6996,2,"2023-12-25 09:21:22"
9357,3862,2,"2024-02-22 14:30:49"
9358,1913,2,"2024-06-18 00:29:37"
9359,527,2,"2023-11-20 13:45:20"
9360,6657,2,"2023-10-23 19:42:44"
9361,3917,2,"2024-04-28 20:35:42"
9362,4555,2,"2024-03-09 19:55:52"
9363,4913,2,"2024-05-17 10:02:06"
9364,6432,2,"2024-04-26 17:22:24"
9365,5783,2,"2024-05-28 14:52:44"
9366,3351,2,"2023-08-05 20:51:07"
9367,7197,2,"2023-11-22 01:33:39"
9368,1191,2,"2023-11-20 17:30:16"
9369,2251,2,"2023-10-07 03:50:52"
9370,2820,2,"2024-06-16 15:38:03"
9371,990,2,"2024-02-02 06:09:15"
9372,1132,2,"2023-11-21 02:37:34"
9373,7370,2,"2023-06-29 17:36:47"
9374,6993,2,"2024-03-02 14:59:12"
9375,6745,2,"2023-07-07 22:47:43"
9376,1297,2,"2024-05-20 01:26:31"
9377,7366,2,"2024-02-15 11:07:09"
9378,6297,2,"2023-07-17 15:44:01"
9379,5472,2,"2023-12-15 06:47:59"
9380,686,2,"2024-01-12 00:39:11"
9381,3123,2,"2024-04-17 13:16:39"
9382,4507,2,"2023-06-29 08:29:00"
9383,2034,2,"2023-09-26 13:46:54"
9384,6391,2,"2023-11-20 21:48:33"
9385,5394,2,"2024-05-28 23:51:06"
9386,6142,2,"2023-11-07 15:34:05"
9387,1969,2,"2024-04-27 21:44:28"
9388,3986,2,"2024-03-28 04:33:57"
9389,6241,2,"2024-03-23 16:57:47"
9390,4518,2,"2023-12-20 16:11:43"
9391,2410,2,"2023-11-12 23:46:56"
9392,3514,2,"2024-04-07 05:16:01"
9393,5724,2,"2023-11-20 08:48:35"
9394,6252,2,"2023-10-18 15:14:57"
9395,5292,2,"2024-05-13 11:33:49"
9396,6885,2,"2023-08-02 06:12:24"
9397,2995,2,"2024-01-14 18:05:41"
9398,215,2,"2024-04-10 07:50:44"
9399,2421,2,"2023-09-09 15:45:39"
9400,2515,2,"2024-04-23 09:06:52"
9401,5071,2,"2023-07-25 07:42:17"
9402,5135,2,"2023-09-02 13:32:48"
9403,2618,2,"2024-04-03 19:01:29"
9404,7412,2,"2023-10-26 19:04:00"
9405,4297,2,"2024-04-30 14:49:14"
9406,7114,2,"2023-07-22 04:02:05"
9407,5481,2,"2023-08-13 11:24:02"
9408,6304,2,"2023-12-11 09:26:50"
9409,4973,2,"2024-02-15 22:16:09"
9410,2466,2,"2023-12-16 15:12:58"
9411,7059,2,"2023-10-15 19:15:14"
9412,835,2,"2023-11-15 15:13:39"
9413,3242,2,"2024-05-09 13:44:26"
9414,7184,2,"2023-12-04 04:37:01"
9415,6500,2,"2024-04-10 23:33:55"
9416,4993,2,"2023-11-12 06:12:02"
9417,2322,2,"2023-07-16 06:22:59"
9418,5613,2,"2023-08-27 10:23:17"
9419,922,2,"2023-12-21 19:04:47"
9420,3492,2,"2023-09-28 02:37:24"
9421,5300,2,"2024-04-22 23:44:48"
9422,1729,2,"2024-02-07 19:39:38"
9423,1901,2,"2023-10-16 09:48:28"
9424,3482,2,"2024-03-31 13:02:10"
9425,1301,2,"2023-08-24 14:03:38"
9426,4892,2,"2023-12-11 03:06:38"
9427,6275,2,"2024-06-01 21:09:16"
9428,6164,2,"2023-11-08 11:11:30"
9429,2203,2,"2023-08-06 03:03:50"
9430,3587,2,"2024-03-26 00:59:25"
9431,456,2,"2024-03-29 13:42:33"
9432,4508,2,"2024-05-23 00:55:00"
9433,2481,2,"2023-08-02 14:10:14"
9434,3030,2,"2023-10-27 01:44:40"
9435,5148,2,"2024-01-28 14:17:32"
9436,2595,2,"2024-03-13 11:03:00"
9437,6243,2,"2024-04-26 01:31:40"
9438,5826,2,"2023-07-18 06:51:02"
9439,1355,2,"2024-02-15 21:09:04"
9440,5350,2,"2023-08-28 17:20:11"
9441,4438,2,"2024-02-26 21:12:47"
9442,1175,2,"2023-07-30 16:37:26"
9443,3392,2,"2023-09-07 06:31:17"
9444,189,2,"2023-10-20 23:45:22"
9445,1095,2,"2024-01-17 19:35:58"
9446,1271,2,"2023-10-07 14:14:38"
9447,3918,2,"2024-02-08 11:35:01"
9448,725,2,"2023-06-30 12:58:05"
9449,719,2,"2024-06-08 03:02:56"
9450,3304,2,"2024-02-04 11:23:03"
9451,705,2,"2024-02-24 22:17:56"
9452,1587,2,"2024-03-25 16:11:51"
9453,2430,2,"2023-07-25 00:54:24"
9454,2973,2,"2024-03-03 07:45:07"
9455,6971,2,"2023-10-05 05:27:55"
9456,812,2,"2023-08-10 17:09:13"
9457,5967,2,"2024-02-02 03:32:01"
9458,3533,2,"2023-07-11 22:35:49"
9459,2327,2,"2024-04-08 14:14:50"
9460,3989,2,"2024-05-25 02:05:50"
9461,4335,2,"2023-12-21 21:02:21"
9462,4926,2,"2023-09-12 12:27:59"
9463,5679,2,"2024-04-02 03:26:08"
9464,6967,2,"2023-10-15 15:47:41"
9465,912,2,"2024-02-05 13:20:58"
9466,5410,2,"2023-08-08 15:36:29"
9467,3126,2,"2024-04-18 20:23:24"
9468,7411,2,"2024-03-24 03:19:27"
9469,2465,2,"2024-01-08 05:04:18"
9470,3795,2,"2024-05-20 15:32:54"
9471,326,2,"2023-11-14 01:11:30"
9472,6169,2,"2023-10-05 20:52:43"
9473,4846,2,"2024-02-28 05:18:14"
9474,7496,2,"2023-10-23 17:30:18"
9475,826,2,"2023-10-29 10:53:14"
9476,1017,2,"2023-11-25 22:28:57"
9477,2567,2,"2023-12-31 09:16:41"
9478,7483,2,"2024-06-17 10:45:54"
9479,4320,2,"2023-09-24 14:35:36"
9480,4545,2,"2024-01-20 22:01:40"
9481,6735,2,"2023-10-25 08:50:32"
9482,7310,2,"2023-09-19 05:26:37"
9483,2491,2,"2023-10-14 10:09:52"
9484,7532,2,"2024-05-01 05:11:08"
9485,3428,2,"2023-11-19 10:09:47"
9486,6147,2,"2024-01-08 16:38:26"
9487,2536,2,"2024-03-27 15:16:35"
9488,6722,2,"2024-01-03 01:32:49"
9489,3995,2,"2023-10-18 03:35:34"
9490,4696,2,"2024-06-17 01:49:07"
9491,1547,2,"2023-07-09 15:33:13"
9492,6875,2,"2024-02-14 00:09:10"
9493,7071,2,"2023-10-31 14:46:46"
9494,1532,2,"2023-12-22 04:47:38"
9495,491,2,"2023-09-26 07:41:49"
9496,5764,2,"2024-01-07 05:55:40"
9497,5174,2,"2023-07-23 23:38:12"
9498,4416,2,"2024-02-01 00:07:40"
9499,5531,2,"2024-06-04 05:18:12"
9500,2369,2,"2023-11-17 07:00:50"
9501,6904,2,"2023-07-07 06:45:50"
9502,1882,2,"2024-05-11 16:32:08"
9503,3913,2,"2023-08-21 02:04:47"
9504,5781,2,"2024-01-22 13:03:04"
9505,2232,2,"2023-08-26 02:18:09"
9506,542,2,"2024-03-24 16:32:33"
9507,6816,2,"2023-09-30 15:42:57"
9508,2930,2,"2024-02-12 03:03:31"
9509,3215,2,"2023-08-03 00:43:19"
9510,7361,2,"2024-04-27 00:03:55"
9511,501,2,"2023-08-19 15:07:26"
9512,4827,2,"2023-12-21 18:14:49"
9513,6951,2,"2024-01-28 18:25:57"
9514,5007,2,"2024-02-17 14:54:28"
9515,7376,2,"2024-03-05 01:06:30"
9516,2180,2,"2023-08-19 04:59:38"
9517,2587,2,"2024-02-06 14:11:51"
9518,2635,2,"2024-03-17 14:17:37"
9519,585,2,"2023-08-11 07:44:48"
9520,1518,2,"2023-10-09 22:52:06"
9521,4633,2,"2023-10-25 03:26:42"
9522,3828,2,"2024-01-17 23:07:05"
9523,3947,2,"2024-05-26 07:46:22"
9524,993,2,"2024-06-15 06:07:12"
9525,4568,2,"2023-10-10 01:10:01"
9526,1874,2,"2024-02-10 00:53:06"
9527,697,2,"2024-05-21 07:48:20"
9528,5526,2,"2023-12-06 15:19:04"
9529,2866,2,"2023-11-22 09:52:17"
9530,2017,2,"2024-05-02 13:51:30"
9531,2998,2,"2024-01-03 14:52:10"
9532,5717,2,"2024-05-07 15:38:26"
9533,412,2,"2023-08-15 20:10:25"
9534,2785,2,"2024-05-21 22:18:10"
9535,2021,2,"2023-11-20 15:01:06"
9536,4538,2,"2023-11-26 17:38:09"
9537,6505,2,"2024-05-24 18:57:02"
9538,6022,2,"2024-02-05 22:05:01"
9539,5397,2,"2023-09-20 13:33:52"
9540,3056,2,"2023-09-02 14:00:05"
9541,455,2,"2023-10-22 09:28:28"
9542,7288,2,"2023-10-20 05:51:27"
9543,1261,2,"2024-04-08 02:26:15"
9544,2853,2,"2023-08-13 08:29:59"
9545,3478,2,"2023-11-02 14:15:01"
9546,395,2,"2024-02-09 00:50:15"
9547,5571,2,"2023-12-28 03:28:21"
9548,7324,2,"2024-01-30 23:00:42"
9549,5478,2,"2023-09-11 00:51:56"
9550,3476,2,"2023-09-27 16:49:25"
9551,4940,2,"2023-11-16 20:16:22"
9552,7041,2,"2023-12-28 10:51:05"
9553,2605,2,"2024-03-16 00:54:39"
9554,95,2,"2024-02-21 04:19:50"
9555,5852,2,"2023-08-15 07:15:42"
9556,5046,2,"2023-11-25 01:51:46"
9557,818,2,"2024-01-19 08:17:08"
9558,7523,2,"2023-11-21 03:17:36"
9559,7269,2,"2024-01-23 23:21:34"
9560,2486,2,"2023-10-28 18:35:01"
9561,5374,2,"2023-06-30 08:03:41"
9562,195,2,"2023-09-13 19:11:03"
9563,1227,2,"2023-07-31 13:32:44"
9564,7120,2,"2024-04-25 02:12:00"
9565,6347,2,"2024-05-21 09:27:15"
9566,4192,2,"2024-02-29 06:45:08"
9567,85,2,"2024-02-26 07:07:59"
9568,5561,2,"2024-03-07 03:09:31"
9569,1750,2,"2023-08-28 12:12:36"
9570,778,2,"2023-07-21 04:59:45"
9571,1052,2,"2023-12-22 13:59:15"
9572,2339,2,"2024-03-21 21:02:39"
9573,23,2,"2024-05-15 23:22:27"
9574,1640,2,"2024-03-30 21:26:22"
9575,6248,2,"2024-01-24 22:29:19"
9576,1973,2,"2023-12-17 21:51:19"
9577,6834,2,"2023-10-03 10:50:30"
9578,1126,2,"2023-11-05 09:08:40"
9579,2433,2,"2023-12-13 19:53:54"
9580,644,2,"2023-08-30 23:56:48"
9581,2068,2,"2023-12-12 18:52:51"
9582,6452,2,"2024-01-14 00:05:26"
9583,2553,2,"2023-11-16 22:09:25"
9584,4058,2,"2024-02-25 12:57:15"
9585,2126,2,"2023-08-31 08:36:07"
9586,6754,2,"2023-12-12 13:09:21"
9587,1376,2,"2023-10-11 17:53:19"
9588,3661,2,"2023-09-09 18:27:21"
9589,7308,2,"2024-02-29 14:56:36"
9590,3951,2,"2024-06-03 01:51:37"
9591,2425,2,"2023-12-11 16:40:44"
9592,3537,2,"2023-08-21 00:56:56"
9593,2216,2,"2024-03-16 15:35:35"
9594,1180,2,"2023-11-12 00:43:07"
9595,6628,2,"2024-03-12 19:52:36"
9596,1766,2,"2023-07-05 09:31:55"
9597,5938,2,"2024-05-23 23:45:01"
9598,6219,2,"2024-06-03 21:41:10"
9599,332,2,"2024-02-28 14:00:14"
9600,665,2,"2023-08-28 21:02:21"
9601,68,2,"2023-11-15 00:05:47"
9602,4525,2,"2024-06-09 06:37:48"
9603,1479,2,"2023-10-23 23:29:38"
9604,5916,2,"2024-01-13 10:15:12"
9605,1696,2,"2023-12-23 19:35:47"
9606,503,2,"2024-05-14 23:41:07"
9607,7092,2,"2023-09-25 22:45:04"
9608,5293,2,"2024-01-17 11:31:25"
9609,537,2,"2023-07-03 22:17:58"
9610,4275,2,"2024-05-20 00:11:04"
9611,547,2,"2023-09-25 13:18:36"
9612,6706,2,"2024-06-08 04:46:34"
9613,4361,2,"2024-01-17 05:29:58"
9614,3529,2,"2023-12-09 01:49:27"
9615,230,2,"2024-01-20 10:31:38"
9616,7494,2,"2024-01-29 23:23:32"
9617,7398,2,"2024-05-07 02:19:14"
9618,2766,2,"2024-06-10 11:47:46"
9619,6811,2,"2024-05-15 05:49:39"
9620,621,2,"2024-03-27 15:00:29"
9621,1284,2,"2023-10-18 19:44:51"
9622,5034,2,"2023-09-09 06:47:04"
9623,5636,2,"2023-09-20 12:26:17"
9624,6672,2,"2024-03-25 10:54:56"
9625,1252,2,"2023-07-01 18:22:46"
9626,6804,2,"2024-04-23 10:06:25"
9627,2207,2,"2023-11-08 14:49:40"
9628,2175,2,"2023-10-01 19:36:44"
9629,4334,2,"2024-02-29 23:50:13"
9630,5087,2,"2023-07-28 16:32:23"
9631,5271,2,"2023-09-20 06:57:45"
9632,3432,2,"2024-02-26 09:11:49"
9633,3110,2,"2023-12-10 20:20:04"
9634,6765,2,"2023-07-09 13:38:45"
9635,6468,2,"2023-09-19 15:27:53"
9636,4441,2,"2023-09-17 20:07:51"
9637,5493,2,"2023-08-03 10:14:34"
9638,842,2,"2024-01-27 23:30:07"
9639,1572,2,"2023-10-24 17:39:22"
9640,2942,2,"2024-06-08 14:30:29"
9641,4412,2,"2024-03-15 18:01:44"
9642,3967,2,"2023-07-12 20:16:16"
9643,3534,2,"2023-08-19 22:26:06"
9644,246,2,"2023-10-20 20:20:52"
9645,866,2,"2023-08-10 20:47:15"
9646,2105,2,"2023-07-15 17:37:31"
9647,3257,2,"2024-05-03 01:17:07"
9648,3423,2,"2024-03-09 08:09:17"
9649,1263,2,"2024-02-21 08:48:37"
9650,1181,2,"2023-09-04 23:23:43"
9651,6879,2,"2024-04-15 14:14:02"
9652,7108,2,"2023-08-18 15:40:22"
9653,940,2,"2024-03-16 23:30:59"
9654,6417,2,"2024-05-10 02:20:53"
9655,3206,2,"2024-05-21 11:31:35"
9656,3558,2,"2023-08-05 06:17:13"
9657,814,2,"2023-06-20 17:04:44"
9658,1295,2,"2024-02-01 00:38:38"
9659,4352,2,"2023-08-24 06:50:11"
9660,2204,2,"2023-07-18 06:53:43"
9661,5557,2,"2024-01-08 20:57:15"
9662,7373,2,"2023-10-02 06:42:44"
9663,4046,2,"2024-04-02 13:14:56"
9664,2526,2,"2024-04-01 12:43:41"
9665,5183,2,"2023-08-26 07:51:08"
9666,900,2,"2024-02-19 01:40:51"
9667,2926,2,"2024-03-30 09:14:54"
9668,5072,2,"2024-02-16 10:29:39"
9669,2113,2,"2023-07-07 19:23:41"
9670,5954,2,"2023-07-31 10:21:39"
9671,6010,2,"2023-10-30 10:58:24"
9672,3672,2,"2023-08-26 07:31:03"
9673,5600,2,"2023-10-14 15:20:04"
9674,952,2,"2024-01-14 10:03:38"
9675,5555,2,"2024-02-28 19:21:37"
9676,6561,2,"2023-12-12 09:18:23"
9677,1647,2,"2024-02-13 23:14:41"
9678,2357,2,"2024-03-07 12:46:48"
9679,5412,2,"2023-10-04 09:17:59"
9680,2900,2,"2024-05-25 15:23:55"
9681,1410,2,"2024-06-14 21:51:44"
9682,5177,2,"2023-07-07 03:50:31"
9683,2501,2,"2023-07-20 11:47:17"
9684,1714,2,"2024-02-13 13:50:45"
9685,2990,2,"2024-03-08 17:13:03"
9686,1120,2,"2024-04-18 20:03:29"
9687,1955,2,"2024-06-04 18:22:04"
9688,3555,2,"2024-05-16 16:42:14"
9689,405,2,"2024-02-02 01:37:31"
9690,2773,2,"2024-05-29 09:08:49"
9691,3332,2,"2023-08-23 17:22:14"
9692,6574,2,"2023-09-10 16:06:47"
9693,5352,2,"2024-04-05 19:27:16"
9694,683,2,"2024-04-19 14:49:56"
9695,5043,2,"2024-06-19 04:48:09"
9696,5324,2,"2023-08-11 04:21:16"
9697,57,2,"2023-07-29 16:58:17"
9698,7291,2,"2024-05-07 07:28:30"
9699,1222,2,"2024-02-26 07:13:11"
9700,1041,2,"2023-07-20 17:52:10"
9701,3220,2,"2023-10-28 02:02:36"
9702,470,2,"2023-10-28 07:02:36"
9703,930,2,"2024-05-28 18:38:40"
9704,7525,2,"2023-12-02 19:36:40"
9705,4398,2,"2024-02-21 06:45:12"
9706,1336,2,"2024-04-09 02:24:56"
9707,1116,2,"2023-10-28 10:59:23"
9708,257,2,"2024-05-02 19:50:57"
9709,6067,2,"2024-02-17 17:51:35"
9710,4469,2,"2023-07-07 09:32:54"
9711,5431,2,"2023-11-29 13:42:35"
9712,1364,2,"2023-12-10 01:34:31"
9713,1895,2,"2024-02-04 06:00:49"
9714,3131,2,"2024-04-08 16:01:24"
9715,6647,2,"2024-05-15 00:14:16"
9716,7364,2,"2024-04-02 11:48:46"
9717,2161,2,"2024-02-08 17:32:11"
9718,3545,2,"2023-08-01 16:01:11"
9719,2676,2,"2023-11-04 06:45:26"
9720,3244,2,"2023-11-04 23:10:56"
9721,3903,2,"2023-10-02 18:51:33"
9722,5964,2,"2023-11-02 20:52:21"
9723,6868,2,"2023-12-26 13:23:04"
9724,101,2,"2024-05-05 23:07:04"
9725,4057,2,"2023-08-23 21:23:43"
9726,6925,2,"2023-08-22 04:24:03"
9727,3580,2,"2023-12-31 09:45:58"
9728,5957,2,"2023-12-25 23:18:28"
9729,2865,2,"2024-03-30 02:01:45"
9730,7292,2,"2023-09-10 20:16:47"
9731,2890,2,"2023-12-24 04:18:18"
9732,935,2,"2023-07-31 14:55:17"
9733,6929,2,"2023-07-01 12:20:52"
9734,4056,2,"2024-06-09 03:59:31"
9735,2437,2,"2023-10-10 05:53:07"
9736,6309,2,"2024-06-10 20:09:11"
9737,5814,2,"2023-11-26 16:23:17"
9738,2215,2,"2023-09-09 14:23:56"
9739,1310,2,"2024-01-12 10:44:14"
9740,5428,2,"2023-11-24 04:48:56"
9741,191,2,"2023-06-27 12:17:16"
9742,3549,2,"2023-09-23 02:39:41"
9743,903,2,"2023-08-09 19:04:59"
9744,1455,2,"2023-10-25 21:31:54"
9745,2089,2,"2023-09-27 10:53:16"
9746,2235,2,"2024-04-09 20:20:56"
9747,4706,2,"2023-07-23 15:49:58"
9748,4616,2,"2023-12-15 02:24:44"
9749,6433,2,"2023-07-31 01:52:25"
9750,4569,2,"2023-10-12 07:07:15"
9751,3633,2,"2024-05-14 09:45:24"
9752,4690,2,"2024-04-19 21:14:30"
9753,852,2,"2024-05-11 21:14:56"
9754,1607,2,"2024-03-31 05:05:32"
9755,5400,2,"2023-09-26 02:52:36"
9756,4034,2,"2023-07-22 18:09:26"
9757,5654,2,"2023-10-06 02:51:39"
9758,4215,2,"2023-08-06 01:36:38"
9759,6471,2,"2024-04-29 07:43:17"
9760,5696,2,"2024-01-20 09:43:17"
9761,2874,2,"2024-04-02 07:21:35"
9762,2975,2,"2024-01-12 17:02:40"
9763,6604,2,"2023-07-20 07:17:45"
9764,4281,2,"2024-01-08 03:52:56"
9765,3936,2,"2023-12-04 01:55:38"
9766,2025,2,"2023-08-20 15:28:05"
9767,2648,2,"2024-06-04 18:13:34"
9768,4155,2,"2023-09-11 10:03:42"
9769,762,2,"2024-01-22 11:56:33"
9770,7129,2,"2023-08-22 04:13:49"
9771,820,2,"2023-11-07 16:05:39"
9772,4006,2,"2023-07-12 15:22:07"
9773,3994,2,"2023-12-23 07:03:22"
9774,3520,2,"2024-03-21 00:07:23"
9775,3058,2,"2024-05-23 20:56:14"
9776,4340,2,"2023-11-17 09:58:37"
9777,5670,2,"2023-11-15 06:08:41"
9778,3441,2,"2023-08-03 12:39:03"
9779,3493,2,"2023-10-03 07:53:55"
9780,279,2,"2024-03-28 10:09:48"
9781,2426,2,"2024-06-18 11:47:27"
9782,566,2,"2024-04-23 19:54:36"
9783,6992,2,"2023-10-06 04:05:57"
9784,2244,2,"2023-12-24 02:20:26"
9785,1115,2,"2023-10-15 00:00:04"
9786,5270,2,"2023-12-11 06:24:50"
9787,5848,2,"2023-09-04 20:42:02"
9788,1429,2,"2024-05-29 04:38:15"
9789,6715,2,"2023-10-10 21:48:40"
9790,5027,2,"2024-01-17 09:50:18"
9791,874,2,"2024-05-15 11:59:03"
9792,2861,2,"2024-03-11 05:29:58"
9793,4207,2,"2024-04-04 01:27:29"
9794,5704,2,"2023-07-09 07:35:55"
9795,3956,2,"2023-07-11 21:00:50"
9796,2316,2,"2023-11-27 01:35:18"
9797,7174,2,"2023-12-10 23:50:58"
9798,6155,2,"2024-01-18 18:35:43"
9799,7211,2,"2023-09-23 19:40:03"
9800,7522,2,"2024-02-07 07:21:57"
9801,6463,2,"2024-03-28 16:03:19"
9802,5305,2,"2024-01-25 10:11:49"
9803,7365,2,"2023-08-02 17:55:04"
9804,386,2,"2024-04-13 05:03:56"
9805,1268,2,"2024-02-20 17:30:17"
9806,5118,2,"2024-02-09 02:18:48"
9807,2581,2,"2023-12-10 21:38:43"
9808,37,2,"2023-10-09 06:09:38"
9809,2760,2,"2024-04-26 13:36:59"
9810,5304,2,"2023-11-14 20:53:49"
9811,6382,2,"2024-03-11 10:30:03"
9812,6941,2,"2023-07-05 17:58:44"
9813,1539,2,"2024-01-22 13:42:45"
9814,6584,2,"2024-03-03 23:31:46"
9815,4589,2,"2023-12-12 18:25:01"
9816,6188,2,"2024-03-09 22:40:42"
9817,4251,2,"2023-12-22 19:40:54"
9818,1100,2,"2023-09-27 05:51:32"
9819,56,2,"2023-06-30 15:06:59"
9820,6651,2,"2024-03-21 07:38:14"
9821,1760,2,"2023-10-27 22:56:53"
9822,4323,2,"2023-12-14 08:33:03"
9823,3316,2,"2023-09-28 08:45:30"
9824,6383,2,"2024-01-12 17:19:01"
9825,1259,2,"2024-05-10 02:20:58"
9826,6306,2,"2024-04-19 17:33:30"
9827,2517,2,"2024-01-29 21:05:47"
9828,2321,2,"2023-12-06 00:51:25"
9829,6932,2,"2024-05-11 03:57:39"
9830,5767,2,"2024-05-07 06:35:34"
9831,2063,2,"2023-09-04 10:22:52"
9832,2884,2,"2024-01-17 00:06:01"
9833,6042,2,"2023-09-01 11:31:16"
9834,5784,2,"2023-10-14 13:41:52"
9835,6817,2,"2024-02-10 06:15:18"
9836,3068,2,"2024-01-03 19:52:04"
9837,899,2,"2024-06-09 10:16:58"
9838,1648,2,"2024-01-14 05:18:30"
9839,6293,2,"2024-03-11 11:47:53"
9840,6852,2,"2023-12-09 08:20:09"
9841,4954,2,"2023-11-26 17:34:53"
9842,1698,2,"2023-09-03 21:21:13"
9843,2706,2,"2023-12-25 03:01:37"
9844,3489,2,"2023-09-04 12:40:13"
9845,4243,2,"2023-10-17 12:00:22"
9846,3607,2,"2023-08-09 00:34:04"
9847,5483,2,"2024-05-01 03:07:09"
9848,7230,2,"2024-06-16 12:53:40"
9849,1174,2,"2024-06-13 13:01:01"
9850,2072,2,"2024-03-22 10:17:18"
9851,6242,2,"2023-10-08 04:45:42"
9852,1989,2,"2023-12-08 04:27:33"
9853,4345,2,"2024-04-28 09:35:44"
9854,2937,2,"2023-11-05 14:33:11"
9855,299,2,"2023-11-19 09:05:10"
9856,1910,2,"2024-04-15 14:20:14"
9857,183,2,"2024-01-26 15:14:26"
9858,3546,2,"2024-02-24 20:24:37"
9859,6179,2,"2023-10-24 03:13:41"
9860,4764,2,"2023-11-21 04:13:32"
9861,7392,2,"2024-04-13 03:03:22"
9862,2562,2,"2023-11-21 10:30:28"
9863,2718,2,"2024-04-27 06:55:58"
9864,5996,2,"2024-01-23 13:26:06"
9865,3199,2,"2023-08-22 08:13:11"
9866,3347,2,"2023-12-18 00:28:06"
9867,1136,2,"2024-03-18 23:35:49"
9868,2858,2,"2023-12-02 06:48:07"
9869,7506,2,"2023-10-30 13:35:39"
9870,942,2,"2023-10-13 12:46:54"
9871,2209,2,"2024-01-01 14:55:30"
9872,3774,2,"2023-11-15 03:04:46"
9873,1852,2,"2024-01-04 12:40:09"
9874,5321,2,"2024-01-10 03:28:36"
9875,6563,2,"2024-02-17 00:34:55"
9876,5678,2,"2023-11-19 22:24:05"
9877,597,2,"2023-06-25 00:31:56"
9878,2399,2,"2024-04-18 14:57:31"
9879,4330,2,"2024-04-13 01:19:26"
9880,362,2,"2024-06-03 18:15:04"
9881,6553,2,"2024-04-04 09:02:40"
9882,7474,2,"2024-03-27 17:38:49"
9883,4544,2,"2023-12-29 10:19:04"
9884,226,2,"2023-08-13 09:02:38"
9885,6784,2,"2023-09-21 18:18:19"
9886,1501,2,"2024-01-16 19:43:52"
9887,5769,2,"2023-11-07 03:59:25"
9888,1389,2,"2023-08-15 04:41:29"
9889,3176,2,"2024-02-04 16:33:57"
9890,2629,2,"2024-05-28 14:39:24"
9891,2151,2,"2024-01-28 14:14:38"
9892,4071,2,"2024-03-11 23:28:43"
9893,52,2,"2024-02-25 20:30:04"
9894,6342,2,"2024-04-16 18:38:33"
9895,4153,2,"2023-10-07 08:54:33"
9896,7330,2,"2024-04-03 09:57:56"
9897,4375,2,"2023-11-20 20:01:13"
9898,4401,2,"2023-09-11 12:00:37"
9899,3098,2,"2023-10-30 13:36:36"
9900,4927,2,"2024-01-24 02:45:53"
9901,5244,2,"2023-08-07 08:17:48"
9902,1338,2,"2024-04-01 07:18:09"
9903,4477,2,"2023-11-13 16:26:32"
9904,64,2,"2024-03-06 09:18:27"
9905,5714,2,"2023-12-03 23:30:53"
9906,1752,2,"2023-11-29 22:01:20"
9907,7389,2,"2023-12-11 12:02:16"
9908,1098,2,"2023-12-11 08:10:44"
9909,2363,2,"2023-10-02 19:11:43"
9910,4891,2,"2023-06-28 02:25:43"
9911,2355,2,"2023-11-26 03:18:38"
9912,4866,2,"2024-04-16 02:26:36"
9913,3020,2,"2024-05-07 21:22:01"
9914,5918,2,"2024-04-22 14:02:50"
9915,144,2,"2024-04-08 19:03:45"
9916,2109,2,"2023-08-28 06:18:42"
9917,411,2,"2024-04-19 21:45:26"
9918,1903,2,"2024-01-08 17:15:32"
9919,2031,2,"2024-05-09 01:26:14"
9920,7002,2,"2023-09-18 00:13:30"
9921,5604,2,"2024-03-25 19:52:17"
9922,1042,2,"2024-05-20 07:27:48"
9923,6244,2,"2023-07-30 06:03:00"
9924,6701,2,"2023-09-08 04:17:16"
9925,3974,2,"2023-08-12 04:43:28"
9926,192,2,"2023-08-13 11:12:44"
9927,5732,2,"2024-04-25 12:08:42"
9928,3727,2,"2024-01-14 22:35:53"
9929,5124,2,"2024-06-13 13:50:22"
9930,4795,2,"2023-12-08 21:03:19"
9931,6711,2,"2024-02-01 06:29:33"
9932,2717,2,"2024-01-31 09:17:01"
9933,7112,2,"2023-09-27 03:20:20"
9934,142,2,"2024-06-01 16:57:16"
9935,654,2,"2024-05-09 00:46:27"
9936,1378,2,"2023-07-04 01:12:02"
9937,971,2,"2024-03-12 17:04:53"
9938,2058,2,"2023-09-25 07:10:50"
9939,4607,2,"2023-08-06 23:58:57"
9940,4660,2,"2023-08-12 17:51:38"
9941,6681,2,"2023-08-04 03:12:21"
9942,2490,2,"2024-01-15 01:47:21"
9943,7351,2,"2023-07-23 20:50:16"
9944,6664,2,"2023-07-10 03:04:25"
9945,4930,2,"2023-09-15 15:31:46"
9946,5723,2,"2023-09-21 18:26:46"
9947,3726,2,"2023-09-15 18:26:07"
9948,5850,2,"2023-06-25 10:17:20"
9949,5766,2,"2023-12-13 19:56:43"
9950,3216,2,"2023-10-29 04:19:35"
9951,717,2,"2023-07-19 07:28:30"
9952,7270,2,"2024-02-26 17:58:42"
9953,419,2,"2023-07-22 23:16:30"
9954,61,2,"2024-03-21 22:12:59"
9955,2607,2,"2023-09-22 18:01:27"
9956,5363,2,"2024-02-06 21:44:18"
9957,1977,2,"2023-06-23 20:21:25"
9958,1591,2,"2023-10-20 04:32:34"
9959,6720,2,"2024-04-25 08:11:56"
9960,885,2,"2024-03-10 05:01:49"
9961,2169,2,"2024-01-29 23:02:12"
9962,6461,2,"2024-04-03 04:26:46"
9963,2781,2,"2024-03-31 13:02:18"
9964,4752,2,"2024-03-08 06:48:32"
9965,7432,2,"2024-03-30 14:11:27"
9966,497,2,"2024-03-07 21:40:04"
9967,6547,2,"2024-03-17 19:58:26"
9968,825,2,"2024-05-04 20:36:53"
9969,6028,2,"2024-06-08 03:02:50"
9970,1884,2,"2024-01-03 00:40:03"
9971,1925,2,"2024-06-17 11:15:25"
9972,639,2,"2024-03-02 05:43:05"
9973,2131,2,"2023-12-13 01:04:38"
9974,4365,2,"2024-05-14 04:44:52"
9975,957,2,"2024-06-07 05:11:52"
9976,4367,2,"2023-08-18 17:50:06"
9977,2873,2,"2023-10-17 10:47:25"
9978,1434,2,"2024-04-28 14:12:04"
9979,97,2,"2024-05-22 21:38:26"
9980,1431,2,"2023-12-14 09:44:15"
9981,2836,2,"2023-12-30 16:01:22"
9982,3663,2,"2024-01-20 21:21:41"
9983,2723,2,"2024-03-15 09:06:56"
9984,6808,2,"2023-11-20 23:29:06"
9985,6492,2,"2023-11-15 11:02:47"
9986,6661,2,"2024-02-21 04:58:23"
9987,366,2,"2023-08-10 03:50:54"
9988,4086,2,"2024-06-09 07:13:43"
9989,6965,2,"2024-06-08 12:03:40"
9990,3046,2,"2024-03-23 22:04:26"
9991,2442,2,"2024-06-13 17:34:33"
9992,766,2,"2024-03-30 22:28:34"
9993,4522,2,"2023-12-27 02:38:40"
9994,2381,2,"2024-02-08 21:18:11"
9995,3929,2,"2023-09-30 19:26:24"
9996,6127,2,"2024-01-15 04:25:56"
9997,347,2,"2024-03-12 17:42:53"
9998,568,2,"2023-09-12 04:40:41"
9999,6026,2,"2024-05-04 17:50:54"
10000,5000,2,"2023-10-17 04:41:21"
10001,4182,2,"2024-02-23 17:39:50"
10002,5308,2,"2023-06-21 19:21:04"
10003,3473,2,"2023-06-24 08:36:27"
10004,3793,2,"2024-04-29 11:10:58"
10005,6198,2,"2023-07-25 08:09:56"
10006,5017,2,"2023-07-16 07:06:55"
10007,2727,2,"2023-10-25 19:11:49"
10008,1813,2,"2024-02-07 17:02:56"
10009,1953,2,"2023-08-29 01:28:27"
10010,1275,2,"2023-10-13 14:46:01"
10011,6519,2,"2024-05-19 08:27:01"
10012,3612,2,"2024-02-12 12:20:43"
10013,3294,2,"2023-07-25 15:13:42"
10014,4790,2,"2023-08-12 16:53:54"
10015,4342,2,"2023-06-25 09:40:05"
10016,6351,2,"2023-07-21 02:09:59"
10017,5216,2,"2023-10-29 01:19:20"
10018,5059,2,"2023-10-28 13:42:08"
10019,1369,2,"2023-10-25 13:55:18"
10020,4658,2,"2024-04-20 18:13:06"
10021,2805,2,"2023-07-29 21:51:18"
10022,938,2,"2024-06-11 22:41:55"
10023,204,2,"2023-08-04 10:59:52"
10024,2261,2,"2023-09-06 17:16:43"
10025,5637,2,"2023-08-10 04:55:44"
10026,3,2,"2023-12-09 02:31:19"
10027,7205,2,"2023-11-20 19:03:26"
10028,995,2,"2024-03-08 17:09:16"
10029,249,2,"2023-09-04 14:13:13"
10030,5753,2,"2023-10-15 04:20:18"
10031,7502,2,"2023-11-25 07:31:15"
10032,7342,2,"2024-02-26 14:37:33"
10033,1579,2,"2024-05-20 08:53:40"
10034,4828,2,"2023-10-09 21:21:39"
10035,3481,2,"2023-12-30 19:25:47"
10036,54,2,"2024-06-10 01:39:45"
10037,3750,2,"2024-01-19 20:43:09"
10038,443,2,"2023-10-16 22:57:28"
10039,4299,2,"2024-02-06 18:28:03"
10040,16,2,"2023-08-04 16:26:44"
10041,5715,2,"2023-08-17 04:04:20"
10042,4845,2,"2023-06-26 04:49:11"
10043,4870,2,"2024-04-24 17:33:29"
10044,1215,2,"2023-11-10 01:47:04"
10045,1715,2,"2024-01-11 20:59:25"
10046,3278,2,"2023-11-27 21:48:24"
10047,6410,2,"2024-04-14 18:03:37"
10048,1991,2,"2024-05-13 13:34:35"
10049,6345,2,"2024-06-08 01:12:59"
10050,58,2,"2024-06-11 19:16:05"
10051,2932,2,"2023-06-24 18:11:52"
10052,4478,2,"2024-04-17 14:05:13"
10053,1597,2,"2024-01-31 06:29:55"
10054,2826,2,"2023-08-28 23:15:20"
10055,7297,2,"2023-12-08 12:02:12"
10056,268,2,"2023-10-11 06:19:51"
10057,1867,2,"2024-01-23 02:20:04"
10058,3373,2,"2023-10-06 12:05:48"
10059,5705,2,"2024-03-27 20:54:19"
10060,4189,2,"2023-07-02 14:16:24"
10061,6303,2,"2024-06-01 15:33:07"
10062,2650,2,"2024-03-14 14:30:23"
10063,3141,2,"2023-10-17 20:50:57"
10064,4902,2,"2023-10-06 16:47:37"
10065,795,2,"2023-11-21 09:46:07"
10066,5296,2,"2023-08-04 04:39:33"
10067,4198,2,"2024-04-23 04:59:38"
10068,5163,2,"2023-10-24 11:34:43"
10069,6634,2,"2024-05-14 07:29:30"
10070,4770,2,"2024-01-15 07:51:58"
10071,1568,2,"2023-09-20 23:51:19"
10072,4231,2,"2023-08-11 18:29:00"
10073,2111,2,"2023-10-21 03:01:26"
10074,328,2,"2023-07-17 01:32:13"
10075,422,2,"2024-03-28 14:05:29"
10076,4778,2,"2024-02-11 10:53:52"
10077,4201,2,"2023-09-03 14:23:53"
10078,532,2,"2023-07-07 10:22:56"
10079,4103,2,"2023-11-11 01:42:42"
10080,1940,2,"2024-04-22 12:25:39"
10081,5445,2,"2024-02-08 12:56:46"
10082,2210,2,"2023-09-28 17:10:05"
10083,1743,2,"2024-01-29 12:09:45"
10084,5348,2,"2024-04-01 10:07:36"
10085,7019,2,"2024-05-29 15:28:12"
10086,6210,2,"2023-10-10 20:24:19"
10087,5267,2,"2024-04-21 18:10:11"
10088,4656,2,"2023-11-11 14:32:57"
10089,6748,2,"2024-03-22 02:31:26"
10090,2950,2,"2023-06-22 22:56:19"
10091,1270,2,"2024-02-01 01:44:26"
10092,6134,2,"2023-11-29 17:45:02"
10093,4598,2,"2023-12-15 19:59:40"
10094,3609,2,"2023-08-28 07:02:22"
10095,5815,2,"2023-06-27 10:05:23"
10096,3783,2,"2023-06-25 17:06:24"
10097,3923,2,"2024-06-07 04:02:50"
10098,1879,2,"2023-07-13 03:20:20"
10099,4036,2,"2023-09-17 02:11:06"
10100,2092,2,"2023-11-25 09:49:30"
10101,2439,2,"2024-01-09 17:46:46"
10102,1942,2,"2023-07-31 02:22:10"
10103,3425,2,"2024-02-26 12:52:50"
10104,2456,2,"2024-03-22 18:32:24"
10105,3671,2,"2024-05-02 04:20:13"
10106,6105,2,"2023-09-30 00:51:27"
10107,6059,2,"2024-02-22 15:40:24"
10108,4577,2,"2024-01-03 23:10:10"
10109,6429,2,"2023-08-06 11:02:48"
10110,5795,2,"2024-04-15 15:58:03"
10111,1089,2,"2023-12-04 12:54:51"
10112,554,2,"2024-02-20 01:08:01"
10113,466,2,"2023-10-21 12:53:41"
10114,5754,2,"2024-01-17 14:51:00"
10115,6249,2,"2023-07-12 02:10:01"
10116,2711,2,"2023-12-06 20:32:58"
10117,1019,2,"2024-03-28 23:25:10"
10118,784,2,"2024-01-10 04:19:54"
10119,742,2,"2024-03-17 16:53:10"
10120,2656,2,"2024-02-22 00:21:22"
10121,5631,2,"2023-09-13 17:03:21"
10122,1287,2,"2023-10-18 03:52:26"
10123,4277,2,"2024-04-08 21:46:33"
10124,1091,2,"2024-02-08 04:04:27"
10125,370,2,"2023-10-10 18:59:21"
10126,357,2,"2023-07-18 21:50:51"
10127,5702,2,"2024-04-03 18:11:29"
10128,6802,2,"2023-12-22 23:02:38"
10129,1352,2,"2023-10-05 11:52:50"
10130,63,2,"2023-12-06 22:16:48"
10131,744,2,"2023-09-12 00:50:21"
10132,5306,2,"2024-03-15 05:11:04"
10133,2697,2,"2024-04-27 20:04:51"
10134,5218,2,"2023-10-25 06:16:46"
10135,6418,2,"2023-09-27 03:40:37"
10136,4816,2,"2024-01-26 19:00:53"
10137,3173,2,"2024-04-30 17:08:24"
10138,6593,2,"2024-04-30 11:29:23"
10139,536,2,"2024-01-11 11:09:42"
10140,227,2,"2023-07-06 08:18:17"
10141,7133,2,"2024-02-29 05:34:24"
10142,674,2,"2024-05-08 00:18:58"
10143,4156,2,"2024-01-08 13:25:55"
10144,4601,2,"2024-06-18 16:31:55"
10145,1758,2,"2023-10-12 04:33:09"
10146,6121,2,"2024-06-03 02:58:32"
10147,1483,2,"2023-07-28 01:46:30"
10148,4967,2,"2023-11-28 14:51:49"
10149,5115,2,"2023-12-25 08:01:21"
10150,5538,2,"2023-09-24 16:20:48"
10151,4957,2,"2024-03-14 01:04:56"
10152,5094,2,"2023-10-30 02:23:50"
10153,3273,2,"2024-04-07 14:01:13"
10154,1661,2,"2024-01-01 03:52:53"
10155,6797,2,"2024-05-29 15:58:30"
10156,3957,2,"2023-11-13 12:38:30"
10157,2360,2,"2024-01-03 12:52:28"
10158,5264,2,"2024-06-16 00:30:47"
10159,3033,2,"2023-07-18 19:33:06"
10160,6613,2,"2024-01-05 03:40:05"
10161,1577,2,"2024-03-05 19:24:55"
10162,1200,2,"2024-02-02 04:01:37"
10163,3735,2,"2023-07-29 22:15:04"
10164,4376,2,"2023-09-05 02:07:33"
10165,4509,2,"2023-09-01 08:56:10"
10166,2171,2,"2024-06-15 07:33:16"
10167,7131,2,"2023-12-12 05:47:32"
10168,3385,2,"2024-03-27 07:47:18"
10169,4439,2,"2023-10-31 03:17:38"
10170,5498,2,"2023-11-18 17:47:13"
10171,379,2,"2024-04-05 06:07:17"
10172,1685,2,"2023-12-26 05:11:23"
10173,7490,2,"2024-02-15 20:36:58"
10174,5180,2,"2024-05-03 02:14:25"
10175,5946,2,"2023-12-04 09:33:22"
10176,5141,2,"2023-07-06 15:28:53"
10177,2843,2,"2023-08-26 09:21:05"
10178,6139,2,"2023-08-12 22:03:54"
10179,2919,2,"2023-07-11 13:13:27"
10180,6740,2,"2023-07-21 14:32:18"
10181,89,2,"2024-04-26 09:36:08"
10182,1413,2,"2024-06-06 07:53:12"
10183,1462,2,"2024-01-22 02:49:25"
10184,1694,2,"2023-08-04 21:44:44"
10185,5909,2,"2023-08-31 22:50:51"
10186,977,2,"2024-05-19 15:16:41"
10187,2821,2,"2024-06-01 16:27:39"
10188,507,2,"2023-12-06 10:25:28"
10189,7147,2,"2024-05-25 02:32:57"
10190,592,2,"2024-04-19 22:42:58"
10191,3469,2,"2024-02-02 18:46:39"
10192,3975,2,"2024-04-02 16:48:25"
10193,2849,2,"2023-11-23 08:55:19"
10194,431,2,"2023-11-13 06:29:29"
10195,5257,2,"2024-01-30 06:26:08"
10196,3145,2,"2023-07-25 04:22:08"
10197,2398,2,"2023-08-04 22:15:40"
10198,2010,2,"2024-02-17 09:13:27"
10199,438,2,"2023-09-13 23:45:02"
10200,7116,2,"2024-03-02 07:43:14"
10201,5939,2,"2024-03-15 20:05:48"
10202,5097,2,"2023-12-12 19:27:47"
10203,3035,2,"2024-05-17 13:26:34"
10204,1767,2,"2023-08-17 08:46:30"
10205,344,2,"2023-08-09 00:24:59"
10206,1318,2,"2024-02-18 03:10:36"
10207,5490,2,"2024-01-11 12:52:23"
10208,7497,2,"2023-10-07 13:33:06"
10209,1502,2,"2024-01-05 05:59:16"
10210,7388,2,"2023-08-01 14:29:11"
10211,200,2,"2023-07-31 17:51:51"
10212,3523,2,"2024-05-29 22:23:05"
10213,4450,2,"2024-02-13 06:19:01"
10214,5610,2,"2024-06-05 23:42:22"
10215,1904,2,"2024-06-16 01:23:57"
10216,4960,2,"2024-01-30 13:22:40"
10217,6362,2,"2023-09-11 16:31:13"
10218,638,2,"2024-05-20 13:35:18"
10219,721,2,"2023-12-23 05:32:34"
10220,699,2,"2024-02-07 16:48:11"
10221,4233,2,"2023-08-04 14:39:35"
10222,5672,2,"2023-08-30 02:23:38"
10223,662,2,"2023-11-04 21:57:35"
10224,3550,2,"2023-09-24 11:16:52"
10225,3962,2,"2023-11-11 01:23:06"
10226,7481,2,"2023-09-09 02:10:36"
10227,6882,2,"2024-02-07 13:43:27"
10228,4876,2,"2023-09-02 08:32:58"
10229,3358,2,"2024-02-08 20:33:49"
10230,6527,2,"2023-07-01 18:05:04"
10231,2525,2,"2024-03-13 02:44:59"
10232,6743,2,"2023-07-30 08:40:40"
10233,4039,2,"2023-11-11 08:16:22"
10234,1466,2,"2024-05-01 00:30:45"
10235,6245,2,"2023-12-27 04:03:04"
10236,571,2,"2023-11-30 08:54:11"
10237,3451,2,"2024-05-20 17:40:56"
10238,3298,2,"2023-11-10 14:16:06"
10239,6488,2,"2023-07-17 10:40:10"
10240,6861,2,"2023-12-09 09:12:27"
10241,7334,2,"2023-11-20 19:15:55"
10242,7177,2,"2023-08-26 20:44:56"
10243,5952,2,"2024-05-06 19:03:20"
10244,1659,2,"2024-04-21 18:07:08"
10245,2036,2,"2023-12-26 03:05:15"
10246,6124,2,"2024-05-07 19:26:14"
10247,2847,2,"2024-04-25 14:39:02"
10248,3002,2,"2023-12-30 14:15:33"
10249,4534,2,"2023-12-04 01:29:36"
10250,113,2,"2024-01-01 15:23:07"
10251,6148,2,"2024-06-06 13:48:26"
10252,520,2,"2024-04-16 23:12:33"
10253,4505,2,"2023-10-15 16:06:45"
10254,6878,2,"2023-08-07 00:14:50"
10255,7158,2,"2023-11-13 20:53:11"
10256,7293,2,"2024-04-20 16:56:20"
10257,5619,2,"2023-12-21 21:25:03"
10258,5677,2,"2023-10-28 17:50:21"
10259,7360,2,"2024-05-14 14:46:10"
10260,4426,2,"2023-10-31 12:18:05"
10261,7176,2,"2023-08-18 10:56:32"
10262,951,2,"2024-06-09 10:50:43"
10263,3844,2,"2024-01-26 10:42:26"
10264,3658,2,"2023-11-20 07:14:49"
10265,1060,2,"2023-07-12 05:48:53"
10266,3865,2,"2024-01-04 04:13:03"
10267,2197,2,"2023-10-15 00:05:35"
10268,273,2,"2024-02-17 22:26:38"
10269,7535,2,"2024-03-05 16:52:46"
10270,7099,2,"2024-05-16 19:26:23"
10271,4977,2,"2023-11-11 09:06:27"
10272,2768,2,"2023-11-10 11:36:13"
10273,1559,2,"2023-07-27 04:32:34"
10274,5568,2,"2024-06-12 05:16:57"
10275,954,2,"2024-02-22 01:12:31"
10276,311,2,"2024-01-16 04:25:33"
10277,4634,2,"2023-08-17 12:32:00"
10278,2798,2,"2024-05-17 10:19:28"
10279,4849,2,"2024-06-18 01:27:42"
10280,5103,2,"2023-09-11 15:50:54"
10281,1088,2,"2024-02-08 02:02:39"
10282,864,2,"2024-05-21 05:51:32"
10283,769,2,"2024-04-03 05:37:28"
10284,1629,2,"2024-06-14 14:17:48"
10285,7008,2,"2023-12-20 03:45:56"
10286,3023,2,"2024-01-23 15:57:25"
10287,3810,2,"2024-06-04 17:04:42"
10288,247,2,"2023-10-10 06:49:18"
10289,2285,2,"2024-01-20 17:42:27"
10290,6405,2,"2023-12-19 03:58:50"
10291,2088,2,"2024-01-01 06:24:55"
10292,3334,2,"2024-01-05 03:39:05"
10293,7319,2,"2024-04-06 06:16:04"
10294,5294,2,"2024-04-14 08:55:13"
10295,606,2,"2023-09-13 06:28:14"
10296,6092,2,"2024-03-27 19:48:24"
10297,6044,2,"2023-06-21 05:52:03"
10298,770,2,"2024-02-08 01:50:24"
10299,3907,2,"2023-12-29 17:05:04"
10300,1274,2,"2023-07-01 02:22:18"
10301,4557,2,"2024-05-11 04:13:47"
10302,4713,2,"2023-10-14 00:14:08"
10303,2266,2,"2023-11-14 01:16:00"
10304,425,2,"2023-11-19 11:07:39"
10305,7313,2,"2024-03-17 19:22:42"
10306,4263,2,"2024-02-20 20:23:29"
10307,602,2,"2024-01-18 18:17:35"
10308,5442,2,"2023-09-01 16:10:43"
10309,7466,2,"2023-11-30 05:28:39"
10310,1634,2,"2024-01-06 05:44:57"
10311,7020,2,"2024-05-13 05:55:58"
10312,2845,2,"2024-01-03 18:30:10"
10313,172,2,"2023-09-16 04:45:53"
10314,1774,2,"2024-01-17 09:11:56"
10315,7338,2,"2024-05-08 08:51:33"
10316,79,2,"2023-10-08 09:51:21"
10317,6213,2,"2024-02-23 00:09:02"
10318,5021,2,"2024-04-02 13:40:14"
10319,6267,2,"2024-06-06 00:35:36"
10320,815,2,"2024-02-07 03:40:52"
10321,4784,2,"2023-10-08 04:28:24"
10322,4668,2,"2024-02-12 16:50:39"
10323,5668,2,"2023-07-21 00:16:57"
10324,4181,2,"2023-08-14 20:29:04"
10325,7303,2,"2024-04-17 06:56:08"
10326,6450,2,"2023-09-02 03:43:46"
10327,3165,2,"2023-10-26 10:31:34"
10328,3375,2,"2023-10-25 04:11:31"
10329,794,2,"2023-09-22 12:30:29"
10330,1214,2,"2024-02-02 10:33:53"
10331,3379,2,"2023-11-18 01:48:08"
10332,5546,2,"2024-04-13 10:07:36"
10333,1655,2,"2023-11-04 14:19:40"
10334,5393,2,"2024-02-14 13:21:25"
10335,432,2,"2023-08-31 18:54:30"
10336,1307,2,"2024-02-27 03:40:40"
10337,5682,2,"2024-01-11 21:13:52"
10338,2287,2,"2023-11-15 16:34:59"
10339,1848,2,"2023-12-17 14:29:05"
10340,3436,2,"2023-09-06 10:08:30"
10341,5446,2,"2024-01-19 22:29:23"
10342,4221,2,"2023-08-13 07:08:53"
10343,3371,2,"2024-04-04 06:17:16"
10344,604,2,"2024-06-15 21:41:16"
10345,4624,2,"2024-02-29 13:35:41"
10346,2323,2,"2023-12-12 17:24:38"
10347,6930,2,"2024-01-11 16:01:22"
10348,5025,2,"2023-10-29 03:24:30"
10349,380,2,"2023-09-30 15:13:17"
10350,3331,2,"2024-01-28 02:41:13"
10351,620,2,"2023-12-31 10:53:16"
10352,4739,2,"2024-02-01 03:29:53"
10353,1707,2,"2024-02-20 00:36:27"
10354,6746,2,"2023-11-13 01:27:23"
10355,2579,2,"2023-07-31 10:42:01"
10356,6595,2,"2023-11-22 03:23:16"
10357,7182,2,"2024-04-11 04:49:29"
10358,2310,2,"2024-05-23 22:24:57"
10359,2240,2,"2024-04-05 00:11:43"
10360,2173,2,"2023-06-30 16:25:34"
10361,702,2,"2024-05-21 01:38:32"
10362,2397,2,"2024-02-17 23:19:26"
10363,6583,2,"2023-10-08 07:53:15"
10364,752,2,"2023-12-06 05:48:54"
10365,1894,2,"2024-04-10 08:04:12"
10366,1957,2,"2023-12-07 00:06:58"
10367,5438,2,"2023-07-27 19:14:04"
10368,5566,2,"2024-04-02 09:51:25"
10369,146,2,"2023-08-07 02:26:42"
10370,239,2,"2023-12-04 14:55:17"
10371,2086,2,"2023-11-26 01:41:41"
10372,5234,2,"2024-02-23 12:18:51"
10373,1141,2,"2023-09-19 21:00:12"
10374,2844,2,"2023-10-04 17:07:52"
10375,5232,2,"2024-03-03 01:12:37"
10376,1669,2,"2023-07-12 03:02:51"
10377,2713,2,"2023-10-02 19:21:44"
10378,6404,2,"2024-06-16 19:14:56"
10379,3107,2,"2024-03-17 13:48:01"
10380,62,2,"2023-08-16 21:30:01"
10381,3277,2,"2024-05-10 09:22:06"
10382,6088,2,"2024-05-19 15:32:41"
10383,4851,2,"2023-09-03 01:06:18"
10384,7062,2,"2024-04-03 00:53:34"
10385,4453,2,"2024-06-18 04:24:31"
10386,325,2,"2023-11-17 00:46:47"
10387,734,2,"2024-03-09 07:08:35"
10388,776,2,"2024-03-19 08:02:28"
10389,312,2,"2024-02-07 12:09:22"
10390,1238,2,"2023-09-10 11:39:38"
10391,3565,2,"2023-08-12 05:58:42"
10392,5798,2,"2023-07-08 08:03:14"
10393,209,2,"2023-07-01 04:44:05"
10394,6445,2,"2023-08-06 04:26:46"
10395,3387,2,"2023-08-10 10:45:16"
10396,4062,2,"2023-08-25 01:45:20"
10397,2775,2,"2024-02-22 05:52:32"
10398,6436,2,"2024-01-27 19:35:32"
10399,4249,2,"2023-06-27 12:59:41"
10400,3085,2,"2023-10-02 12:19:37"
10401,1302,2,"2024-03-20 17:35:21"
10402,3461,2,"2023-07-04 02:15:18"
10403,5133,2,"2024-03-30 10:12:56"
10404,5598,2,"2024-06-07 19:35:26"
10405,302,2,"2024-04-02 23:53:16"
10406,1670,2,"2023-11-17 11:38:33"
10407,6256,2,"2024-06-05 20:58:10"
10408,4120,2,"2024-04-14 08:03:57"
10409,1101,2,"2024-03-13 19:34:51"
10410,642,2,"2023-09-03 13:27:31"
10411,3484,2,"2023-07-09 19:56:16"
10412,203,2,"2024-06-13 20:58:08"
10413,6969,2,"2024-02-06 20:37:15"
10414,4078,2,"2024-06-17 20:54:39"
10415,4901,2,"2024-06-03 22:07:12"
10416,4903,2,"2023-08-25 16:43:29"
10417,3993,2,"2024-06-10 23:01:26"
10418,5206,2,"2023-08-11 01:44:39"
10419,7074,2,"2023-12-02 08:29:16"
10420,6835,2,"2023-12-06 12:11:38"
10421,3325,2,"2024-04-04 17:23:12"
10422,6230,2,"2024-03-26 13:02:53"
10423,718,2,"2024-05-12 22:58:10"
10424,5251,2,"2023-11-01 01:50:50"
10425,1701,2,"2023-09-17 01:08:28"
10426,2042,2,"2023-06-24 21:25:37"
10427,7267,2,"2023-10-14 12:33:47"
10428,3229,2,"2023-12-02 02:43:29"
10429,6262,2,"2023-08-19 10:55:51"
10430,3731,2,"2024-05-13 00:32:26"
10431,3987,2,"2023-08-25 23:17:37"
10432,1823,2,"2023-11-14 13:08:53"
10433,4488,2,"2024-02-20 10:47:53"
10434,1390,2,"2023-06-27 05:02:03"
10435,2434,2,"2024-04-01 10:04:48"
10436,3260,2,"2024-03-31 05:06:09"
10437,3100,2,"2024-01-07 22:55:02"
10438,4053,2,"2024-06-09 11:43:20"
10439,6637,2,"2024-01-19 19:19:13"
10440,1006,2,"2023-10-02 16:15:11"
10441,5581,2,"2024-05-27 07:37:01"
10442,1849,2,"2024-02-02 10:09:34"
10443,1645,2,"2024-05-30 18:42:42"
10444,808,2,"2024-05-08 02:55:02"
10445,2558,2,"2024-04-24 16:59:01"
10446,955,2,"2023-10-15 21:18:17"
10447,6874,2,"2024-02-13 10:37:27"
10448,3714,2,"2023-10-12 06:04:07"
10449,5205,2,"2024-04-13 17:51:28"
10450,3620,2,"2024-05-22 20:07:09"
10451,2996,2,"2023-11-19 16:33:59"
10452,339,2,"2024-02-04 05:26:59"
10453,6151,2,"2023-12-10 14:25:11"
10454,1843,2,"2023-12-10 05:09:37"
10455,1428,2,"2024-01-17 07:24:21"
10456,2658,2,"2024-05-07 12:04:25"
10457,3744,2,"2023-07-18 20:18:52"
10458,1971,2,"2024-03-17 17:41:48"
10459,6270,2,"2023-07-08 23:47:46"
10460,3105,2,"2024-02-22 19:40:55"
10461,1872,2,"2023-09-29 18:02:02"
10462,1772,2,"2023-11-28 07:55:15"
10463,4829,2,"2024-02-24 04:56:00"
10464,2084,2,"2024-02-24 21:23:06"
10465,4007,2,"2024-01-20 16:54:28"
10466,3200,2,"2023-07-05 14:47:40"
10467,46,2,"2023-08-02 01:15:13"
10468,4560,2,"2024-02-08 02:55:59"
10469,4021,2,"2024-06-04 16:44:17"
10470,6565,2,"2023-07-17 01:54:27"
10471,2133,2,"2023-07-05 12:14:13"
10472,4726,2,"2023-10-08 08:07:26"
10473,1459,2,"2024-02-29 03:08:10"
10474,4214,2,"2024-01-13 14:30:07"
10475,5318,2,"2024-01-23 14:11:05"
10476,3279,2,"2023-12-14 02:08:13"
10477,2102,2,"2024-03-28 02:08:18"
10478,2891,2,"2024-02-21 12:03:24"
10479,5529,2,"2024-04-17 21:29:42"
10480,6291,2,"2023-07-23 00:53:22"
10481,3674,2,"2023-07-23 20:11:21"
10482,4839,2,"2024-05-17 14:17:33"
10483,3163,2,"2024-06-19 01:21:59"
10484,771,2,"2023-12-16 15:14:06"
10485,7086,2,"2024-05-07 07:24:16"
10486,3572,2,"2024-05-11 16:18:45"
10487,1093,2,"2024-01-01 16:17:29"
10488,2154,2,"2023-07-15 23:02:37"
10489,1068,2,"2023-11-22 12:23:41"
10490,4252,2,"2024-05-17 18:03:26"
10491,5505,2,"2023-11-03 12:46:53"
10492,6799,2,"2024-03-02 22:17:46"
10493,4694,2,"2023-07-09 10:29:47"
10494,3762,2,"2024-05-24 19:09:54"
10495,3498,2,"2023-07-12 08:15:28"
10496,4844,2,"2024-04-25 20:49:13"
10497,1783,2,"2023-10-18 12:18:46"
10498,5810,2,"2024-05-13 07:34:23"
10499,6905,2,"2023-08-17 23:55:49"
10500,2941,2,"2024-01-23 13:18:20"
10501,3271,2,"2023-08-03 19:55:13"
10502,5870,2,"2024-01-05 08:57:10"
10503,1517,2,"2023-11-15 13:59:56"
10504,682,2,"2023-09-15 07:42:15"
10505,6788,2,"2023-09-19 23:22:44"
10506,610,2,"2023-10-23 19:23:32"
10507,2994,2,"2023-08-20 15:14:27"
10508,5872,2,"2023-09-02 08:31:55"
10509,297,2,"2023-12-31 08:08:15"
10510,4437,2,"2023-07-25 21:44:30"
10511,1465,2,"2024-04-17 02:38:57"
10512,5370,2,"2023-07-07 18:02:15"
10513,6458,2,"2023-09-25 16:06:05"
10514,4798,2,"2024-02-21 17:04:56"
10515,2274,2,"2023-11-23 16:39:48"
10516,6888,2,"2023-09-18 07:32:23"
10517,4433,2,"2024-04-01 10:47:57"
10518,7264,2,"2023-12-22 06:16:53"
10519,6710,2,"2023-08-02 13:21:03"
10520,6370,2,"2023-09-12 15:59:27"
10521,6920,2,"2023-08-16 20:33:45"
10522,164,2,"2024-04-14 01:43:18"
10523,4576,2,"2023-07-14 06:11:56"
10524,3225,2,"2024-05-08 07:50:20"
10525,972,2,"2024-03-26 02:27:58"
10526,1377,2,"2023-08-16 17:16:56"
10527,4411,2,"2024-02-09 18:10:25"
10528,6832,2,"2024-06-02 09:00:41"
10529,6958,2,"2024-01-16 08:22:02"
10530,7394,2,"2024-02-04 05:28:15"
10531,6981,2,"2023-11-22 00:57:20"
10532,3346,2,"2023-07-18 00:25:56"
10533,6822,2,"2023-10-06 07:05:24"
10534,4276,2,"2023-10-14 09:05:21"
10535,2489,2,"2023-09-05 18:19:18"
10536,807,2,"2023-11-30 07:14:47"
10537,6431,2,"2024-05-01 08:27:09"
10538,7430,2,"2024-06-04 07:19:10"
10539,5225,2,"2024-05-10 21:35:52"
10540,3315,2,"2023-11-21 14:38:30"
10541,2236,2,"2023-08-13 07:03:12"
10542,6769,2,"2023-11-11 04:46:06"
10543,4064,2,"2024-06-06 01:27:38"
10544,4265,2,"2023-07-10 17:04:35"
10545,3710,2,"2023-09-26 12:12:26"
10546,3367,2,"2023-09-11 12:23:01"
10547,7172,2,"2024-01-18 05:02:45"
10548,1080,2,"2024-01-14 03:50:19"
10549,7213,2,"2023-06-25 04:08:34"
10550,173,2,"2023-12-27 07:57:49"
10551,6060,2,"2024-05-26 00:43:11"
10552,5246,2,"2023-08-11 06:35:35"
10553,5942,2,"2024-05-02 14:30:06"
10554,116,2,"2024-05-21 04:04:06"
10555,2143,2,"2023-08-01 22:26:43"
10556,5502,2,"2023-10-28 19:54:36"
10557,1586,2,"2024-05-22 14:51:06"
10558,2368,2,"2024-06-08 04:46:44"
10559,6567,2,"2024-01-02 12:44:32"
10560,6698,2,"2023-09-09 14:02:03"
10561,3874,2,"2024-04-27 10:33:46"
10562,47,2,"2023-09-09 11:47:10"
10563,7357,2,"2023-10-16 17:34:21"
10564,6669,2,"2024-04-21 09:04:42"
10565,2997,2,"2023-07-12 23:58:29"
10566,7362,2,"2024-05-16 12:57:59"
10567,2315,2,"2023-10-11 11:15:43"
10568,1730,2,"2024-01-06 11:10:06"
10569,5587,2,"2024-02-13 08:28:49"
10570,4966,2,"2023-11-05 14:20:58"
10571,119,2,"2023-08-08 20:51:49"
10572,7387,2,"2023-07-01 18:03:42"
10573,3768,2,"2024-05-03 15:55:34"
10574,2159,2,"2023-12-08 16:43:30"
10575,3211,2,"2024-02-07 10:48:46"
10576,4536,2,"2024-05-23 04:41:43"
10577,59,2,"2023-11-19 17:47:16"
10578,4481,2,"2023-11-19 00:40:05"
10579,5317,2,"2023-08-29 02:44:11"
10580,2469,2,"2023-12-21 14:24:31"
10581,2735,2,"2024-05-05 09:56:27"
10582,4758,2,"2024-01-25 22:33:16"
10583,6596,2,"2023-09-25 03:47:12"
10584,4744,2,"2024-05-12 15:46:38"
10585,7258,2,"2023-08-04 12:47:26"
10586,5859,2,"2024-03-04 00:25:09"
10587,2238,2,"2023-12-31 15:18:20"
10588,4402,2,"2023-08-18 23:18:46"
10589,7126,2,"2024-01-20 15:43:00"
10590,5074,2,"2024-02-05 21:27:47"
10591,3138,2,"2023-10-28 10:17:02"
10592,4250,2,"2023-11-21 12:06:05"
10593,6758,2,"2023-08-09 17:48:23"
10594,1990,2,"2024-03-12 01:40:42"
10595,2854,2,"2023-09-28 17:16:30"
10596,7013,2,"2024-06-02 14:41:11"
10597,1529,2,"2023-10-05 07:55:02"
10598,4000,2,"2023-11-05 06:35:52"
10599,1477,2,"2023-09-23 22:49:39"
10600,1448,2,"2023-07-16 22:05:23"
10601,2984,2,"2024-02-17 20:36:36"
10602,4611,2,"2024-05-18 01:40:15"
10603,5865,2,"2024-01-12 11:29:24"
10604,5992,2,"2023-12-04 07:07:36"
10605,4775,2,"2023-09-30 13:43:30"
10606,5486,2,"2023-12-31 07:53:49"
10607,6442,2,"2023-06-21 02:47:03"
10608,7277,2,"2024-05-02 06:39:08"
10609,3552,2,"2024-03-06 21:29:32"
10610,643,2,"2024-02-16 21:45:49"
10611,4625,2,"2024-01-10 04:46:24"
10612,5173,2,"2024-01-02 23:48:47"
10613,4004,2,"2024-03-31 13:03:10"
10614,196,2,"2024-01-14 04:31:17"
10615,5449,2,"2024-01-30 13:12:16"
10616,5220,2,"2023-12-06 05:57:32"
10617,7449,2,"2023-06-26 13:16:38"
10618,1293,2,"2023-12-25 15:49:03"
10619,2348,2,"2024-05-05 17:21:22"
10620,1963,2,"2024-04-06 02:23:15"
10621,2319,2,"2023-07-07 17:53:50"
10622,6734,2,"2024-06-04 18:53:14"
10623,4167,2,"2023-07-30 08:14:24"
10624,3873,2,"2023-09-17 00:25:59"
10625,7136,2,"2023-10-13 04:12:11"
10626,7027,2,"2024-04-27 08:41:05"
10627,2447,2,"2024-01-08 18:26:44"
10628,6853,2,"2024-05-02 20:04:46"
10629,4384,2,"2023-10-09 06:49:01"
10630,5515,2,"2023-08-17 02:10:36"
10631,306,2,"2024-04-08 00:12:30"
10632,3497,2,"2023-08-10 07:26:05"
10633,1240,2,"2024-02-25 23:11:10"
10634,1300,2,"2024-04-08 15:25:30"
10635,3723,2,"2024-04-20 19:17:41"
10636,3051,2,"2023-10-17 07:42:35"
10637,5960,2,"2024-05-13 15:51:17"
10638,1522,2,"2023-11-02 19:55:44"
10639,4117,2,"2023-07-03 00:33:11"
10640,3109,2,"2024-05-07 07:44:26"
10641,1759,2,"2024-02-22 04:23:04"
10642,3692,2,"2023-10-20 01:20:39"
10643,232,2,"2023-08-16 06:02:34"
10644,3415,2,"2024-02-21 23:06:02"
10645,7192,2,"2024-03-13 03:15:57"
10646,5061,2,"2023-08-19 15:38:02"
10647,143,2,"2024-02-21 09:20:51"
10648,6733,2,"2023-10-14 17:18:08"
10649,2193,2,"2023-08-22 17:27:46"
10650,2402,2,"2023-07-31 15:14:19"
10651,1446,2,"2024-06-17 14:57:51"
10652,5089,2,"2024-06-15 15:26:43"
10653,4035,2,"2023-11-27 02:24:22"
10654,1609,2,"2024-04-27 03:04:23"
10655,4497,2,"2024-02-05 15:10:29"
10656,4645,2,"2023-12-07 23:52:53"
10657,4810,2,"2024-03-16 11:04:06"
10658,6202,2,"2023-12-25 18:05:37"
10659,3939,2,"2024-05-29 12:50:04"
10660,4773,2,"2024-03-05 19:08:21"
10661,6789,2,"2024-05-15 01:22:27"
10662,5755,2,"2023-07-12 21:50:46"
10663,4715,2,"2023-10-23 18:31:28"
10664,6699,2,"2023-06-26 08:52:33"
10665,6610,2,"2023-08-21 01:48:08"
10666,2464,2,"2024-05-11 11:18:48"
10667,1504,2,"2024-03-01 12:38:19"
10668,7527,2,"2024-06-04 00:07:46"
10669,2969,2,"2023-10-31 00:51:58"
10670,2602,2,"2023-12-26 20:20:05"
10671,1102,2,"2023-09-24 13:50:30"
10672,3276,2,"2023-11-26 02:23:39"
10673,2892,2,"2024-03-30 22:39:37"
10674,3224,2,"2023-08-10 04:38:37"
10675,1534,2,"2024-04-17 00:14:58"
10676,7285,2,"2023-10-15 03:11:51"
10677,4984,2,"2023-08-16 17:34:10"
10678,4500,2,"2024-03-04 08:05:18"
10679,1771,2,"2024-01-19 17:37:59"
10680,5499,2,"2024-01-19 05:54:30"
10681,4708,2,"2024-06-18 07:39:46"
10682,1653,2,"2023-12-12 09:57:32"
10683,541,2,"2023-11-04 05:01:36"
10684,51,2,"2024-05-19 01:50:15"
10685,1125,2,"2023-07-13 19:45:17"
10686,2006,2,"2024-03-25 14:28:54"
10687,3010,2,"2024-02-27 01:01:37"
10688,3129,2,"2024-02-20 14:05:16"
10689,2850,2,"2024-03-30 12:21:01"
10690,614,2,"2024-06-09 10:31:08"
10691,1663,2,"2024-04-21 03:26:45"
10692,4085,2,"2024-04-21 05:02:21"
10693,6126,2,"2024-03-30 10:13:49"
10694,2275,2,"2023-11-10 14:09:14"
10695,4434,2,"2023-11-03 18:05:48"
10696,7484,2,"2023-08-29 11:47:11"
10697,7486,2,"2024-02-26 12:31:40"
10698,1048,2,"2024-03-28 02:55:35"
10699,3657,2,"2023-07-07 22:20:44"
10700,5010,2,"2024-01-27 02:05:39"
10701,593,2,"2024-01-19 13:41:04"
10702,3860,2,"2023-09-18 14:27:08"
10703,2669,2,"2024-04-23 04:20:29"
10704,5032,2,"2023-09-10 22:55:21"
10705,4520,2,"2023-10-14 07:46:25"
10706,6737,2,"2023-11-22 20:45:47"
10707,1936,2,"2023-11-22 23:12:54"
10708,5311,2,"2024-06-14 09:52:06"
10709,2303,2,"2023-09-28 16:15:17"
10710,1972,2,"2024-02-09 05:23:18"
10711,4649,2,"2023-10-09 10:23:29"
10712,26,2,"2024-02-15 20:26:37"
10713,3547,2,"2024-05-26 17:00:36"
10714,1812,2,"2024-02-12 13:52:54"
10715,6756,2,"2023-08-05 04:17:56"
10716,2392,2,"2024-03-11 17:20:36"
10717,3280,2,"2023-06-26 04:03:43"
10718,6791,2,"2023-11-20 05:01:21"
10719,6871,2,"2024-03-02 00:44:34"
10720,1902,2,"2023-07-28 15:10:21"
10721,3504,2,"2024-02-28 17:06:23"
10722,4735,2,"2024-01-18 03:31:38"
10723,929,2,"2023-09-27 06:45:14"
10724,6343,2,"2023-11-17 04:18:11"
10725,7397,2,"2023-12-24 12:14:29"
10726,4016,2,"2023-09-02 15:59:15"
10727,5365,2,"2024-02-26 23:18:57"
10728,6368,2,"2023-07-07 14:50:20"
10729,6136,2,"2023-12-04 23:34:28"
10730,5013,2,"2024-01-29 15:49:06"
10731,2494,2,"2024-03-09 22:27:50"
10732,6707,2,"2024-03-08 08:08:54"
10733,1228,2,"2023-10-16 02:08:40"
10734,3718,2,"2023-07-26 23:40:05"
10735,6333,2,"2023-12-17 02:11:41"
10736,4363,2,"2024-01-12 22:48:57"
10737,6337,2,"2024-02-11 05:59:55"
10738,796,2,"2023-12-28 09:05:17"
10739,5377,2,"2024-01-03 22:14:45"
10740,3602,2,"2023-11-14 03:22:09"
10741,4336,2,"2024-04-21 02:58:45"
10742,7383,2,"2023-06-29 13:58:11"
10743,123,2,"2023-07-15 06:39:56"
10744,7195,2,"2023-10-28 07:38:42"
10745,5536,2,"2024-01-29 00:21:09"
10746,980,2,"2024-02-20 06:18:45"
10747,692,2,"2024-02-04 02:47:42"
10748,3345,2,"2024-04-12 05:51:20"
10749,6576,2,"2024-05-23 11:38:41"
10750,2450,2,"2024-04-29 18:29:10"
10751,2790,2,"2024-03-20 03:20:33"
10752,2557,2,"2023-09-23 04:18:15"
10753,6329,2,"2023-09-04 07:14:31"
10754,7077,2,"2023-12-25 07:37:29"
10755,3532,2,"2024-06-01 01:40:01"
10756,4761,2,"2023-08-19 00:20:55"
10757,7151,2,"2023-07-10 00:39:42"
10758,4768,2,"2024-06-01 02:06:29"
10759,5096,2,"2023-11-15 07:34:58"
10760,5931,2,"2024-04-05 15:05:04"
10761,1086,2,"2024-03-10 06:06:21"
10762,2520,2,"2024-05-21 03:32:47"
10763,3450,2,"2024-01-10 06:55:43"
10764,478,2,"2023-11-15 01:56:47"
10765,179,2,"2024-05-04 15:36:28"
10766,1362,2,"2024-03-26 13:10:23"
10767,5138,2,"2023-10-06 06:39:34"
10768,3695,2,"2024-01-04 17:10:48"
10769,2497,2,"2023-08-25 00:21:14"
10770,1255,2,"2023-11-24 01:22:23"
10771,5052,2,"2024-03-12 15:16:30"
10772,2106,2,"2024-01-26 06:41:39"
10773,81,2,"2024-05-31 18:46:18"
10774,161,2,"2023-11-09 10:35:08"
10775,5722,2,"2023-07-08 06:36:50"
10776,2575,2,"2024-05-22 16:46:30"
10777,7058,2,"2024-04-29 21:52:15"
10778,1690,2,"2023-10-14 14:59:26"
10779,6880,2,"2024-04-05 00:04:50"
10780,3246,2,"2023-08-07 21:12:18"
10781,1533,2,"2024-06-07 23:52:11"
10782,2898,2,"2023-12-30 08:46:51"
10783,3868,2,"2023-08-27 14:02:46"
10784,6726,2,"2023-12-08 17:21:38"
10785,3562,2,"2024-04-03 06:09:31"
10786,1962,2,"2024-02-21 08:44:06"
10787,5788,2,"2023-08-13 18:18:02"
10788,2743,2,"2023-11-07 11:22:56"
10789,3166,2,"2023-09-25 07:31:00"
10790,5067,2,"2023-08-19 20:52:03"
10791,6299,2,"2023-09-18 03:16:46"
10792,2698,2,"2024-01-04 03:39:37"
10793,7287,2,"2023-06-30 05:17:15"
10794,5567,2,"2024-01-30 22:21:56"
10795,5592,2,"2023-08-03 20:45:23"
10796,2178,2,"2023-12-17 05:15:01"
10797,2293,2,"2024-01-15 10:43:11"
10798,1199,2,"2023-10-16 21:43:18"
10799,1059,2,"2024-01-06 13:06:14"
10800,1299,2,"2023-11-14 20:19:54"
10801,998,2,"2023-11-02 15:36:20"
10802,5666,2,"2024-04-29 14:47:56"
10803,1062,2,"2023-10-09 21:46:09"
10804,5425,2,"2023-09-16 06:46:16"
10805,165,2,"2024-03-24 02:56:25"
10806,6424,2,"2024-03-09 06:17:11"
10807,2549,2,"2024-02-06 13:14:31"
10808,1005,2,"2024-01-28 19:53:24"
10809,1524,2,"2024-01-02 00:44:58"
10810,4031,2,"2023-07-05 10:43:21"
10811,5020,2,"2023-08-30 14:54:17"
10812,3238,2,"2023-08-01 06:32:31"
10813,4125,2,"2023-10-04 02:02:10"
10814,4230,2,"2024-03-22 16:35:56"
10815,4857,2,"2024-01-22 15:51:29"
10816,1249,2,"2023-09-16 07:32:35"
10817,4447,2,"2023-12-20 08:11:31"
10818,1208,2,"2023-06-26 09:13:47"
10819,6227,2,"2024-05-08 16:11:18"
10820,529,2,"2024-04-11 19:06:51"
10821,1426,2,"2024-01-26 21:22:03"
10822,5128,2,"2023-10-29 14:55:16"
10823,1004,2,"2023-12-04 23:46:00"
10824,3742,2,"2024-01-15 07:20:01"
10825,619,2,"2023-06-24 12:25:19"
10826,584,2,"2023-09-22 23:10:50"
10827,1637,2,"2023-11-21 04:25:15"
10828,3725,2,"2024-01-04 04:09:32"
10829,6263,2,"2023-08-30 09:33:01"
10830,510,2,"2023-11-19 03:06:03"
10831,2547,2,"2024-02-15 11:54:40"
10832,2277,2,"2024-02-04 22:49:43"
10833,2427,2,"2024-02-24 18:59:52"
10834,6586,2,"2024-02-22 11:43:59"
10835,4570,2,"2023-12-23 09:18:33"
10836,3574,2,"2023-08-28 20:10:28"
10837,4964,2,"2024-06-13 02:05:32"
10838,6122,2,"2023-07-09 06:43:17"
10839,4130,2,"2024-04-18 08:44:07"
10840,2289,2,"2023-10-19 11:55:30"
10841,43,2,"2023-08-28 16:22:05"
10842,6851,2,"2024-04-27 16:04:27"
10843,2401,2,"2023-12-22 17:23:37"
10844,3214,2,"2024-04-19 00:49:50"
10845,3427,2,"2024-04-10 02:48:58"
10846,5974,2,"2023-11-18 21:28:32"
10847,1094,2,"2024-02-06 11:07:53"
10848,2069,2,"2023-07-21 18:28:13"
10849,1741,2,"2023-08-23 08:24:20"
10850,2460,2,"2024-05-26 01:32:01"
10851,6976,2,"2024-02-24 05:15:55"
10852,5969,2,"2023-09-22 03:11:20"
10853,3969,2,"2023-11-20 09:48:28"
10854,4087,2,"2023-10-23 11:48:05"
10855,6373,2,"2023-08-08 03:59:05"
10856,2617,2,"2024-02-24 02:55:28"
10857,261,2,"2024-04-05 15:07:42"
10858,3614,2,"2024-02-07 15:26:07"
10859,162,2,"2024-01-30 12:25:06"
10860,4759,2,"2024-06-19 02:43:27"
10861,5839,2,"2023-12-16 18:16:05"
10862,730,2,"2024-01-05 18:10:07"
10863,4464,2,"2024-03-16 06:54:49"
10864,787,2,"2024-02-17 00:03:19"
10865,7409,2,"2023-09-21 07:49:05"
10866,3259,2,"2024-04-17 06:28:45"
10867,2406,2,"2024-04-06 07:54:40"
10868,5162,2,"2023-12-19 13:59:12"
10869,4639,2,"2024-01-30 09:09:26"
10870,3821,2,"2024-01-09 13:09:34"
10871,5470,2,"2024-03-26 18:35:41"
10872,5137,2,"2024-03-30 16:57:03"
10873,6667,2,"2024-03-28 15:16:17"
10874,459,2,"2024-05-29 04:24:07"
10875,3118,2,"2023-08-29 23:12:36"
10876,1982,2,"2024-01-17 20:28:13"
10877,1778,2,"2024-05-31 02:00:52"
10878,3350,2,"2023-07-16 15:59:44"
10879,898,2,"2024-02-16 01:00:03"
10880,4685,2,"2023-09-03 20:01:14"
10881,2673,2,"2024-02-29 07:35:35"
10882,6186,2,"2023-11-23 13:02:02"
10883,5161,2,"2024-02-19 02:58:03"
10884,7475,2,"2024-03-19 19:01:59"
10885,6635,2,"2024-04-16 21:08:09"
10886,502,2,"2024-03-13 19:01:41"
10887,435,2,"2023-10-23 07:15:34"
10888,6082,2,"2024-05-15 06:12:27"
10889,765,2,"2023-10-24 00:46:02"
10890,5014,2,"2024-03-29 07:25:08"
10891,2081,2,"2024-01-16 05:45:09"
10892,1159,2,"2023-10-15 05:53:43"
10893,7407,2,"2024-01-07 19:25:23"
10894,1658,2,"2023-08-22 00:21:59"
10895,1596,2,"2023-09-25 01:23:05"
10896,5681,2,"2024-05-25 17:21:43"
10897,6841,2,"2024-02-10 07:36:07"
10898,6785,2,"2023-10-24 18:24:30"
10899,1408,2,"2024-03-01 18:08:16"
10900,1158,2,"2024-03-13 16:10:42"
10901,1573,2,"2024-05-13 19:37:02"
10902,5544,2,"2023-07-10 22:05:22"
10903,3822,2,"2023-07-04 01:52:29"
10904,1038,2,"2024-02-01 14:07:25"
10905,385,2,"2024-04-18 06:19:34"
10906,1445,2,"2023-09-28 00:31:46"
10907,5447,2,"2024-01-15 15:11:55"
10908,4780,2,"2023-09-22 17:37:09"
10909,3234,2,"2023-09-09 10:46:13"
10910,3641,2,"2023-12-13 00:26:33"
10911,7540,2,"2023-12-25 05:37:20"
10912,2659,2,"2024-06-10 20:25:59"
10913,2370,2,"2023-12-18 08:11:01"
10914,2946,2,"2023-10-13 15:54:49"
10915,1248,2,"2024-03-16 15:00:44"
10916,7066,2,"2023-10-01 21:12:03"
10917,4506,2,"2023-12-27 03:12:25"
10918,3192,2,"2023-07-03 11:47:13"
10919,5565,2,"2023-10-27 21:44:05"
10920,7332,2,"2024-04-16 22:38:17"
10921,6564,2,"2023-08-03 22:15:00"
10922,2682,2,"2024-05-24 01:50:12"
10923,3268,2,"2023-07-24 10:33:19"
10924,5018,2,"2023-10-23 13:02:35"
10925,2797,2,"2023-08-09 12:54:38"
10926,2646,2,"2024-05-27 07:42:06"
10927,631,2,"2023-08-07 01:31:31"
10928,5480,2,"2024-06-09 21:24:53"
10929,4136,2,"2023-08-10 05:41:22"
10930,5892,2,"2024-03-24 19:31:14"
10931,6648,2,"2024-03-06 19:58:16"
10932,6236,2,"2023-09-24 07:42:09"
10933,4516,2,"2024-04-08 04:32:17"
10934,7156,2,"2023-09-17 22:34:22"
10935,1853,2,"2023-11-14 23:36:37"
10936,2954,2,"2024-01-06 22:26:37"
10937,6692,2,"2023-11-09 09:54:00"
10938,5139,2,"2024-04-18 17:51:46"
10939,1401,2,"2023-07-21 21:22:32"
10940,659,2,"2023-11-19 07:08:21"
10941,6859,2,"2023-06-29 16:09:21"
10942,1560,2,"2024-03-26 06:30:29"
10943,5127,2,"2023-07-14 09:11:25"
10944,2523,2,"2024-04-29 06:14:02"
10945,4750,2,"2023-10-10 03:03:47"
10946,2162,2,"2023-10-22 01:12:57"
10947,1022,2,"2023-10-22 00:01:30"
10948,6953,2,"2023-12-25 00:34:22"
10949,2737,2,"2024-04-24 11:46:12"
10950,6752,2,"2023-08-22 09:02:21"
10951,4354,2,"2023-12-06 03:37:54"
10952,4383,2,"2023-12-11 00:15:28"
10953,482,2,"2024-04-05 14:58:47"
10954,4603,2,"2023-12-19 21:52:21"
10955,7335,2,"2024-03-14 07:14:08"
10956,7179,2,"2023-10-21 14:22:41"
10957,5622,2,"2024-01-12 14:40:01"
10958,4797,2,"2024-05-01 11:47:45"
10959,7124,2,"2023-07-29 09:30:20"
10960,1840,2,"2024-02-12 01:44:59"
10961,3979,2,"2023-08-13 12:25:40"
10962,416,2,"2023-09-25 15:08:57"
10963,6572,2,"2024-02-05 12:51:05"
10964,2445,2,"2023-09-16 19:29:03"
10965,4150,2,"2023-09-16 12:58:36"
10966,1553,2,"2024-01-18 22:52:10"
10967,5188,2,"2024-04-20 15:58:17"
10968,6991,2,"2023-12-07 05:23:28"
10969,7304,2,"2024-04-14 22:17:08"
10970,6959,2,"2024-02-22 10:07:57"
10971,5936,2,"2024-06-04 01:14:31"
10972,5175,2,"2023-07-17 15:00:58"
10973,4457,2,"2024-02-07 12:22:23"
10974,3181,2,"2024-04-21 04:17:46"
10975,4489,2,"2023-07-30 02:39:47"
10976,3471,2,"2024-01-25 20:22:37"
10977,1654,2,"2023-11-27 20:17:20"
10978,783,2,"2024-03-15 06:42:14"
10979,7233,2,"2024-05-15 16:12:38"
10980,1810,2,"2024-03-28 08:27:20"
10981,1170,2,"2024-05-28 15:39:57"
10982,2583,2,"2024-01-20 02:06:40"
10983,6388,2,"2023-10-06 18:48:43"
10984,2503,2,"2023-11-23 02:16:56"
10985,166,2,"2024-03-28 10:50:21"
10986,4995,2,"2023-10-21 14:53:46"
10987,6580,2,"2023-11-03 08:10:05"
10988,2018,2,"2024-04-19 18:02:14"
10989,626,2,"2024-06-08 22:00:06"
10990,4819,2,"2023-11-10 11:52:15"
10991,5252,2,"2023-11-07 00:40:48"
10992,5229,2,"2024-02-08 09:07:28"
10993,5935,2,"2024-06-02 15:58:17"
10994,6141,2,"2024-01-16 07:29:20"
10995,4501,2,"2024-03-09 01:16:07"
10996,4627,2,"2024-01-30 15:22:30"
10997,2366,2,"2024-03-22 05:47:08"
10998,214,2,"2024-05-20 09:30:39"
10999,6876,2,"2023-11-26 17:21:05"
11000,93,2,"2023-08-29 17:39:22"
11001,3139,2,"2023-11-12 08:40:56"
11002,944,2,"2023-09-28 19:50:15"
11003,2709,2,"2023-09-04 04:44:19"
11004,4580,2,"2024-05-14 06:52:33"
11005,689,2,"2024-03-05 17:00:44"
11006,6146,2,"2024-05-21 00:06:38"
11007,7390,2,"2023-10-09 07:40:41"
11008,1372,2,"2024-03-13 04:45:00"
11009,4619,2,"2024-04-04 19:46:36"
11010,7026,2,"2024-03-07 17:15:45"
11011,2707,2,"2023-10-29 12:25:59"
11012,6903,2,"2024-04-08 16:10:14"
11013,2896,2,"2023-10-16 03:39:23"
11014,6294,2,"2023-12-23 10:33:01"
11015,5746,2,"2023-07-24 10:47:26"
11016,1847,2,"2024-01-23 23:21:45"
11017,2328,2,"2023-11-18 19:54:51"
11018,6917,2,"2024-02-20 04:46:36"
11019,1436,2,"2023-10-27 20:25:39"
11020,1943,2,"2023-07-20 00:06:30"
11021,4631,2,"2023-06-22 08:31:22"
11022,2630,2,"2023-09-14 04:17:45"
11023,5288,2,"2024-03-21 13:53:43"
11024,5231,2,"2023-07-24 04:44:19"
11025,6759,2,"2023-10-15 03:28:08"
11026,4642,2,"2023-08-09 21:58:18"
11027,3016,2,"2023-12-02 18:44:57"
11028,4788,2,"2023-10-04 01:59:08"
11029,1282,2,"2024-02-22 14:24:36"
11030,1555,2,"2023-11-06 00:31:44"
11031,135,2,"2024-03-21 13:39:19"
11032,4748,2,"2024-01-18 03:05:12"
11033,5399,2,"2023-09-01 23:27:21"
11034,5170,2,"2024-03-17 04:04:03"
11035,3366,2,"2023-08-23 07:58:19"
11036,7550,2,"2024-04-21 05:29:55"
11037,6779,2,"2023-11-30 04:36:40"
11038,5050,2,"2023-06-30 12:55:34"
11039,6506,2,"2024-01-11 08:52:42"
11040,4131,2,"2024-06-05 22:57:39"
11041,5201,2,"2023-07-05 05:40:00"
11042,7311,2,"2024-03-09 23:54:11"
11043,5375,2,"2024-03-12 03:43:43"
11044,7460,2,"2023-07-23 14:19:32"
11045,1313,2,"2024-05-05 07:28:04"
11046,4479,2,"2024-01-27 20:30:00"
11047,3203,2,"2023-10-15 10:45:23"
11048,4093,2,"2023-08-04 05:42:39"
11049,1368,2,"2023-12-21 23:03:56"
11050,3155,2,"2023-08-12 00:18:27"
11051,628,2,"2024-02-03 13:20:36"
11052,5513,2,"2024-01-12 23:07:53"
11053,363,2,"2024-05-08 09:16:16"
11054,992,2,"2023-12-15 01:42:10"
11055,3771,2,"2023-09-14 22:20:15"
11056,6006,2,"2024-03-15 23:10:43"
11057,5583,2,"2024-01-10 20:13:06"
11058,30,2,"2023-09-22 05:46:01"
11059,4854,2,"2023-10-15 14:39:33"
11060,3985,2,"2023-06-22 23:59:48"
11061,1892,2,"2024-01-03 08:35:21"
11062,2391,2,"2024-01-29 03:39:13"
11063,430,2,"2023-12-20 22:08:57"
11064,2778,2,"2023-09-10 08:07:06"
11065,3052,2,"2023-09-07 08:57:03"
11066,4757,2,"2023-10-28 08:30:58"
11067,6377,2,"2023-11-16 13:38:08"
11068,2330,2,"2024-04-08 20:14:14"
11069,3950,2,"2023-08-09 07:34:49"
11070,1144,2,"2024-06-11 02:12:01"
11071,1220,2,"2024-03-18 20:14:23"
11072,4463,2,"2023-09-22 21:38:57"
11073,3106,2,"2023-11-30 13:12:12"
11074,1680,2,"2024-04-26 09:49:25"
11075,712,2,"2024-03-07 07:06:36"
11076,6153,2,"2024-02-15 22:59:03"
11077,4504,2,"2023-11-28 17:37:16"
11078,3595,2,"2023-12-15 08:14:46"
11079,7069,2,"2024-04-26 07:35:36"
11080,6439,2,"2024-04-09 05:46:43"
11081,2338,2,"2023-12-23 06:01:08"
11082,1073,2,"2024-03-24 23:13:21"
11083,1425,2,"2023-12-06 10:39:54"
11084,2076,2,"2024-05-24 05:43:50"
11085,6901,2,"2024-02-04 16:37:14"
11086,1374,2,"2023-12-23 02:40:32"
11087,7443,2,"2023-08-14 15:26:00"
11088,2614,2,"2024-03-19 12:19:52"
11089,1633,2,"2024-03-05 00:16:20"
11090,3623,2,"2024-01-22 09:05:57"
11091,7346,2,"2023-09-02 12:06:29"
11092,7187,2,"2023-08-15 10:59:53"
11093,3871,2,"2024-02-13 20:12:34"
11094,4484,2,"2023-07-26 19:13:23"
11095,7545,2,"2024-02-04 01:13:59"
11096,5827,2,"2024-02-19 19:55:44"
11097,5978,2,"2023-11-27 14:13:16"
11098,5739,2,"2024-01-27 01:58:33"
11099,2336,2,"2023-07-22 00:32:56"
11100,1563,2,"2024-02-06 12:33:26"
11101,1556,2,"2023-06-30 07:33:52"
11102,617,2,"2023-08-06 22:24:36"
11103,4191,2,"2023-06-29 19:12:02"
11104,1592,2,"2023-11-10 08:26:21"
11105,4689,2,"2024-03-02 21:53:49"
11106,1331,2,"2023-12-07 10:51:37"
11107,2033,2,"2023-12-09 18:54:05"
11108,3421,2,"2023-09-28 20:59:07"
11109,563,2,"2024-01-31 01:26:24"
11110,5054,2,"2023-09-28 10:29:26"
11111,6552,2,"2023-09-06 01:48:40"
11112,672,2,"2023-08-23 04:01:42"
11113,2970,2,"2024-04-23 04:47:26"
11114,3734,2,"2024-04-03 06:35:55"
11115,2414,2,"2023-07-11 11:17:44"
11116,1606,2,"2024-06-13 13:36:08"
11117,1712,2,"2023-08-30 14:25:03"
11118,65,2,"2023-11-16 23:37:28"
11119,1361,2,"2023-09-04 22:30:32"
11120,6407,2,"2024-05-20 18:09:58"
11121,1683,2,"2024-04-09 12:04:55"
11122,2195,2,"2024-05-17 03:16:11"
11123,6032,2,"2023-10-15 14:05:34"
11124,6994,2,"2023-08-11 01:59:59"
11125,4314,2,"2024-04-24 00:56:55"
11126,1803,2,"2024-04-04 04:36:46"
11127,4737,2,"2023-08-29 05:00:03"
11128,5609,2,"2024-05-23 01:13:42"
11129,6830,2,"2023-07-27 17:01:16"
11130,4609,2,"2024-01-25 23:04:36"
11131,7485,2,"2023-11-08 10:35:42"
11132,6125,2,"2023-10-16 02:30:04"
11133,3087,2,"2024-01-11 10:03:48"
11134,5249,2,"2024-02-27 03:14:06"
11135,611,2,"2024-05-11 19:47:59"
11136,4843,2,"2024-06-09 12:30:24"
11137,1832,2,"2023-10-29 12:20:57"
11138,1233,2,"2023-08-25 11:38:48"
11139,4622,2,"2024-02-11 18:56:05"
11140,3258,2,"2023-10-21 12:32:15"
11141,3474,2,"2023-12-21 09:45:45"
11142,1984,2,"2024-03-10 22:38:30"
11143,6691,2,"2024-05-20 16:47:14"
11144,839,2,"2024-04-05 17:49:05"
11145,1520,2,"2024-04-07 23:51:21"
11146,1402,2,"2023-10-25 04:31:59"
11147,1664,2,"2024-05-28 08:54:39"
11148,6283,2,"2024-04-12 16:23:20"
11149,2889,2,"2024-02-21 20:33:00"
11150,6038,2,"2023-11-24 00:30:50"
11151,1927,2,"2023-08-24 01:49:43"
11152,1642,2,"2024-01-28 21:52:32"
11153,5495,2,"2023-09-30 20:32:18"
11154,6282,2,"2023-12-07 12:13:13"
11155,3773,2,"2023-09-24 06:02:09"
11156,1511,2,"2024-03-22 22:05:22"
11157,5261,2,"2023-10-31 00:30:40"
11158,6617,2,"2024-06-07 18:50:29"
11159,2846,2,"2023-11-19 10:05:39"
11160,3047,2,"2024-03-27 04:15:34"
11161,3201,2,"2023-11-30 20:22:28"
11162,3292,2,"2024-04-20 07:36:24"
11163,5026,2,"2024-06-09 21:37:03"
11164,1781,2,"2023-10-18 02:15:47"
11165,7123,2,"2024-02-20 17:06:53"
11166,2521,2,"2023-08-17 19:08:14"
11167,5937,2,"2024-03-15 01:09:11"
11168,1987,2,"2023-07-31 13:11:03"
11169,3444,2,"2023-08-15 12:38:18"
11170,4147,2,"2024-02-21 20:31:43"
11171,2842,2,"2023-11-29 23:41:54"
11172,5392,2,"2023-10-17 20:32:59"
11173,6159,2,"2024-02-05 16:58:52"
11174,220,2,"2024-06-05 12:56:09"
11175,2403,2,"2024-03-23 09:42:23"
11176,6848,2,"2024-04-09 13:22:45"
11177,3584,2,"2023-10-10 11:31:04"
11178,2578,2,"2024-04-15 08:01:24"
11179,2818,2,"2023-07-06 10:05:32"
11180,4083,2,"2024-01-30 18:53:56"
11181,4889,2,"2023-07-25 08:48:51"
11182,105,2,"2023-07-26 18:48:12"
11183,3160,2,"2023-07-08 07:22:50"
11184,4362,2,"2023-08-19 01:41:36"
11185,3835,2,"2024-06-08 20:47:04"
11186,3297,2,"2024-02-10 17:25:28"
11187,5134,2,"2023-10-02 04:03:09"
11188,950,2,"2024-04-06 09:11:17"
11189,3922,2,"2024-06-17 01:27:24"
11190,2059,2,"2023-09-27 04:52:05"
11191,138,2,"2023-11-11 08:49:50"
11192,2258,2,"2023-10-29 23:56:27"
11193,5811,2,"2023-10-20 01:32:02"
11194,340,2,"2023-07-21 11:50:14"
11195,4112,2,"2023-11-20 01:13:48"
11196,2454,2,"2023-12-17 20:08:00"
11197,5941,2,"2024-02-22 03:47:04"
11198,1880,2,"2023-12-24 14:17:51"
11199,774,2,"2023-09-10 02:50:03"
11200,838,2,"2023-12-17 16:21:47"
11201,4731,2,"2023-08-20 14:07:48"
11202,4630,2,"2023-07-04 17:05:02"
11203,5812,2,"2023-07-06 19:49:36"
11204,2654,2,"2024-02-10 06:20:12"
11205,7144,2,"2023-11-21 19:12:03"
11206,4702,2,"2024-03-29 21:05:46"
11207,3670,2,"2024-01-18 05:21:59"
11208,2349,2,"2024-05-18 06:05:17"
11209,2386,2,"2023-11-06 06:42:31"
11210,5856,2,"2023-07-13 02:17:42"
11211,3322,2,"2023-07-18 05:17:20"
11212,2792,2,"2024-03-29 18:38:29"
11213,4763,2,"2023-06-24 01:52:12"
11214,3323,2,"2023-12-14 09:06:15"
11215,1757,2,"2023-11-03 07:00:09"
11216,7090,2,"2023-10-13 02:29:53"
11217,1499,2,"2024-05-10 16:45:56"
11218,6211,2,"2023-10-18 04:05:28"
11219,499,2,"2023-07-11 08:49:46"
11220,190,2,"2024-04-25 11:13:52"
11221,213,2,"2024-01-29 13:24:27"
11222,3891,2,"2023-06-23 22:42:26"
11223,2263,2,"2024-06-12 21:51:40"
11224,6208,2,"2023-10-08 13:16:49"
11225,7455,2,"2023-07-29 04:08:27"
11226,6457,2,"2024-02-09 08:56:30"
11227,4718,2,"2023-08-28 08:12:16"
11228,5459,2,"2024-03-23 04:17:31"
11229,5379,2,"2023-07-10 19:59:50"
11230,7214,2,"2023-11-23 10:47:38"
11231,4393,2,"2023-12-06 13:53:29"
11232,1965,2,"2024-01-06 22:08:54"
11233,5726,2,"2023-11-07 12:50:02"
11234,2148,2,"2024-01-06 16:21:40"
11235,605,2,"2023-10-25 05:43:33"
11236,6222,2,"2024-05-08 03:04:04"
11237,7437,2,"2024-02-09 15:49:48"
11238,2026,2,"2023-09-23 17:04:02"
11239,6031,2,"2024-06-09 23:13:18"
11240,5279,2,"2024-03-08 11:54:50"
11241,4842,2,"2023-09-26 16:23:07"
11242,7138,2,"2023-12-10 10:43:14"
11243,5743,2,"2024-02-18 12:13:45"
11244,5573,2,"2024-03-29 13:37:25"
11245,6354,2,"2024-01-20 22:17:11"
11246,2544,2,"2024-01-27 14:14:41"
11247,241,2,"2024-02-14 06:16:37"
11248,538,2,"2023-09-09 12:13:40"
11249,6546,2,"2024-06-13 16:25:02"
11250,5900,2,"2023-09-22 14:38:55"
11251,7457,2,"2024-03-23 22:48:29"
11252,3502,2,"2024-03-02 20:13:33"
11253,2918,2,"2024-04-11 07:27:42"
11254,4947,2,"2023-07-04 01:39:10"
11255,711,2,"2023-10-08 16:47:15"
11256,6495,2,"2024-03-09 22:39:58"
11257,6755,2,"2023-11-14 13:28:03"
11258,369,2,"2024-04-23 11:47:28"
11259,704,2,"2024-02-01 23:13:17"
11260,3182,2,"2023-09-22 20:38:16"
11261,2643,2,"2024-05-06 22:19:52"
11262,921,2,"2023-10-19 05:35:52"
11263,6177,2,"2024-02-08 00:47:23"
11264,1641,2,"2024-03-08 15:30:01"
11265,698,2,"2024-03-05 11:28:11"
11266,4651,2,"2023-08-05 01:20:20"
11267,4862,2,"2024-03-04 17:15:10"
11268,7193,2,"2023-09-27 09:03:16"
11269,4190,2,"2023-12-12 00:50:18"
11270,3162,2,"2023-09-10 22:48:57"
11271,6944,2,"2023-07-23 12:44:42"
11272,3847,2,"2024-05-05 00:38:07"
11273,958,2,"2024-04-29 15:34:16"
11274,5846,2,"2024-04-05 13:41:34"
11275,3499,2,"2023-08-21 20:15:19"
11276,915,2,"2023-10-20 11:37:22"
11277,3851,2,"2023-07-29 14:00:51"
11278,1323,2,"2023-09-01 03:18:08"
11279,1195,2,"2024-01-11 08:49:17"
11280,5233,2,"2023-09-24 20:49:47"
11281,5356,2,"2023-12-16 21:52:13"
11282,6688,2,"2023-10-16 19:45:29"
11283,1509,2,"2024-05-19 16:07:12"
11284,2871,2,"2023-11-19 12:45:05"
11285,3855,2,"2023-10-20 04:13:42"
11286,3305,2,"2023-12-25 11:51:20"
11287,4669,2,"2024-01-30 12:58:10"
11288,4547,2,"2024-03-31 22:40:38"
11289,4435,2,"2023-12-09 03:55:50"
11290,5927,2,"2024-02-10 17:44:56"
11291,6536,2,"2024-03-28 08:17:47"
11292,2691,2,"2024-06-08 07:02:22"
11293,6793,2,"2024-01-27 16:09:48"
11294,6317,2,"2024-04-19 07:28:22"
11295,3054,2,"2024-01-26 16:39:07"
11296,2484,2,"2023-07-16 09:22:20"
11297,3646,2,"2023-09-26 12:59:48"
11298,6110,2,"2024-03-22 02:47:51"
11299,7524,2,"2024-04-21 08:16:50"
11300,5385,2,"2023-08-14 14:48:14"
11301,1201,2,"2023-10-09 06:33:20"
11302,4066,2,"2024-04-12 15:56:07"
11303,40,2,"2023-09-09 07:37:59"
11304,7450,2,"2023-10-22 03:38:08"
11305,2499,2,"2024-03-06 21:31:30"
11306,7235,2,"2023-10-17 10:02:56"
11307,782,2,"2023-12-11 13:23:52"
11308,7257,2,"2023-07-17 14:04:40"
11309,1949,2,"2023-09-25 04:50:08"
11310,1106,2,"2024-01-05 11:35:17"
11311,5165,2,"2024-01-19 21:32:33"
11312,2901,2,"2023-10-19 11:43:14"
11313,6955,2,"2024-01-20 22:27:09"
11314,6763,2,"2024-03-18 22:55:31"
11315,277,2,"2024-01-07 02:28:27"
11316,6465,2,"2023-07-13 20:28:35"
11317,6113,2,"2023-08-14 16:51:39"
11318,6494,2,"2024-05-03 22:30:03"
11319,5461,2,"2024-03-21 15:27:04"
11320,2508,2,"2024-02-08 19:52:52"
11321,2482,2,"2024-06-04 05:33:36"
11322,4159,2,"2023-08-16 14:06:09"
11323,5119,2,"2024-03-15 23:50:35"
11324,7505,2,"2023-09-08 04:14:42"
11325,4184,2,"2023-07-14 17:43:30"
11326,4821,2,"2023-08-02 01:40:10"
11327,6111,2,"2023-07-06 14:07:38"
11328,3150,2,"2024-01-04 08:42:59"
11329,5898,2,"2024-02-20 14:30:27"
11330,2741,2,"2024-02-14 16:02:18"
11331,3840,2,"2023-09-10 02:34:33"
11332,934,2,"2023-12-01 05:20:19"
11333,7146,2,"2023-07-07 04:06:07"
11334,6228,2,"2023-10-30 11:27:39"
11335,6512,2,"2023-10-19 18:23:18"
11336,1197,2,"2023-08-05 17:44:06"
11337,4727,2,"2024-05-26 00:59:19"
11338,4095,2,"2024-06-01 16:21:00"
11339,6454,2,"2024-04-13 09:48:24"
11340,3576,2,"2023-08-12 03:17:16"
11341,2032,2,"2024-03-07 10:48:42"
11342,4074,2,"2023-11-14 11:07:11"
11343,6280,2,"2023-07-05 21:32:43"
11344,1007,2,"2024-01-10 04:27:21"
11345,6962,2,"2023-11-17 01:39:09"
11346,2566,2,"2023-08-20 05:46:43"
11347,6100,2,"2023-10-19 20:05:51"
11348,986,2,"2024-02-21 13:35:30"
11349,1887,2,"2024-03-03 11:39:08"
11350,3491,2,"2023-10-29 07:23:10"
11351,5426,2,"2024-03-23 10:09:30"
11352,3708,2,"2023-11-03 23:26:32"
11353,846,2,"2023-11-08 00:01:01"
11354,5913,2,"2023-12-14 01:06:57"
11355,3938,2,"2024-03-29 05:46:29"
11356,4822,2,"2024-04-12 06:48:37"
11357,361,2,"2024-06-12 13:15:28"
11358,3837,2,"2023-09-21 12:37:23"
11359,1079,2,"2023-09-30 08:32:04"
11360,60,2,"2023-07-05 11:23:38"
11361,5779,2,"2023-10-10 08:57:56"
11362,4542,2,"2023-09-11 20:24:47"
11363,6928,2,"2024-01-23 08:58:00"
11364,6449,2,"2024-02-07 01:32:43"
11365,5468,2,"2024-04-04 17:28:29"
11366,4282,2,"2024-01-09 23:57:33"
11367,3577,2,"2024-04-12 04:21:02"
11368,2352,2,"2024-02-21 17:26:25"
11369,4466,2,"2024-02-21 18:40:45"
11370,2899,2,"2023-12-26 04:07:16"
11371,655,2,"2024-02-12 05:00:55"
11372,3288,2,"2024-05-05 16:44:21"
11373,1564,2,"2024-01-11 02:08:03"
11374,3027,2,"2024-03-11 18:57:13"
11375,255,2,"2024-05-12 03:12:03"
11376,5843,2,"2023-07-14 11:58:21"
11377,1612,2,"2024-01-01 12:17:11"
11378,3397,2,"2024-01-27 21:24:56"
11379,4939,2,"2023-08-18 07:32:31"
11380,5434,2,"2024-06-06 01:10:28"
11381,188,2,"2023-11-05 13:45:40"
11382,350,2,"2023-07-12 21:07:02"
11383,6030,2,"2023-10-03 21:13:27"
11384,6513,2,"2023-06-22 20:22:15"
11385,5276,2,"2023-12-17 03:37:02"
11386,4428,2,"2023-07-08 11:24:10"
11387,3029,2,"2023-12-19 05:30:25"
11388,4452,2,"2023-07-26 13:53:58"
11389,7428,2,"2023-08-20 18:03:05"
11390,2745,2,"2024-04-11 21:30:18"
11391,1334,2,"2023-11-25 12:42:09"
11392,526,2,"2024-04-09 01:06:18"
11393,2347,2,"2023-12-17 21:29:52"
11394,1380,2,"2023-08-10 23:26:41"
11395,910,2,"2024-04-08 14:18:48"
11396,4292,2,"2024-01-31 03:03:31"
11397,4122,2,"2023-12-10 06:20:53"
11398,6112,2,"2023-09-20 11:31:12"
11399,5606,2,"2023-10-20 11:07:09"
11400,3328,2,"2024-02-03 13:38:14"
11401,5607,2,"2023-11-05 00:09:09"
11402,5189,2,"2024-01-21 20:07:23"
11403,6056,2,"2024-04-03 16:05:49"
11404,4202,2,"2023-09-13 15:37:05"
11405,5341,2,"2023-09-15 18:34:51"
11406,5977,2,"2023-11-15 23:41:18"
11407,892,2,"2024-05-07 03:14:27"
11408,5456,2,"2023-09-12 03:37:26"
11409,6264,2,"2024-03-03 07:38:24"
11410,2128,2,"2024-06-01 22:11:11"
11411,2777,2,"2024-05-02 14:05:35"
11412,6531,2,"2024-04-18 15:49:39"
11413,5569,2,"2024-01-27 04:33:45"
11414,3777,2,"2023-10-08 18:09:41"
11415,4600,2,"2024-04-25 19:04:41"
11416,4289,2,"2024-03-08 19:40:09"
11417,6818,2,"2024-03-11 22:55:34"
11418,5226,2,"2024-06-14 05:34:54"
11419,1830,2,"2024-02-18 18:28:15"
11420,5510,2,"2024-01-12 19:32:41"
11421,1652,2,"2023-09-11 10:14:08"
11422,1747,2,"2023-10-25 18:10:16"
11423,5800,2,"2023-06-25 02:26:06"
11424,1278,2,"2024-04-02 16:22:59"
11425,3041,2,"2023-08-18 16:35:51"
11426,5256,2,"2023-08-18 01:56:03"
11427,4038,2,"2023-08-16 22:25:14"
11428,3168,2,"2024-06-03 02:17:11"
11429,5336,2,"2023-11-09 02:19:23"
11430,882,2,"2024-03-02 09:00:16"
11431,4373,2,"2024-01-27 10:23:57"
11432,2138,2,"2024-01-28 05:23:05"
11433,1097,2,"2023-10-05 10:34:25"
11434,6018,2,"2024-01-29 20:31:13"
11435,2003,2,"2023-08-28 17:08:04"
11436,5081,2,"2023-08-30 16:38:50"
11437,5989,2,"2024-06-03 03:34:49"
11438,5444,2,"2023-09-20 11:17:11"
11439,4766,2,"2023-07-30 19:26:40"
11440,4312,2,"2024-03-29 07:49:26"
11441,4593,2,"2023-10-18 02:57:11"
11442,3408,2,"2023-07-05 16:39:46"
11443,4659,2,"2023-08-20 20:25:04"
11444,7216,2,"2024-03-22 13:14:14"
11445,7368,2,"2024-03-17 18:10:32"
11446,3930,2,"2024-04-19 16:44:23"
11447,7503,2,"2024-06-03 09:52:55"
11448,647,2,"2024-04-01 04:05:29"
11449,1485,2,"2023-09-21 09:18:01"
11450,729,2,"2023-12-21 01:51:42"
11451,18,2,"2024-01-16 04:20:55"
11452,1166,2,"2024-04-24 22:41:21"
11453,2082,2,"2023-07-09 08:20:31"
11454,4406,2,"2023-11-23 12:07:53"
11455,2623,2,"2023-11-15 02:04:28"
11456,1822,2,"2024-06-16 11:53:29"
11457,2073,2,"2023-11-21 17:45:32"
11458,149,2,"2024-04-11 10:17:13"
11459,6978,2,"2024-05-25 20:43:47"
11460,7441,2,"2024-01-28 05:48:12"
11461,3077,2,"2023-07-25 16:13:03"
11462,5582,2,"2024-03-12 08:27:07"
11463,1808,2,"2023-07-12 10:15:37"
11464,7302,2,"2023-08-21 23:58:58"
11465,1673,2,"2023-12-26 22:44:08"
11466,6522,2,"2024-05-04 19:20:34"
11467,2600,2,"2024-02-16 13:16:16"
11468,1281,2,"2024-01-04 16:31:45"
11469,6375,2,"2023-08-26 08:37:01"
11470,7237,2,"2023-08-30 14:38:33"
11471,530,2,"2023-07-18 23:21:45"
11472,694,2,"2024-04-23 08:26:41"
11473,1441,2,"2023-06-23 01:15:26"
11474,1247,2,"2023-12-28 17:12:43"
11475,1056,2,"2023-08-25 20:37:32"
11476,6838,2,"2023-09-16 09:21:45"
11477,5733,2,"2023-07-09 10:10:49"
11478,3540,2,"2024-02-19 12:47:53"
11479,1442,2,"2023-07-18 19:51:42"
11480,2586,2,"2024-01-05 03:05:01"
11481,7081,2,"2024-04-03 06:26:48"
11482,6570,2,"2024-03-09 17:37:25"
11483,6794,2,"2023-12-01 07:26:13"
11484,1388,2,"2024-03-23 09:51:08"
11485,1211,2,"2024-02-01 16:01:40"
11486,453,2,"2023-06-26 23:15:24"
11487,4079,2,"2023-07-14 19:55:05"
11488,3594,2,"2023-09-21 12:15:02"
11489,5222,2,"2023-10-22 12:16:23"
11490,5877,2,"2024-01-03 17:25:50"
11491,368,2,"2024-06-02 10:22:11"
11492,256,2,"2023-11-02 09:37:19"
11493,6319,2,"2024-01-23 08:48:20"
11494,6269,2,"2024-05-10 20:10:51"
11495,1230,2,"2023-07-17 05:02:23"
11496,1077,2,"2023-09-28 12:36:35"
11497,6579,2,"2024-02-26 03:02:42"
11498,7098,2,"2024-02-25 09:13:44"
11499,5196,2,"2024-04-25 01:07:08"
11500,6543,2,"2024-05-05 10:42:39"
11501,7040,2,"2024-01-13 21:21:33"
11502,1595,2,"2023-10-11 18:00:52"
11503,6353,2,"2023-09-30 07:45:45"
11504,558,2,"2023-08-08 01:31:15"
11505,3515,2,"2024-05-02 06:23:32"
11506,2278,2,"2023-10-21 04:08:47"
11507,4244,2,"2024-01-18 08:00:32"
11508,700,2,"2024-06-07 20:24:56"
11509,7183,2,"2024-03-10 08:05:14"
11510,1954,2,"2024-06-15 07:19:38"
11511,596,2,"2024-02-28 10:02:09"
11512,106,2,"2024-04-04 16:39:45"
11513,1251,2,"2024-05-08 22:23:24"
11514,5280,2,"2024-02-13 17:23:16"
11515,403,2,"2023-11-17 16:34:23"
11516,490,2,"2024-05-09 04:57:27"
11517,1127,2,"2023-06-30 11:27:48"
11518,4637,2,"2024-02-07 09:53:17"
11519,7358,2,"2023-11-23 12:49:41"
11520,6936,2,"2024-01-29 09:40:56"
11521,4552,2,"2024-01-18 16:00:11"
11522,4932,2,"2024-04-10 01:37:42"
11523,5965,2,"2023-11-05 23:24:08"
11524,678,2,"2023-07-30 02:20:56"
11525,3676,2,"2024-01-05 11:41:20"
11526,1213,2,"2024-04-12 12:22:54"
11527,4971,2,"2023-10-23 03:57:39"
11528,637,2,"2023-11-15 23:19:24"
11529,7076,2,"2023-07-23 11:04:25"
11530,4458,2,"2024-03-08 00:18:00"
11531,5825,2,"2024-01-28 15:00:50"
11532,4830,2,"2024-05-16 17:27:03"
11533,7491,2,"2023-10-20 22:54:01"
11534,5551,2,"2024-02-02 18:19:30"
11535,6541,2,"2024-01-16 04:42:15"
11536,7418,2,"2024-03-27 03:05:43"
11537,4197,2,"2024-04-14 03:20:37"
11538,3638,2,"2024-01-21 00:43:42"
11539,4217,2,"2024-03-05 13:12:56"
11540,6128,2,"2023-10-09 09:47:46"
11541,4740,2,"2023-11-30 09:56:03"
11542,7463,2,"2024-02-21 21:26:59"
11543,4223,2,"2023-12-14 10:20:39"
11544,6641,2,"2023-12-13 09:37:43"
11545,3961,2,"2023-12-28 02:54:22"
11546,5616,2,"2023-11-16 07:02:18"
11547,4154,2,"2023-12-30 09:46:16"
11548,2234,2,"2023-08-08 10:44:00"
11549,1735,2,"2024-04-29 09:51:43"
11550,184,2,"2024-05-27 11:07:31"
11551,2923,2,"2023-06-22 15:13:33"
11552,5534,2,"2024-05-12 17:27:28"
11553,5734,2,"2023-07-28 20:29:35"
11554,1387,2,"2023-08-24 21:01:37"
11555,4549,2,"2024-02-17 12:54:04"
11556,265,2,"2024-06-06 16:48:40"
11557,3738,2,"2024-01-05 00:31:26"
11558,4069,2,"2023-09-27 10:11:56"
11559,2268,2,"2023-08-17 19:20:55"
11560,7050,2,"2024-03-06 23:05:13"
11561,4910,2,"2024-04-11 00:28:01"
11562,6273,2,"2024-05-19 18:56:59"
11563,3180,2,"2024-02-25 15:14:29"
11564,5896,2,"2023-10-01 17:47:10"
11565,7238,2,"2024-03-17 02:35:11"
11566,42,2,"2024-01-16 13:23:01"
11567,6087,2,"2024-06-14 18:39:35"
11568,7272,2,"2024-02-09 08:53:33"
11569,953,2,"2023-08-06 01:58:47"
11570,4022,2,"2024-04-17 18:14:46"
11571,1624,2,"2024-02-19 20:14:55"
11572,6966,2,"2024-03-11 07:41:27"
11573,2061,2,"2023-08-02 20:11:26"
11574,6097,2,"2024-03-20 07:09:37"
11575,264,2,"2023-08-23 00:03:19"
11576,5441,2,"2023-08-06 18:22:58"
11577,3314,2,"2023-09-01 21:19:42"
11578,732,2,"2024-01-02 21:07:18"
11579,4949,2,"2023-08-30 13:06:02"
11580,170,2,"2023-10-25 01:05:29"
11581,2334,2,"2023-10-20 23:34:28"
11582,3619,2,"2024-01-15 00:07:20"
11583,4425,2,"2024-01-06 22:59:49"
11584,5178,2,"2023-09-15 07:13:20"
11585,6923,2,"2024-05-04 05:53:43"
11586,3668,2,"2023-11-20 16:58:41"
11587,4050,2,"2023-09-14 16:34:48"
11588,6157,2,"2024-03-29 22:55:45"
11589,1827,2,"2024-06-05 06:45:29"
11590,2181,2,"2023-08-15 05:29:29"
11591,4043,2,"2024-04-29 03:13:50"
11592,947,2,"2023-07-04 11:26:40"
11593,851,2,"2023-11-06 02:40:58"
11594,4098,2,"2023-07-06 09:52:19"
11595,3836,2,"2023-07-25 19:45:59"
11596,2576,2,"2023-09-25 23:57:00"
11597,5673,2,"2023-06-21 21:17:30"
11598,6009,2,"2024-02-22 16:47:28"
11599,7137,2,"2023-09-02 08:00:08"
11600,2799,2,"2024-03-08 06:36:05"
11601,1135,2,"2024-04-23 23:40:04"
11602,1169,2,"2023-11-23 05:33:14"
11603,2480,2,"2024-04-09 11:06:45"
11604,6298,2,"2024-02-04 14:14:23"
11605,7101,2,"2024-02-22 22:21:25"
11606,7312,2,"2023-08-03 05:13:12"
11607,1677,2,"2024-06-15 18:29:59"
11608,6266,2,"2023-10-13 21:20:55"
11609,2307,2,"2024-04-30 23:14:07"
11610,1935,2,"2024-06-16 07:04:53"
11611,1443,2,"2023-07-17 07:56:17"
11612,7326,2,"2024-01-27 21:51:07"
11613,1543,2,"2023-09-05 04:10:36"
11614,1161,2,"2023-11-04 13:03:09"
11615,5512,2,"2023-12-30 08:57:34"
11616,5361,2,"2023-09-01 21:07:36"
11617,4204,2,"2024-05-14 08:40:40"
11618,6047,2,"2023-12-03 11:53:32"
11619,937,2,"2024-02-05 16:56:11"
11620,1491,2,"2024-05-11 12:42:16"
11621,2476,2,"2024-06-13 07:33:19"
11622,1330,2,"2024-02-03 18:30:06"
11623,5,2,"2024-04-15 10:21:17"
11624,4785,2,"2023-12-22 20:31:25"
11625,3673,2,"2024-01-26 13:23:18"
11626,6645,2,"2024-01-17 21:45:55"
11627,4767,2,"2023-08-01 14:04:53"
11628,428,2,"2024-02-13 12:04:01"
11629,2333,2,"2024-01-07 15:38:14"
11630,3781,2,"2024-05-31 08:17:28"
11631,5274,2,"2023-08-11 11:21:04"
11632,761,2,"2024-03-12 06:27:46"
11633,2920,2,"2023-07-14 10:47:18"
11634,5388,2,"2024-06-11 14:55:33"
11635,3349,2,"2024-03-20 19:04:01"
11636,3223,2,"2023-08-09 17:23:43"
11637,4446,2,"2024-04-19 11:29:40"
11638,3825,2,"2024-06-16 06:14:34"
11639,4242,2,"2024-05-04 07:33:32"
11640,4084,2,"2023-11-30 17:57:51"
11641,3512,2,"2024-04-23 02:51:41"
11642,3826,2,"2024-03-30 02:01:49"
11643,2876,2,"2023-08-24 05:17:44"
11644,4878,2,"2024-05-18 13:01:40"
11645,4151,2,"2024-03-07 12:22:38"
11646,2625,2,"2023-10-02 20:31:51"
11647,5831,2,"2023-12-20 07:38:05"
11648,6090,2,"2024-03-01 16:54:21"
11649,5453,2,"2024-05-26 13:57:29"
11650,2343,2,"2023-11-01 23:24:57"
11651,6823,2,"2024-06-13 09:00:07"
11652,2245,2,"2024-06-04 09:48:23"
11653,84,2,"2023-08-19 20:26:26"
11654,6825,2,"2023-08-09 09:23:35"
11655,4671,2,"2024-04-14 08:13:03"
11656,4626,2,"2023-07-01 13:25:35"
11657,94,2,"2023-11-28 23:28:42"
11658,6927,2,"2024-03-27 11:56:43"
11659,960,2,"2023-10-11 01:20:21"
11660,1177,2,"2023-12-04 14:22:57"
11661,1267,2,"2023-07-27 08:24:24"
11662,6776,2,"2023-07-23 13:20:38"
11663,1567,2,"2023-07-16 03:56:40"
11664,5289,2,"2024-02-18 08:03:29"
11665,5167,2,"2023-12-30 21:24:10"
11666,5130,2,"2023-12-20 08:47:02"
11667,4355,2,"2023-11-30 09:04:29"
11668,3449,2,"2023-06-25 08:07:59"
11669,2168,2,"2024-01-17 04:24:00"
11670,3647,2,"2023-06-30 16:47:08"
11671,2909,2,"2024-02-01 12:38:27"
11672,4880,2,"2023-12-10 18:56:44"
11673,5648,2,"2024-01-27 08:11:36"
11674,1858,2,"2024-05-20 00:08:06"
11675,3251,2,"2023-09-12 02:51:10"
11676,7413,2,"2024-02-26 02:11:39"
11677,3799,2,"2024-02-20 00:39:59"
11678,3114,2,"2023-08-22 22:31:39"
11679,4596,2,"2024-03-06 02:36:26"
11680,7402,2,"2024-01-10 01:23:24"
11681,1385,2,"2024-01-25 12:42:42"
11682,7546,2,"2023-10-06 11:10:43"
11683,2470,2,"2024-05-04 10:10:52"
11684,3008,2,"2024-06-10 18:39:08"
11685,92,2,"2024-04-24 05:09:29"
11686,4725,2,"2023-12-11 18:07:38"
11687,2140,2,"2023-10-21 17:26:50"
11688,1231,2,"2024-02-16 05:45:38"
11689,3167,2,"2024-04-02 07:33:09"
11690,2823,2,"2023-08-30 04:42:13"
11691,5903,2,"2023-08-18 02:52:50"
11692,4986,2,"2024-02-23 09:52:02"
11693,7102,2,"2023-10-21 11:19:17"
11694,3205,2,"2024-03-13 07:18:30"
11695,7468,2,"2023-11-27 09:34:32"
11696,7226,2,"2024-01-12 08:57:19"
11697,2008,2,"2023-10-29 03:15:09"
11698,1905,2,"2023-11-11 01:11:51"
11699,987,2,"2023-12-10 16:01:35"
11700,3637,2,"2023-11-14 21:59:27"
11701,1834,2,"2023-11-05 05:05:06"
11702,41,2,"2023-06-30 02:59:36"
11703,7500,2,"2023-11-23 17:37:22"
11704,2977,2,"2023-07-06 08:18:12"
11705,6037,2,"2023-08-29 02:37:50"
11706,1423,2,"2023-10-17 15:30:37"
11707,1992,2,"2023-08-20 09:53:34"
11708,6713,2,"2023-08-12 23:35:37"
11709,1886,2,"2024-01-27 01:56:26"
11710,931,2,"2023-11-21 11:19:39"
11711,7447,2,"2024-03-05 18:23:20"
11712,5227,2,"2024-02-16 21:20:59"
11713,2097,2,"2023-07-29 07:30:28"
11714,5828,2,"2024-02-14 05:22:08"
11715,3369,2,"2023-07-01 17:40:32"
11716,2037,2,"2023-10-11 01:12:27"
11717,1811,2,"2023-10-23 22:17:47"
11718,5430,2,"2024-03-04 03:53:15"
11719,855,2,"2023-09-02 21:51:55"
11720,125,2,"2024-06-03 06:22:34"
11721,1869,2,"2024-03-25 12:08:37"
11722,3524,2,"2024-05-01 08:13:16"
11723,6489,2,"2024-03-22 02:32:34"
11724,4588,2,"2024-05-29 18:47:40"
11725,6176,2,"2024-04-12 16:02:29"
11726,2132,2,"2023-12-16 06:16:16"
11727,3691,2,"2024-04-24 05:31:44"
11728,3696,2,"2023-08-23 18:11:15"
11729,5150,2,"2023-10-05 02:42:30"
11730,3065,2,"2023-10-22 12:09:08"
11731,5752,2,"2023-07-14 01:34:32"
11732,3311,2,"2023-08-05 05:07:38"
11733,3393,2,"2024-06-02 13:57:48"
11734,7246,2,"2024-05-15 21:24:45"
11735,7344,2,"2023-10-18 06:12:54"
11736,1863,2,"2023-10-29 12:11:25"
11737,4944,2,"2023-09-16 22:03:33"
11738,690,2,"2024-06-01 20:16:17"
11739,3412,2,"2023-10-13 13:21:43"
11740,6234,2,"2024-04-13 04:34:19"
11741,5871,2,"2024-02-25 22:25:52"
11742,916,2,"2024-06-03 17:58:03"
11743,3336,2,"2023-08-31 14:42:43"
11744,4605,2,"2023-08-13 20:20:19"
11745,6975,2,"2024-03-04 03:40:16"
11746,1672,2,"2023-10-28 06:03:56"
11747,2862,2,"2024-05-14 22:32:04"
11748,2628,2,"2023-07-09 13:22:45"
11749,2933,2,"2024-02-28 03:53:34"
11750,3184,2,"2023-08-31 09:24:17"
11751,2473,2,"2023-08-16 21:43:18"
11752,7168,2,"2023-09-20 02:48:17"
11753,5833,2,"2024-06-16 12:33:44"
11754,3241,2,"2024-06-10 14:33:44"
11755,375,2,"2023-10-30 17:19:42"
11756,5390,2,"2024-05-01 03:25:49"
11757,7315,2,"2023-10-15 09:21:19"
11758,4180,2,"2024-03-06 23:14:43"
11759,3538,2,"2023-10-20 23:39:45"
11760,3597,2,"2024-05-24 15:50:12"
11761,5748,2,"2023-06-25 12:29:56"
11762,3582,2,"2023-10-18 15:54:45"
11763,5799,2,"2024-04-16 14:06:39"
11764,2504,2,"2024-02-27 00:35:02"
11765,6200,2,"2024-02-07 04:22:19"
11766,2852,2,"2023-11-08 20:37:54"
11767,4337,2,"2024-01-08 11:44:30"
11768,2493,2,"2023-11-06 16:25:26"
11769,1723,2,"2023-11-11 22:48:29"
11770,5520,2,"2023-06-27 21:31:17"
11771,7282,2,"2024-05-08 03:36:27"
11772,6185,2,"2024-03-31 18:37:16"
11773,2879,2,"2023-09-14 00:00:17"
11774,1921,2,"2023-10-11 08:26:35"
11775,5887,2,"2023-11-23 13:08:43"
11776,1873,2,"2024-01-09 05:19:26"
11777,4834,2,"2023-10-23 16:03:03"
11778,2228,2,"2023-10-09 01:02:05"
11779,100,2,"2023-11-08 06:50:23"
11780,3509,2,"2023-09-20 23:19:50"
11781,5414,2,"2024-04-23 06:25:54"
11782,1551,2,"2023-09-06 09:39:43"
11783,14,2,"2023-10-16 15:24:46"
11784,3530,2,"2023-07-07 11:32:54"
11785,4647,2,"2023-09-18 02:31:36"
11786,3485,2,"2023-11-25 16:48:56"
11787,1312,2,"2023-12-01 08:48:10"
11788,5845,2,"2023-11-21 03:06:04"
11789,6837,2,"2023-07-01 20:16:33"
11790,383,2,"2023-09-09 17:58:53"
11791,4496,2,"2024-06-13 01:11:39"
11792,6921,2,"2023-08-20 04:23:31"
11793,5945,2,"2024-03-03 12:16:12"
11794,7278,2,"2024-02-19 18:44:39"
11795,5104,2,"2023-11-05 07:27:44"
11796,1108,2,"2024-05-16 09:02:05"
11797,6130,2,"2023-12-15 09:34:57"
11798,6611,2,"2024-05-26 06:53:23"
11799,630,2,"2024-01-01 17:53:36"
11800,5735,2,"2024-02-17 22:38:30"
11801,640,2,"2024-04-21 17:55:41"
11802,4972,2,"2024-04-18 23:34:06"
11803,1726,2,"2023-12-23 09:03:43"
11804,1885,2,"2024-05-21 01:45:05"
11805,7283,2,"2023-09-06 14:43:19"
11806,1897,2,"2024-05-21 08:17:04"
11807,6027,2,"2023-12-05 16:23:28"
11808,4482,2,"2023-11-06 20:31:39"
11809,7279,2,"2024-01-22 12:05:15"
11810,5355,2,"2024-01-27 12:34:02"
11811,4628,2,"2024-01-24 06:11:51"
11812,5699,2,"2023-07-30 06:48:18"
11813,2730,2,"2024-02-13 14:20:17"
11814,2824,2,"2024-04-01 04:33:39"
11815,3506,2,"2023-12-31 18:03:47"
11816,6369,2,"2024-04-19 03:34:33"
11817,2080,2,"2024-05-14 00:32:49"
11818,2967,2,"2023-09-16 15:57:28"
11819,6098,2,"2024-05-13 15:35:11"
11820,27,2,"2024-03-11 20:27:12"
11821,1219,2,"2023-08-25 17:13:47"
11822,4443,2,"2023-12-20 09:40:54"
11823,4806,2,"2024-05-12 03:39:24"
11824,1956,2,"2023-08-31 20:42:12"
11825,4812,2,"2023-07-28 18:31:01"
11826,5239,2,"2023-09-16 14:58:15"
11827,237,2,"2024-05-25 22:46:28"
11828,4807,2,"2024-05-16 23:27:12"
11829,5152,2,"2023-08-30 13:40:50"
11830,2952,2,"2023-07-31 11:47:37"
11831,5228,2,"2023-07-01 02:04:38"
11832,2647,2,"2023-11-27 23:39:16"
11833,2893,2,"2023-11-30 07:30:44"
11834,2317,2,"2024-03-10 09:16:56"
11835,6384,2,"2024-05-10 16:07:22"
11836,6534,2,"2024-04-09 05:01:21"
11837,2632,2,"2023-09-15 23:50:48"
11838,5202,2,"2024-04-03 15:22:34"
11839,6025,2,"2024-02-04 07:23:44"
11840,2922,2,"2024-01-29 03:34:18"
11841,2687,2,"2024-01-12 17:11:31"
11842,760,2,"2024-01-17 18:37:13"
11843,7431,2,"2024-01-15 15:07:55"
11844,6095,2,"2023-08-26 02:54:35"
11845,3175,2,"2023-11-17 16:32:57"
11846,7190,2,"2023-08-08 17:35:28"
11847,5357,2,"2023-07-28 12:27:03"
11848,6413,2,"2023-11-02 07:20:42"
11849,6077,2,"2023-12-01 19:13:52"
11850,6937,2,"2024-02-21 19:07:33"
11851,1639,2,"2023-11-18 03:55:54"
11852,4602,2,"2023-07-05 23:56:24"
11853,6704,2,"2023-10-27 04:28:20"
11854,2542,2,"2024-02-16 12:13:36"
11855,4825,2,"2024-03-14 20:17:39"
11856,964,2,"2023-07-12 01:14:26"
11857,4158,2,"2023-10-23 20:27:41"
11858,2015,2,"2023-09-11 09:29:17"
11859,4815,2,"2024-02-20 06:53:11"
11860,1329,2,"2024-02-04 21:58:49"
11861,4427,2,"2023-08-08 12:21:23"
11862,2609,2,"2023-11-17 18:23:14"
11863,590,2,"2024-06-13 23:24:59"
11864,2415,2,"2023-11-22 05:05:05"
11865,4948,2,"2023-09-13 11:16:40"
11866,4641,2,"2024-01-27 02:12:48"
11867,2057,2,"2023-06-24 19:27:27"
11868,4581,2,"2023-10-14 09:37:34"
11869,1226,2,"2023-11-25 00:34:51"
11870,1787,2,"2024-01-27 23:38:57"
11871,2606,2,"2023-06-27 08:05:47"
11872,4575,2,"2023-09-06 14:14:26"
11873,4498,2,"2023-08-15 15:47:22"
11874,1857,2,"2023-08-07 21:30:02"
11875,2098,2,"2023-08-14 18:47:07"
11876,1043,2,"2024-01-15 14:02:55"
11877,6292,2,"2023-08-09 12:59:10"
11878,1748,2,"2023-08-27 07:51:22"
11879,3156,2,"2023-10-03 08:47:40"
11880,6161,2,"2024-01-06 00:19:17"
11881,1129,2,"2024-05-25 03:25:27"
11882,5577,2,"2023-09-20 22:37:51"
11883,1371,2,"2024-01-31 02:48:15"
11884,817,2,"2023-12-07 20:19:56"
11885,7464,2,"2024-06-12 12:36:32"
11886,5998,2,"2024-01-18 06:33:43"
11887,4270,2,"2023-11-27 05:26:09"
11888,5112,2,"2024-01-27 10:30:31"
11889,3074,2,"2024-04-12 07:06:52"
11890,291,2,"2023-07-27 02:59:25"
11891,7416,2,"2023-12-14 20:45:33"
11892,4672,2,"2023-07-03 15:26:11"
11893,5860,2,"2024-02-18 07:24:41"
11894,6193,2,"2023-11-08 09:43:46"
11895,6884,2,"2024-04-17 04:35:07"
11896,1114,2,"2024-04-10 08:25:57"
11897,1286,2,"2023-10-08 00:44:08"
11898,181,2,"2023-08-13 14:09:19"
11899,4991,2,"2023-07-29 19:49:12"
11900,309,2,"2023-06-21 14:56:30"
11901,7417,2,"2024-04-25 08:41:59"
11902,3759,2,"2023-09-23 09:07:52"
11903,1931,2,"2023-11-05 13:23:26"
11904,1049,2,"2023-08-20 00:54:33"
11905,3667,2,"2024-06-18 05:18:32"
11906,2009,2,"2023-08-11 18:14:50"
11907,5904,2,"2023-12-16 04:37:11"
11908,3893,2,"2023-07-20 11:10:05"
11909,4166,2,"2023-09-20 02:59:34"
11910,658,2,"2024-02-13 22:29:36"
11911,5258,2,"2023-09-03 06:58:39"
11912,1000,2,"2023-10-09 02:00:31"
11913,2856,2,"2024-04-11 09:33:27"
11914,7128,2,"2024-04-02 17:46:16"
11915,6812,2,"2023-08-30 13:07:44"
11916,3904,2,"2023-08-18 03:38:27"
11917,3866,2,"2024-05-19 18:50:46"
11918,6096,2,"2024-04-25 15:07:52"
11919,5959,2,"2023-11-27 17:48:31"
11920,1151,2,"2023-11-17 04:10:03"
11921,6485,2,"2023-08-12 15:36:19"
11922,2196,2,"2023-08-13 15:03:43"
11923,2492,2,"2024-03-30 03:58:27"
11924,5248,2,"2024-02-15 01:36:39"
11925,2765,2,"2024-03-24 04:03:32"
11926,4981,2,"2024-03-19 15:14:25"
11927,6642,2,"2023-12-26 21:49:16"
11928,2137,2,"2023-12-05 17:44:00"
11929,2309,2,"2023-07-29 10:37:15"
11930,2422,2,"2024-03-20 17:12:27"
11931,2550,2,"2024-04-04 16:12:42"
11932,3154,2,"2023-11-07 16:30:13"
11933,2129,2,"2023-07-13 00:44:38"
11934,5854,2,"2023-10-08 20:26:55"
11935,2294,2,"2023-10-07 14:02:52"
11936,4494,2,"2024-04-29 05:02:17"
11937,1603,2,"2023-12-25 16:27:46"
11938,5756,2,"2024-04-29 20:05:37"
11939,786,2,"2024-03-29 05:39:24"
11940,6215,2,"2023-08-16 10:21:05"
11941,1916,2,"2023-10-17 19:40:21"
11942,345,2,"2023-09-09 07:36:35"
11943,1203,2,"2024-01-10 16:11:13"
11944,3095,2,"2024-01-06 02:02:17"
11945,6285,2,"2023-11-12 13:00:22"
11946,7022,2,"2023-09-22 14:22:23"
11947,6182,2,"2024-06-02 09:10:43"
11948,3721,2,"2024-06-15 19:52:23"
11949,229,2,"2024-04-28 14:51:33"
11950,4953,2,"2023-09-09 20:15:43"
11951,1480,2,"2023-09-10 03:12:08"
11952,3816,2,"2024-02-06 08:51:03"
11953,356,2,"2024-06-13 13:25:53"
11954,4717,2,"2023-10-08 21:37:26"
11955,7391,2,"2023-10-19 09:18:29"
11956,3001,2,"2023-11-20 16:41:58"
11957,5970,2,"2024-03-12 01:37:35"
11958,3802,2,"2023-07-07 22:48:06"
11959,2291,2,"2024-04-14 03:23:06"
11960,1777,2,"2023-10-26 00:27:58"
11961,2112,2,"2023-07-08 20:10:07"
11962,3654,2,"2024-05-20 10:11:29"
11963,7217,2,"2023-07-20 02:23:24"
11964,1824,2,"2024-01-31 04:55:40"
11965,4002,2,"2024-06-05 04:48:34"
11966,6107,2,"2024-05-09 18:56:28"
11967,2441,2,"2024-05-06 12:29:42"
11968,1294,2,"2024-03-14 19:49:55"
11969,6137,2,"2024-05-22 05:41:34"
11970,7202,2,"2023-11-16 10:15:28"
11971,5069,2,"2024-02-11 14:40:49"
11972,2613,2,"2024-02-24 15:43:08"
11973,6197,2,"2024-01-30 04:49:55"
11974,5558,2,"2023-10-19 08:25:09"
11975,3389,2,"2024-02-26 05:08:03"
11976,6866,2,"2023-07-29 06:25:14"
11977,5322,2,"2024-03-01 14:37:44"
11978,5838,2,"2023-11-28 06:54:25"
11979,4665,2,"2023-12-09 20:14:26"
11980,3317,2,"2023-07-02 18:01:24"
11981,4081,2,"2024-02-27 05:39:53"
11982,2020,2,"2023-07-13 20:40:15"
11983,3715,2,"2023-09-09 06:30:05"
11984,3327,2,"2024-03-22 10:20:23"
11985,5778,2,"2024-04-16 16:13:01"
11986,5675,2,"2024-03-27 15:28:28"
11987,2906,2,"2023-12-04 05:05:43"
11988,384,2,"2024-01-12 15:29:45"
11989,378,2,"2024-02-25 21:56:57"
11990,6232,2,"2024-05-21 22:12:37"
11991,6393,2,"2023-10-20 21:28:27"
11992,5295,2,"2024-06-05 17:03:43"
11993,5708,2,"2023-12-20 03:42:20"
11994,3353,2,"2024-03-14 23:18:15"
11995,4206,2,"2023-08-22 22:20:23"
11996,6300,2,"2023-07-31 06:21:39"
11997,4102,2,"2024-05-09 08:47:35"
11998,5019,2,"2024-05-14 10:08:05"
11999,320,2,"2023-07-08 12:12:51"
12000,7016,2,"2023-10-05 16:25:08"
12001,6918,2,"2024-01-28 18:06:42"
12002,1246,2,"2024-05-17 17:39:20"
12003,1967,2,"2023-08-05 06:00:58"
12004,193,2,"2024-04-03 03:26:22"
12005,5413,2,"2023-12-03 10:19:14"
12006,7038,2,"2024-01-21 01:44:04"
12007,2612,2,"2024-03-07 22:43:26"
12008,1280,2,"2023-09-05 00:33:08"
12009,2784,2,"2023-11-13 05:17:01"
12010,3660,2,"2024-05-20 10:19:27"
12011,1036,2,"2024-05-27 13:36:48"
12012,2652,2,"2024-01-23 08:37:45"
12013,5344,2,"2024-02-22 18:22:43"
12014,2165,2,"2024-03-17 10:56:38"
12015,2783,2,"2024-02-24 22:04:18"
12016,463,2,"2023-10-08 12:21:54"
12017,7078,2,"2023-08-29 18:50:17"
12018,6828,2,"2023-11-25 08:31:28"
12019,6777,2,"2023-10-02 03:24:22"
12020,7375,2,"2024-03-05 08:41:16"
12021,3228,2,"2023-08-19 09:03:31"
12022,6102,2,"2024-05-20 12:22:42"
12023,2078,2,"2023-12-19 02:41:40"
12024,1189,2,"2024-03-03 11:19:21"
12025,1889,2,"2024-05-24 22:01:20"
12026,5711,2,"2024-03-04 18:13:35"
12027,6481,2,"2023-07-08 03:53:30"
12028,4800,2,"2023-07-17 18:15:16"
12029,6195,2,"2024-05-27 07:27:10"
12030,2114,2,"2024-01-25 21:05:35"
12031,1893,2,"2023-09-15 04:24:09"
12032,2429,2,"2023-10-16 16:06:28"
12033,3798,2,"2023-09-25 16:28:10"
12034,2424,2,"2024-06-07 11:17:52"
12035,5190,2,"2024-05-14 03:40:35"
12036,1037,2,"2024-04-04 03:26:09"
12037,553,2,"2023-12-25 11:56:17"
12038,1285,2,"2024-02-28 00:51:48"
12039,3158,2,"2023-11-13 20:23:44"
12040,310,2,"2023-08-29 02:22:41"
12041,5775,2,"2023-08-15 18:00:57"
12042,5187,2,"2023-07-05 05:22:51"
12043,2692,2,"2024-02-01 05:32:09"
12044,1713,2,"2024-04-17 06:45:00"
12045,6778,2,"2023-06-27 01:56:08"
12046,2734,2,"2023-07-03 08:22:06"
12047,5077,2,"2023-10-09 16:38:22"
12048,6695,2,"2023-09-18 12:56:33"
12049,6247,2,"2024-02-20 09:59:20"
12050,4288,2,"2023-07-14 16:34:04"
12051,4657,2,"2024-02-17 15:40:40"
12052,3765,2,"2023-07-29 12:45:19"
12053,5835,2,"2023-11-12 17:44:22"
12054,5464,2,"2024-04-22 20:46:50"
12055,2000,2,"2023-12-03 17:54:32"
12056,546,2,"2024-03-09 13:56:37"
12057,5910,2,"2024-04-10 09:08:38"
12058,6877,2,"2024-06-18 23:56:37"
12059,2832,2,"2023-10-27 02:29:23"
12060,3178,2,"2024-03-04 20:38:13"
12061,4881,2,"2024-05-07 23:12:14"
12062,2819,2,"2024-05-01 03:35:43"
12063,1051,2,"2024-04-20 06:46:31"
12064,6814,2,"2024-01-29 08:33:54"
12065,2667,2,"2024-03-11 22:08:34"
12066,3003,2,"2024-06-03 00:45:00"
12067,2224,2,"2024-04-15 07:48:35"
12068,4833,2,"2023-09-29 09:22:48"
12069,3202,2,"2023-10-01 03:40:42"
12070,1207,2,"2023-10-04 15:15:20"
12071,6968,2,"2023-07-05 11:15:46"
12072,2796,2,"2024-01-25 06:58:37"
12073,828,2,"2023-10-27 18:43:14"
12074,1133,2,"2023-07-07 20:50:24"
12075,2794,2,"2023-12-28 19:52:07"
12076,2487,2,"2023-09-01 18:48:39"
12077,4455,2,"2024-02-11 09:48:44"
12078,7188,2,"2023-12-05 22:59:29"
12079,6284,2,"2024-03-28 17:46:21"
12080,4183,2,"2023-11-24 15:59:05"
12081,6217,2,"2024-05-24 15:53:32"
12082,5540,2,"2023-08-22 19:00:22"
12083,836,2,"2024-01-07 12:38:41"
12084,6629,2,"2023-10-29 03:49:17"
12085,3377,2,"2024-03-11 15:05:22"
12086,576,2,"2024-05-22 08:50:01"
12087,1789,2,"2024-03-25 07:57:11"
12088,634,2,"2024-05-31 21:21:51"
12089,4855,2,"2024-02-06 09:49:22"
12090,6322,2,"2024-05-21 10:37:53"
12091,3699,2,"2024-03-10 19:03:12"
12092,2733,2,"2023-12-26 13:28:48"
12093,4491,2,"2024-01-26 05:54:25"
12094,260,2,"2023-12-02 04:45:49"
12095,4493,2,"2023-12-28 13:32:56"
12096,1866,2,"2024-04-15 06:40:55"
12097,873,2,"2024-06-04 11:14:30"
12098,1064,2,"2024-03-09 16:57:03"
12099,4253,2,"2024-04-09 19:44:13"
12100,875,2,"2024-03-08 03:34:25"
12101,599,2,"2024-03-03 15:50:17"
12102,6986,2,"2023-09-03 13:01:49"
12103,2855,2,"2024-05-24 02:58:29"
12104,4856,2,"2024-02-18 21:30:10"
12105,4290,2,"2023-11-21 00:19:56"
12106,2791,2,"2023-07-06 07:42:53"
12107,4620,2,"2023-09-02 08:02:11"
12108,4771,2,"2023-07-18 01:05:58"
12109,1236,2,"2023-08-14 18:54:11"
12110,4952,2,"2024-03-13 01:00:11"
12111,225,2,"2023-07-29 21:00:27"
12112,6140,2,"2024-02-09 19:07:30"
12113,3859,2,"2023-08-10 16:20:37"
12114,7482,2,"2024-05-17 18:42:41"
12115,5105,2,"2024-05-16 15:53:53"
12116,3086,2,"2024-02-21 22:54:14"
12117,609,2,"2024-03-02 03:39:02"
12118,2943,2,"2024-05-19 14:57:04"
12119,3755,2,"2024-01-06 22:36:53"
12120,6402,2,"2023-10-29 23:52:50"
12121,4218,2,"2023-08-24 11:43:25"
12122,7229,2,"2023-11-10 19:52:20"
12123,3679,2,"2023-10-17 02:37:03"
12124,4186,2,"2023-08-20 15:53:28"
12125,3824,2,"2023-08-25 09:07:10"
12126,6145,2,"2023-12-29 22:57:20"
12127,844,2,"2023-12-04 22:39:03"
12128,543,2,"2024-02-11 03:02:38"
12129,5340,2,"2024-05-31 07:10:21"
12130,3091,2,"2024-05-03 13:59:18"
12131,6551,2,"2024-05-20 11:27:20"
12132,3899,2,"2023-07-13 18:14:55"
12133,3945,2,"2023-11-01 14:50:50"
12134,6166,2,"2023-08-24 00:54:16"
12135,5818,2,"2023-07-25 00:30:33"
12136,2378,2,"2023-11-05 16:21:47"
12137,6507,2,"2023-11-03 21:55:35"
12138,1320,2,"2024-02-06 10:12:28"
12139,2256,2,"2023-11-27 20:00:37"
12140,351,2,"2024-01-14 16:44:31"
12141,2001,2,"2023-12-27 23:16:45"
12142,3702,2,"2024-01-09 11:27:45"
12143,3026,2,"2024-02-20 04:54:46"
12144,569,2,"2024-02-23 00:40:21"
12145,5380,2,"2024-04-27 21:32:29"
12146,4824,2,"2024-04-08 12:48:32"
12147,1427,2,"2024-05-13 11:49:39"
12148,5650,2,"2023-08-06 20:37:37"
12149,5813,2,"2024-02-08 11:39:33"
12150,240,2,"2023-10-28 22:56:06"
12151,2776,2,"2024-03-20 08:44:02"
12152,7097,2,"2023-08-10 10:19:42"
12153,1814,2,"2023-08-28 16:46:01"
12154,6773,2,"2023-09-18 06:07:54"
12155,3357,2,"2024-06-02 08:02:47"
12156,1802,2,"2024-02-22 11:07:37"
12157,1704,2,"2023-08-07 14:35:34"
12158,4005,2,"2024-06-12 02:23:37"
12159,2337,2,"2023-09-05 17:06:28"
12160,6630,2,"2023-12-05 11:01:38"
12161,1656,2,"2024-04-10 06:08:39"
12162,5575,2,"2024-04-07 23:38:02"
12163,3984,2,"2023-09-21 12:56:19"
12164,1604,2,"2024-02-15 07:56:43"
12165,5612,2,"2024-03-29 06:29:49"
12166,3070,2,"2024-02-20 02:33:40"
12167,3709,2,"2023-06-21 14:08:00"
12168,5221,2,"2023-10-23 08:12:42"
12169,2568,2,"2023-10-28 13:56:21"
12170,5847,2,"2024-02-02 13:01:09"
12171,3348,2,"2023-09-28 23:00:27"
12172,4306,2,"2023-11-02 15:41:13"
12173,1146,2,"2024-02-23 01:16:46"
12174,7377,2,"2023-10-22 10:26:12"
12175,6171,2,"2024-03-12 15:45:20"
12176,4280,2,"2024-03-16 22:34:51"
12177,4691,2,"2024-06-08 14:01:42"
12178,4711,2,"2024-02-04 16:32:06"
12179,364,2,"2024-01-10 21:44:54"
12180,7150,2,"2024-02-18 09:21:02"
12181,3186,2,"2023-12-22 10:05:37"
12182,4420,2,"2024-04-30 01:04:34"
12183,1367,2,"2024-05-21 11:45:32"
12184,3703,2,"2024-03-30 02:28:17"
12185,3890,2,"2024-03-26 11:16:14"
12186,1578,2,"2024-02-11 11:32:18"
12187,5787,2,"2023-07-04 07:15:49"
12188,5408,2,"2024-01-24 21:02:15"
12189,2748,2,"2023-11-12 14:22:46"
12190,4863,2,"2024-04-14 21:42:45"
12191,3174,2,"2024-03-16 15:52:53"
12192,1039,2,"2023-12-23 04:24:06"
12193,6945,2,"2023-06-21 15:33:11"
12194,4148,2,"2023-11-04 19:16:19"
12195,5113,2,"2023-09-19 13:28:05"
12196,263,2,"2024-06-02 18:51:51"
12197,3477,2,"2023-07-27 16:52:20"
12198,6415,2,"2023-09-11 16:49:50"
12199,7072,2,"2024-03-12 21:03:52"
12200,5224,2,"2023-06-27 19:41:42"
12201,3968,2,"2024-01-19 09:32:00"
12202,7057,2,"2023-09-02 06:29:47"
12203,266,2,"2024-05-08 16:27:38"
12204,5741,2,"2023-08-09 00:41:07"
12205,4037,2,"2023-11-12 14:30:23"
12206,1702,2,"2024-05-24 05:16:20"
12207,6260,2,"2023-08-22 03:43:55"
12208,2703,2,"2023-07-17 04:08:25"
12209,1221,2,"2023-11-02 21:17:22"
12210,1826,2,"2023-08-23 01:55:17"
12211,4567,2,"2024-01-05 17:29:49"
12212,6163,2,"2024-01-19 20:16:51"
12213,1770,2,"2024-02-26 21:51:37"
12214,2231,2,"2024-03-27 12:20:49"
12215,5822,2,"2024-03-11 02:22:43"
12216,4067,2,"2023-09-28 03:10:31"
12217,5235,2,"2024-01-11 17:57:34"
12218,701,2,"2024-05-16 12:47:09"
12219,4629,2,"2024-04-04 00:07:06"
12220,2459,2,"2024-03-19 19:22:54"
12221,3287,2,"2023-11-18 20:37:53"
12222,4920,2,"2024-03-19 12:28:23"
12223,2264,2,"2023-12-24 13:54:50"
12224,7208,2,"2024-04-22 15:22:03"
12225,1999,2,"2024-04-13 15:15:19"
12226,1184,2,"2023-06-24 16:16:46"
12227,1375,2,"2023-11-02 20:02:52"
12228,3949,2,"2023-11-18 13:26:52"
12229,392,2,"2024-05-31 04:22:37"
12230,3704,2,"2024-05-08 22:52:09"
12231,1235,2,"2024-06-10 18:10:39"
12232,4051,2,"2023-07-18 16:05:32"
12233,377,2,"2023-08-28 18:42:06"
12234,7510,2,"2023-10-06 15:37:15"
12235,4585,2,"2024-03-27 08:37:46"
12236,5287,2,"2023-09-24 14:26:58"
12237,7051,2,"2023-09-03 21:01:39"
12238,1589,2,"2024-05-22 03:58:02"
12239,3788,2,"2023-07-09 21:48:08"
12240,3059,2,"2024-03-06 04:13:56"
12241,128,2,"2024-01-10 20:17:06"
12242,2281,2,"2023-09-30 08:23:34"
12243,7036,2,"2023-09-24 17:29:28"
12244,6335,2,"2023-09-23 16:21:39"
12245,3437,2,"2023-12-02 00:42:14"
12246,3424,2,"2023-12-14 10:23:06"
12247,5473,2,"2023-12-16 20:34:46"
12248,3779,2,"2023-09-30 23:27:06"
12249,178,2,"2023-07-13 20:23:58"
12250,2767,2,"2023-06-28 06:11:11"
12251,2868,2,"2023-10-10 06:53:59"
12252,441,2,"2024-06-16 13:39:56"
12253,4963,2,"2024-03-12 00:51:35"
12254,6302,2,"2023-12-18 14:44:11"
12255,2987,2,"2024-04-14 14:13:53"
12256,475,2,"2023-12-31 14:09:20"
12257,6156,2,"2023-10-01 12:28:53"
12258,6934,2,"2024-06-11 05:36:29"
12259,2825,2,"2024-04-10 09:50:19"
12260,3372,2,"2024-03-18 17:25:04"
12261,666,2,"2024-04-30 18:17:12"
12262,5338,2,"2024-03-06 23:57:31"
12263,4677,2,"2023-10-04 11:51:45"
12264,6318,2,"2023-11-02 19:44:39"
12265,7018,2,"2023-08-22 20:37:43"
12266,4322,2,"2023-07-16 18:23:44"
12267,6767,2,"2023-12-31 07:51:18"
12268,7240,2,"2023-07-10 13:53:21"
12269,5327,2,"2023-09-11 10:10:33"
12270,7161,2,"2023-12-10 08:38:41"
12271,4343,2,"2023-07-04 19:48:44"
12272,1510,2,"2024-06-10 04:05:02"
12273,3613,2,"2024-04-17 19:22:20"
12274,4339,2,"2023-08-19 19:49:00"
12275,2179,2,"2023-08-21 03:11:45"
12276,1934,2,"2024-04-25 02:55:01"
12277,4407,2,"2023-09-04 19:19:25"
12278,2004,2,"2023-10-15 20:03:28"
12279,6597,2,"2023-07-30 17:13:20"
12280,7445,2,"2023-11-14 05:01:04"
12281,2894,2,"2023-08-13 11:04:10"
12282,3073,2,"2024-02-29 05:02:42"
12283,5962,2,"2023-12-26 06:20:32"
12284,1938,2,"2023-07-14 18:44:52"
12285,1003,2,"2024-05-17 13:16:01"
12286,679,2,"2024-06-17 09:32:26"
12287,1915,2,"2023-09-25 03:56:54"
12288,6352,2,"2023-11-02 11:58:35"
12289,388,2,"2024-03-23 08:02:32"
12290,278,2,"2024-02-16 08:18:30"
12291,1257,2,"2023-07-23 09:30:17"
12292,6702,2,"2024-03-20 09:26:36"
12293,7307,2,"2023-07-08 16:07:06"
12294,2913,2,"2023-12-15 11:32:10"
12295,1458,2,"2024-01-10 22:32:56"
12296,404,2,"2024-02-15 00:26:11"
12297,523,2,"2024-02-02 17:39:45"
12298,1454,2,"2023-09-21 10:26:53"
12299,2972,2,"2024-01-14 05:20:48"
12300,1799,2,"2023-09-13 23:33:37"
12301,5022,2,"2024-03-11 03:29:12"
12302,3748,2,"2024-01-05 19:32:05"
12303,1021,2,"2024-03-08 21:37:55"
12304,2510,2,"2024-04-16 19:47:09"
12305,76,2,"2023-12-26 05:27:59"
12306,6149,2,"2023-08-03 10:50:17"
12307,3061,2,"2023-10-14 23:29:42"
12308,139,2,"2024-02-05 02:02:17"
12309,7451,2,"2024-04-18 06:28:20"
12310,2056,2,"2024-06-02 00:37:24"
12311,1113,2,"2023-08-14 13:10:09"
12312,1535,2,"2023-06-28 09:22:09"
12313,1069,2,"2024-03-14 03:19:10"
12314,5009,2,"2024-05-31 10:38:24"
12315,153,2,"2024-01-25 22:44:30"
12316,4381,2,"2024-05-20 00:19:04"
12317,2428,2,"2024-04-25 16:05:41"
12318,5420,2,"2024-06-10 14:29:56"
12319,7374,2,"2023-10-30 08:09:37"
12320,5671,2,"2023-12-23 11:08:27"
12321,358,2,"2023-12-15 21:49:21"
12322,2519,2,"2023-09-21 15:01:36"
12323,6947,2,"2023-09-13 11:29:07"
12324,307,2,"2024-03-28 23:57:24"
12325,1457,2,"2024-02-20 12:49:43"
12326,5382,2,"2024-04-27 17:13:40"
12327,5421,2,"2023-06-28 23:27:44"
12328,1871,2,"2024-01-29 09:43:40"
12329,6372,2,"2024-02-12 07:41:04"
12330,20,2,"2023-12-03 02:51:39"
12331,6685,2,"2024-03-24 19:55:52"
12332,4604,2,"2023-10-05 22:39:08"
12333,5383,2,"2024-03-31 00:21:07"
12334,1406,2,"2023-10-27 23:39:29"
12335,4994,2,"2023-09-30 23:38:43"
12336,3212,2,"2023-06-24 07:16:47"
12337,6438,2,"2023-07-01 21:37:22"
12338,7140,2,"2024-01-02 00:30:16"
12339,2374,2,"2024-03-05 03:56:43"
12340,2478,2,"2023-10-30 22:35:24"
12341,2361,2,"2024-01-30 15:02:18"
12342,3343,2,"2023-09-03 08:56:59"
12343,3359,2,"2024-04-25 14:01:57"
12344,2788,2,"2023-10-15 15:07:04"
12345,406,2,"2023-08-02 15:25:07"
12346,2700,2,"2023-08-24 00:02:18"
12347,6167,2,"2024-01-28 19:11:59"
12348,5642,2,"2024-01-11 01:20:45"
12349,5694,2,"2024-04-17 23:52:35"
12350,2164,2,"2023-08-03 22:22:07"
12351,4791,2,"2023-12-09 11:11:14"
12352,3920,2,"2024-04-29 11:52:20"
12353,6395,2,"2024-02-20 16:04:38"
12354,2869,2,"2023-11-26 05:26:31"
12355,4751,2,"2024-03-02 01:33:10"
12356,5695,2,"2023-07-28 14:26:47"
12357,7298,2,"2023-11-12 08:21:11"
12358,8,2,"2023-07-24 14:15:09"
12359,6448,2,"2024-03-11 06:41:45"
12360,6456,2,"2023-11-06 15:28:35"
12361,6891,2,"2023-06-21 12:36:19"
12362,3749,2,"2023-07-17 22:20:17"
12363,1558,2,"2024-02-07 06:06:45"
12364,6258,2,"2024-06-08 12:05:27"
12365,7011,2,"2024-03-02 13:31:51"
12366,6902,2,"2023-06-26 18:00:19"
12367,5057,2,"2023-07-01 21:41:51"
12368,2407,2,"2023-11-25 13:30:10"
12369,284,2,"2023-08-13 05:54:57"
12370,624,2,"2023-09-07 03:36:54"
12371,5527,2,"2024-06-04 18:49:39"
12372,3265,2,"2024-01-30 01:15:07"
12373,2540,2,"2024-05-18 23:19:26"
12374,6212,2,"2024-01-13 18:41:34"
12375,2827,2,"2023-10-25 11:11:21"
12376,5968,2,"2023-07-20 17:06:19"
12377,335,2,"2023-07-17 11:07:22"
12378,1269,2,"2024-01-31 22:02:08"
12379,4177,2,"2023-12-11 05:45:20"
12380,3680,2,"2024-05-11 12:13:48"
12381,2589,2,"2024-03-16 20:48:10"
12382,7305,2,"2024-03-20 22:29:36"
12383,902,2,"2024-06-06 09:48:37"
12384,6421,2,"2023-08-14 00:08:34"
12385,4045,2,"2023-07-17 07:37:39"
12386,2344,2,"2023-11-22 15:02:12"
12387,3563,2,"2024-02-11 01:34:17"
12388,3542,2,"2023-12-15 23:34:24"
12389,331,2,"2024-02-27 12:50:26"
12390,4449,2,"2023-11-09 21:52:14"
12391,3374,2,"2023-08-31 08:39:35"
12392,2989,2,"2023-09-26 03:00:33"
12393,1178,2,"2023-07-24 01:14:41"
12394,4100,2,"2023-08-24 20:38:00"
12395,6175,2,"2024-01-23 15:56:38"
12396,171,2,"2023-12-24 01:40:41"
12397,6154,2,"2024-02-29 08:19:06"
12398,5697,2,"2023-06-24 19:11:18"
12399,6914,2,"2023-12-30 05:34:21"
12400,3410,2,"2024-01-02 01:14:08"
12401,6223,2,"2023-09-27 08:07:26"
12402,6277,2,"2024-04-13 01:10:22"
12403,6349,2,"2024-05-17 22:27:13"
12404,4338,2,"2024-03-18 05:47:21"
12405,4135,2,"2023-11-28 02:47:17"
12406,1946,2,"2024-03-26 17:16:36"
12407,15,2,"2024-01-05 18:20:40"
12408,5522,2,"2023-10-21 14:00:04"
12409,5085,2,"2023-07-21 05:18:40"
12410,2804,2,"2023-10-03 00:45:08"
12411,2732,2,"2024-01-05 23:53:25"
12412,6444,2,"2024-05-28 03:17:19"
12413,6063,2,"2024-04-12 23:29:45"
12414,6091,2,"2023-12-18 22:58:53"
12415,3527,2,"2024-05-15 19:49:12"
12416,4445,2,"2023-07-30 17:31:59"
12417,4305,2,"2024-01-16 09:10:09"
12418,4945,2,"2023-11-07 22:50:09"
12419,4061,2,"2023-08-31 23:24:32"
12420,5731,2,"2024-01-26 22:10:30"
12421,2960,2,"2023-11-17 11:02:57"
12422,7512,2,"2024-05-03 22:13:12"
12423,407,2,"2023-09-28 05:19:36"
12424,5972,2,"2023-07-18 10:19:05"
12425,5940,2,"2023-07-15 11:36:08"
12426,5005,2,"2023-10-03 00:47:41"
12427,7515,2,"2023-11-22 19:27:08"
12428,1930,2,"2024-01-06 02:25:29"
12429,7047,2,"2023-12-13 21:46:09"
12430,5886,2,"2023-07-15 20:54:51"
12431,4262,2,"2023-11-09 12:58:53"
12432,7068,2,"2023-08-30 17:12:01"
12433,4119,2,"2023-10-22 02:15:36"
12434,4357,2,"2023-12-25 02:08:42"
12435,4882,2,"2023-07-16 09:29:02"
12436,1176,2,"2024-05-23 04:36:20"
12437,122,2,"2023-06-26 20:53:42"
12438,5627,2,"2023-10-05 18:48:27"
12439,454,2,"2024-04-10 09:15:41"
12440,4239,2,"2023-12-06 12:41:44"
12441,3103,2,"2023-08-05 21:12:47"
12442,5774,2,"2024-01-10 17:10:03"
12443,3124,2,"2024-04-28 07:27:00"
12444,3568,2,"2023-11-04 23:09:59"
12445,274,2,"2023-12-31 04:23:05"
12446,1153,2,"2023-08-07 15:45:51"
12447,3386,2,"2024-03-21 18:06:47"
12448,923,2,"2024-04-22 06:56:11"
12449,7478,2,"2023-10-25 06:04:33"
12450,1996,2,"2024-04-01 04:10:47"
12451,3946,2,"2023-09-11 10:35:35"
12452,5172,2,"2023-08-25 09:11:59"
12453,1515,2,"2024-01-10 18:26:48"
12454,2066,2,"2023-09-01 03:25:40"
12455,1908,2,"2023-09-10 21:13:38"
12456,2552,2,"2024-06-01 18:00:33"
12457,5889,2,"2024-03-20 23:55:40"
12458,3101,2,"2024-04-05 15:47:36"
12459,671,2,"2023-07-12 09:20:35"
12460,3262,2,"2024-05-08 09:21:31"
12461,5721,2,"2023-11-24 23:32:41"
12462,5841,2,"2024-04-27 21:48:18"
12463,2384,2,"2023-08-15 01:25:40"
12464,1470,2,"2024-01-06 15:10:18"
12465,6079,2,"2023-09-21 11:40:20"
12466,2218,2,"2023-09-16 01:14:39"
12467,6625,2,"2023-07-25 23:03:31"
12468,5418,2,"2024-06-15 01:43:01"
12469,1162,2,"2023-11-15 01:30:08"
12470,6052,2,"2023-12-10 22:41:44"
12471,1027,2,"2023-07-13 15:37:40"
12472,5599,2,"2024-04-25 21:41:31"
12473,2720,2,"2024-03-15 23:40:03"
12474,4403,2,"2024-02-03 03:49:22"
12475,471,2,"2023-11-02 06:59:15"
12476,7367,2,"2024-03-20 02:49:37"
12477,4105,2,"2024-05-27 13:21:11"
12478,3293,2,"2023-07-25 12:16:43"
12479,2390,2,"2023-09-19 17:17:52"
12480,5111,2,"2024-01-07 14:42:01"
12481,6460,2,"2023-11-10 00:53:59"
12482,894,2,"2024-03-24 16:38:07"
12483,6892,2,"2023-07-20 17:38:11"
12484,2227,2,"2023-09-06 02:01:35"
12485,7280,2,"2024-05-30 11:53:02"
12486,3578,2,"2023-07-06 02:44:08"
12487,4175,2,"2024-05-08 13:14:59"
12488,7224,2,"2024-02-26 06:28:28"
12489,243,2,"2023-08-15 06:15:35"
12490,4756,2,"2023-11-03 05:05:23"
12491,5333,2,"2023-12-14 21:08:03"
12492,5147,2,"2023-11-20 15:00:12"
12493,5742,2,"2023-08-03 16:58:54"
12494,3640,2,"2024-01-14 01:48:47"
12495,7119,2,"2023-09-07 12:30:55"
12496,2286,2,"2023-07-13 21:21:50"
12497,5080,2,"2023-10-18 01:48:34"
12498,5033,2,"2023-10-25 00:09:33"
12499,287,2,"2023-09-16 18:57:48"
12500,5204,2,"2023-10-03 04:38:41"
12501,6001,2,"2023-11-08 11:20:37"
12502,4782,2,"2024-01-26 09:16:11"
12503,1912,2,"2024-01-16 15:34:21"
12504,6656,2,"2024-04-11 10:21:21"
12505,1266,2,"2024-03-06 14:03:32"
12506,3303,2,"2023-07-01 08:54:33"
12507,7526,2,"2023-07-05 04:23:36"
12508,5331,2,"2023-12-20 20:53:17"
12509,4919,2,"2024-06-12 02:25:52"
12510,2619,2,"2024-05-16 06:40:14"
12511,1665,2,"2023-08-22 12:22:30"
12512,74,2,"2023-10-25 14:17:11"
12513,6530,2,"2024-04-10 02:21:41"
12514,3081,2,"2024-01-21 17:16:01"
12515,1419,2,"2024-05-20 17:27:52"
12516,1806,2,"2023-10-30 02:00:20"
12517,4563,2,"2023-07-12 00:03:16"
12518,1030,2,"2023-09-25 17:41:10"
12519,2755,2,"2024-03-01 14:31:51"
12520,2367,2,"2023-10-09 22:23:24"
12521,3606,2,"2023-12-15 06:01:03"
12522,2512,2,"2023-09-03 10:07:50"
12523,2985,2,"2024-03-01 16:30:25"
12524,4753,2,"2024-02-12 00:35:15"
12525,6050,2,"2024-05-08 19:58:27"
12526,3747,2,"2024-03-09 03:06:36"
12527,1498,2,"2024-04-13 01:19:07"
12528,6689,2,"2024-02-02 20:51:40"
12529,3690,2,"2023-08-24 14:46:58"
12530,581,2,"2024-02-06 16:51:04"
12531,589,2,"2023-10-10 18:50:55"
12532,1467,2,"2024-05-11 05:36:27"
12533,1185,2,"2023-10-25 08:29:43"
12534,7244,2,"2024-02-12 05:16:31"
12535,7037,2,"2024-01-25 07:54:19"
12536,4149,2,"2024-01-28 11:57:32"
12537,5966,2,"2023-12-31 02:01:15"
12538,7139,2,"2024-06-09 10:11:38"
12539,4934,2,"2023-11-07 10:43:29"
12540,341,2,"2023-10-09 18:08:34"
12541,2761,2,"2024-02-23 19:41:46"
12542,5514,2,"2024-05-27 00:18:01"
12543,5458,2,"2023-09-30 00:00:37"
12544,3153,2,"2024-03-06 16:38:21"
12545,7262,2,"2024-05-04 09:16:18"
12546,7275,2,"2024-01-20 16:03:51"
12547,6982,2,"2024-03-28 08:02:33"
12548,2848,2,"2024-05-26 05:34:02"
12549,5004,2,"2023-10-19 19:55:52"
12550,2311,2,"2023-08-11 10:53:46"
12551,3006,2,"2023-11-10 14:53:56"
12552,6416,2,"2023-07-09 11:11:38"
12553,4652,2,"2024-01-09 13:53:57"
12554,3557,2,"2023-09-05 01:19:44"
12555,3313,2,"2024-02-05 13:58:08"
12556,4941,2,"2024-05-08 18:04:08"
12557,1985,2,"2024-02-07 02:17:55"
12558,5184,2,"2024-02-15 23:03:31"
12559,5310,2,"2023-12-12 15:25:23"
12560,2702,2,"2024-02-16 19:11:07"
12561,3487,2,"2024-05-06 11:52:32"
12562,5155,2,"2024-05-28 19:39:17"
12563,6374,2,"2023-12-29 15:45:55"
12564,6115,2,"2023-11-14 15:37:13"
12565,2651,2,"2024-02-18 19:23:39"
12566,5608,2,"2024-04-29 08:12:36"
12567,3624,2,"2024-01-27 04:43:01"
12568,5984,2,"2023-11-17 06:19:02"
12569,1344,2,"2023-07-13 03:23:38"
12570,3785,2,"2024-03-26 00:58:05"
12571,6723,2,"2023-07-19 13:45:28"
12572,6238,2,"2024-06-08 07:28:38"
12573,2565,2,"2023-12-19 17:09:13"
12574,6194,2,"2024-01-23 07:06:31"
12575,7042,2,"2024-06-03 04:31:56"
12576,1111,2,"2023-11-03 10:50:58"
12577,2988,2,"2024-05-11 19:28:43"
12578,5369,2,"2023-06-25 11:59:01"
12579,3120,2,"2024-04-23 11:04:47"
12580,1276,2,"2024-04-11 20:48:59"
12581,5494,2,"2024-04-30 17:45:44"
12582,4170,2,"2024-03-20 04:35:45"
12583,2145,2,"2023-08-31 00:15:30"
12584,2931,2,"2024-06-03 23:04:32"
12585,5401,2,"2023-11-29 00:13:31"
12586,789,2,"2024-04-10 12:14:14"
12587,1411,2,"2023-11-03 00:22:59"
12588,3057,2,"2023-09-30 10:45:27"
12589,5002,2,"2023-06-23 23:00:46"
12590,4260,2,"2023-11-29 08:47:03"
12591,2636,2,"2023-07-10 16:20:45"
12592,5090,2,"2023-09-02 22:54:04"
12593,3964,2,"2024-03-13 12:36:34"
12594,6040,2,"2024-02-10 15:48:29"
12595,6414,2,"2023-12-01 08:52:06"
12596,920,2,"2023-08-28 05:07:03"
12597,3728,2,"2024-06-15 21:52:24"
12598,34,2,"2024-01-23 18:49:07"
12599,2714,2,"2024-03-13 06:24:35"
12600,4172,2,"2023-12-01 08:12:33"
12601,3137,2,"2024-01-05 18:43:11"
12602,3004,2,"2024-01-14 19:43:08"
12603,3586,2,"2024-04-09 19:00:05"
12604,1258,2,"2024-03-16 06:55:02"
12605,2903,2,"2023-07-11 12:40:33"
12606,3854,2,"2023-10-27 06:14:39"
12607,3183,2,"2023-09-02 09:30:11"
12608,4396,2,"2023-12-29 04:27:07"
12609,5075,2,"2023-09-29 18:04:09"
12610,945,2,"2024-03-15 19:44:29"
12611,141,2,"2024-01-14 22:52:17"
12612,1754,2,"2023-12-01 15:48:56"
12613,7401,2,"2024-04-28 05:14:23"
12614,6184,2,"2023-09-09 15:01:26"
12615,645,2,"2024-03-27 12:36:22"
12616,6795,2,"2024-01-15 13:17:54"
12617,5282,2,"2023-08-21 01:10:13"
12618,1076,2,"2024-03-25 23:30:14"
12619,2035,2,"2024-03-06 18:14:23"
12620,5437,2,"2024-04-25 05:40:20"
12621,5559,2,"2024-02-28 08:40:55"
12622,5160,2,"2023-11-30 08:21:48"
12623,2532,2,"2024-02-24 10:15:47"
12624,4803,2,"2024-03-22 12:46:14"
12625,3701,2,"2023-07-14 19:49:02"
12626,3308,2,"2023-11-05 13:07:25"
12627,1025,2,"2023-07-04 17:29:21"
12628,3274,2,"2023-10-26 19:20:32"
12629,7260,2,"2024-02-03 09:45:53"
12630,5595,2,"2023-09-21 14:19:50"
12631,3626,2,"2024-02-08 07:13:25"
12632,5302,2,"2023-07-20 23:31:50"
12633,4915,2,"2023-12-28 09:15:58"
12634,2212,2,"2024-04-29 16:04:40"
12635,706,2,"2023-10-09 10:57:06"
12636,1755,2,"2023-10-16 09:52:39"
12637,7385,2,"2023-12-15 10:56:11"
12638,833,2,"2024-01-20 23:59:31"
12639,3841,2,"2023-12-27 21:05:00"
12640,924,2,"2023-08-13 02:40:12"
12641,1844,2,"2023-10-17 19:36:12"
12642,1764,2,"2023-09-01 08:48:54"
12643,1045,2,"2023-07-02 11:21:01"
12644,5391,2,"2024-04-23 02:05:31"
12645,802,2,"2023-10-22 22:36:53"
12646,4476,2,"2023-12-01 07:23:36"
12647,1309,2,"2023-09-10 05:05:14"
12648,7534,2,"2023-08-06 05:31:37"
12649,1290,2,"2023-07-06 22:19:04"
12650,3290,2,"2024-01-10 22:54:02"
12651,6325,2,"2024-03-15 00:37:17"
12652,1588,2,"2024-04-10 05:09:49"
12653,3611,2,"2024-04-29 07:06:47"
12654,3834,2,"2024-02-19 07:29:44"
12655,7198,2,"2023-12-30 17:31:49"
12656,6845,2,"2023-09-04 23:25:58"
12657,4227,2,"2024-04-14 06:49:20"
12658,1384,2,"2024-04-01 11:35:19"
12659,3635,2,"2024-02-08 13:29:01"
12660,5433,2,"2024-04-20 12:27:36"
12661,5585,2,"2023-11-12 04:26:29"
12662,5953,2,"2024-06-09 13:14:09"
12663,4873,2,"2024-02-21 20:31:08"
12664,7469,2,"2024-05-27 13:04:36"
12665,6605,2,"2023-11-10 10:32:22"
12666,2134,2,"2023-09-26 07:41:47"
12667,3848,2,"2024-05-15 13:45:35"
12668,4510,2,"2023-06-28 12:04:33"
12669,3365,2,"2023-07-29 15:23:34"
12670,939,2,"2024-04-17 23:55:21"
12671,7049,2,"2024-06-10 20:33:18"
12672,579,2,"2024-05-17 21:17:11"
12673,7075,2,"2023-08-08 11:06:32"
12674,2993,2,"2023-09-21 23:24:52"
12675,2809,2,"2023-12-18 12:24:38"
12676,6612,2,"2023-08-02 13:49:16"
12677,4666,2,"2023-09-12 19:09:31"
12678,6496,2,"2024-01-08 02:19:44"
12679,1414,2,"2023-11-21 01:22:24"
12680,5157,2,"2023-07-22 04:12:37"
12681,4302,2,"2023-12-18 14:22:15"
12682,1404,2,"2023-09-22 01:10:07"
12683,4969,2,"2023-10-29 13:38:28"
12684,5402,2,"2024-02-05 20:44:48"
12685,3272,2,"2023-11-16 21:02:06"
12686,5730,2,"2023-09-13 13:39:03"
12687,5439,2,"2024-02-04 20:34:45"
12688,4456,2,"2023-09-21 13:20:10"
12689,943,2,"2023-07-27 16:32:26"
12690,5435,2,"2024-03-29 13:40:26"
12691,4946,2,"2024-01-17 10:16:06"
12692,548,2,"2023-07-17 13:07:57"
12693,2412,2,"2024-04-27 19:48:45"
12694,7295,2,"2024-04-11 08:34:55"
12695,5863,2,"2023-06-26 11:40:34"
12696,7501,2,"2023-12-06 14:24:20"
12697,3656,2,"2024-04-27 08:28:22"
12698,3306,2,"2024-01-17 19:57:29"
12699,5376,2,"2024-03-28 04:52:20"
12700,3933,2,"2023-12-04 06:40:11"
12701,3226,2,"2024-03-26 04:42:56"
12702,5084,2,"2024-04-04 21:41:28"
12703,290,2,"2024-01-28 03:14:07"
12704,6446,2,"2024-06-05 15:31:27"
12705,2829,2,"2023-12-02 16:56:22"
12706,549,2,"2023-08-22 12:10:13"
12707,4592,2,"2024-02-01 23:21:32"
12708,6963,2,"2023-08-18 02:30:35"
12709,2202,2,"2023-08-15 02:32:32"
12710,7035,2,"2023-08-07 12:50:48"
12711,6029,2,"2023-12-30 07:33:20"
12712,3320,2,"2024-02-12 10:04:05"
12713,1854,2,"2023-06-26 11:32:45"
12714,6633,2,"2023-08-22 06:05:50"
12715,4864,2,"2023-07-09 04:11:55"
12716,1117,2,"2023-11-30 00:19:01"
12717,3169,2,"2023-11-27 15:15:04"
12718,819,2,"2023-07-15 13:34:27"
12719,5763,2,"2024-01-21 00:59:16"
12720,4582,2,"2024-05-30 15:23:46"
12721,398,2,"2024-01-15 08:08:21"
12722,1047,2,"2023-07-05 03:16:17"
12723,5378,2,"2023-09-15 03:34:19"
12724,7265,2,"2024-02-20 02:11:32"
12725,6714,2,"2023-11-03 03:53:43"
12726,4137,2,"2024-03-14 00:56:48"
12727,2645,2,"2023-07-27 14:46:20"
12728,1087,2,"2023-07-06 20:38:02"
12729,7135,2,"2023-08-08 15:24:09"
12730,6772,2,"2024-05-30 08:43:43"
12731,399,2,"2023-06-20 16:48:55"
12732,3136,2,"2024-06-10 16:31:22"
12733,3078,2,"2023-07-02 13:27:46"
12734,6114,2,"2023-09-14 20:36:17"
12735,4556,2,"2023-12-31 20:00:32"
12736,5045,2,"2023-11-24 10:00:53"
12737,7537,2,"2024-01-22 16:21:09"
12738,2075,2,"2023-06-29 01:20:48"
12739,5078,2,"2023-11-19 04:40:12"
12740,343,2,"2023-12-03 01:08:18"
12741,5031,2,"2024-04-15 05:21:10"
12742,2155,2,"2024-02-24 15:59:18"
12743,6824,2,"2024-02-15 06:21:00"
12744,4928,2,"2024-03-28 11:45:37"
12745,4565,2,"2024-02-06 16:55:11"
12746,7250,2,"2023-09-01 03:01:33"
12747,7241,2,"2023-12-24 10:07:37"
12748,104,2,"2024-06-02 12:44:22"
12749,4228,2,"2024-01-29 03:31:28"
12750,1424,2,"2023-08-09 11:48:01"
12751,6381,2,"2024-04-18 11:30:35"
12752,2604,2,"2023-06-24 13:35:17"
12753,244,2,"2024-03-31 20:17:56"
12754,2538,2,"2024-04-20 12:32:32"
12755,222,2,"2024-01-11 03:27:43"
12756,2974,2,"2024-03-12 18:05:13"
12757,7530,2,"2023-11-16 23:00:49"
12758,2534,2,"2024-04-26 01:07:17"
12759,7104,2,"2024-04-04 22:18:28"
12760,926,2,"2024-06-11 14:27:32"
12761,6459,2,"2023-06-21 23:53:57"
12762,1708,2,"2023-08-02 21:48:24"
12763,4860,2,"2024-01-07 06:55:06"
12764,2007,2,"2023-06-30 05:59:55"
12765,6796,2,"2023-09-07 01:37:37"
12766,6603,2,"2023-09-14 22:24:52"
12767,6571,2,"2024-06-13 21:55:48"
12768,2883,2,"2023-10-20 12:03:44"
12769,5740,2,"2024-03-25 09:20:24"
12770,109,2,"2023-12-07 15:18:09"
12771,5761,2,"2024-04-13 22:43:31"
12772,2301,2,"2023-07-28 07:11:17"
12773,946,2,"2023-11-14 09:33:24"
12774,3207,2,"2023-07-15 23:20:30"
12775,4394,2,"2023-07-11 18:05:21"
12776,1959,2,"2023-10-02 18:54:35"
12777,2359,2,"2024-02-05 06:32:47"
12778,5476,2,"2023-09-15 19:59:02"
12779,927,2,"2023-09-29 17:05:47"
12780,3952,2,"2023-07-13 08:09:08"
12781,5718,2,"2024-05-21 21:34:30"
12782,6376,2,"2024-01-08 23:53:21"
12783,3134,2,"2023-11-29 10:21:12"
12784,6455,2,"2023-09-23 09:21:57"
12785,4070,2,"2024-05-10 11:58:49"
12786,1437,2,"2024-05-12 20:35:00"
12787,3143,2,"2023-11-10 18:57:28"
12788,3608,2,"2023-07-29 14:53:55"
12789,5759,2,"2024-04-24 20:18:59"
12790,2104,2,"2024-02-12 05:50:31"
12791,3732,2,"2024-04-23 06:29:02"
12792,7103,2,"2023-09-22 18:10:32"
12793,5429,2,"2024-06-13 08:01:08"
12794,6070,2,"2023-09-08 19:45:12"
12795,6736,2,"2023-12-05 16:35:45"
12796,4200,2,"2024-05-28 04:36:57"
12797,5703,2,"2024-01-25 00:51:54"
12798,7194,2,"2024-05-22 21:01:01"
12799,1122,2,"2023-08-24 19:25:34"
12800,3737,2,"2023-10-20 06:53:38"
12801,5552,2,"2023-10-16 22:38:01"
12802,5003,2,"2023-07-13 03:32:22"
12803,6398,2,"2023-08-21 23:06:53"
12804,4232,2,"2024-03-03 19:28:16"
12805,7157,2,"2024-01-29 21:25:12"
12806,5683,2,"2023-07-01 06:51:03"
12807,5958,2,"2023-11-29 00:25:59"
12808,6187,2,"2023-07-17 17:26:16"
12809,4174,2,"2023-09-03 14:52:39"
12810,2189,2,"2024-05-07 22:20:10"
12811,6601,2,"2023-08-09 01:37:53"
12812,2749,2,"2024-05-26 15:36:34"
12813,2253,2,"2024-03-16 01:13:48"
12814,2139,2,"2023-06-27 09:20:08"
12815,5932,2,"2023-10-16 10:14:21"
12816,5460,2,"2023-12-08 22:33:13"
12817,4023,2,"2024-02-10 11:34:49"
12818,588,2,"2024-03-24 17:21:44"
12819,66,2,"2024-05-02 21:27:28"
12820,6254,2,"2023-08-05 20:08:19"
12821,211,2,"2023-09-04 22:29:09"
12822,6480,2,"2023-12-24 19:36:09"
12823,6517,2,"2023-12-20 17:13:52"
12824,2467,2,"2024-04-19 06:06:50"
12825,4378,2,"2023-10-24 08:40:31"
12826,1881,2,"2023-08-01 08:35:33"
12827,4541,2,"2023-10-09 02:17:59"
12828,3190,2,"2024-02-19 09:35:47"
12829,6385,2,"2023-11-30 00:38:32"
12830,635,2,"2024-03-07 00:54:19"
12831,5576,2,"2023-12-16 13:41:43"
12832,4256,2,"2023-09-14 02:19:57"
12833,2288,2,"2023-08-02 05:30:43"
12834,5806,2,"2023-09-20 22:24:25"
12835,3363,2,"2024-04-30 01:57:40"
12836,6350,2,"2024-01-29 06:48:39"
12837,3622,2,"2023-08-18 03:15:06"
12838,2023,2,"2023-07-02 10:05:57"
12839,4152,2,"2023-09-25 10:40:05"
12840,6893,2,"2023-11-16 12:56:22"
12841,2963,2,"2024-01-11 10:06:59"
12842,4391,2,"2024-04-05 22:12:10"
12843,1139,2,"2023-12-27 19:26:19"
12844,71,2,"2024-05-26 07:41:21"
12845,6677,2,"2024-02-18 09:16:51"
12846,3380,2,"2023-08-08 08:11:13"
12847,5688,2,"2023-12-16 17:01:36"
12848,2678,2,"2024-02-19 08:08:03"
12849,5197,2,"2024-04-05 10:06:06"
12850,5971,2,"2024-02-04 08:08:42"
12851,6340,2,"2024-02-11 01:03:27"
12852,763,2,"2023-08-09 01:36:37"
12853,4327,2,"2024-01-31 15:14:27"
12854,3818,2,"2023-10-08 20:13:20"
12855,6411,2,"2024-06-04 13:45:42"
12856,296,2,"2023-07-16 21:37:37"
12857,5107,2,"2023-12-30 19:22:42"
12858,6990,2,"2024-01-27 04:04:46"
12859,4707,2,"2023-07-14 05:54:41"
12860,1721,2,"2024-05-13 06:14:25"
12861,2219,2,"2023-12-03 05:08:19"
12862,5452,2,"2023-08-18 19:49:42"
12863,1223,2,"2023-12-28 07:03:37"
12864,615,2,"2024-01-18 14:10:32"
12865,202,2,"2023-08-15 05:25:37"
12866,4933,2,"2023-12-28 11:20:15"
12867,1993,2,"2024-01-26 15:25:42"
12868,649,2,"2024-02-22 07:48:53"
12869,6983,2,"2024-06-06 02:36:36"
12870,2296,2,"2023-10-03 00:40:08"
12871,7185,2,"2023-10-28 15:12:47"
12872,6922,2,"2023-12-13 20:10:53"
12873,245,2,"2023-11-17 00:59:00"
12874,4786,2,"2023-08-10 15:59:02"
12875,3319,2,"2023-12-14 05:34:12"
12876,3953,2,"2024-05-30 23:55:23"
12877,6718,2,"2023-08-02 18:05:15"
12878,4432,2,"2023-10-15 10:34:32"
12879,7094,2,"2023-11-18 19:10:55"
12880,254,2,"2024-05-16 05:58:09"
12881,4572,2,"2024-02-21 11:23:41"
12882,7232,2,"2024-05-31 08:50:39"
12883,2320,2,"2023-08-14 05:29:51"
12884,1209,2,"2023-11-23 23:53:02"
12885,6728,2,"2024-03-13 23:13:01"
12886,2965,2,"2023-10-13 01:11:36"
12887,3894,2,"2024-03-31 14:06:31"
12888,2030,2,"2024-03-15 21:20:13"
12889,3518,2,"2023-07-25 14:40:43"
12890,6246,2,"2024-05-28 16:26:52"
12891,4417,2,"2023-08-16 15:01:29"
12892,2695,2,"2024-05-24 09:31:30"
12893,4781,2,"2024-03-21 22:14:56"
12894,3971,2,"2024-04-13 11:31:32"
12895,2716,2,"2023-11-26 01:27:31"
12896,5716,2,"2023-08-14 18:08:01"
12897,2593,2,"2023-08-07 00:15:41"
12898,2185,2,"2024-06-16 13:17:00"
12899,2463,2,"2023-06-29 01:16:39"
12900,2182,2,"2024-06-04 04:29:07"
12901,5265,2,"2023-07-21 09:14:52"
12902,2167,2,"2023-06-29 21:12:10"
12903,324,2,"2024-02-26 09:20:05"
12904,5644,2,"2023-09-02 16:36:42"
12905,115,2,"2023-11-09 18:42:25"
12906,2254,2,"2023-06-30 01:34:50"
12907,5290,2,"2024-03-04 12:44:48"
12908,3693,2,"2024-01-08 03:02:20"
12909,4291,2,"2023-10-30 21:51:18"
12910,7003,2,"2023-07-27 17:22:42"
12911,3335,2,"2024-03-07 14:15:04"
12912,1082,2,"2023-09-22 17:54:19"
12913,5950,2,"2023-08-24 14:04:40"
12914,5542,2,"2023-10-30 23:05:48"
12915,3889,2,"2024-05-19 20:36:28"
12916,4220,2,"2023-07-20 19:01:28"
12917,2684,2,"2024-05-12 05:59:40"
12918,1243,2,"2024-03-30 00:13:14"
12919,4060,2,"2023-11-06 22:04:52"
12920,528,2,"2024-01-08 10:24:33"
12921,4608,2,"2023-11-26 07:23:44"
12922,318,2,"2024-01-24 08:43:44"
12923,755,2,"2024-05-31 22:52:03"
12924,3204,2,"2024-04-08 00:54:09"
12925,3583,2,"2024-03-01 08:36:51"
12926,6498,2,"2023-12-01 06:06:50"
12927,2265,2,"2023-12-25 20:10:50"
12928,2237,2,"2023-11-15 16:27:17"
12929,3634,2,"2023-11-08 13:34:20"
12930,1521,2,"2023-08-25 20:18:36"
12931,5883,2,"2024-04-04 23:52:22"
12932,5179,2,"2024-05-04 09:49:15"
12933,7215,2,"2023-09-27 19:28:39"
12934,3413,2,"2023-07-14 16:37:05"
12935,7167,2,"2024-05-08 00:55:36"
12936,4826,2,"2024-02-09 12:52:06"
12937,3651,2,"2023-12-28 14:20:21"
12938,1366,2,"2024-06-18 23:53:56"
12939,2750,2,"2023-12-12 19:16:17"
12940,6174,2,"2023-11-21 08:14:54"
12941,1611,2,"2024-02-12 22:23:43"
12942,4861,2,"2024-05-13 01:27:51"
12943,3764,2,"2024-03-31 05:01:45"
12944,6475,2,"2024-05-18 10:56:47"
12945,1001,2,"2024-04-20 00:20:21"
12946,2569,2,"2023-09-19 05:33:16"
12947,1316,2,"2023-08-06 16:35:57"
12948,1054,2,"2024-04-19 09:08:45"
12949,2423,2,"2024-02-26 04:35:27"
12950,5803,2,"2024-05-25 08:50:26"
12951,6172,2,"2023-12-16 16:18:22"
12952,3934,2,"2024-05-01 04:27:26"
12953,3813,2,"2023-10-31 00:33:07"
12954,6360,2,"2024-02-13 15:18:40"
12955,5867,2,"2023-07-12 21:30:23"
12956,4894,2,"2024-04-24 21:47:06"
12957,4959,2,"2024-02-02 01:16:25"
12958,4531,2,"2023-07-12 08:20:27"
12959,2027,2,"2023-08-04 17:30:50"
12960,4379,2,"2023-09-04 17:42:16"
12961,5881,2,"2023-10-14 20:20:28"
12962,3507,2,"2023-11-14 01:02:05"
12963,6462,2,"2023-08-06 07:22:21"
12964,4848,2,"2023-07-23 07:29:13"
12965,5620,2,"2023-12-12 06:32:45"
12966,3084,2,"2024-05-22 08:22:00"
12967,4573,2,"2023-11-03 18:41:37"
12968,5144,2,"2023-11-21 14:18:09"
12969,5988,2,"2024-01-06 05:51:15"
12970,7353,2,"2024-05-05 19:54:54"
12971,2395,2,"2024-06-01 20:01:33"
12972,506,2,"2023-08-17 14:40:41"
12973,4515,2,"2023-12-01 14:01:23"
12974,5563,2,"2024-02-04 08:34:42"
12975,5888,2,"2024-03-26 18:42:21"
12976,893,2,"2023-07-14 22:39:43"
12977,3900,2,"2024-03-04 23:51:16"
12978,4210,2,"2023-09-22 05:16:06"
12979,1860,2,"2024-02-14 20:31:58"
12980,1541,2,"2023-11-05 23:46:44"
12981,5895,2,"2023-11-27 19:20:57"
12982,4369,2,"2023-08-10 00:59:50"
12983,6123,2,"2024-01-08 04:36:03"
12984,3445,2,"2023-09-01 13:48:06"
12985,3880,2,"2024-02-20 14:49:38"
12986,4185,2,"2024-03-25 18:03:23"
12987,5947,2,"2023-06-22 17:36:50"
12988,3588,2,"2024-04-21 21:50:49"
12989,6693,2,"2023-11-20 00:45:19"
12990,1476,2,"2024-02-04 18:33:46"
12991,1580,2,"2023-07-25 19:26:09"
12992,1981,2,"2023-12-20 17:03:43"
12993,1821,2,"2024-06-07 05:34:07"
12994,6327,2,"2023-12-24 14:39:10"
12995,5372,2,"2023-11-02 17:08:40"
12996,5851,2,"2023-12-21 13:24:00"
12997,2053,2,"2023-12-24 09:55:54"
12998,3801,2,"2024-04-08 16:26:39"
12999,5929,2,"2024-01-07 13:20:55"
13000,337,2,"2024-01-07 18:22:22"
13001,5794,2,"2024-03-31 12:47:43"
13002,5549,2,"2023-12-29 14:18:02"
13003,401,2,"2024-01-30 13:05:22"
13004,1845,2,"2023-12-30 22:54:34"
13005,6279,2,"2024-01-01 09:54:16"
13006,4591,2,"2023-07-27 02:14:51"
13007,4840,2,"2024-03-07 18:55:15"
13008,5633,2,"2024-04-29 21:42:24"
13009,9,2,"2023-09-29 03:53:48"
13010,1688,2,"2023-08-30 08:51:54"
13011,1602,2,"2023-07-05 13:09:06"
13012,3648,2,"2024-04-08 09:29:07"
13013,197,2,"2024-04-11 00:09:48"
13014,2770,2,"2024-01-14 16:47:12"
13015,6316,2,"2024-01-29 02:57:15"
13016,2979,2,"2024-01-09 14:50:24"
13017,1160,2,"2024-03-20 22:01:54"
13018,7325,2,"2023-10-18 22:52:23"
13019,11,2,"2023-12-23 13:15:16"
13020,1118,2,"2024-05-29 00:58:29"
13021,2279,2,"2023-10-31 14:52:06"
13022,3128,2,"2023-11-21 16:36:58"
13023,1067,2,"2024-01-12 02:01:51"
13024,651,2,"2023-09-17 04:28:42"
13025,7001,2,"2023-09-26 16:08:17"
13026,1883,2,"2024-05-29 14:11:43"
13027,1119,2,"2023-10-12 01:53:33"
13028,2685,2,"2023-09-16 06:25:03"
13029,1202,2,"2023-07-02 05:24:39"
13030,2756,2,"2024-04-19 06:53:44"
13031,3381,2,"2024-03-09 02:30:51"
13032,6521,2,"2024-06-07 14:17:59"
13033,6640,2,"2024-01-19 14:06:04"
13034,973,2,"2023-08-18 20:43:48"
13035,1615,2,"2023-09-19 16:09:50"
13036,3560,2,"2023-09-23 22:30:32"
13037,1838,2,"2023-11-29 05:50:26"
13038,3391,2,"2023-06-24 08:41:42"
13039,4139,2,"2023-08-01 05:01:32"
13040,6806,2,"2023-09-07 09:34:56"
13041,7395,2,"2023-08-10 00:02:45"
13042,2779,2,"2023-12-15 11:24:15"
13043,4503,2,"2023-07-18 06:56:34"
13044,5484,2,"2023-10-22 21:47:55"
13045,2910,2,"2023-06-29 04:52:55"
13046,6064,2,"2024-04-29 14:14:13"
13047,186,2,"2024-06-12 03:09:02"
13048,1472,2,"2023-07-20 05:21:29"
13049,3458,2,"2024-03-29 21:27:10"
13050,1489,2,"2023-09-06 22:18:16"
13051,4421,2,"2023-10-30 12:12:10"
13052,4065,2,"2023-06-30 21:43:04"
13053,3503,2,"2023-11-01 15:34:03"
13054,1776,2,"2024-02-07 07:21:34"
13055,4009,2,"2023-12-26 00:15:24"
13056,4664,2,"2024-04-21 05:19:28"
13057,2269,2,"2023-06-23 19:27:08"
13058,1628,2,"2024-02-09 15:08:54"
13059,4734,2,"2024-04-05 05:52:35"
13060,5171,2,"2023-09-20 03:39:29"
13061,906,2,"2024-06-15 15:05:54"
13062,6724,2,"2023-07-01 03:06:06"
13063,2839,2,"2024-02-06 19:24:15"
13064,3796,2,"2023-10-13 02:30:51"
13065,3062,2,"2024-03-20 11:04:57"
13066,6013,2,"2024-03-24 08:39:07"
13067,1711,2,"2024-05-27 12:56:26"
13068,6537,2,"2024-04-22 10:35:16"
13069,6977,2,"2023-11-25 19:16:49"
13070,4415,2,"2024-03-22 20:03:03"
13071,474,2,"2023-09-17 16:56:56"
13072,594,2,"2024-04-14 10:13:06"
13073,4269,2,"2023-09-20 02:06:52"
13074,1643,2,"2023-08-16 00:52:16"
13075,6180,2,"2024-05-02 12:30:46"
13076,2522,2,"2023-08-28 17:12:45"
13077,2477,2,"2023-07-06 08:14:05"
13078,2560,2,"2024-06-03 21:02:33"
13079,4736,2,"2023-08-08 08:37:21"
13080,4024,2,"2024-05-04 07:16:58"
13081,6397,2,"2024-05-09 10:34:34"
13082,500,2,"2023-09-26 11:05:19"
13083,2725,2,"2024-01-02 13:08:54"
13084,4820,2,"2023-10-26 22:53:07"
13085,5948,2,"2023-11-21 06:25:07"
13086,6355,2,"2024-05-06 12:04:16"
13087,6108,2,"2024-03-06 06:10:25"
13088,6033,2,"2023-11-03 01:02:56"
13089,4161,2,"2024-06-16 12:33:46"
13090,5042,2,"2023-12-25 12:25:55"
13091,878,2,"2024-06-02 13:09:34"
13092,2354,2,"2024-06-15 18:23:32"
13093,6540,2,"2023-07-20 11:24:44"
13094,5621,2,"2024-03-23 20:26:24"
13095,5023,2,"2023-08-02 18:33:03"
13096,2149,2,"2023-12-13 13:10:54"
13097,2802,2,"2023-10-14 23:25:03"
13098,7255,2,"2024-03-25 11:46:29"
13099,6999,2,"2024-03-25 04:43:55"
13100,4703,2,"2024-02-09 11:55:20"
13101,2387,2,"2024-04-12 19:37:38"
13102,559,2,"2024-04-01 08:09:11"
13103,4196,2,"2024-01-22 16:51:55"
13104,7405,2,"2023-07-28 07:40:37"
13105,2728,2,"2024-01-22 01:03:21"
13106,4521,2,"2023-12-22 10:25:32"
13107,396,2,"2024-04-13 01:26:17"
13108,4237,2,"2024-05-12 20:45:31"
13109,956,2,"2024-01-26 01:21:00"
13110,1513,2,"2023-10-19 09:56:58"
13111,2146,2,"2024-02-14 07:04:33"
13112,5659,2,"2023-07-23 14:02:30"
13113,3604,2,"2023-09-20 02:31:08"
13114,4670,2,"2023-11-24 10:52:17"
13115,4733,2,"2024-04-07 15:28:54"
13116,1829,2,"2023-09-29 20:20:15"
13117,6585,2,"2023-06-25 07:15:42"
13118,1014,2,"2023-12-09 03:36:37"
13119,5427,2,"2024-04-29 18:03:08"
13120,5424,2,"2024-05-23 10:25:36"
13121,1877,2,"2023-07-24 10:08:35"
13122,4610,2,"2023-10-16 08:02:45"
13123,1040,2,"2023-08-21 21:38:17"
13124,2616,2,"2024-06-09 05:34:46"
13125,6857,2,"2024-05-15 18:14:55"
13126,4019,2,"2023-09-04 18:45:28"
13127,5961,2,"2023-07-06 19:46:21"
13128,323,2,"2024-05-05 21:48:27"
13129,3312,2,"2023-09-03 20:22:17"
13130,4875,2,"2023-09-08 15:23:05"
13131,5519,2,"2023-11-30 13:36:19"
13132,2038,2,"2024-03-30 16:22:06"
13133,338,2,"2023-11-05 23:04:53"
13134,2639,2,"2024-02-03 18:16:55"
13135,5578,2,"2023-08-28 12:39:58"
13136,1204,2,"2023-12-24 00:44:17"
13137,467,2,"2024-02-21 14:59:05"
13138,3628,2,"2023-08-19 02:52:33"
13139,4890,2,"2023-12-30 15:03:09"
13140,409,2,"2023-09-05 17:11:15"
13141,7239,2,"2023-09-21 18:17:17"
13142,6073,2,"2024-02-05 17:25:48"
13143,3688,2,"2024-04-20 10:42:23"
13144,1341,2,"2023-09-06 21:40:15"
13145,4264,2,"2023-12-22 05:20:59"
13146,5628,2,"2024-03-29 05:31:27"
13147,7203,2,"2024-03-26 23:22:14"
13148,28,2,"2024-06-09 18:00:36"
13149,5861,2,"2023-06-28 10:52:38"
13150,4700,2,"2024-03-08 09:42:15"
13151,4688,2,"2023-07-27 04:41:01"
13152,5511,2,"2024-03-17 07:16:56"
13153,5101,2,"2023-07-02 09:06:22"
13154,4835,2,"2024-03-23 10:54:47"
13155,7420,2,"2023-07-13 16:39:45"
13156,1763,2,"2024-01-20 05:19:33"
13157,6898,2,"2023-09-19 14:51:46"
13158,7165,2,"2024-03-29 14:05:21"
13159,53,2,"2023-06-22 11:56:30"
13160,7201,2,"2023-09-20 15:44:13"
13161,4980,2,"2024-03-09 10:03:46"
13162,1947,2,"2024-05-22 11:49:37"
13163,4749,2,"2024-02-02 20:21:50"
13164,6315,2,"2024-01-08 04:53:49"
13165,461,2,"2024-06-04 05:27:36"
13166,5125,2,"2023-10-02 02:53:03"
13167,3171,2,"2023-09-11 08:48:45"
13168,5801,2,"2023-10-27 17:18:04"
13169,7,2,"2024-01-06 19:15:56"
13170,3452,2,"2024-04-13 00:15:56"
13171,5496,2,"2024-01-10 05:57:14"
13172,6646,2,"2024-04-01 18:24:55"
13173,1396,2,"2023-11-17 19:49:06"
13174,7538,2,"2023-09-01 04:17:04"
13175,5617,2,"2024-03-21 07:44:59"
13176,1835,2,"2023-12-31 09:22:35"
13177,1386,2,"2023-11-10 13:25:40"
13178,236,2,"2023-09-23 03:26:51"
13179,7141,2,"2023-06-29 09:21:56"
13180,1960,2,"2024-03-25 20:27:39"
13181,439,2,"2024-02-23 22:11:23"
13182,3955,2,"2024-05-25 16:35:47"
13183,3470,2,"2024-06-02 19:36:19"
13184,7247,2,"2024-03-07 02:15:54"
13185,3535,2,"2024-04-03 22:25:19"
13186,1196,2,"2023-07-18 00:05:58"
13187,6739,2,"2023-12-07 10:21:58"
13188,5653,2,"2023-10-15 17:17:10"
13189,6084,2,"2023-07-04 10:37:42"
13190,6862,2,"2024-05-30 10:00:41"
13191,5686,2,"2023-09-26 20:10:59"
13192,3599,2,"2023-11-13 21:21:21"
13193,6907,2,"2024-03-20 13:22:19"
13194,792,2,"2024-04-22 23:17:41"
13195,1796,2,"2023-10-07 23:02:20"
13196,3402,2,"2023-08-30 21:11:29"
13197,7106,2,"2023-09-07 19:20:16"
13198,2213,2,"2023-12-29 00:02:54"
13199,3912,2,"2024-05-11 15:42:19"
13200,6621,2,"2024-05-22 14:53:14"
13201,5316,2,"2023-09-16 19:00:59"
13202,519,2,"2024-01-07 10:20:48"
13203,2070,2,"2023-07-20 09:59:01"
13204,1217,2,"2023-10-06 07:43:17"
13205,6255,2,"2023-09-09 03:43:50"
13206,4040,2,"2023-08-20 02:29:58"
13207,7393,2,"2024-01-14 07:49:53"
13208,7499,2,"2024-02-23 20:08:41"
13209,6652,2,"2024-03-30 22:25:22"
13210,2897,2,"2024-02-21 02:47:17"
13211,764,2,"2023-09-28 00:27:40"
13212,505,2,"2023-10-09 21:08:04"
13213,6750,2,"2024-05-20 09:47:15"
13214,6389,2,"2023-07-19 22:11:21"
13215,2117,2,"2024-04-16 05:09:36"
13216,6181,2,"2024-02-01 09:59:40"
13217,285,2,"2023-07-04 13:20:53"
13218,2556,2,"2024-06-01 07:08:46"
13219,2233,2,"2024-02-10 03:50:21"
13220,6101,2,"2023-06-26 14:28:56"
13221,3741,2,"2023-12-10 08:36:04"
13222,2217,2,"2024-02-21 12:27:26"
13223,6320,2,"2023-09-30 23:13:52"
13224,4168,2,"2023-06-20 12:24:07"
13225,2622,2,"2023-11-24 23:31:59"
13226,4248,2,"2023-09-26 09:46:11"
13227,6762,2,"2024-02-05 16:22:23"
13228,5516,2,"2023-11-16 14:40:19"
13229,7316,2,"2024-05-11 20:26:15"
13230,2095,2,"2024-04-13 00:48:40"
13231,883,2,"2023-10-11 13:14:45"
13232,6076,2,"2023-07-19 15:15:46"
13233,4594,2,"2023-11-18 12:30:26"
13234,845,2,"2024-05-08 02:49:34"
13235,4528,2,"2024-02-10 13:00:28"
13236,2739,2,"2023-10-31 09:57:21"
13237,6103,2,"2024-04-03 13:21:18"
13238,2683,2,"2023-08-08 09:47:51"
13239,905,2,"2024-03-11 05:14:55"
13240,6826,2,"2024-03-02 07:59:16"
13241,5690,2,"2023-09-23 17:56:08"
13242,2200,2,"2024-03-16 22:11:25"
13243,2803,2,"2024-02-08 20:37:34"
13244,4618,2,"2023-12-19 19:11:30"
13245,1975,2,"2024-06-05 19:53:51"
13246,4283,2,"2024-05-18 23:19:22"
13247,5367,2,"2023-09-19 10:01:08"
13248,6510,2,"2023-12-12 22:28:15"
13249,1952,2,"2023-09-19 13:07:14"
13250,2771,2,"2023-07-08 15:56:10"
13251,2011,2,"2024-02-15 13:35:40"
13252,1605,2,"2024-06-13 17:53:58"
13253,4110,2,"2023-08-05 18:00:29"
13254,2257,2,"2023-08-25 08:02:06"
13255,6003,2,"2024-03-19 22:37:58"
13256,7148,2,"2024-01-16 00:38:02"
13257,4143,2,"2023-09-07 11:04:57"
13258,2496,2,"2023-12-04 09:34:16"
13259,2747,2,"2024-04-17 09:59:48"
13260,3480,2,"2023-08-30 16:45:48"
13261,1463,2,"2023-06-28 13:05:23"
13262,150,2,"2024-03-23 17:02:52"
13263,5474,2,"2024-06-10 23:29:28"
13264,3018,2,"2023-08-11 21:32:01"
13265,6162,2,"2023-10-04 16:08:55"
13266,1793,2,"2023-11-21 20:40:03"
13267,6061,2,"2024-01-02 21:09:03"
13268,2183,2,"2023-09-13 23:48:32"
13269,5658,2,"2023-11-23 16:35:46"
13270,5415,2,"2023-06-28 07:04:44"
13271,2417,2,"2024-06-12 20:55:40"
13272,6594,2,"2024-02-23 05:27:30"
13273,800,2,"2024-02-19 09:10:45"
13274,5326,2,"2024-02-02 00:12:13"
13275,3510,2,"2023-08-12 22:02:31"
13276,1306,2,"2023-07-25 03:34:58"
13277,6231,2,"2023-11-07 16:06:22"
13278,372,2,"2024-03-09 08:46:10"
13279,4787,2,"2023-09-11 01:29:38"
13280,5855,2,"2023-10-06 09:59:35"
13281,300,2,"2023-09-26 23:57:12"
13282,5191,2,"2023-07-02 06:48:12"
13283,577,2,"2024-03-08 18:57:14"
13284,5842,2,"2023-09-09 03:17:58"
13285,6894,2,"2023-11-05 16:45:23"
13286,1075,2,"2024-04-11 00:03:14"
13287,4325,2,"2023-11-02 08:33:37"
13288,4653,2,"2023-12-16 01:10:27"
13289,6324,2,"2023-11-27 04:21:05"
13290,7453,2,"2024-04-25 10:27:51"
13291,3881,2,"2024-01-16 19:40:45"
13292,2409,2,"2023-09-23 22:50:46"
13293,5802,2,"2024-04-20 22:51:01"
13294,2085,2,"2024-04-25 21:06:24"
13295,5976,2,"2024-03-10 22:47:18"
13296,4165,2,"2023-07-11 01:57:18"
13297,2358,2,"2024-02-25 19:39:13"
13298,427,2,"2024-02-02 09:32:04"
13299,4888,2,"2024-04-01 11:55:43"
13300,360,2,"2023-08-22 01:48:04"
13301,2834,2,"2024-04-09 07:24:02"
13302,3916,2,"2024-02-16 12:30:24"
13303,496,2,"2024-05-15 20:15:40"
13304,867,2,"2023-09-17 00:05:47"
13305,7399,2,"2024-06-11 15:30:09"
13306,75,2,"2023-09-14 06:07:52"
13307,5882,2,"2023-06-26 02:36:01"
13308,6046,2,"2024-02-22 22:18:31"
13309,2188,2,"2024-02-13 11:18:10"
13310,2907,2,"2023-06-30 12:56:33"
13311,420,2,"2024-01-22 08:27:32"
13312,3553,2,"2023-11-04 03:07:05"
13313,648,2,"2024-01-10 16:59:01"
13314,2448,2,"2024-02-02 11:58:19"
13315,2312,2,"2023-07-16 04:37:28"
13316,4760,2,"2024-06-12 09:08:28"
13317,2198,2,"2023-07-12 15:08:27"
13318,7181,2,"2023-07-07 16:22:51"
13319,965,2,"2023-07-28 03:35:39"
13320,5015,2,"2024-01-11 10:49:37"
13321,442,2,"2024-05-04 00:11:30"
13322,4266,2,"2023-09-09 17:31:10"
13323,1468,2,"2023-10-27 00:05:59"
13324,3511,2,"2024-04-29 09:31:36"
13325,4950,2,"2024-01-06 09:37:03"
13326,751,2,"2023-06-23 17:26:44"
13327,5066,2,"2023-10-15 05:14:32"
13328,7231,2,"2023-11-24 13:46:07"
13329,832,2,"2023-07-29 12:06:35"
13330,758,2,"2024-01-24 17:07:34"
13331,2674,2,"2024-04-23 01:21:26"
13332,7143,2,"2023-10-08 08:45:20"
13333,6815,2,"2024-04-24 00:16:41"
13334,387,2,"2023-11-20 19:05:13"
13335,7470,2,"2023-06-29 23:03:44"
13336,1461,2,"2024-03-02 22:08:51"
13337,5776,2,"2023-12-21 00:06:14"
13338,3240,2,"2024-02-27 22:07:23"
13339,4701,2,"2024-05-02 21:45:06"
13340,7356,2,"2024-03-19 15:32:24"
13341,5176,2,"2024-03-18 15:53:53"
13342,25,2,"2023-09-19 18:48:23"
13343,5299,2,"2023-08-30 02:28:04"
13344,3457,2,"2023-11-20 22:04:50"
13345,6555,2,"2024-04-13 22:59:04"
13346,6766,2,"2024-05-23 15:58:52"
13347,3005,2,"2023-06-28 01:56:57"
13348,6039,2,"2023-12-29 01:27:42"
13349,5797,2,"2024-03-10 20:53:07"
13350,374,2,"2023-12-12 16:33:49"
13351,2443,2,"2024-04-08 03:34:02"
13352,5641,2,"2024-02-24 00:41:08"
13353,3592,2,"2023-12-17 15:38:02"
13354,6807,2,"2023-09-01 05:52:30"
13355,4935,2,"2024-04-04 06:26:13"
13356,1737,2,"2024-04-07 08:45:45"
13357,6016,2,"2023-07-14 08:26:17"
13358,2637,2,"2023-06-30 20:36:02"
13359,2546,2,"2024-03-18 01:57:36"
13360,5997,2,"2024-03-11 11:50:17"
13361,4832,2,"2023-09-26 15:19:34"
13362,2638,2,"2024-04-30 21:45:28"
13363,663,2,"2023-12-31 15:14:45"
13364,7149,2,"2023-10-13 18:38:39"
13365,1137,2,"2023-07-06 20:01:08"
13366,2710,2,"2023-08-20 11:22:22"
13367,4261,2,"2023-12-22 02:28:18"
13368,5625,2,"2023-12-06 18:10:31"
13369,5405,2,"2024-01-25 21:29:47"
13370,2603,2,"2023-07-15 18:08:30"
13371,3730,2,"2024-01-26 07:54:00"
13372,515,2,"2024-04-06 17:28:19"
13373,5651,2,"2023-12-05 07:10:43"
13374,1691,2,"2024-05-17 09:00:09"
13375,4294,2,"2024-05-21 15:11:27"
13376,6409,2,"2024-05-17 04:07:21"
13377,5371,2,"2024-01-14 09:57:52"
13378,4410,2,"2023-08-06 10:56:12"
13379,6467,2,"2023-09-25 16:02:44"
13380,1608,2,"2023-09-21 08:26:45"
13381,4923,2,"2024-05-28 01:19:50"
13382,5885,2,"2023-12-29 06:29:56"
13383,219,2,"2024-05-21 20:20:02"
13384,7542,2,"2023-07-28 14:55:07"
13385,1807,2,"2024-05-06 06:09:50"
13386,2243,2,"2024-01-25 01:24:31"
13387,6400,2,"2023-08-07 15:27:02"
13388,4692,2,"2023-10-31 03:24:55"
13389,5884,2,"2024-01-17 06:27:56"
13390,962,2,"2023-11-09 19:13:17"
13391,4254,2,"2024-02-09 16:20:55"
13392,6321,2,"2024-02-20 07:26:41"
13393,3863,2,"2024-04-19 22:40:50"
13394,4936,2,"2024-05-22 08:01:12"
13395,5500,2,"2024-06-18 13:32:24"
13396,7487,2,"2023-08-14 08:48:49"
13397,4817,2,"2024-05-27 21:44:32"
13398,4867,2,"2023-12-28 08:59:21"
13399,7489,2,"2023-11-28 22:14:26"
13400,7155,2,"2023-07-26 01:14:21"
13401,4205,2,"2023-11-22 01:39:03"
13402,3399,2,"2024-05-22 09:08:12"
13403,2597,2,"2023-09-26 01:05:56"
13404,4309,2,"2024-04-18 23:12:20"
13405,989,2,"2023-12-09 18:54:34"
13406,3706,2,"2024-04-04 18:51:28"
13407,2305,2,"2023-08-22 17:29:43"
13408,6427,2,"2024-05-20 23:02:27"
13409,477,2,"2023-07-15 11:24:59"
13410,2121,2,"2024-03-09 16:42:04"
13411,6616,2,"2023-12-20 01:53:37"
13412,1358,2,"2023-12-08 08:38:33"
13413,4279,2,"2023-07-12 15:27:07"
13414,5649,2,"2023-12-28 23:43:37"
13415,3780,2,"2023-09-19 00:51:41"
13416,2411,2,"2023-09-12 09:51:02"
13417,7261,2,"2024-03-13 21:55:14"
13418,4789,2,"2024-02-18 23:46:26"
13419,831,2,"2023-08-10 16:00:57"
13420,4979,2,"2023-12-07 17:53:51"
13421,1699,2,"2024-06-12 17:52:30"
13422,2044,2,"2024-01-16 01:57:44"
13423,877,2,"2024-02-21 08:03:40"
13424,7327,2,"2023-12-11 08:42:47"
13425,24,2,"2023-09-30 04:36:21"
13426,2436,2,"2024-01-25 02:49:48"
13427,5051,2,"2024-03-16 01:46:44"
13428,6257,2,"2024-01-19 16:46:51"
13429,5102,2,"2023-09-14 20:13:32"
13430,4987,2,"2023-08-09 16:44:50"
13431,4899,2,"2024-02-18 07:24:56"
13432,2297,2,"2023-09-16 22:29:26"
13433,1399,2,"2024-05-24 19:29:11"
13434,3910,2,"2023-12-12 23:49:50"
13435,6781,2,"2024-06-01 05:11:30"
13436,1505,2,"2024-01-08 05:20:22"
13437,484,2,"2023-10-25 23:32:00"
13438,1296,2,"2023-08-04 02:25:51"
13439,373,2,"2023-10-18 16:08:35"
13440,5757,2,"2023-09-07 09:28:15"
13441,1314,2,"2023-11-10 08:16:29"
13442,2537,2,"2023-11-23 15:16:57"
13443,3689,2,"2023-11-15 19:39:57"
13444,4823,2,"2024-01-16 16:05:50"
13445,342,2,"2023-08-08 08:23:52"
13446,4693,2,"2023-06-27 19:21:17"
13447,5808,2,"2023-09-02 18:53:43"
13448,3144,2,"2023-06-30 17:23:14"
13449,3536,2,"2024-03-27 04:57:26"
13450,175,2,"2023-11-23 06:00:37"
13451,6482,2,"2023-11-16 22:00:38"
13452,6099,2,"2024-04-14 01:11:52"
13453,6509,2,"2023-12-14 02:49:46"
13454,3146,2,"2024-01-29 12:56:14"
13455,218,2,"2023-12-29 01:00:35"
13456,5837,2,"2024-03-26 01:25:59"
13457,6312,2,"2023-08-30 05:19:37"
13458,1277,2,"2023-08-28 20:48:19"
13459,1773,2,"2023-06-22 04:48:38"
13460,586,2,"2023-07-09 07:51:17"
13461,2375,2,"2024-03-11 22:00:28"
13462,2588,2,"2024-05-07 05:45:50"
13463,4274,2,"2024-03-13 02:00:46"
13464,208,2,"2023-07-08 07:35:50"
13465,313,2,"2023-10-24 05:15:37"
13466,5122,2,"2024-03-08 17:25:11"
13467,556,2,"2024-06-16 17:06:29"
13468,224,2,"2024-05-29 13:21:31"
13469,2886,2,"2023-07-16 20:18:34"
13470,248,2,"2024-03-13 20:04:11"
13471,6708,2,"2023-06-21 10:22:57"
13472,3598,2,"2023-11-14 03:29:24"
13473,4615,2,"2023-12-15 01:17:12"
13474,5819,2,"2023-12-25 21:34:04"
13475,6229,2,"2024-01-05 18:57:46"
13476,1617,2,"2023-12-08 13:07:24"
13477,6206,2,"2023-11-16 16:28:10"
13478,1508,2,"2024-04-03 12:43:04"
13479,1738,2,"2023-11-16 02:04:56"
13480,3172,2,"2024-02-26 01:08:51"
13481,2385,2,"2023-06-25 08:23:45"
13482,6840,2,"2023-09-01 02:21:46"
13483,1548,2,"2023-08-23 21:27:14"
13484,2624,2,"2023-12-09 21:40:53"
13485,4313,2,"2024-01-09 19:45:18"
13486,5440,2,"2024-03-13 14:03:24"
13487,4430,2,"2024-02-21 07:28:24"
13488,2431,2,"2023-08-10 04:09:26"
13489,2561,2,"2024-03-17 13:45:54"
13490,3649,2,"2023-09-26 00:05:30"
13491,6890,2,"2023-08-02 22:07:25"
13492,2100,2,"2024-01-04 11:55:56"
13493,582,2,"2024-06-08 08:17:09"
13494,7299,2,"2024-04-18 08:28:10"
13495,6078,2,"2023-11-29 00:09:19"
13496,1795,2,"2024-01-04 02:07:57"
13497,4548,2,"2024-05-19 09:52:10"
13498,1044,2,"2024-04-22 21:27:45"
13499,2194,2,"2024-02-06 06:42:59"
13500,5924,2,"2023-09-08 21:33:09"
13501,1143,2,"2023-09-02 15:09:31"
13502,6829,2,"2024-06-09 21:52:19"
13503,6109,2,"2024-02-09 04:36:20"
13504,6732,2,"2024-03-21 14:13:31"
13505,7421,2,"2023-08-30 17:25:17"
13506,2752,2,"2024-01-15 23:45:00"
13507,33,2,"2023-08-26 19:28:12"
13508,7115,2,"2024-05-28 01:28:15"
13509,4113,2,"2023-07-23 10:32:10"
13510,286,2,"2024-04-13 17:06:31"
13511,1922,2,"2023-12-22 10:15:04"
13512,7118,2,"2024-02-16 09:03:21"
13513,394,2,"2023-08-20 18:10:35"
13514,1896,2,"2023-07-02 09:53:26"
13515,5506,2,"2023-11-15 22:19:19"
13516,4704,2,"2023-08-16 13:53:59"
13517,1289,2,"2024-06-13 13:18:07"
13518,7173,2,"2023-07-16 03:22:12"
13519,4483,2,"2023-08-24 08:39:02"
13520,6939,2,"2023-12-07 21:44:52"
13521,3221,2,"2023-09-22 01:29:47"
13522,6119,2,"2023-12-04 02:28:29"
13523,4353,2,"2023-11-11 06:00:27"
13524,4663,2,"2024-03-02 23:28:37"
13525,670,2,"2024-06-08 14:28:35"
13526,2664,2,"2024-04-01 19:47:17"
13527,1846,2,"2024-06-13 19:35:15"
13528,1210,2,"2023-10-08 19:34:53"
13529,3472,2,"2023-07-07 09:01:13"
13530,1482,2,"2024-04-15 21:48:16"
13531,3713,2,"2023-11-28 15:46:56"
13532,2094,2,"2024-03-23 11:07:17"
13533,4850,2,"2023-07-20 06:04:25"
13534,6356,2,"2024-03-11 01:22:32"
13535,4805,2,"2023-10-02 22:29:37"
13536,544,2,"2024-06-03 22:16:52"
13537,5083,2,"2024-03-11 04:08:38"
13538,884,2,"2024-02-16 07:06:01"
13539,4612,2,"2024-01-16 01:32:15"
13540,2013,2,"2024-05-15 00:46:09"
13541,2822,2,"2023-09-13 03:04:23"
13542,4392,2,"2024-06-18 04:37:57"
13543,4127,2,"2024-05-10 07:35:52"
13544,918,2,"2024-04-06 21:19:37"
13545,2715,2,"2023-10-31 15:46:02"
13546,6466,2,"2023-09-27 09:49:53"
13547,1131,2,"2023-08-12 03:17:32"
13548,4328,2,"2023-07-04 00:24:40"
13549,7007,2,"2024-01-08 07:03:52"
13550,6889,2,"2024-05-19 11:50:33"
13551,2096,2,"2024-04-09 14:18:11"
13552,2158,2,"2023-10-24 14:17:21"
13553,3125,2,"2024-04-06 10:14:12"
13554,3838,2,"2024-06-01 03:51:04"
13555,5164,2,"2023-12-03 23:21:32"
13556,7438,2,"2023-12-12 00:00:23"
13557,2571,2,"2023-09-12 07:59:50"
13558,5832,2,"2023-08-02 01:23:24"
13559,473,2,"2024-04-22 02:21:30"
13560,2107,2,"2023-10-30 22:52:49"
13561,4388,2,"2023-08-30 03:26:05"
13562,816,2,"2023-07-15 19:38:26"
13563,7340,2,"2024-02-12 11:43:56"
13564,7429,2,"2023-09-21 02:19:48"
13565,272,2,"2024-04-20 02:29:30"
13566,756,2,"2024-02-28 15:38:05"
13567,963,2,"2023-09-03 15:16:54"
13568,3048,2,"2024-03-22 23:49:08"
13569,1686,2,"2024-03-14 07:58:26"
13570,6654,2,"2023-12-28 21:36:26"
13571,4348,2,"2023-12-10 04:46:28"
13572,5995,2,"2024-02-20 09:31:34"
13573,4132,2,"2024-05-09 22:37:52"
13574,3188,2,"2023-07-29 01:20:14"
13575,2615,2,"2024-02-19 20:34:52"
13576,262,2,"2023-08-27 08:55:21"
13577,1917,2,"2023-08-26 19:02:43"
13578,646,2,"2024-02-18 04:33:20"
13579,4395,2,"2024-02-05 07:42:06"
13580,2851,2,"2024-04-15 16:37:43"
13581,3600,2,"2024-04-13 11:12:41"
13582,5275,2,"2024-05-23 18:19:14"
13583,3505,2,"2024-01-27 03:34:52"
13584,5194,2,"2023-11-10 21:53:57"
13585,4468,2,"2023-07-12 07:38:52"
13586,4738,2,"2023-12-05 00:17:33"
13587,1449,2,"2024-03-04 07:33:36"
13588,1988,2,"2024-01-26 22:03:26"
13589,355,2,"2023-11-13 07:49:53"
13590,6493,2,"2024-02-21 19:16:56"
13591,2908,2,"2024-05-12 02:19:26"
13592,2693,2,"2023-12-09 05:05:16"
13593,1986,2,"2024-04-23 11:51:30"
13594,4097,2,"2023-12-20 01:12:22"
13595,5351,2,"2024-06-01 08:11:31"
13596,5912,2,"2024-01-23 16:25:08"
13597,1140,2,"2023-12-11 05:40:13"
13598,4108,2,"2024-05-22 21:17:45"
13599,2731,2,"2023-08-10 07:22:16"
13600,6220,2,"2023-12-01 20:59:22"
13601,2914,2,"2024-03-23 08:19:08"
13602,1072,2,"2024-03-10 12:43:28"
13603,1740,2,"2024-06-18 16:36:17"
13604,1,2,"2023-07-19 21:56:03"
13605,6518,2,"2023-10-25 05:11:52"
13606,7127,2,"2023-09-15 18:45:24"
13607,5574,2,"2023-12-25 16:24:40"
13608,1265,2,"2023-08-24 00:31:00"
13609,4404,2,"2023-12-10 02:42:17"
13610,1456,2,"2024-05-24 20:47:21"
13611,6062,2,"2024-01-09 15:54:27"
13612,650,2,"2024-01-21 15:31:14"
13613,7350,2,"2024-06-09 06:08:51"
13614,7218,2,"2024-01-25 09:51:49"
13615,2298,2,"2023-07-09 05:52:23"
13616,687,2,"2023-07-03 14:13:51"
13617,3829,2,"2024-03-05 16:13:57"
13618,6435,2,"2023-10-03 02:03:17"
13619,7476,2,"2023-07-17 07:58:14"
13620,3443,2,"2024-01-19 12:20:07"
13621,410,2,"2023-12-12 16:20:35"
13622,2365,2,"2023-10-20 19:08:21"
13623,2341,2,"2024-02-25 00:25:36"
13624,4075,2,"2024-03-10 06:50:20"
13625,6665,2,"2023-10-11 02:02:12"
13626,7498,2,"2024-04-10 12:39:38"
13627,3198,2,"2024-06-18 05:38:32"
13628,6659,2,"2023-11-10 11:45:54"
13629,22,2,"2023-09-28 13:13:31"
13630,2627,2,"2024-06-06 05:08:31"
13631,5060,2,"2024-03-25 13:11:08"
13632,2462,2,"2023-09-02 17:58:25"
13633,2389,2,"2023-08-22 04:34:02"
13634,997,2,"2023-09-03 14:13:50"
13635,7439,2,"2023-12-11 12:15:30"
13636,3462,2,"2024-03-29 02:18:05"
13637,1085,2,"2024-04-10 11:38:41"
13638,2956,2,"2024-05-05 14:55:48"
13639,4387,2,"2024-05-23 07:53:47"
13640,3850,2,"2023-06-23 09:47:36"
13641,158,2,"2023-12-05 21:35:43"
13642,3992,2,"2023-11-12 14:12:42"
13643,276,2,"2024-02-18 05:52:35"
13644,5396,2,"2024-04-16 15:53:35"
13645,7221,2,"2023-07-31 18:57:20"
13646,3815,2,"2024-03-06 17:56:33"
13647,4578,2,"2023-12-10 23:21:54"
13648,1179,2,"2023-08-11 19:56:17"
13649,741,2,"2023-09-19 21:49:04"
13650,5030,2,"2023-12-07 18:47:41"
13651,2611,2,"2024-02-23 01:54:58"
13652,3931,2,"2023-12-19 12:04:04"
13653,5874,2,"2024-02-15 11:33:31"
13654,1053,2,"2023-09-18 19:14:25"
13655,2817,2,"2023-12-27 17:27:24"
13656,2620,2,"2023-06-26 15:35:19"
13657,821,2,"2024-04-26 15:32:26"
13658,6344,2,"2024-04-02 09:17:41"
13659,7320,2,"2023-11-21 12:09:20"
13660,4535,2,"2023-11-13 08:18:03"
13661,6933,2,"2023-11-14 14:29:39"
13662,5560,2,"2023-07-03 20:02:22"
13663,1292,2,"2023-09-26 12:30:08"
13664,3678,2,"2023-10-10 12:49:02"
13665,2801,2,"2023-10-15 09:27:27"
13666,7055,2,"2023-06-27 18:39:28"
13667,6995,2,"2024-04-20 15:55:41"
13668,1343,2,"2024-02-15 14:16:22"
13669,1610,2,"2023-08-06 12:02:33"
13670,3819,2,"2024-03-06 09:43:54"
13671,7204,2,"2023-08-19 07:38:24"
13672,5065,2,"2024-01-26 06:03:21"
13673,5358,2,"2024-02-21 15:37:38"
13674,1705,2,"2023-11-22 08:12:45"
13675,1046,2,"2024-05-14 19:37:47"
13676,3285,2,"2024-05-22 06:27:47"
13677,4911,2,"2023-11-21 18:58:33"
13678,3407,2,"2023-09-11 19:25:54"
13679,1409,2,"2024-01-17 23:04:16"
13680,936,2,"2024-05-12 16:15:09"
13681,5821,2,"2023-10-18 14:55:26"
13682,754,2,"2024-01-20 23:15:08"
13683,1571,2,"2023-11-10 19:42:52"
13684,1599,2,"2023-08-03 09:04:06"
13685,7462,2,"2024-01-19 17:49:43"
13686,5980,2,"2024-03-12 11:57:00"
13687,5482,2,"2024-01-08 20:26:37"
13688,5792,2,"2024-05-10 12:29:19"
13689,2531,2,"2024-02-20 04:18:11"
13690,1009,2,"2023-06-22 01:00:22"
13691,1911,2,"2023-09-27 18:04:49"
13692,834,2,"2023-11-15 14:46:19"
13693,6618,2,"2023-07-25 09:18:14"
13694,4247,2,"2024-04-24 20:33:05"
13695,6008,2,"2023-10-29 23:05:42"
13696,3921,2,"2023-08-30 12:36:15"
13697,3089,2,"2023-08-01 10:10:02"
13698,3354,2,"2024-03-24 23:47:35"
13699,1032,2,"2023-06-29 19:58:20"
13700,2141,2,"2023-10-30 01:01:14"
13701,5768,2,"2023-09-29 12:37:01"
13702,5212,2,"2024-05-08 22:34:00"
13703,5110,2,"2024-04-28 03:31:13"
13704,6272,2,"2023-10-21 02:50:42"
13705,5791,2,"2023-08-12 09:47:18"
13706,5692,2,"2024-05-04 14:25:00"
13707,7125,2,"2023-09-11 05:39:15"
13708,2308,2,"2023-11-03 21:00:01"
13709,3222,2,"2023-10-08 13:57:31"
13710,7404,2,"2024-01-23 22:08:05"
13711,4794,2,"2024-04-20 23:46:35"
13712,1914,2,"2023-10-26 10:02:57"
13713,5523,2,"2024-03-19 13:40:10"
13714,3869,2,"2023-10-20 03:55:33"
13715,6118,2,"2023-09-28 05:57:01"
13716,3324,2,"2024-01-07 23:04:39"
13717,3159,2,"2024-01-14 00:55:48"
13718,1924,2,"2024-03-14 05:02:26"
13719,2935,2,"2024-02-01 00:04:28"
13720,4211,2,"2024-01-03 13:10:45"
13721,4998,2,"2023-11-19 18:03:11"
13722,6226,2,"2024-01-12 12:59:44"
13723,6738,2,"2023-12-27 22:00:04"
13724,3037,2,"2023-07-11 19:20:03"
13725,7347,2,"2023-12-03 02:11:08"
13726,6545,2,"2023-12-29 06:34:37"
13727,4793,2,"2023-10-06 12:15:24"
13728,4092,2,"2024-05-04 07:14:21"
13729,6886,2,"2023-08-30 09:57:32"
13730,2290,2,"2023-09-11 07:28:57"
13731,1734,2,"2023-08-13 16:24:34"
13732,1775,2,"2023-06-22 08:01:35"
13733,4157,2,"2023-09-21 17:47:02"
13734,7110,2,"2024-03-27 12:51:18"
13735,862,2,"2024-03-30 06:20:58"
13736,6094,2,"2024-05-13 07:47:08"
13737,1554,2,"2023-09-29 06:09:59"
13738,7467,2,"2023-11-12 20:00:54"
13739,3067,2,"2024-01-28 19:12:11"
13740,1321,2,"2023-09-17 15:26:14"
13741,1841,2,"2024-06-13 09:43:30"
13742,3988,2,"2023-09-18 21:25:34"
13743,1850,2,"2024-06-07 15:34:33"
13744,4284,2,"2023-10-13 05:50:42"
13745,1018,2,"2024-03-20 21:03:44"
13746,129,2,"2023-08-25 09:48:41"
13747,2248,2,"2024-02-27 06:19:19"
13748,1700,2,"2023-09-14 18:48:26"
13749,251,2,"2024-04-20 17:42:22"
13750,1682,2,"2023-10-25 09:11:47"
13751,7083,2,"2023-06-24 07:12:25"
13752,7354,2,"2023-09-24 11:19:34"
13753,5048,2,"2023-09-24 10:43:52"
13754,2598,2,"2024-05-10 03:25:06"
13755,669,2,"2023-11-02 02:20:53"
13756,6339,2,"2024-05-07 19:57:35"
13757,5373,2,"2023-06-21 23:20:16"
13758,7504,2,"2023-10-01 07:39:35"
13759,521,2,"2024-06-11 17:47:29"
13760,7236,2,"2024-04-21 15:53:29"
13761,1206,2,"2023-09-28 01:20:56"
13762,2800,2,"2024-04-26 11:37:36"
13763,5707,2,"2024-06-13 18:24:17"
13764,5993,2,"2024-03-12 15:25:45"
13765,4975,2,"2023-08-31 00:56:03"
13766,4349,2,"2024-02-23 20:16:46"
13767,2712,2,"2023-08-07 19:15:31"
13768,2961,2,"2024-02-01 08:57:47"
13769,3264,2,"2023-11-17 04:50:38"
13770,560,2,"2023-10-08 02:19:54"
13771,6870,2,"2024-03-18 18:53:23"
13772,2789,2,"2023-11-16 02:03:46"
13773,3559,2,"2024-01-29 17:08:58"
13774,724,2,"2024-03-06 00:50:11"
13775,1033,2,"2024-01-03 16:09:14"
13776,6051,2,"2023-08-08 07:42:59"
13777,6712,2,"2024-06-13 02:44:32"
13778,6281,2,"2024-04-14 22:36:26"
13779,3872,2,"2023-11-24 05:23:52"
13780,4414,2,"2023-07-04 21:29:42"
13781,6428,2,"2023-07-23 06:54:36"
13782,4226,2,"2024-02-20 16:22:04"
13783,504,2,"2024-05-10 18:52:56"
13784,7454,2,"2023-09-26 08:53:26"
13785,3960,2,"2023-12-13 01:30:11"
13786,4385,2,"2024-01-08 14:32:21"
13787,4985,2,"2024-01-15 04:08:31"
13788,2152,2,"2023-12-05 07:49:16"
13789,29,2,"2024-01-31 18:46:37"
13790,6964,2,"2024-01-14 14:03:57"
13791,5006,2,"2023-12-16 14:29:47"
13792,6019,2,"2024-02-28 09:55:37"
13793,4422,2,"2023-10-11 23:52:49"
13794,1303,2,"2024-04-06 20:26:43"
13795,3431,2,"2023-07-27 07:49:45"
13796,7000,2,"2023-09-24 13:40:19"
13797,2780,2,"2023-10-02 10:25:03"
13798,3581,2,"2024-01-01 21:02:52"
13799,6484,2,"2023-09-23 21:12:32"
13800,6479,2,"2023-09-26 14:55:28"
13801,4559,2,"2023-09-06 18:56:34"
13802,4925,2,"2023-07-09 20:37:54"
13803,6697,2,"2023-06-28 20:59:09"
13804,2239,2,"2023-10-08 11:05:12"
13805,4424,2,"2024-01-06 12:17:12"
13806,194,2,"2024-06-08 03:45:53"
13807,4440,2,"2024-05-26 10:07:24"
13808,1241,2,"2023-07-02 14:26:16"
13809,4818,2,"2024-03-11 03:03:12"
13810,2299,2,"2024-06-04 20:57:28"
13811,4163,2,"2023-09-13 14:39:32"
13812,4399,2,"2023-10-07 23:17:45"
13813,1733,2,"2023-08-22 09:31:02"
13814,4285,2,"2024-01-10 07:11:11"
13815,4893,2,"2024-02-11 12:49:42"
13816,1319,2,"2023-10-28 13:21:44"
13817,6089,2,"2023-10-07 05:48:00"
13818,2582,2,"2023-08-19 12:21:14"
13819,6867,2,"2023-09-21 02:05:31"
13820,6330,2,"2023-07-13 15:27:44"
13821,2252,2,"2023-09-27 20:10:55"
13822,120,2,"2024-03-17 22:46:40"
13823,6988,2,"2023-10-18 00:24:37"
13824,6190,2,"2024-02-22 11:47:01"
13825,1035,2,"2024-05-17 01:37:19"
13826,3404,2,"2023-09-02 02:49:40"
13827,4961,2,"2024-01-22 23:22:49"
13828,6671,2,"2024-03-02 23:24:40"
13829,19,2,"2024-03-04 19:24:57"
13830,7245,2,"2023-09-27 11:49:45"
13831,4921,2,"2024-03-30 09:55:10"
13832,3610,2,"2023-07-28 22:59:18"
13833,693,2,"2024-06-19 05:27:49"
13834,2666,2,"2024-05-16 08:31:38"
13835,3447,2,"2024-04-13 02:19:21"
13836,3517,2,"2023-10-29 21:08:40"
13837,5880,2,"2023-11-25 23:05:45"
13838,294,2,"2024-01-06 20:14:39"
13839,6308,2,"2023-07-06 16:07:38"
13840,2736,2,"2024-02-01 01:12:34"
13841,5286,2,"2023-11-11 18:55:23"
13842,3044,2,"2024-03-04 10:52:47"
13843,2346,2,"2024-05-15 01:54:39"
13844,6490,2,"2024-05-02 18:50:06"
13845,2981,2,"2023-08-16 07:41:39"
13846,2878,2,"2024-01-24 10:43:01"
13847,728,2,"2024-02-08 05:20:23"
13848,4344,2,"2023-06-21 17:09:20"
13849,6703,2,"2024-01-16 01:18:12"
13850,3082,2,"2023-11-09 22:23:31"
13851,4617,2,"2023-11-08 20:51:00"
13852,5586,2,"2023-11-08 07:38:02"
13853,5108,2,"2023-12-14 14:45:24"
13854,2722,2,"2023-09-14 11:51:26"
13855,2812,2,"2024-02-11 21:49:44"
13856,3248,2,"2023-12-24 06:00:45"
13857,673,2,"2023-08-20 19:58:37"
13858,5535,2,"2023-08-22 09:25:51"
13859,2806,2,"2023-10-30 18:42:03"
13860,1357,2,"2024-06-18 02:44:26"
13861,5349,2,"2024-03-03 20:39:56"
13862,707,2,"2023-10-09 20:50:55"
13863,6443,2,"2023-09-12 13:55:38"
13864,4859,2,"2023-10-13 05:40:30"
13865,3295,2,"2024-01-31 13:32:56"
13866,5550,2,"2024-01-11 23:11:55"
13867,4614,2,"2023-08-23 15:47:54"
13868,6716,2,"2023-09-20 15:56:29"
13869,4865,2,"2024-03-25 12:08:06"
13870,124,2,"2024-02-05 16:17:50"
13871,5301,2,"2024-02-04 04:35:01"
13872,6952,2,"2024-05-07 18:59:54"
13873,3249,2,"2023-10-19 12:30:52"
13874,50,2,"2023-07-17 20:22:52"
13875,2573,2,"2023-07-23 00:08:42"
13876,2633,2,"2023-08-28 00:59:00"
13877,3973,2,"2023-11-16 23:52:01"
13878,6602,2,"2023-10-01 22:40:12"
13879,3544,2,"2023-06-28 17:18:13"
13880,2474,2,"2023-10-19 23:48:23"
13881,7093,2,"2023-08-14 17:07:47"
13882,4063,2,"2023-10-05 10:39:35"
13883,2372,2,"2023-07-25 01:36:25"
13884,5532,2,"2023-07-30 03:23:56"
13885,3236,2,"2024-03-27 20:15:56"
13886,2642,2,"2024-04-15 21:31:22"
13887,3508,2,"2024-02-10 09:32:42"
13888,4745,2,"2023-11-16 21:48:32"
13889,3998,2,"2023-11-04 19:13:08"
13890,612,2,"2024-05-28 22:59:48"
13891,1825,2,"2024-05-23 01:14:08"
13892,545,2,"2024-02-01 19:44:36"
13893,1150,2,"2024-01-01 04:38:09"
13894,3886,2,"2023-06-28 11:25:46"
13895,6632,2,"2023-07-18 15:34:04"
13896,896,2,"2024-06-03 09:58:03"
13897,2641,2,"2024-01-04 04:57:47"
13898,487,2,"2023-11-23 19:20:59"
13899,3700,2,"2023-12-28 20:50:55"
13900,4,2,"2023-07-12 20:26:30"
13901,891,2,"2024-03-02 12:05:49"
13902,7178,2,"2024-01-25 08:52:29"
13903,1304,2,"2023-08-31 03:17:01"
13904,3102,2,"2024-04-28 04:55:14"
13905,3495,2,"2024-06-06 00:06:04"
13906,3697,2,"2024-01-30 23:33:51"
13907,3867,2,"2023-11-18 23:37:30"
13908,2511,2,"2024-01-26 00:46:11"
13909,2559,2,"2024-01-19 22:09:30"
13910,7519,2,"2024-05-21 03:15:50"
13911,1492,2,"2024-02-19 06:06:28"
13912,469,2,"2024-05-16 20:04:36"
13913,2830,2,"2023-09-07 14:02:31"
13914,5263,2,"2023-08-27 12:00:00"
13915,1718,2,"2024-03-06 20:11:49"
13916,4583,2,"2024-03-23 17:18:31"
13917,1308,2,"2023-11-12 01:56:29"
13918,4716,2,"2024-04-10 06:57:34"
13919,4697,2,"2023-09-06 01:36:14"
13920,1717,2,"2024-05-14 02:51:35"
13921,7495,2,"2024-05-01 04:44:57"
13922,468,2,"2023-09-07 17:32:51"
13923,7084,2,"2024-01-10 11:26:15"
13924,7082,2,"2024-04-14 01:17:33"
13925,486,2,"2024-06-09 23:52:09"
13926,5805,2,"2023-07-02 22:21:53"
13927,3075,2,"2023-10-14 05:28:44"
13928,483,2,"2024-01-02 13:14:53"
13929,3528,2,"2023-09-01 02:48:29"
13930,1347,2,"2024-05-11 10:04:36"
13931,7386,2,"2023-08-13 00:49:10"
13932,3980,2,"2024-04-03 19:05:57"
13933,574,2,"2024-04-15 12:27:07"
13934,3625,2,"2023-08-08 18:15:19"
13935,726,2,"2023-10-12 00:53:59"
13936,904,2,"2023-11-22 20:08:41"
13937,531,2,"2024-02-10 21:47:16"
13938,7433,2,"2023-09-29 22:46:50"
13939,2292,2,"2024-01-29 20:47:13"
13940,4030,2,"2024-02-05 00:56:17"
13941,157,2,"2023-07-18 02:29:00"
13942,7209,2,"2023-08-23 00:59:20"
13943,4025,2,"2024-02-18 04:08:29"
13944,4436,2,"2023-11-17 21:03:25"
13945,739,2,"2023-07-05 12:50:05"
13946,1450,2,"2024-02-20 08:39:33"
13947,968,2,"2023-12-29 12:24:34"
13948,5744,2,"2023-07-19 00:52:54"
13949,6523,2,"2023-11-25 00:49:57"
13950,5727,2,"2023-10-04 08:47:58"
13951,4332,2,"2024-04-05 07:52:41"
13952,321,2,"2024-05-14 15:19:44"
13953,2122,2,"2023-07-02 03:37:29"
13954,6908,2,"2024-02-04 16:44:50"
13955,2828,2,"2024-01-11 04:53:45"
13956,1817,2,"2024-01-02 01:27:31"
13957,1138,2,"2024-04-27 06:54:53"
13958,4364,2,"2024-05-23 06:13:19"
13959,7024,2,"2023-08-11 11:21:13"
13960,3914,2,"2023-09-14 18:13:12"
13961,1865,2,"2023-10-17 01:16:12"
13962,4698,2,"2024-01-12 07:19:34"
13963,1478,2,"2023-08-14 17:04:53"
13964,4728,2,"2023-07-08 02:47:33"
13965,1941,2,"2023-08-23 09:22:01"
13966,2657,2,"2023-12-04 07:17:38"
13967,3401,2,"2023-07-25 11:57:08"
13968,4099,2,"2024-03-17 13:51:29"
13969,6970,2,"2024-03-26 08:58:59"
13970,2458,2,"2024-04-10 11:04:24"
13971,479,2,"2024-02-28 08:44:19"
13972,1452,2,"2023-09-12 03:35:22"
13973,3116,2,"2023-07-11 03:35:59"
13974,4138,2,"2023-12-25 21:28:07"
13975,2214,2,"2023-10-27 14:44:13"
13976,4225,2,"2023-12-02 19:32:29"
13977,3525,2,"2023-07-29 18:31:28"
13978,928,2,"2024-05-14 07:52:00"
13979,3282,2,"2023-12-08 14:12:21"
13980,1839,2,"2023-07-16 11:00:18"
13981,7079,2,"2023-10-08 02:10:37"
13982,78,2,"2024-04-21 02:21:53"
13983,2655,2,"2024-01-16 22:51:20"
13984,4076,2,"2023-12-03 12:05:51"
13985,6839,2,"2023-12-16 13:25:02"
13986,7243,2,"2023-11-30 16:08:17"
13987,433,2,"2023-10-14 05:39:43"
13988,6011,2,"2023-09-26 09:21:56"
13989,1861,2,"2024-01-07 13:19:42"
13990,6348,2,"2024-06-11 18:57:03"
13991,5693,2,"2024-02-03 00:10:34"
13992,6619,2,"2023-10-20 09:16:08"
13993,4809,2,"2023-08-12 14:03:23"
13994,187,2,"2024-03-26 00:42:30"
13995,3093,2,"2023-10-23 23:48:10"
13996,1833,2,"2023-11-07 08:23:50"
13997,5844,2,"2024-04-10 15:07:11"
13998,1732,2,"2023-09-18 14:48:56"
13999,629,2,"2023-11-01 05:22:09"
14000,3270,2,"2024-01-21 04:26:28"
14001,7436,2,"2023-11-13 19:45:16"
14002,359,2,"2024-03-11 20:55:56"
14003,6477,2,"2023-11-11 20:34:01"
14004,1536,2,"2023-12-29 01:20:01"
14005,7444,2,"2024-06-18 05:44:44"
14006,2306,2,"2023-08-21 23:16:08"
14007,1727,2,"2024-03-19 01:16:39"
14008,3394,2,"2024-01-02 03:29:24"
14009,3519,2,"2023-07-12 03:01:27"
14010,6005,2,"2023-09-30 14:23:13"
14011,1412,2,"2023-10-05 11:28:56"
14012,352,2,"2023-12-18 21:14:14"
14013,2887,2,"2024-01-16 17:02:06"
14014,7039,2,"2024-04-15 19:12:43"
14015,5238,2,"2023-08-04 16:20:25"
14016,3682,2,"2024-05-06 04:18:14"
14017,2153,2,"2024-04-03 12:52:46"
14018,3179,2,"2023-12-07 22:43:14"
14019,1530,2,"2024-01-08 04:48:15"
14020,314,2,"2024-02-21 09:36:00"
14021,1430,2,"2023-08-22 17:14:25"
14022,5630,2,"2024-05-09 15:04:16"
14023,3800,2,"2024-03-18 17:49:32"
14024,1692,2,"2023-10-13 17:23:20"
14025,5676,2,"2024-04-27 16:22:36"
14026,3662,2,"2024-04-24 01:26:43"
14027,1050,2,"2023-06-30 08:31:06"
14028,5720,2,"2023-09-20 13:50:01"
14029,5589,2,"2023-11-07 21:35:52"
14030,1562,2,"2024-02-25 14:15:03"
14031,1801,2,"2024-02-20 06:46:51"
14032,6780,2,"2023-11-05 02:25:51"
14033,3440,2,"2024-05-28 14:05:44"
14034,5047,2,"2024-01-08 07:21:14"
14035,206,2,"2023-07-26 18:08:26"
14036,5983,2,"2023-07-15 20:03:38"
14037,3554,2,"2023-08-16 11:28:34"
14038,5076,2,"2023-07-07 06:22:26"
14039,5315,2,"2024-04-18 02:37:21"
14040,5981,2,"2024-06-10 11:08:04"
14041,1164,2,"2024-04-01 15:28:01"
14042,4546,2,"2023-08-30 07:05:11"
14043,3097,2,"2024-03-12 16:07:06"
14044,4431,2,"2024-04-25 11:30:20"
14045,6705,2,"2023-10-10 17:27:00"
14046,1171,2,"2024-01-08 11:42:37"
14047,1725,2,"2023-11-29 11:13:52"
14048,3632,2,"2024-03-09 16:34:42"
14049,3132,2,"2024-01-28 10:11:40"
14050,5136,2,"2023-09-04 18:38:14"
14051,6760,2,"2024-01-05 18:44:06"
14052,6684,2,"2023-07-02 18:24:29"
14053,2135,2,"2023-12-22 21:49:05"
14054,1130,2,"2023-12-28 12:32:45"
14055,3831,2,"2024-05-28 01:13:28"
14056,5213,2,"2024-06-02 03:13:30"
14057,3326,2,"2024-06-18 12:07:30"
14058,5203,2,"2023-10-20 08:57:50"
14059,4918,2,"2023-06-21 08:42:53"
14060,7378,2,"2023-11-05 14:45:34"
14061,5114,2,"2023-12-21 14:55:08"
14062,3643,2,"2023-12-01 15:28:31"
14063,7321,2,"2023-07-12 00:33:26"
14064,4905,2,"2024-01-23 03:06:16"
14065,7225,2,"2024-03-28 16:08:46"
14066,2513,2,"2023-08-25 19:39:51"
14067,2166,2,"2023-12-27 15:27:06"
14068,1335,2,"2024-03-24 18:10:08"
14069,5339,2,"2023-09-13 11:25:46"
14070,2329,2,"2024-06-12 20:11:07"
14071,2904,2,"2023-11-24 03:33:43"
14072,6365,2,"2024-03-04 03:55:46"
14073,333,2,"2023-12-02 20:31:00"
14074,5914,2,"2023-10-16 19:04:56"
14075,2921,2,"2024-04-22 10:39:14"
14076,3589,2,"2023-07-21 04:14:44"
14077,7159,2,"2024-03-16 00:32:17"
14078,757,2,"2023-08-01 04:34:05"
14079,5250,2,"2023-11-15 20:39:46"
14080,2672,2,"2024-03-03 21:56:35"
14081,6771,2,"2023-08-13 18:21:06"
14082,5553,2,"2024-02-25 23:14:21"
14083,805,2,"2024-04-09 13:40:18"
14084,3570,2,"2023-12-17 02:15:40"
14085,540,2,"2023-10-30 22:14:57"
14086,3948,2,"2024-04-20 11:12:00"
14087,3944,2,"2024-04-28 17:55:27"
14088,7030,2,"2023-11-22 20:16:11"
14089,3812,2,"2024-04-19 01:49:05"
14090,976,2,"2023-07-03 18:22:18"
14091,6274,2,"2023-09-27 19:38:43"
14092,3782,2,"2024-01-31 09:19:25"
14093,4996,2,"2024-03-29 20:23:09"
14094,7426,2,"2023-09-08 19:06:23"
14095,3591,2,"2023-12-08 00:22:24"
14096,6453,2,"2024-03-09 18:37:53"
14097,1906,2,"2024-02-26 00:59:39"
14098,966,2,"2024-03-20 13:50:12"
14099,2045,2,"2023-09-06 02:54:04"
14100,1002,2,"2023-11-25 16:50:26"
14101,3151,2,"2024-03-02 18:24:49"
14102,2677,2,"2023-08-17 05:24:19"
14103,2545,2,"2023-11-17 04:42:01"
14104,913,2,"2024-02-29 20:34:14"
14105,4073,2,"2024-02-16 05:37:41"
14106,1779,2,"2023-09-03 19:04:35"
14107,2187,2,"2024-05-27 10:33:39"
14108,99,2,"2024-04-09 22:15:46"
14109,180,2,"2024-02-26 10:30:44"
14110,2548,2,"2024-02-25 09:17:02"
14111,3908,2,"2024-06-04 01:45:21"
14112,5790,2,"2023-09-03 21:47:10"
14113,4301,2,"2024-02-25 20:45:25"
14114,1078,2,"2023-12-28 02:09:19"
14115,5384,2,"2023-12-29 17:05:20"
14116,575,2,"2023-09-16 18:34:58"
14117,3395,2,"2023-09-06 17:01:22"
14118,3573,2,"2024-02-23 11:40:21"
14119,5840,2,"2023-07-06 18:51:30"
14120,2840,2,"2024-06-02 14:38:11"
14121,6440,2,"2023-11-21 05:10:36"
14122,5342,2,"2023-11-02 14:51:30"
14123,4126,2,"2024-03-04 12:51:49"
14124,3627,2,"2023-11-13 02:12:32"
14125,5943,2,"2024-01-31 04:00:43"
14126,5596,2,"2024-06-16 02:13:03"
14127,2686,2,"2024-03-13 18:04:32"
14128,2934,2,"2024-01-26 13:56:24"
14129,446,2,"2024-02-13 22:06:57"
14130,3982,2,"2024-05-25 19:57:54"
14131,2362,2,"2024-01-27 10:30:39"
14132,4267,2,"2024-05-13 20:04:26"
14133,5487,2,"2024-06-11 00:49:08"
14134,217,2,"2024-04-18 00:42:41"
14135,557,2,"2023-09-23 03:31:45"
14136,7029,2,"2024-04-11 00:04:24"
14137,7248,2,"2024-05-12 15:06:56"
14138,390,2,"2023-12-21 19:10:30"
14139,6913,2,"2023-08-30 16:01:00"
14140,6412,2,"2023-09-18 00:08:04"
14141,2774,2,"2024-01-24 17:22:12"
14142,4514,2,"2024-06-01 20:29:02"
14143,133,2,"2023-07-08 17:53:37"
14144,2708,2,"2023-12-13 20:31:27"
14145,367,2,"2024-03-30 18:31:46"
14146,3687,2,"2024-03-15 05:56:03"
14147,451,2,"2024-02-01 13:57:03"
14148,7509,2,"2024-03-09 21:28:55"
14149,5366,2,"2023-07-20 21:08:38"
14150,887,2,"2023-11-05 18:41:47"
14151,348,2,"2024-06-02 20:15:02"
14152,959,2,"2023-10-07 20:30:23"
14153,303,2,"2024-02-23 12:59:27"
14154,4144,2,"2023-12-12 11:48:03"
14155,1920,2,"2023-11-21 11:32:44"
14156,5409,2,"2023-09-22 16:37:24"
14157,1785,2,"2024-04-20 12:06:54"
14158,126,2,"2023-07-29 06:16:22"
14159,408,2,"2023-09-10 20:50:32"
14160,7440,2,"2023-09-17 17:35:23"
14161,768,2,"2023-08-26 05:21:16"
14162,1768,2,"2024-06-17 02:11:36"
14163,1383,2,"2023-08-12 12:28:13"
14164,3712,2,"2023-12-25 02:59:01"
14165,5922,2,"2024-03-03 22:47:29"
14166,1346,2,"2023-07-06 01:05:45"
14167,6392,2,"2024-01-26 03:31:47"
14168,2811,2,"2023-08-12 20:56:30"
14169,868,2,"2023-10-14 17:26:21"
14170,5462,2,"2023-06-25 15:03:39"
14171,5985,2,"2024-06-12 22:15:26"
14172,5907,2,"2023-12-19 20:41:35"
14173,7301,2,"2024-04-04 13:59:15"
14174,3790,2,"2023-08-29 00:57:49"
14175,6301,2,"2024-01-03 15:14:44"
14176,1983,2,"2023-12-13 06:28:34"
14177,7056,2,"2023-11-12 19:19:53"
14178,3197,2,"2024-04-21 19:34:37"
14179,7061,2,"2024-03-13 19:08:23"
14180,6535,2,"2023-06-21 23:30:52"
14181,6592,2,"2024-05-12 11:19:38"
14182,4723,2,"2023-10-10 07:46:28"
14183,6209,2,"2024-04-26 07:47:01"
14184,6943,2,"2024-02-17 17:56:17"
14185,6578,2,"2023-11-02 17:27:16"
14186,6813,2,"2023-11-15 04:59:29"
14187,5853,2,"2023-08-08 21:17:54"
14188,7459,2,"2023-11-07 00:57:17"
14189,5154,2,"2023-11-02 17:10:30"
14190,6364,2,"2024-04-12 02:17:11"
14191,5638,2,"2023-06-21 13:58:21"
14192,7064,2,"2023-10-10 07:44:11"
14193,5773,2,"2024-01-14 03:06:55"
14194,4999,2,"2023-10-04 10:00:22"
14195,6093,2,"2023-11-08 18:31:14"
14196,2420,2,"2024-04-05 20:27:59"
14197,154,2,"2024-01-17 12:39:40"
14198,327,2,"2023-08-13 01:14:16"
14199,1805,2,"2024-03-16 01:28:11"
14200,3252,2,"2023-10-14 01:16:48"
14201,2048,2,"2023-08-24 04:29:55"
14202,1391,2,"2024-06-17 01:15:14"
14203,4661,2,"2023-10-09 22:13:17"
14204,2729,2,"2023-12-17 21:29:07"
14205,5362,2,"2024-02-08 09:22:29"
14206,6539,2,"2023-07-14 22:23:22"
14207,70,2,"2024-05-12 01:46:48"
14208,4032,2,"2023-10-04 04:20:21"
14209,6474,2,"2023-10-19 06:30:25"
14210,2584,2,"2023-09-04 21:55:07"
14211,603,2,"2024-05-10 05:59:51"
14212,5639,2,"2023-10-09 09:25:31"
14213,3769,2,"2024-02-11 23:13:12"
14214,4774,2,"2024-05-17 12:31:55"
14215,330,2,"2024-05-01 11:35:47"
14216,4171,2,"2023-09-28 10:11:52"
14217,2551,2,"2024-03-29 17:48:07"
14218,4970,2,"2024-02-03 08:46:04"
14219,7359,2,"2023-10-26 21:43:04"
14220,4679,2,"2023-09-18 03:34:12"
14221,4769,2,"2024-02-26 06:50:09"
14222,863,2,"2024-05-17 18:06:26"
14223,6998,2,"2024-05-22 20:02:56"
14224,6532,2,"2024-01-24 12:50:48"
14225,4499,2,"2023-09-01 21:51:41"
14226,5830,2,"2023-07-09 21:20:21"
14227,5556,2,"2023-08-11 00:45:53"
14228,400,2,"2024-01-25 00:00:51"
14229,7479,2,"2023-07-08 16:40:53"
14230,1527,2,"2023-12-14 14:55:03"
14231,1028,2,"2023-10-22 00:39:56"
14232,6501,2,"2024-03-10 09:14:20"
14233,2062,2,"2023-08-26 22:55:16"
14234,5926,2,"2023-11-16 13:09:55"
14235,3669,2,"2023-07-08 21:06:24"
14236,3454,2,"2024-04-06 04:31:07"
14237,4048,2,"2023-09-11 19:17:48"
14238,1976,2,"2023-12-18 19:22:35"
14239,4059,2,"2023-10-13 12:50:06"
14240,2867,2,"2023-11-10 00:13:01"
14241,1105,2,"2023-11-02 03:40:16"
14242,4372,2,"2024-04-24 05:28:01"
14243,6683,2,"2023-07-28 21:37:24"
14244,5217,2,"2024-05-16 10:32:37"
14245,21,2,"2023-09-04 16:06:56"
14246,1156,2,"2024-05-22 16:16:18"
14247,288,2,"2023-09-29 13:18:43"
14248,6499,2,"2024-02-16 05:09:00"
14249,5497,2,"2024-05-09 21:14:50"
14250,7009,2,"2023-12-20 15:54:53"
14251,6470,2,"2024-05-07 08:24:08"
14252,4836,2,"2023-12-07 08:10:02"
14253,5489,2,"2023-08-02 21:56:29"
14254,5524,2,"2023-12-25 15:43:47"
14255,3340,2,"2024-01-30 06:08:09"
14256,4526,2,"2023-06-27 16:24:58"
14257,3897,2,"2024-05-28 00:28:33"
14258,3237,2,"2023-10-29 20:36:00"
14259,2074,2,"2023-08-10 18:58:11"
14260,2929,2,"2023-08-04 01:39:28"
14261,3104,2,"2024-02-06 04:53:04"
14262,3820,2,"2024-02-11 01:41:40"
14263,5285,2,"2023-08-24 00:30:26"
14264,2471,2,"2023-10-27 14:01:38"
14265,6924,2,"2023-06-20 16:27:50"
14266,3069,2,"2024-01-22 02:01:31"
14267,5738,2,"2024-05-24 04:15:34"
14268,5215,2,"2023-07-30 21:16:15"
14269,2808,2,"2023-10-20 20:35:07"
14270,5793,2,"2024-02-07 13:47:36"
14271,6216,2,"2024-02-01 00:49:23"
14272,7189,2,"2024-03-08 03:15:39"
14273,3071,2,"2024-03-11 08:21:42"
14274,6558,2,"2023-11-19 08:09:38"
14275,925,2,"2023-07-19 14:59:02"
14276,5314,2,"2023-11-30 07:16:07"
14277,481,2,"2023-11-08 09:04:16"
14278,1635,2,"2024-02-09 11:58:33"
14279,7111,2,"2024-03-03 06:45:05"
14280,5056,2,"2023-11-12 22:57:36"
14281,5278,2,"2023-12-21 16:06:13"
14282,2782,2,"2024-02-05 00:33:47"
14283,6896,2,"2024-03-31 12:04:45"
14284,275,2,"2024-05-12 14:52:31"
14285,6819,2,"2023-09-20 22:50:46"
14286,1660,2,"2024-03-13 12:48:14"
14287,1998,2,"2023-11-23 04:39:48"
14288,788,2,"2024-06-14 18:02:50"
14289,1225,2,"2024-04-21 02:58:02"
14290,5131,2,"2023-08-19 04:40:00"
14291,2668,2,"2024-03-05 07:24:07"
14292,740,2,"2023-07-27 02:33:10"
14293,450,2,"2023-08-27 12:40:24"
14294,6290,2,"2023-09-22 21:25:53"
14295,2505,2,"2024-01-05 16:20:38"
14296,6544,2,"2023-12-12 16:51:04"
14297,4027,2,"2023-08-12 13:31:41"
14298,6833,2,"2024-03-01 17:43:03"
14299,4380,2,"2023-11-03 18:53:29"
14300,6261,2,"2024-05-18 22:09:28"
14301,6869,2,"2023-12-15 12:18:47"
14302,1722,2,"2024-05-07 01:56:52"
14303,3566,2,"2024-05-18 14:53:57"
14304,5211,2,"2023-09-03 05:36:28"
14305,4208,2,"2023-10-27 00:25:33"
14306,5016,2,"2024-03-03 18:29:40"
14307,843,2,"2024-05-06 02:19:32"
14308,745,2,"2024-06-07 13:18:05"
14309,4400,2,"2023-12-09 06:58:28"
14310,238,2,"2024-04-07 04:10:05"
14311,6678,2,"2023-07-30 12:57:26"
14312,5312,2,"2024-02-23 03:52:35"
14313,6390,2,"2023-08-07 14:27:32"
14314,103,2,"2023-12-27 07:39:13"
14315,5915,2,"2024-06-11 04:23:38"
14316,7031,2,"2024-04-09 17:34:12"
14317,6020,2,"2023-09-04 06:41:39"
14318,3756,2,"2023-10-17 10:49:57"
14319,5086,2,"2024-02-27 19:28:21"
14320,2962,2,"2024-02-20 01:55:26"
14321,1545,2,"2024-01-19 08:37:30"
14322,3267,2,"2024-05-13 21:26:56"
14323,4772,2,"2023-12-10 11:38:19"
14324,2055,2,"2023-09-16 16:13:45"
14325,7508,2,"2023-08-04 07:33:05"
14326,6950,2,"2024-06-09 18:38:22"
14327,3013,2,"2024-02-03 08:31:35"
14328,1709,2,"2024-04-03 10:50:31"
14329,6562,2,"2024-02-19 18:58:46"
14330,3025,2,"2024-02-24 15:23:18"
14331,636,2,"2024-05-12 08:04:08"
14332,13,2,"2024-05-16 03:51:07"
14333,550,2,"2024-01-03 10:48:19"
14334,7471,2,"2023-09-29 10:28:33"
14335,77,2,"2023-06-24 13:18:59"
14336,7091,2,"2023-09-21 02:52:47"
14337,5186,2,"2024-06-05 16:22:37"
14338,69,2,"2023-08-08 00:05:06"
14339,5477,2,"2023-08-06 06:19:43"
14340,4983,2,"2023-12-10 23:02:24"
14341,3513,2,"2023-08-06 16:35:00"
14342,1245,2,"2024-02-02 09:25:52"
14343,2014,2,"2024-05-14 20:07:10"
14344,593,3,"2024-01-19 20:17:04"
14345,4380,3,"2023-11-03 20:05:29"
14346,435,3,"2023-10-23 16:51:34"
14347,2394,3,"2024-04-11 04:01:43"
14348,5092,3,"2023-12-25 22:03:00"
14349,2168,3,"2024-01-17 12:24:00"
14350,6779,3,"2023-11-30 06:00:40"
14351,6063,3,"2024-04-13 10:41:45"
14352,2685,3,"2023-09-16 15:49:03"
14353,6804,3,"2024-04-23 15:18:25"
14354,1641,3,"2024-03-08 23:06:01"
14355,4430,3,"2024-02-21 18:16:24"
14356,3737,3,"2023-10-20 07:53:38"
14357,5097,3,"2023-12-13 04:15:47"
14358,5723,3,"2023-09-22 05:50:46"
14359,4157,3,"2023-09-21 20:35:02"
14360,4945,3,"2023-11-08 07:26:09"
14361,4525,3,"2024-06-09 13:01:48"
14362,6154,3,"2024-02-29 14:07:06"
14363,1607,3,"2024-03-31 05:17:32"
14364,5048,3,"2023-09-24 19:31:52"
14365,3871,3,"2024-02-14 01:36:34"
14366,4966,3,"2023-11-05 19:32:58"
14367,2430,3,"2023-07-25 02:42:24"
14368,4476,3,"2023-12-01 18:23:36"
14369,6496,3,"2024-01-08 07:31:44"
14370,7136,3,"2023-10-13 04:24:11"
14371,2265,3,"2023-12-26 01:58:50"
14372,1834,3,"2023-11-05 08:17:06"
14373,3870,3,"2023-07-26 03:45:43"
14374,6665,3,"2023-10-11 09:38:12"
14375,5294,3,"2024-04-14 13:43:13"
14376,2164,3,"2023-08-04 02:58:07"
14377,5189,3,"2024-01-22 00:43:23"
14378,4367,3,"2023-08-19 03:14:06"
14379,6144,3,"2024-03-14 03:17:56"
14380,6971,3,"2023-10-05 07:27:55"
14381,4707,3,"2023-07-14 15:54:41"
14382,6337,3,"2024-02-11 10:23:55"
14383,6436,3,"2024-01-27 22:23:32"
14384,4829,3,"2024-02-24 11:44:00"
14385,7092,3,"2023-09-26 09:21:04"
14386,2589,3,"2024-03-17 01:00:10"
14387,2917,3,"2024-05-20 07:13:28"
14388,5143,3,"2024-06-09 14:48:15"
14389,5662,3,"2023-10-21 23:32:43"
14390,3384,3,"2024-06-04 19:07:30"
14391,5635,3,"2024-02-04 00:30:51"
14392,3738,3,"2024-01-05 03:07:26"
14393,181,3,"2023-08-13 22:45:19"
14394,86,3,"2023-07-11 12:49:54"
14395,1334,3,"2023-11-25 22:54:09"
14396,6106,3,"2024-04-19 09:51:06"
14397,1838,3,"2023-11-29 13:02:26"
14398,6261,3,"2024-05-19 05:45:28"
14399,3585,3,"2024-02-23 14:51:39"
14400,6212,3,"2024-01-13 21:53:34"
14401,4864,3,"2023-07-09 11:47:55"
14402,1723,3,"2023-11-12 02:48:29"
14403,5347,3,"2023-09-15 03:11:24"
14404,2898,3,"2023-12-30 19:46:51"
14405,3147,3,"2023-11-09 20:27:08"
14406,4961,3,"2024-01-23 01:34:49"
14407,3679,3,"2023-10-17 11:49:03"
14408,910,3,"2024-04-08 19:54:48"
14409,3967,3,"2023-07-13 00:16:16"
14410,719,3,"2024-06-08 05:26:56"
14411,1180,3,"2023-11-12 12:19:07"
14412,1932,3,"2023-07-03 01:32:17"
14413,1596,3,"2023-09-25 01:35:05"
14414,2929,3,"2023-08-04 10:51:28"
14415,4024,3,"2024-05-04 09:28:58"
14416,2429,3,"2023-10-17 01:54:28"
14417,717,3,"2023-07-19 19:16:30"
14418,6519,3,"2024-05-19 12:51:01"
14419,1352,3,"2023-10-05 15:28:50"
14420,5437,3,"2024-04-25 06:28:20"
14421,6335,3,"2023-09-24 03:09:39"
14422,4571,3,"2023-10-22 19:53:35"
14423,3567,3,"2024-04-21 15:23:42"
14424,7065,3,"2023-08-07 04:02:20"
14425,540,3,"2023-10-31 01:14:57"
14426,2290,3,"2023-09-11 10:16:57"
14427,3765,3,"2023-07-29 14:09:19"
14428,5127,3,"2023-07-14 13:47:25"
14429,2947,3,"2024-05-01 20:50:28"
14430,4505,3,"2023-10-15 20:30:45"
14431,5230,3,"2024-05-21 21:00:49"
14432,2908,3,"2024-05-12 06:07:26"
14433,5277,3,"2023-07-19 18:46:55"
14434,4633,3,"2023-10-25 11:38:42"
14435,1115,3,"2023-10-15 06:24:04"
14436,330,3,"2024-05-01 15:23:47"
14437,6005,3,"2023-10-01 00:47:13"
14438,3305,3,"2023-12-25 22:51:20"
14439,5862,3,"2023-10-06 22:42:03"
14440,4233,3,"2023-08-04 18:15:35"
14441,1513,3,"2023-10-19 20:56:58"
14442,2499,3,"2024-03-06 23:31:30"
14443,3401,3,"2023-07-25 23:21:08"
14444,7459,3,"2023-11-07 03:57:17"
14445,4682,3,"2023-10-21 19:29:12"
14446,5788,3,"2023-08-14 02:06:02"
14447,1644,3,"2023-07-14 08:21:57"
14448,3449,3,"2023-06-25 12:55:59"
14449,931,3,"2023-11-21 13:31:39"
14450,2342,3,"2023-07-15 07:37:27"
14451,1039,3,"2023-12-23 08:00:06"
14452,1462,3,"2024-01-22 08:01:25"
14453,4456,3,"2023-09-21 23:20:10"
14454,675,3,"2023-11-08 07:01:18"
14455,5631,3,"2023-09-13 18:51:21"
14456,4292,3,"2024-01-31 03:51:31"
14457,2313,3,"2024-02-11 08:18:11"
14458,2559,3,"2024-01-19 23:57:30"
14459,6763,3,"2024-03-18 23:55:31"
14460,4434,3,"2023-11-03 18:17:48"
14461,3687,3,"2024-03-15 07:32:03"
14462,1154,3,"2023-08-25 07:11:27"
14463,2258,3,"2023-10-30 01:20:27"
14464,554,3,"2024-02-20 02:20:01"
14465,3837,3,"2023-09-21 15:01:23"
14466,5771,3,"2024-05-30 05:13:19"
14467,2389,3,"2023-08-22 04:46:02"
14468,4388,3,"2023-08-30 05:50:05"
14469,1859,3,"2024-04-03 14:14:58"
14470,2208,3,"2024-03-27 18:23:02"
14471,6183,3,"2023-10-01 01:44:42"
14472,2494,3,"2024-03-10 01:03:50"
14473,4319,3,"2023-09-22 21:34:28"
14474,2471,3,"2023-10-27 23:25:38"
14475,231,3,"2023-11-30 23:03:29"
14476,6655,3,"2023-11-27 05:59:07"
14477,313,3,"2023-10-24 11:15:37"
14478,5810,3,"2024-05-13 09:22:23"
14479,4334,3,"2024-03-01 02:02:13"
14480,6641,3,"2023-12-13 11:49:43"
14481,5507,3,"2024-05-27 20:22:18"
14482,3637,3,"2023-11-15 01:59:27"
14483,1507,3,"2023-09-21 22:55:09"
14484,52,3,"2024-02-26 06:54:04"
14485,4760,3,"2024-06-12 16:08:28"
14486,3148,3,"2023-08-04 15:52:21"
14487,714,3,"2024-01-12 01:38:18"
14488,170,3,"2023-10-25 01:53:29"
14489,2753,3,"2024-04-15 11:04:08"
14490,3852,3,"2024-03-01 14:45:20"
14491,1952,3,"2023-09-19 19:19:14"
14492,4365,3,"2024-05-14 09:32:52"
14493,945,3,"2024-03-15 21:44:29"
14494,3361,3,"2024-01-13 04:07:30"
14495,4383,3,"2023-12-11 12:03:28"
14496,3535,3,"2024-04-04 07:37:19"
14497,4146,3,"2024-03-15 07:00:18"
14498,6985,3,"2023-12-15 08:10:51"
14499,4599,3,"2024-04-22 02:15:19"
14500,5977,3,"2023-11-16 03:53:18"
14501,5430,3,"2024-03-04 13:53:15"
14502,1253,3,"2023-10-27 18:21:06"
14503,2779,3,"2023-12-15 19:00:15"
14504,1130,3,"2023-12-28 15:08:45"
14505,6710,3,"2023-08-02 21:21:03"
14506,7140,3,"2024-01-02 08:18:16"
14507,2982,3,"2023-10-12 09:39:12"
14508,3979,3,"2023-08-13 15:25:40"
14509,4435,3,"2023-12-09 12:43:50"
14510,6000,3,"2023-08-01 01:59:47"
14511,5320,3,"2024-04-03 17:39:55"
14512,1616,3,"2024-06-15 20:37:47"
14513,1700,3,"2023-09-14 21:12:26"
14514,868,3,"2023-10-14 18:50:21"
14515,2212,3,"2024-04-30 00:04:40"
14516,3160,3,"2023-07-08 18:10:50"
14517,6898,3,"2023-09-19 21:15:46"
14518,2595,3,"2024-03-13 21:15:00"
14519,5310,3,"2023-12-12 18:13:23"
14520,5334,3,"2024-03-15 11:19:28"
14521,4345,3,"2024-04-28 12:59:44"
14522,1226,3,"2023-11-25 10:34:51"
14523,462,3,"2024-05-28 09:49:06"
14524,243,3,"2023-08-15 16:51:35"
14525,6025,3,"2024-02-04 07:35:44"
14526,1005,3,"2024-01-29 00:41:24"
14527,4594,3,"2023-11-18 14:18:26"
14528,1494,3,"2024-02-22 02:41:51"
14529,7531,3,"2024-04-26 14:09:24"
14530,2443,3,"2024-04-08 05:34:02"
14531,4863,3,"2024-04-14 21:54:45"
14532,142,3,"2024-06-01 22:09:16"
14533,3532,3,"2024-06-01 02:04:01"
14534,1580,3,"2023-07-26 02:50:09"
14535,481,3,"2023-11-08 19:16:16"
14536,2080,3,"2024-05-14 03:44:49"
14537,3342,3,"2024-04-08 21:56:48"
14538,7536,3,"2024-04-19 00:11:27"
14539,5231,3,"2023-07-24 14:44:19"
14540,3822,3,"2023-07-04 02:28:29"
14541,7535,3,"2024-03-06 04:16:46"
14542,409,3,"2023-09-06 00:47:15"
14543,6050,3,"2024-05-09 03:10:27"
14544,353,3,"2024-06-14 03:35:47"
14545,7502,3,"2023-11-25 07:43:15"
14546,5075,3,"2023-09-29 22:04:09"
14547,1112,3,"2023-07-11 15:56:32"
14548,620,3,"2023-12-31 12:29:16"
14549,5494,3,"2024-05-01 02:45:44"
14550,54,3,"2024-06-10 12:39:45"
14551,6462,3,"2023-08-06 10:46:21"
14552,5306,3,"2024-03-15 13:35:04"
14553,1163,3,"2024-03-10 08:45:43"
14554,5308,3,"2023-06-21 23:21:04"
14555,5889,3,"2024-03-21 04:55:40"
14556,6093,3,"2023-11-09 04:43:14"
14557,2538,3,"2024-04-20 19:32:32"
14558,1042,3,"2024-05-20 10:39:48"
14559,2613,3,"2024-02-24 22:55:08"
14560,191,3,"2023-06-27 20:17:16"
14561,1821,3,"2024-06-07 07:10:07"
14562,1084,3,"2024-06-17 10:30:41"
14563,7097,3,"2023-08-10 14:43:42"
14564,731,3,"2023-12-15 21:07:56"
14565,4458,3,"2024-03-08 06:06:00"
14566,4196,3,"2024-01-22 20:39:55"
14567,6149,3,"2023-08-03 20:02:17"
14568,2623,3,"2023-11-15 12:52:28"
14569,6536,3,"2024-03-28 13:53:47"
14570,1988,3,"2024-01-27 01:03:26"
14571,2386,3,"2023-11-06 11:30:31"
14572,6313,3,"2023-10-07 22:34:04"
14573,2086,3,"2023-11-26 09:17:41"
14574,2010,3,"2024-02-17 21:01:27"
14575,6072,3,"2023-08-04 10:47:10"
14576,5154,3,"2023-11-02 18:22:30"
14577,4786,3,"2023-08-11 03:11:02"
14578,5974,3,"2023-11-19 06:04:32"
14579,769,3,"2024-04-03 16:01:28"
14580,3505,3,"2024-01-27 13:22:52"
14581,5172,3,"2023-08-25 11:47:59"
14582,4144,3,"2023-12-12 19:00:03"
14583,2946,3,"2023-10-13 17:06:49"
14584,677,3,"2024-03-10 15:03:27"
14585,4329,3,"2024-03-15 07:36:30"
14586,5258,3,"2023-09-03 17:10:39"
14587,5791,3,"2023-08-12 14:47:18"
14588,6503,3,"2023-09-04 00:11:11"
14589,3490,3,"2024-03-31 17:04:34"
14590,6950,3,"2024-06-10 03:02:22"
14591,7407,3,"2024-01-08 05:37:23"
14592,1926,3,"2023-07-01 17:52:14"
14593,4562,3,"2024-02-09 07:23:27"
14594,1994,3,"2023-09-14 02:23:00"
14595,473,3,"2024-04-22 07:21:30"
14596,2903,3,"2023-07-11 14:40:33"
14597,3814,3,"2023-07-31 23:44:01"
14598,3370,3,"2024-05-18 18:59:53"
14599,1610,3,"2023-08-06 18:38:33"
14600,6413,3,"2023-11-02 13:56:42"
14601,2400,3,"2023-10-10 11:48:18"
14602,1250,3,"2024-06-11 15:29:58"
14603,2433,3,"2023-12-14 02:17:54"
14604,1505,3,"2024-01-08 14:08:22"
14605,3793,3,"2024-04-29 20:34:58"
14606,2203,3,"2023-08-06 11:27:50"
14607,7228,3,"2023-12-24 23:38:50"
14608,5103,3,"2023-09-11 18:38:54"
14609,5410,3,"2023-08-08 16:36:29"
14610,526,3,"2024-04-09 09:30:18"
14611,6689,3,"2024-02-03 01:03:40"
14612,7331,3,"2023-10-24 12:23:40"
14613,2630,3,"2023-09-14 06:29:45"
14614,6658,3,"2023-12-18 04:57:08"
14615,490,3,"2024-05-09 11:45:27"
14616,233,3,"2023-11-30 21:47:18"
14617,6741,3,"2024-02-18 08:11:27"
14618,6062,3,"2024-01-09 23:30:27"
14619,779,3,"2023-06-26 14:34:12"
14620,7469,3,"2024-05-27 15:28:36"
14621,2301,3,"2023-07-28 17:59:17"
14622,5552,3,"2023-10-17 02:38:01"
14623,5146,3,"2023-11-28 07:17:17"
14624,3116,3,"2023-07-11 03:35:59"
14625,484,3,"2023-10-26 09:32:00"
14626,3044,3,"2024-03-04 15:40:47"
14627,575,3,"2023-09-17 01:34:58"
14628,163,3,"2023-11-12 02:38:03"
14629,5527,3,"2024-06-05 01:37:39"
14630,1003,3,"2024-05-17 14:40:01"
14631,4275,3,"2024-05-20 06:59:04"
14632,2333,3,"2024-01-07 18:38:14"
14633,4539,3,"2024-04-13 02:40:16"
14634,3781,3,"2024-05-31 19:05:28"
14635,4555,3,"2024-03-09 20:07:52"
14636,6930,3,"2024-01-11 21:25:22"
14637,3635,3,"2024-02-08 20:53:01"
14638,4743,3,"2023-09-26 23:19:01"
14639,1509,3,"2024-05-19 16:19:12"
14640,7275,3,"2024-01-20 23:39:51"
14641,2605,3,"2024-03-16 08:06:39"
14642,398,3,"2024-01-15 17:08:21"
14643,1567,3,"2023-07-16 11:44:40"
14644,678,3,"2023-07-30 02:44:56"
14645,4823,3,"2024-01-16 16:05:50"
14646,648,3,"2024-01-10 17:23:01"
14647,3406,3,"2024-01-28 01:13:17"
14648,3948,3,"2024-04-20 11:48:00"
14649,5950,3,"2023-08-24 21:28:40"
14650,4519,3,"2024-06-13 20:13:50"
14651,7204,3,"2023-08-19 07:50:24"
14652,3607,3,"2023-08-09 06:58:04"
14653,5421,3,"2023-06-29 06:15:44"
14654,4318,3,"2023-10-02 00:34:01"
14655,1034,3,"2024-01-27 04:54:09"
14656,335,3,"2023-07-17 14:43:22"
14657,1146,3,"2024-02-23 09:04:46"
14658,7238,3,"2024-03-17 07:23:11"
14659,5613,3,"2023-08-27 17:35:17"
14660,4537,3,"2024-02-28 06:14:09"
14661,1438,3,"2024-04-18 18:38:21"
14662,5398,3,"2024-05-13 06:07:01"
14663,3749,3,"2023-07-18 08:20:17"
14664,4991,3,"2023-07-30 01:01:12"
14665,3589,3,"2023-07-21 13:38:44"
14666,4881,3,"2024-05-07 23:36:14"
14667,2976,3,"2024-02-01 01:24:13"
14668,333,3,"2023-12-03 00:55:00"
14669,5925,3,"2023-10-15 12:42:22"
14670,5282,3,"2023-08-21 12:34:13"
14671,4254,3,"2024-02-09 23:20:55"
14672,99,3,"2024-04-10 05:15:46"
14673,1554,3,"2023-09-29 15:33:59"
14674,6812,3,"2023-08-30 21:31:44"
14675,2922,3,"2024-01-29 03:34:18"
14676,6860,3,"2024-05-31 05:26:38"
14677,1368,3,"2023-12-22 02:15:56"
14678,4981,3,"2024-03-20 02:14:25"
14679,2341,3,"2024-02-25 08:49:36"
14680,7523,3,"2023-11-21 09:29:36"
14681,774,3,"2023-09-10 13:14:03"
14682,2364,3,"2024-05-13 22:26:44"
14683,1168,3,"2023-12-08 17:10:24"
14684,238,3,"2024-04-07 06:46:05"
14685,995,3,"2024-03-08 22:57:16"
14686,1161,3,"2023-11-04 15:39:09"
14687,2931,3,"2024-06-04 10:52:32"
14688,1423,3,"2023-10-17 20:42:37"
14689,846,3,"2023-11-08 04:37:01"
14690,2352,3,"2024-02-22 01:14:25"
14691,6105,3,"2023-09-30 08:03:27"
14692,3840,3,"2023-09-10 13:10:33"
14693,244,3,"2024-04-01 05:41:56"
14694,4165,3,"2023-07-11 08:45:18"
14695,2355,3,"2023-11-26 04:06:38"
14696,4912,3,"2023-06-30 06:10:28"
14697,5233,3,"2023-09-25 07:13:47"
14698,3288,3,"2024-05-05 23:56:21"
14699,7290,3,"2023-07-27 20:16:28"
14700,1633,3,"2024-03-05 02:52:20"
14701,3552,3,"2024-03-07 05:05:32"
14702,4492,3,"2024-02-28 03:18:25"
14703,1114,3,"2024-04-10 14:01:57"
14704,3657,3,"2023-07-08 02:44:44"
14705,3628,3,"2023-08-19 04:52:33"
14706,2667,3,"2024-03-12 01:32:34"
14707,6229,3,"2024-01-06 03:57:46"
14708,2288,3,"2023-08-02 12:42:43"
14709,3151,3,"2024-03-03 02:36:49"
14710,1718,3,"2024-03-07 02:47:49"
14711,1407,3,"2024-03-22 10:54:44"
14712,6775,3,"2024-02-15 18:35:23"
14713,3424,3,"2023-12-14 12:35:06"
14714,6121,3,"2024-06-03 13:34:32"
14715,6396,3,"2024-05-25 13:13:46"
14716,5161,3,"2024-02-19 03:10:03"
14717,4235,3,"2024-01-31 10:37:21"
14718,4994,3,"2023-10-01 03:38:43"
14719,532,3,"2023-07-07 20:34:56"
14720,1387,3,"2023-08-24 21:49:37"
14721,5962,3,"2023-12-26 16:56:32"
14722,4516,3,"2024-04-08 14:56:17"
14723,2601,3,"2024-04-27 12:15:52"
14724,676,3,"2024-03-09 19:53:10"
14725,2304,3,"2023-08-31 04:00:52"
14726,1585,3,"2023-08-12 19:50:59"
14727,7388,3,"2023-08-01 14:41:11"
14728,3509,3,"2023-09-20 23:55:50"
14729,5145,3,"2024-03-24 14:48:46"
14730,3978,3,"2023-11-17 18:03:34"
14731,7027,3,"2024-04-27 16:05:05"
14732,5408,3,"2024-01-25 02:50:15"
14733,6538,3,"2024-01-17 03:35:56"
14734,6405,3,"2023-12-19 15:34:50"
14735,5768,3,"2023-09-29 15:01:01"
14736,1166,3,"2024-04-25 01:17:21"
14737,7166,3,"2024-05-24 20:14:06"
14738,832,3,"2023-07-29 15:42:35"
14739,1371,3,"2024-01-31 07:00:15"
14740,5722,3,"2023-07-08 12:48:50"
14741,6362,3,"2023-09-11 17:07:13"
14742,987,3,"2023-12-11 00:01:35"
14743,4982,3,"2023-08-07 04:15:30"
14744,6714,3,"2023-11-03 07:41:43"
14745,4199,3,"2024-01-13 16:49:52"
14746,1231,3,"2024-02-16 07:57:38"
14747,3353,3,"2024-03-14 23:42:15"
14748,4028,3,"2023-06-25 18:24:02"
14749,1007,3,"2024-01-10 11:39:21"
14750,2910,3,"2023-06-29 11:40:55"
14751,5993,3,"2024-03-12 18:49:45"
14752,2188,3,"2024-02-13 23:06:10"
14753,7115,3,"2024-05-28 02:40:15"
14754,1969,3,"2024-04-28 03:56:28"
14755,6383,3,"2024-01-12 21:07:01"
14756,3260,3,"2024-03-31 08:30:09"
14757,2622,3,"2023-11-25 05:07:59"
14758,491,3,"2023-09-26 17:53:49"
14759,3466,3,"2023-11-22 01:37:55"
14760,1490,3,"2023-10-17 04:46:10"
14761,5268,3,"2023-12-20 13:39:12"
14762,7245,3,"2023-09-27 13:01:45"
14763,6760,3,"2024-01-05 19:32:06"
14764,1251,3,"2024-05-09 01:59:24"
14765,5196,3,"2024-04-25 01:19:08"
14766,6295,3,"2024-05-05 14:27:14"
14767,4143,3,"2023-09-07 14:40:57"
14768,5270,3,"2023-12-11 15:00:50"
14769,2225,3,"2024-01-24 00:02:04"
14770,1861,3,"2024-01-07 21:19:42"
14771,3340,3,"2024-01-30 15:20:09"
14772,2750,3,"2023-12-12 21:52:17"
14773,1258,3,"2024-03-16 14:43:02"
14774,864,3,"2024-05-21 13:51:32"
14775,88,3,"2023-08-13 16:23:27"
14776,2736,3,"2024-02-01 03:00:34"
14777,1041,3,"2023-07-20 23:52:10"
14778,478,3,"2023-11-15 11:44:47"
14779,294,3,"2024-01-07 07:38:39"
14780,6792,3,"2023-06-30 03:50:32"
14781,2056,3,"2024-06-02 01:01:24"
14782,3325,3,"2024-04-04 21:47:12"
14783,4775,3,"2023-09-30 14:31:30"
14784,1457,3,"2024-02-20 16:49:43"
14785,7096,3,"2024-06-13 09:46:34"
14786,2189,3,"2024-05-08 06:44:10"
14787,6163,3,"2024-01-20 02:40:51"
14788,4119,3,"2023-10-22 04:51:36"
14789,2493,3,"2023-11-07 01:13:26"
14790,1780,3,"2024-01-08 12:19:55"
14791,6695,3,"2023-09-18 15:20:33"
14792,4066,3,"2024-04-13 03:32:07"
14793,7472,3,"2023-10-18 19:00:09"
14794,1725,3,"2023-11-29 16:49:52"
14795,221,3,"2023-07-29 17:27:24"
14796,2407,3,"2023-11-25 21:18:10"
14797,5859,3,"2024-03-04 01:49:09"
14798,7168,3,"2023-09-20 03:36:17"
14799,4092,3,"2024-05-04 17:02:21"
14800,2001,3,"2023-12-28 02:28:45"
14801,3039,3,"2023-10-19 04:22:32"
14802,3097,3,"2024-03-12 17:07:06"
14803,6048,3,"2023-08-27 06:57:26"
14804,886,3,"2023-10-27 15:59:26"
14805,6904,3,"2023-07-07 14:45:50"
14806,5033,3,"2023-10-25 10:21:33"
14807,1727,3,"2024-03-19 10:16:39"
14808,1954,3,"2024-06-15 13:43:38"
14809,6757,3,"2023-12-22 14:36:41"
14810,3815,3,"2024-03-06 22:20:33"
14811,5730,3,"2023-09-13 15:39:03"
14812,4907,3,"2024-05-04 14:35:58"
14813,6455,3,"2023-09-23 12:45:57"
14814,2519,3,"2023-09-22 02:01:36"
14815,6630,3,"2023-12-05 17:13:38"
14816,6432,3,"2024-04-26 17:34:24"
14817,30,3,"2023-09-22 09:22:01"
14818,958,3,"2024-04-30 01:34:16"
14819,6401,3,"2023-12-12 11:42:48"
14820,4354,3,"2023-12-06 10:37:54"
14821,521,3,"2024-06-11 22:35:29"
14822,3351,3,"2023-08-06 02:51:07"
14823,5102,3,"2023-09-15 00:49:32"
14824,3918,3,"2024-02-08 23:23:01"
14825,2023,3,"2023-07-02 19:29:57"
14826,4969,3,"2023-10-29 19:14:28"
14827,4845,3,"2023-06-26 06:49:11"
14828,1901,3,"2023-10-16 19:36:28"
14829,2503,3,"2023-11-23 05:16:56"
14830,646,3,"2024-02-18 14:33:20"
14831,6901,3,"2024-02-05 04:25:14"
14832,2130,3,"2024-03-11 09:31:11"
14833,2411,3,"2023-09-12 21:15:02"
14834,5163,3,"2023-10-24 16:46:43"
14835,5363,3,"2024-02-06 23:32:18"
14836,4308,3,"2024-01-02 03:02:58"
14837,119,3,"2023-08-09 07:39:49"
14838,1572,3,"2023-10-25 02:03:22"
14839,6281,3,"2024-04-15 03:36:26"
14840,6097,3,"2024-03-20 15:33:37"
14841,6186,3,"2023-11-23 17:50:02"
14842,3934,3,"2024-05-01 14:51:26"
14843,4051,3,"2023-07-18 21:05:32"
14844,3296,3,"2023-07-22 10:24:05"
14845,1433,3,"2023-07-15 13:10:23"
14846,3320,3,"2024-02-12 19:28:05"
14847,296,3,"2023-07-16 23:01:37"
14848,6078,3,"2023-11-29 01:57:19"
14849,3883,3,"2024-01-30 18:37:57"
14850,850,3,"2023-11-21 00:45:46"
14851,285,3,"2023-07-04 15:20:53"
14852,2880,3,"2024-05-09 00:50:54"
14853,3520,3,"2024-03-21 08:31:23"
14854,2442,3,"2024-06-13 19:10:33"
14855,950,3,"2024-04-06 09:59:17"
14856,5803,3,"2024-05-25 13:38:26"
14857,3229,3,"2023-12-02 10:43:29"
14858,3437,3,"2023-12-02 04:06:14"
14859,4312,3,"2024-03-29 16:25:26"
14860,342,3,"2023-08-08 19:11:52"
14861,1858,3,"2024-05-20 03:32:06"
14862,1916,3,"2023-10-18 05:04:21"
14863,4140,3,"2023-09-12 14:44:11"
14864,4349,3,"2024-02-24 00:04:46"
14865,924,3,"2023-08-13 11:16:12"
14866,2186,3,"2023-06-27 14:20:58"
14867,7312,3,"2023-08-03 08:25:12"
14868,6231,3,"2023-11-08 01:54:22"
14869,1972,3,"2024-02-09 13:59:18"
14870,289,3,"2024-03-28 23:03:04"
14871,212,3,"2023-12-19 22:24:07"
14872,1866,3,"2024-04-15 17:28:55"
14873,5078,3,"2023-11-19 10:40:12"
14874,7491,3,"2023-10-21 04:06:01"
14875,5087,3,"2023-07-29 00:32:23"
14876,4583,3,"2024-03-23 20:30:31"
14877,314,3,"2024-02-21 20:24:00"
14878,4624,3,"2024-02-29 20:35:41"
14879,4269,3,"2023-09-20 09:54:52"
14880,7279,3,"2024-01-22 13:53:15"
14881,4466,3,"2024-02-21 19:28:45"
14882,6150,3,"2024-05-21 23:34:23"
14883,5732,3,"2024-04-25 14:44:42"
14884,5926,3,"2023-11-16 15:45:55"
14885,5608,3,"2024-04-29 16:12:36"
14886,7038,3,"2024-01-21 04:32:04"
14887,2054,3,"2023-08-20 17:19:54"
14888,4753,3,"2024-02-12 04:11:15"
14889,123,3,"2023-07-15 12:51:56"
14890,7131,3,"2023-12-12 14:35:32"
14891,701,3,"2024-05-16 18:47:09"
14892,7265,3,"2024-02-20 08:23:32"
14893,6158,3,"2023-06-23 05:37:58"
14894,2637,3,"2023-07-01 05:48:02"
14895,5710,3,"2023-12-21 11:18:27"
14896,4326,3,"2024-03-09 16:56:26"
14897,6247,3,"2024-02-20 21:47:20"
14898,2787,3,"2024-05-15 11:47:49"
14899,4161,3,"2024-06-16 13:21:46"
14900,147,3,"2024-04-28 08:49:15"
14901,564,3,"2024-04-29 16:06:57"
14902,5773,3,"2024-01-14 08:06:55"
14903,2145,3,"2023-08-31 06:15:30"
14904,6344,3,"2024-04-02 12:17:41"
14905,6867,3,"2023-09-21 02:41:31"
14906,6523,3,"2023-11-25 01:25:57"
14907,899,3,"2024-06-09 12:16:58"
14908,3916,3,"2024-02-16 16:42:24"
14909,4567,3,"2024-01-06 01:41:49"
14910,4506,3,"2023-12-27 11:00:25"
14911,1771,3,"2024-01-20 02:37:59"
14912,1650,3,"2023-11-29 11:23:11"
14913,3392,3,"2023-09-07 10:19:17"
14914,3357,3,"2024-06-02 08:14:47"
14915,4552,3,"2024-01-18 21:00:11"
14916,5968,3,"2023-07-20 19:30:19"
14917,5144,3,"2023-11-21 17:42:09"
14918,194,3,"2024-06-08 07:57:53"
14919,5963,3,"2024-01-08 10:07:40"
14920,5683,3,"2023-07-01 09:51:03"
14921,5749,3,"2023-07-19 21:01:43"
14922,3615,3,"2023-07-11 02:47:29"
14923,5242,3,"2023-09-25 15:27:09"
14924,1207,3,"2023-10-04 17:15:20"
14925,1813,3,"2024-02-08 03:38:56"
14926,2143,3,"2023-08-02 03:02:43"
14927,3690,3,"2023-08-24 16:34:58"
14928,3989,3,"2024-05-25 02:17:50"
14929,3493,3,"2023-10-03 14:05:55"
14930,6577,3,"2023-08-15 01:15:54"
14931,1734,3,"2023-08-13 23:36:34"
14932,1001,3,"2024-04-20 00:56:21"
14933,5567,3,"2024-01-31 04:33:56"
14934,1272,3,"2023-11-29 08:29:42"
14935,5234,3,"2024-02-23 16:54:51"
14936,1345,3,"2023-10-22 02:48:18"
14937,5211,3,"2023-09-03 17:00:28"
14938,728,3,"2024-02-08 13:32:23"
14939,1558,3,"2024-02-07 13:30:45"
14940,859,3,"2024-05-30 18:43:07"
14941,4125,3,"2023-10-04 05:50:10"
14942,5315,3,"2024-04-18 13:13:21"
14943,5006,3,"2023-12-16 18:41:47"
14944,2829,3,"2023-12-02 23:56:22"
14945,7522,3,"2024-02-07 09:33:57"
14946,4008,3,"2023-10-04 05:48:34"
14947,807,3,"2023-11-30 13:26:47"
14948,7102,3,"2023-10-21 12:31:17"
14949,1606,3,"2024-06-13 19:36:08"
14950,2402,3,"2023-07-31 18:14:19"
14951,5374,3,"2023-06-30 10:15:41"
14952,7330,3,"2024-04-03 10:21:56"
14953,2590,3,"2024-04-18 09:04:54"
14954,43,3,"2023-08-29 00:34:05"
14955,5975,3,"2023-08-31 10:48:05"
14956,4010,3,"2024-05-16 17:44:21"
14957,6285,3,"2023-11-13 00:12:22"
14958,234,3,"2023-08-29 22:29:18"
14959,545,3,"2024-02-02 02:08:36"
14960,2424,3,"2024-06-07 18:53:52"
14961,4843,3,"2024-06-09 15:30:24"
14962,4407,3,"2023-09-04 21:55:25"
14963,4392,3,"2024-06-18 10:37:57"
14964,1710,3,"2023-10-04 14:11:26"
14965,4069,3,"2023-09-27 17:35:56"
14966,5434,3,"2024-06-06 02:34:28"
14967,5101,3,"2023-07-02 14:54:22"
14968,3186,3,"2023-12-22 17:29:37"
14969,4426,3,"2023-10-31 20:30:05"
14970,5332,3,"2023-07-23 03:14:13"
14971,5718,3,"2024-05-21 23:58:30"
14972,834,3,"2023-11-15 18:58:19"
14973,3224,3,"2023-08-10 06:02:37"
14974,306,3,"2024-04-08 11:48:30"
14975,2672,3,"2024-03-04 06:08:35"
14976,1704,3,"2023-08-07 14:59:34"
14977,1582,3,"2024-02-20 01:39:43"
14978,2834,3,"2024-04-09 12:48:02"
14979,5082,3,"2023-11-25 11:27:46"
14980,3064,3,"2023-09-03 01:21:47"
14981,527,3,"2023-11-20 18:45:20"
14982,3374,3,"2023-08-31 08:51:35"
14983,3222,3,"2023-10-08 14:45:31"
14984,2278,3,"2023-10-21 12:56:47"
14985,4060,3,"2023-11-07 00:52:52"
14986,1053,3,"2023-09-19 06:50:25"
14987,6974,3,"2024-04-24 23:39:08"
14988,3216,3,"2023-10-29 05:43:35"
14989,1684,3,"2023-08-11 17:11:10"
14990,1117,3,"2023-11-30 00:19:01"
14991,302,3,"2024-04-03 05:17:16"
14992,5518,3,"2024-01-23 11:35:11"
14993,448,3,"2024-04-01 00:20:03"
14994,578,3,"2024-06-12 00:58:15"
14995,1502,3,"2024-01-05 07:35:16"
14996,5459,3,"2024-03-23 04:29:31"
14997,4674,3,"2023-09-09 21:57:24"
14998,4940,3,"2023-11-17 07:40:22"
14999,4533,3,"2023-10-24 04:59:21"
15000,4314,3,"2024-04-24 04:56:55"
15001,1541,3,"2023-11-06 00:34:44"
15002,4362,3,"2023-08-19 03:17:36"
15003,2262,3,"2023-07-21 04:45:41"
15004,5674,3,"2024-02-28 14:04:02"
15005,3057,3,"2023-09-30 16:33:27"
15006,4704,3,"2023-08-16 23:17:59"
15007,3718,3,"2023-07-27 08:40:05"
15008,1233,3,"2023-08-25 20:02:48"
15009,3952,3,"2023-07-13 13:21:08"
15010,5358,3,"2024-02-21 22:25:38"
15011,1962,3,"2024-02-21 18:20:06"
15012,4049,3,"2024-06-01 21:34:08"
15013,7381,3,"2023-08-08 05:03:37"
15014,2377,3,"2024-05-09 09:11:09"
15015,1894,3,"2024-04-10 12:40:12"
15016,4685,3,"2023-09-04 01:01:14"
15017,5528,3,"2024-05-14 20:07:40"
15018,4228,3,"2024-01-29 10:07:28"
15019,2257,3,"2023-08-25 08:26:06"
15020,3785,3,"2024-03-26 04:46:05"
15021,4046,3,"2024-04-03 00:38:56"
15022,6644,3,"2024-04-07 02:21:31"
15023,1594,3,"2024-05-27 10:29:23"
15024,5209,3,"2023-11-23 02:24:38"
15025,2057,3,"2023-06-25 06:27:27"
15026,63,3,"2023-12-07 07:52:48"
15027,2297,3,"2023-09-17 08:29:26"
15028,4730,3,"2023-10-02 11:51:50"
15029,3062,3,"2024-03-20 22:52:57"
15030,5909,3,"2023-09-01 00:50:51"
15031,7263,3,"2023-09-10 21:23:02"
15032,2580,3,"2024-04-22 23:57:48"
15033,5529,3,"2024-04-18 06:05:42"
15034,5452,3,"2023-08-18 21:13:42"
15035,2191,3,"2024-05-12 22:35:52"
15036,3838,3,"2024-06-01 08:39:04"
15037,3780,3,"2023-09-19 05:51:41"
15038,4501,3,"2024-03-09 08:28:07"
15039,4822,3,"2024-04-12 09:12:37"
15040,3811,3,"2023-08-15 16:12:10"
15041,278,3,"2024-02-16 10:30:30"
15042,2205,3,"2023-09-10 09:55:41"
15043,5402,3,"2024-02-05 20:56:48"
15044,4604,3,"2023-10-06 05:15:08"
15045,1622,3,"2024-03-15 02:40:15"
15046,5506,3,"2023-11-16 03:31:19"
15047,368,3,"2024-06-02 17:22:11"
15048,2691,3,"2024-06-08 08:38:22"
15049,6643,3,"2023-10-26 13:11:31"
15050,7008,3,"2023-12-20 03:57:56"
15051,3397,3,"2024-01-28 07:00:56"
15052,3365,3,"2023-07-29 15:23:34"
15053,7183,3,"2024-03-10 14:29:14"
15054,418,3,"2024-05-19 16:21:25"
15055,477,3,"2023-07-15 17:36:59"
15056,7514,3,"2024-05-15 06:57:40"
15057,7030,3,"2023-11-23 06:28:11"
15058,5970,3,"2024-03-12 08:49:35"
15059,1020,3,"2023-08-15 07:11:45"
15060,3162,3,"2023-09-11 07:48:57"
15061,5017,3,"2023-07-16 15:18:55"
15062,3120,3,"2024-04-23 17:04:47"
15063,4815,3,"2024-02-20 10:17:11"
15064,6527,3,"2023-07-01 19:41:04"
15065,3111,3,"2023-07-24 04:27:29"
15066,7288,3,"2023-10-20 10:15:27"
15067,6481,3,"2023-07-08 09:05:30"
15068,3027,3,"2024-03-12 01:45:13"
15069,6294,3,"2023-12-23 14:33:01"
15070,2606,3,"2023-06-27 18:17:47"
15071,6185,3,"2024-03-31 23:49:16"
15072,1196,3,"2023-07-18 01:05:58"
15073,6809,3,"2024-04-16 09:15:24"
15074,1664,3,"2024-05-28 14:54:39"
15075,4172,3,"2023-12-01 18:00:33"
15076,3363,3,"2024-04-30 11:33:40"
15077,7058,3,"2024-04-30 05:04:15"
15078,4725,3,"2023-12-12 04:55:38"
15079,4332,3,"2024-04-05 08:16:41"
15080,208,3,"2023-07-08 13:47:50"
15081,5944,3,"2023-09-01 13:43:10"
15082,536,3,"2024-01-11 21:45:42"
15083,8,3,"2023-07-24 21:15:09"
15084,6214,3,"2023-07-31 08:06:05"
15085,7484,3,"2023-08-29 20:23:11"
15086,3961,3,"2023-12-28 08:42:22"
15087,5245,3,"2023-07-12 23:12:56"
15088,4573,3,"2023-11-03 22:53:37"
15089,2061,3,"2023-08-02 22:23:26"
15090,4970,3,"2024-02-03 18:10:04"
15091,6945,3,"2023-06-21 17:09:11"
15092,3012,3,"2023-07-05 10:30:47"
15093,6850,3,"2024-03-02 01:23:17"
15094,6340,3,"2024-02-11 04:03:27"
15095,3778,3,"2024-04-24 05:55:10"
15096,7041,3,"2023-12-28 12:03:05"
15097,6876,3,"2023-11-27 02:57:05"
15098,6232,3,"2024-05-22 09:00:37"
15099,2388,3,"2024-02-06 00:08:01"
15100,1961,3,"2024-01-20 11:27:16"
15101,6365,3,"2024-03-04 07:55:46"
15102,344,3,"2023-08-09 08:12:59"
15103,419,3,"2023-07-23 07:28:30"
15104,601,3,"2024-01-26 19:07:08"
15105,3572,3,"2024-05-12 00:06:45"
15106,4295,3,"2024-04-23 12:03:25"
15107,4967,3,"2023-11-28 20:51:49"
15108,2523,3,"2024-04-29 12:50:02"
15109,6026,3,"2024-05-04 21:26:54"
15110,3495,3,"2024-06-06 08:30:04"
15111,6394,3,"2023-09-03 21:28:51"
15112,2431,3,"2023-08-10 10:21:26"
15113,3878,3,"2023-09-03 14:59:10"
15114,684,3,"2023-09-07 00:11:04"
15115,6458,3,"2023-09-26 03:30:05"
15116,3051,3,"2023-10-17 12:42:35"
15117,2670,3,"2024-02-05 21:29:12"
15118,2977,3,"2023-07-06 15:06:12"
15119,1011,3,"2023-11-02 18:28:12"
15120,2542,3,"2024-02-16 18:49:36"
15121,830,3,"2024-04-20 16:14:04"
15122,3474,3,"2023-12-21 11:33:45"
15123,6748,3,"2024-03-22 09:43:26"
15124,7392,3,"2024-04-13 10:15:22"
15125,4575,3,"2023-09-06 18:38:26"
15126,27,3,"2024-03-12 05:03:12"
15127,2964,3,"2023-07-07 22:30:36"
15128,5959,3,"2023-11-27 21:12:31"
15129,2675,3,"2024-04-16 00:23:24"
15130,5417,3,"2023-10-06 11:39:02"
15131,2823,3,"2023-08-30 08:30:13"
15132,1757,3,"2023-11-03 17:00:09"
15133,6599,3,"2024-05-22 06:16:37"
15134,358,3,"2023-12-16 08:49:21"
15135,6613,3,"2024-01-05 06:04:05"
15136,873,3,"2024-06-04 15:38:30"
15137,3884,3,"2023-11-02 10:50:30"
15138,3513,3,"2023-08-07 01:47:00"
15139,269,3,"2023-07-04 21:20:49"
15140,7101,3,"2024-02-22 22:21:25"
15141,14,3,"2023-10-16 21:00:46"
15142,5471,3,"2024-01-04 11:18:23"
15143,7070,3,"2023-09-05 11:45:05"
15144,5259,3,"2024-03-28 19:59:00"
15145,1552,3,"2023-08-15 20:32:48"
15146,7304,3,"2024-04-15 06:29:08"
15147,4340,3,"2023-11-17 15:58:37"
15148,1752,3,"2023-11-30 05:13:20"
15149,6626,3,"2024-02-02 11:16:12"
15150,2155,3,"2024-02-24 20:35:18"
15151,1060,3,"2023-07-12 16:48:53"
15152,6863,3,"2024-02-21 04:33:29"
15153,6652,3,"2024-03-31 05:49:22"
15154,71,3,"2024-05-26 18:05:21"
15155,3285,3,"2024-05-22 10:39:47"
15156,338,3,"2023-11-06 00:04:53"
15157,3819,3,"2024-03-06 13:31:54"
15158,145,3,"2024-02-18 13:56:48"
15159,6745,3,"2023-07-08 00:23:43"
15160,3846,3,"2023-09-27 04:17:18"
15161,5587,3,"2024-02-13 13:04:49"
15162,7190,3,"2023-08-08 17:35:28"
15163,1044,3,"2024-04-23 04:27:45"
15164,3295,3,"2024-02-01 01:20:56"
15165,4862,3,"2024-03-05 03:39:10"
15166,3844,3,"2024-01-26 19:42:26"
15167,3533,3,"2023-07-12 02:35:49"
15168,4240,3,"2023-07-09 21:15:17"
15169,1031,3,"2023-08-09 22:36:01"
15170,3528,3,"2023-09-01 08:12:29"
15171,727,3,"2024-05-11 09:50:18"
15172,3297,3,"2024-02-11 03:49:28"
15173,1050,3,"2023-06-30 08:31:06"
15174,6610,3,"2023-08-21 11:00:08"
15175,6061,3,"2024-01-03 03:57:03"
15176,559,3,"2024-04-01 09:09:11"
15177,2767,3,"2023-06-28 10:35:11"
15178,5295,3,"2024-06-05 17:51:43"
15179,3698,3,"2023-11-09 11:53:36"
15180,2934,3,"2024-01-26 23:08:24"
15181,4043,3,"2024-04-29 05:13:50"
15182,3006,3,"2023-11-10 16:29:56"
15183,7463,3,"2024-02-22 07:50:59"
15184,597,3,"2023-06-25 01:31:56"
15185,6155,3,"2024-01-19 03:35:43"
15186,3303,3,"2023-07-01 17:30:33"
15187,355,3,"2023-11-13 08:13:53"
15188,4828,3,"2023-10-09 22:57:39"
15189,1759,3,"2024-02-22 04:35:04"
15190,2039,3,"2023-09-18 08:34:43"
15191,2686,3,"2024-03-14 01:16:32"
15192,1587,3,"2024-03-25 17:47:51"
15193,1615,3,"2023-09-19 17:09:50"
15194,1283,3,"2023-12-07 05:32:23"
15195,992,3,"2023-12-15 12:18:10"
15196,5464,3,"2024-04-23 07:58:50"
15197,1818,3,"2023-11-19 18:12:30"
15198,2853,3,"2023-08-13 11:53:59"
15199,4037,3,"2023-11-12 18:42:23"
15200,611,3,"2024-05-12 03:59:59"
15201,1557,3,"2023-10-25 17:44:34"
15202,7510,3,"2023-10-06 17:13:15"
15203,4751,3,"2024-03-02 02:57:10"
15204,6811,3,"2024-05-15 11:01:39"
15205,5263,3,"2023-08-27 13:36:00"
15206,6700,3,"2023-09-15 01:51:10"
15207,3053,3,"2024-02-12 08:09:28"
15208,875,3,"2024-03-08 11:58:25"
15209,449,3,"2023-11-03 05:43:51"
15210,3881,3,"2024-01-17 07:04:45"
15211,5708,3,"2023-12-20 04:06:20"
15212,1591,3,"2023-10-20 12:08:34"
15213,5715,3,"2023-08-17 04:52:20"
15214,7318,3,"2024-01-14 01:19:42"
15215,786,3,"2024-03-29 14:51:24"
15216,3680,3,"2024-05-11 14:25:48"
15217,4239,3,"2023-12-06 16:17:44"
15218,3507,3,"2023-11-14 02:26:05"
15219,5621,3,"2024-03-24 00:26:24"
15220,6245,3,"2023-12-27 06:51:04"
15221,6707,3,"2024-03-08 14:20:54"
15222,631,3,"2023-08-07 09:07:31"
15223,3068,3,"2024-01-04 03:04:04"
15224,3787,3,"2024-02-24 11:35:37"
15225,2958,3,"2023-08-23 17:38:07"
15226,4006,3,"2023-07-12 21:34:07"
15227,3014,3,"2023-09-03 11:53:18"
15228,96,3,"2023-09-17 07:29:51"
15229,1260,3,"2024-02-09 00:07:05"
15230,2552,3,"2024-06-01 19:00:33"
15231,6465,3,"2023-07-13 23:40:35"
15232,2449,3,"2024-01-05 14:05:31"
15233,1150,3,"2024-01-01 13:26:09"
15234,2703,3,"2023-07-17 11:08:25"
15235,7419,3,"2023-08-15 23:14:37"
15236,3833,3,"2023-08-11 17:29:04"
15237,3476,3,"2023-09-27 22:01:25"
15238,2974,3,"2024-03-13 03:53:13"
15239,5327,3,"2023-09-11 18:58:33"
15240,6137,3,"2024-05-22 07:29:34"
15241,3678,3,"2023-10-10 15:49:02"
15242,4158,3,"2023-10-24 00:03:41"
15243,4790,3,"2023-08-12 21:29:54"
15244,5148,3,"2024-01-28 23:17:32"
15245,4030,3,"2024-02-05 07:56:17"
15246,1888,3,"2024-04-23 07:28:36"
15247,7080,3,"2024-05-28 19:15:35"
15248,459,3,"2024-05-29 10:00:07"
15249,4291,3,"2023-10-30 23:39:18"
15250,2166,3,"2023-12-28 01:03:06"
15251,202,3,"2023-08-15 11:13:37"
15252,6252,3,"2023-10-18 21:02:57"
15253,6029,3,"2023-12-30 08:09:20"
15254,4023,3,"2024-02-10 18:58:49"
15255,3554,3,"2023-08-16 19:04:34"
15256,1296,3,"2023-08-04 10:13:51"
15257,7174,3,"2023-12-11 10:14:58"
15258,2165,3,"2024-03-17 20:20:38"
15259,6840,3,"2023-09-01 04:57:46"
15260,6187,3,"2023-07-18 03:38:16"
15261,151,3,"2024-01-12 07:41:28"
15262,1413,3,"2024-06-06 10:29:12"
15263,7224,3,"2024-02-26 07:40:28"
15264,56,3,"2023-06-30 19:42:59"
15265,3309,3,"2023-06-22 11:19:39"
15266,2466,3,"2023-12-16 16:00:58"
15267,7127,3,"2023-09-16 06:33:24"
15268,507,3,"2023-12-06 21:01:28"
15269,6583,3,"2023-10-08 18:05:15"
15270,370,3,"2023-10-11 03:35:21"
15271,6806,3,"2023-09-07 20:34:56"
15272,5949,3,"2024-01-16 11:00:27"
15273,39,3,"2023-11-27 04:59:11"
15274,5489,3,"2023-08-03 00:20:29"
15275,1483,3,"2023-07-28 03:22:30"
15276,1524,3,"2024-01-02 08:32:58"
15277,85,3,"2024-02-26 12:07:59"
15278,703,3,"2024-02-20 00:31:31"
15279,6975,3,"2024-03-04 09:16:16"
15280,7449,3,"2023-06-26 21:40:38"
15281,6374,3,"2023-12-29 18:57:55"
15282,179,3,"2024-05-04 22:24:28"
15283,5279,3,"2024-03-08 16:30:50"
15284,3177,3,"2023-07-22 08:03:02"
15285,5606,3,"2023-10-20 16:07:09"
15286,4264,3,"2023-12-22 14:56:59"
15287,2396,3,"2024-06-04 02:24:07"
15288,1862,3,"2024-02-16 18:41:40"
15289,5700,3,"2023-07-28 04:42:57"
15290,3355,3,"2024-03-09 02:06:11"
15291,2242,3,"2024-02-01 07:36:41"
15292,941,3,"2024-05-17 01:56:48"
15293,458,3,"2023-11-20 04:51:43"
15294,5142,3,"2023-07-08 06:04:46"
15295,2677,3,"2023-08-17 15:36:19"
15296,2445,3,"2023-09-17 04:53:03"
15297,184,3,"2024-05-27 18:43:31"
15298,7142,3,"2024-01-28 07:29:45"
15299,3612,3,"2024-02-12 19:32:43"
15300,7410,3,"2024-04-06 13:54:02"
15301,4949,3,"2023-08-30 14:06:02"
15302,408,3,"2023-09-11 01:50:32"
15303,1135,3,"2024-04-24 09:16:04"
15304,321,3,"2024-05-15 00:07:44"
15305,3273,3,"2024-04-07 21:13:13"
15306,842,3,"2024-01-28 07:54:07"
15307,1763,3,"2024-01-20 09:19:33"
15308,6511,3,"2023-11-08 09:16:43"
15309,5982,3,"2023-09-09 02:59:09"
15310,1266,3,"2024-03-06 15:03:32"
15311,6976,3,"2024-02-24 06:15:55"
15312,5885,3,"2023-12-29 08:41:56"
15313,738,3,"2024-03-10 01:02:34"
15314,3848,3,"2024-05-15 18:57:35"
15315,1467,3,"2024-05-11 14:24:27"
15316,2193,3,"2023-08-23 03:27:46"
15317,4665,3,"2023-12-10 05:50:26"
15318,6998,3,"2024-05-22 22:38:56"
15319,2721,3,"2023-10-18 04:17:40"
15320,990,3,"2024-02-02 07:45:15"
15321,4835,3,"2024-03-23 19:30:47"
15322,3494,3,"2023-07-15 17:23:33"
15323,4534,3,"2023-12-04 09:29:36"
15324,581,3,"2024-02-06 20:27:04"
15325,3398,3,"2023-08-14 20:52:54"
15326,3587,3,"2024-03-26 03:23:25"
15327,5651,3,"2023-12-05 14:22:43"
15328,2554,3,"2023-09-12 14:49:32"
15329,4558,3,"2023-07-15 05:15:04"
15330,3655,3,"2024-03-01 05:01:29"
15331,2139,3,"2023-06-27 12:32:08"
15332,3470,3,"2024-06-02 20:24:19"
15333,5205,3,"2024-04-13 20:15:28"
15334,2031,3,"2024-05-09 10:14:14"
15335,2539,3,"2024-03-31 06:47:22"
15336,25,3,"2023-09-19 20:24:23"
15337,5416,3,"2023-11-12 13:01:19"
15338,6112,3,"2023-09-20 14:07:12"
15339,381,3,"2023-09-30 19:40:21"
15340,5505,3,"2023-11-03 23:10:53"
15341,496,3,"2024-05-16 00:15:40"
15342,3553,3,"2023-11-04 13:43:05"
15343,11,3,"2023-12-23 19:15:16"
15344,756,3,"2024-02-29 03:14:05"
15345,2468,3,"2024-02-03 12:26:06"
15346,4027,3,"2023-08-12 14:07:41"
15347,5634,3,"2023-11-03 11:39:05"
15348,1309,3,"2023-09-10 07:29:14"
15349,4670,3,"2023-11-24 16:28:17"
15350,4509,3,"2023-09-01 19:32:10"
15351,3093,3,"2023-10-24 00:36:10"
15352,7374,3,"2023-10-30 11:57:37"
15353,6921,3,"2023-08-20 14:11:31"
15354,3349,3,"2024-03-21 05:04:01"
15355,2012,3,"2024-02-10 08:11:18"
15356,3244,3,"2023-11-05 02:34:56"
15357,4047,3,"2024-05-05 12:47:39"
15358,2764,3,"2024-01-28 15:23:23"
15359,6171,3,"2024-03-13 01:33:20"
15360,3458,3,"2024-03-30 02:27:10"
15361,557,3,"2023-09-23 03:43:45"
15362,4428,3,"2023-07-08 22:00:10"
15363,6060,3,"2024-05-26 03:43:11"
15364,2846,3,"2023-11-19 14:05:39"
15365,1873,3,"2024-01-09 15:31:26"
15366,5321,3,"2024-01-10 13:04:36"
15367,439,3,"2024-02-23 23:35:23"
15368,3281,3,"2024-01-23 16:59:35"
15369,4723,3,"2023-10-10 08:46:28"
15370,7203,3,"2024-03-27 06:10:14"
15371,5637,3,"2023-08-10 12:31:44"
15372,3903,3,"2023-10-03 04:27:33"
15373,2291,3,"2024-04-14 10:35:06"
15374,5814,3,"2023-11-26 21:35:17"
15375,442,3,"2024-05-04 08:47:30"
15376,2213,3,"2023-12-29 04:26:54"
15377,871,3,"2024-02-22 08:37:35"
15378,2065,3,"2024-05-17 09:14:59"
15379,2097,3,"2023-07-29 15:30:28"
15380,4732,3,"2024-01-31 22:21:40"
15381,4518,3,"2023-12-20 22:35:43"
15382,5022,3,"2024-03-11 06:41:12"
15383,2362,3,"2024-01-27 13:18:39"
15384,6398,3,"2023-08-22 10:42:53"
15385,411,3,"2024-04-20 05:57:26"
15386,6793,3,"2024-01-27 21:57:48"
15387,1848,3,"2023-12-17 15:53:05"
15388,4934,3,"2023-11-07 16:31:29"
15389,7048,3,"2023-10-26 19:36:50"
15390,1686,3,"2024-03-14 18:22:26"
15391,4293,3,"2024-02-06 20:26:03"
15392,645,3,"2024-03-27 14:00:22"
15393,5671,3,"2023-12-23 15:56:27"
15394,4629,3,"2024-04-04 07:43:06"
15395,416,3,"2023-09-25 16:56:57"
15396,7139,3,"2024-06-09 21:59:38"
15397,4536,3,"2024-05-23 06:41:43"
15398,5564,3,"2023-11-22 07:45:19"
15399,6780,3,"2023-11-05 08:01:51"
15400,4831,3,"2023-09-20 09:08:21"
15401,884,3,"2024-02-16 14:30:01"
15402,476,3,"2024-05-06 07:07:23"
15403,4180,3,"2024-03-07 02:50:43"
15404,5133,3,"2024-03-30 21:12:56"
15405,1588,3,"2024-04-10 12:09:49"
15406,2809,3,"2023-12-18 19:12:38"
15407,6095,3,"2023-08-26 12:42:35"
15408,3735,3,"2023-07-30 10:03:04"
15409,6823,3,"2024-06-13 11:24:07"
15410,6810,3,"2023-09-29 11:53:42"
15411,393,3,"2024-04-18 22:10:46"
15412,3660,3,"2024-05-20 17:19:27"
15413,2923,3,"2023-06-23 02:25:33"
15414,3144,3,"2023-06-30 20:11:14"
15415,1470,3,"2024-01-06 16:34:18"
15416,3985,3,"2023-06-23 06:23:48"
15417,751,3,"2023-06-23 21:14:44"
15418,3750,3,"2024-01-20 03:55:09"
15419,5563,3,"2024-02-04 12:58:42"
15420,3165,3,"2023-10-26 20:55:34"
15421,3862,3,"2024-02-23 00:06:49"
15422,3620,3,"2024-05-23 04:31:09"
15423,7307,3,"2023-07-08 21:19:06"
15424,1773,3,"2023-06-22 10:48:38"
15425,6052,3,"2023-12-11 08:29:44"
15426,918,3,"2024-04-07 08:19:37"
15427,4306,3,"2023-11-02 18:05:13"
15428,7444,3,"2024-06-18 12:44:44"
15429,5854,3,"2023-10-09 00:14:55"
15430,2786,3,"2024-01-24 13:15:17"
15431,5807,3,"2023-10-17 06:52:08"
15432,2731,3,"2023-08-10 18:46:16"
15433,301,3,"2024-04-22 16:37:48"
15434,5235,3,"2024-01-12 05:33:34"
15435,2900,3,"2024-05-25 19:23:55"
15436,1238,3,"2023-09-10 12:51:38"
15437,7112,3,"2023-09-27 14:08:20"
15438,6195,3,"2024-05-27 15:51:10"
15439,2371,3,"2024-06-07 23:33:22"
15440,6713,3,"2023-08-13 07:47:37"
15441,5371,3,"2024-01-14 20:45:52"
15442,5368,3,"2023-08-21 03:58:10"
15443,6490,3,"2024-05-03 04:14:06"
15444,3879,3,"2023-07-05 20:16:31"
15445,5081,3,"2023-08-30 23:50:50"
15446,2567,3,"2023-12-31 14:52:41"
15447,7485,3,"2023-11-08 19:23:42"
15448,878,3,"2024-06-02 21:33:34"
15449,1214,3,"2024-02-02 12:45:53"
15450,4247,3,"2024-04-25 00:33:05"
15451,5215,3,"2023-07-31 06:16:15"
15452,2239,3,"2023-10-08 14:53:12"
15453,7011,3,"2024-03-02 13:43:51"
15454,1817,3,"2024-01-02 10:15:31"
15455,277,3,"2024-01-07 08:04:27"
15456,4898,3,"2024-06-10 02:37:45"
15457,6404,3,"2024-06-17 03:50:56"
15458,4001,3,"2023-12-13 14:54:39"
15459,3282,3,"2023-12-08 18:24:21"
15460,164,3,"2024-04-14 08:55:18"
15461,3544,3,"2023-06-28 19:18:13"
15462,2497,3,"2023-08-25 04:21:14"
15463,6768,3,"2023-10-01 04:18:01"
15464,5001,3,"2023-08-05 12:54:50"
15465,690,3,"2024-06-02 04:04:17"
15466,2125,3,"2024-04-12 00:00:36"
15467,2665,3,"2023-10-06 07:11:36"
15468,5676,3,"2024-04-28 03:10:36"
15469,4636,3,"2024-03-22 20:09:54"
15470,44,3,"2024-02-22 17:44:37"
15471,144,3,"2024-04-09 03:27:45"
15472,3791,3,"2023-11-21 14:25:19"
15473,7427,3,"2023-06-24 13:54:30"
15474,6020,3,"2023-09-04 16:41:39"
15475,6022,3,"2024-02-06 01:29:01"
15476,65,3,"2023-11-17 10:49:28"
15477,1178,3,"2023-07-24 08:38:41"
15478,6684,3,"2023-07-03 02:24:29"
15479,3675,3,"2024-03-07 03:53:53"
15480,7345,3,"2023-10-08 11:52:58"
15481,5523,3,"2024-03-19 16:40:10"
15482,7103,3,"2023-09-22 23:10:32"
15483,2085,3,"2024-04-26 01:42:24"
15484,1906,3,"2024-02-26 03:23:39"
15485,1364,3,"2023-12-10 02:10:31"
15486,1672,3,"2023-10-28 07:51:56"
15487,6671,3,"2024-03-03 00:24:40"
15488,5562,3,"2024-04-23 18:24:06"
15489,6723,3,"2023-07-19 15:21:28"
15490,5992,3,"2023-12-04 07:19:36"
15491,3798,3,"2023-09-25 17:04:10"
15492,7338,3,"2024-05-08 17:51:33"
15493,1956,3,"2023-09-01 06:06:12"
15494,4154,3,"2023-12-30 13:10:16"
15495,7213,3,"2023-06-25 08:20:34"
15496,1025,3,"2023-07-04 18:05:21"
15497,1182,3,"2023-07-24 02:20:40"
15498,46,3,"2023-08-02 11:15:13"
15499,2406,3,"2024-04-06 18:30:40"
15500,1658,3,"2023-08-22 00:33:59"
15501,5589,3,"2023-11-08 02:47:52"
15502,1210,3,"2023-10-09 02:10:53"
15503,165,3,"2024-03-24 06:44:25"
15504,280,3,"2023-07-25 06:18:54"
15505,4432,3,"2023-10-15 21:58:32"
15506,5399,3,"2023-09-02 04:51:21"
15507,7315,3,"2023-10-15 11:33:19"
15508,5896,3,"2023-10-01 20:59:10"
15509,7478,3,"2023-10-25 17:28:33"
15510,255,3,"2024-05-12 06:00:03"
15511,4947,3,"2023-07-04 04:27:10"
15512,4190,3,"2023-12-12 09:02:18"
15513,1940,3,"2024-04-22 16:01:39"
15514,3232,3,"2023-08-04 08:45:05"
15515,4840,3,"2024-03-08 00:07:15"
15516,6181,3,"2024-02-01 09:59:40"
15517,538,3,"2023-09-09 13:13:40"
15518,4250,3,"2023-11-21 23:18:05"
15519,6611,3,"2024-05-26 08:17:23"
15520,3046,3,"2024-03-24 06:16:26"
15521,1713,3,"2024-04-17 10:09:00"
15522,1216,3,"2023-10-11 22:54:58"
15523,3136,3,"2024-06-10 21:55:22"
15524,5649,3,"2023-12-29 02:19:37"
15525,2746,3,"2024-03-20 09:35:00"
15526,6566,3,"2024-02-25 01:36:43"
15527,5795,3,"2024-04-15 17:22:03"
15528,3666,3,"2024-01-23 02:12:11"
15529,6647,3,"2024-05-15 12:02:16"
15530,327,3,"2023-08-13 04:02:16"
15531,6354,3,"2024-01-21 02:17:11"
15532,6408,3,"2023-09-28 20:29:25"
15533,2844,3,"2023-10-05 01:55:52"
15534,2654,3,"2024-02-10 13:32:12"
15535,1285,3,"2024-02-28 04:51:48"
15536,5473,3,"2023-12-17 07:34:46"
15537,1375,3,"2023-11-03 06:26:52"
15538,3923,3,"2024-06-07 11:14:50"
15539,6210,3,"2023-10-11 01:00:19"
15540,6688,3,"2023-10-16 21:33:29"
15541,6114,3,"2023-09-15 00:48:17"
15542,5842,3,"2023-09-09 11:41:58"
15543,7504,3,"2023-10-01 13:27:35"
15544,1052,3,"2023-12-22 14:11:15"
15545,1038,3,"2024-02-01 16:55:25"
15546,3966,3,"2024-04-22 18:10:00"
15547,187,3,"2024-03-26 01:18:30"
15548,3692,3,"2023-10-20 07:44:39"
15549,2134,3,"2023-09-26 10:17:47"
15550,743,3,"2024-06-07 10:41:45"
15551,2891,3,"2024-02-21 12:03:24"
15552,465,3,"2024-02-24 07:36:53"
15553,224,3,"2024-05-29 19:21:31"
15554,6562,3,"2024-02-19 21:34:46"
15555,4265,3,"2023-07-11 02:04:35"
15556,7243,3,"2023-12-01 00:08:17"
15557,2008,3,"2023-10-29 09:03:09"
15558,5480,3,"2024-06-10 07:48:53"
15559,3220,3,"2023-10-28 10:38:36"
15560,2173,3,"2023-06-30 23:37:34"
15561,6563,3,"2024-02-17 06:46:55"
15562,4002,3,"2024-06-05 07:24:34"
15563,777,3,"2023-11-17 01:09:38"
15564,3022,3,"2024-01-05 20:49:31"
15565,3576,3,"2023-08-12 11:05:16"
15566,5030,3,"2023-12-08 01:47:41"
15567,3527,3,"2024-05-16 05:01:12"
15568,433,3,"2023-10-14 13:03:43"
15569,5734,3,"2023-07-28 22:17:35"
15570,5447,3,"2024-01-15 16:11:55"
15571,6540,3,"2023-07-20 15:12:44"
15572,4238,3,"2024-02-27 00:04:27"
15573,6071,3,"2023-11-01 11:56:22"
15574,3669,3,"2023-07-09 05:06:24"
15575,4850,3,"2023-07-20 06:28:25"
15576,2284,3,"2023-12-30 11:52:04"
15577,4290,3,"2023-11-21 09:55:56"
15578,6637,3,"2024-01-20 02:55:13"
15579,4918,3,"2023-06-21 10:06:53"
15580,6485,3,"2023-08-12 17:36:19"
15581,1078,3,"2023-12-28 07:21:19"
15582,3790,3,"2023-08-29 01:09:49"
15583,4007,3,"2024-01-20 20:18:28"
15584,2818,3,"2023-07-06 20:29:32"
15585,1397,3,"2023-12-02 22:32:23"
15586,162,3,"2024-01-30 16:49:06"
15587,2354,3,"2024-06-16 00:59:32"
15588,7495,3,"2024-05-01 14:56:57"
15589,4627,3,"2024-01-30 22:58:30"
15590,5923,3,"2024-05-26 10:09:49"
15591,1434,3,"2024-04-28 23:48:04"
15592,5755,3,"2023-07-13 03:38:46"
15593,4754,3,"2023-11-13 03:05:25"
15594,3473,3,"2023-06-24 16:48:27"
15595,7313,3,"2024-03-18 02:46:42"
15596,3577,3,"2024-04-12 11:21:02"
15597,4673,3,"2023-11-08 16:34:44"
15598,2943,3,"2024-05-19 22:21:04"
15599,5619,3,"2023-12-22 07:25:03"
15600,933,3,"2024-02-21 22:06:46"
15601,395,3,"2024-02-09 12:02:15"
15602,2017,3,"2024-05-03 01:39:30"
15603,1879,3,"2023-07-13 06:56:20"
15604,2616,3,"2024-06-09 11:10:46"
15605,6040,3,"2024-02-11 01:12:29"
15606,4121,3,"2023-08-22 00:40:43"
15607,339,3,"2024-02-04 05:26:59"
15608,7144,3,"2023-11-22 06:12:03"
15609,220,3,"2024-06-05 16:44:09"
15610,4479,3,"2024-01-28 00:54:00"
15611,4397,3,"2024-01-15 02:12:30"
15612,388,3,"2024-03-23 18:50:32"
15613,1384,3,"2024-04-01 21:47:19"
15614,2038,3,"2024-03-30 21:22:06"
15615,1465,3,"2024-04-17 07:38:57"
15616,6075,3,"2023-08-11 23:48:49"
15617,3565,3,"2023-08-12 10:46:42"
15618,6990,3,"2024-01-27 11:16:46"
15619,2034,3,"2023-09-26 18:58:54"
15620,5707,3,"2024-06-14 04:48:17"
15621,3404,3,"2023-09-02 12:01:40"
15622,304,3,"2023-12-21 00:17:45"
15623,7420,3,"2023-07-14 04:27:45"
15624,2066,3,"2023-09-01 08:25:40"
15625,2512,3,"2023-09-03 12:31:50"
15626,6731,3,"2024-04-10 21:54:38"
15627,1844,3,"2023-10-17 20:12:12"
15628,5610,3,"2024-06-06 02:06:22"
15629,2545,3,"2023-11-17 04:42:01"
15630,4439,3,"2023-10-31 07:05:38"
15631,4867,3,"2023-12-28 09:59:21"
15632,4178,3,"2023-08-08 11:09:03"
15633,6994,3,"2023-08-11 09:59:59"
15634,4614,3,"2023-08-24 02:47:54"
15635,3262,3,"2024-05-08 09:21:31"
15636,3611,3,"2024-04-29 15:54:47"
15637,2182,3,"2024-06-04 14:41:07"
15638,1006,3,"2023-10-02 23:03:11"
15639,2705,3,"2023-11-11 23:43:39"
15640,1948,3,"2023-11-10 04:45:13"
15641,5472,3,"2023-12-15 07:23:59"
15642,732,3,"2024-01-03 04:07:18"
15643,7124,3,"2023-07-29 09:30:20"
15644,2952,3,"2023-07-31 22:35:37"
15645,1480,3,"2023-09-10 06:36:08"
15646,3714,3,"2023-10-12 15:52:07"
15647,2287,3,"2023-11-15 22:46:59"
15648,7430,3,"2024-06-04 15:31:10"
15649,4600,3,"2024-04-26 01:40:41"
15650,7236,3,"2024-04-22 02:05:29"
15651,6123,3,"2024-01-08 09:00:03"
15652,5541,3,"2023-10-10 05:14:26"
15653,97,3,"2024-05-23 02:26:26"
15654,1605,3,"2024-06-14 02:29:58"
15655,2398,3,"2023-08-05 00:03:40"
15656,4336,3,"2024-04-21 13:34:45"
15657,363,3,"2024-05-08 10:40:16"
15658,2765,3,"2024-03-24 12:03:32"
15659,5086,3,"2024-02-27 21:16:21"
15660,6751,3,"2024-06-17 02:03:37"
15661,5353,3,"2023-09-10 20:53:02"
15662,2295,3,"2023-10-17 02:54:38"
15663,5012,3,"2023-12-22 03:29:03"
15664,1924,3,"2024-03-14 09:50:26"
15665,2875,3,"2023-12-13 19:18:06"
15666,6416,3,"2023-07-09 17:47:38"
15667,3499,3,"2023-08-22 07:03:19"
15668,7378,3,"2023-11-06 00:09:34"
15669,2404,3,"2024-03-10 14:34:13"
15670,6262,3,"2023-08-19 11:43:51"
15671,943,3,"2023-07-27 16:44:26"
15672,1459,3,"2024-02-29 05:56:10"
15673,5883,3,"2024-04-05 05:16:22"
15674,6905,3,"2023-08-18 11:07:49"
15675,759,3,"2024-01-11 05:46:55"
15676,1963,3,"2024-04-06 12:23:15"
15677,7353,3,"2024-05-06 06:18:54"
15678,1128,3,"2023-08-11 12:41:07"
15679,6172,3,"2023-12-16 19:06:22"
15680,7440,3,"2023-09-17 18:23:23"
15681,5403,3,"2023-11-26 07:31:26"
15682,3271,3,"2023-08-04 07:07:13"
15683,2467,3,"2024-04-19 06:30:50"
15684,1998,3,"2023-11-23 13:03:48"
15685,2927,3,"2023-08-02 02:24:50"
15686,5936,3,"2024-06-04 04:26:31"
15687,7076,3,"2023-07-23 13:40:25"
15688,3187,3,"2024-01-02 22:56:02"
15689,267,3,"2023-07-25 14:30:31"
15690,6319,3,"2024-01-23 15:12:20"
15691,1865,3,"2023-10-17 12:28:12"
15692,2886,3,"2023-07-17 07:18:34"
15693,6073,3,"2024-02-05 23:37:48"
15694,5451,3,"2023-08-25 22:06:59"
15695,5509,3,"2023-11-21 00:57:40"
15696,5265,3,"2023-07-21 17:02:52"
15697,6463,3,"2024-03-29 03:15:19"
15698,501,3,"2023-08-19 21:31:26"
15699,6174,3,"2023-11-21 09:26:54"
15700,45,3,"2024-01-25 10:17:00"
15701,1136,3,"2024-03-19 02:23:49"
15702,3026,3,"2024-02-20 04:54:46"
15703,955,3,"2023-10-16 03:42:17"
15704,1868,3,"2024-01-28 15:10:00"
15705,589,3,"2023-10-11 00:38:55"
15706,6364,3,"2024-04-12 07:29:11"
15707,2582,3,"2023-08-19 12:45:14"
15708,4497,3,"2024-02-06 02:22:29"
15709,1564,3,"2024-01-11 05:56:03"
15710,282,3,"2024-03-15 23:18:55"
15711,461,3,"2024-06-04 08:15:36"
15712,1093,3,"2024-01-01 21:29:29"
15713,2041,3,"2023-08-03 00:37:19"
15714,152,3,"2023-09-22 05:17:23"
15715,3080,3,"2024-04-21 19:30:16"
15716,5072,3,"2024-02-16 12:41:39"
15717,5217,3,"2024-05-16 21:08:37"
15718,4572,3,"2024-02-21 19:11:41"
15719,4731,3,"2023-08-20 22:55:48"
15720,7192,3,"2024-03-13 14:15:57"
15721,3072,3,"2023-10-06 03:36:18"
15722,4548,3,"2024-05-19 21:16:10"
15723,7418,3,"2024-03-27 06:53:43"
15724,6908,3,"2024-02-04 21:32:50"
15725,6279,3,"2024-01-01 13:54:16"
15726,4230,3,"2024-03-22 19:11:56"
15727,1096,3,"2024-03-25 13:00:18"
15728,4801,3,"2023-07-31 10:34:10"
15729,1472,3,"2023-07-20 14:57:29"
15730,1478,3,"2023-08-14 23:16:53"
15731,686,3,"2024-01-12 12:15:11"
15732,3526,3,"2023-07-09 10:15:17"
15733,318,3,"2024-01-24 12:43:44"
15734,5582,3,"2024-03-12 14:27:07"
15735,1101,3,"2024-03-14 01:46:51"
15736,6331,3,"2024-03-15 19:53:10"
15737,5389,3,"2024-04-26 15:54:54"
15738,5223,3,"2024-02-18 20:42:24"
15739,711,3,"2023-10-09 02:59:15"
15740,3381,3,"2024-03-09 03:06:51"
15741,2514,3,"2024-03-14 23:13:41"
15742,2236,3,"2023-08-13 14:27:12"
15743,6246,3,"2024-05-29 00:50:52"
15744,4412,3,"2024-03-15 23:13:44"
15745,1544,3,"2023-08-02 00:57:19"
15746,421,3,"2024-03-11 16:23:28"
15747,6691,3,"2024-05-21 02:59:14"
15748,5094,3,"2023-10-30 12:35:50"
15749,3578,3,"2023-07-06 13:20:08"
15750,4305,3,"2024-01-16 14:58:09"
15751,6954,3,"2023-08-19 05:15:48"
15752,2277,3,"2024-02-05 09:49:43"
15753,790,3,"2024-06-13 07:08:37"
15754,2632,3,"2023-09-16 08:26:48"
15755,7083,3,"2023-06-24 17:00:25"
15756,1806,3,"2023-10-30 12:12:20"
15757,2319,3,"2023-07-08 02:29:50"
15758,6433,3,"2023-07-31 07:04:25"
15759,1276,3,"2024-04-12 07:24:59"
15760,6984,3,"2023-09-25 00:31:08"
15761,5021,3,"2024-04-02 18:16:14"
15762,3399,3,"2024-05-22 10:08:12"
15763,2197,3,"2023-10-15 02:53:35"
15764,946,3,"2023-11-14 15:09:24"
15765,245,3,"2023-11-17 07:47:00"
15766,6884,3,"2024-04-17 07:23:07"
15767,3446,3,"2024-03-29 10:56:12"
15768,4734,3,"2024-04-05 09:04:35"
15769,2148,3,"2024-01-06 18:45:40"
15770,5305,3,"2024-01-25 11:59:49"
15771,3656,3,"2024-04-27 12:40:22"
15772,1455,3,"2023-10-26 05:31:54"
15773,3855,3,"2023-10-20 15:49:42"
15774,2715,3,"2023-11-01 01:46:02"
15775,6601,3,"2023-08-09 02:37:53"
15776,6678,3,"2023-07-30 16:57:26"
15777,1290,3,"2023-07-06 23:43:04"
15778,3419,3,"2023-11-24 08:17:49"
15779,6311,3,"2024-05-16 19:48:49"
15780,4736,3,"2023-08-08 15:37:21"
15781,2007,3,"2023-06-30 16:47:55"
15782,5534,3,"2024-05-12 17:39:28"
15783,5274,3,"2023-08-11 23:09:04"
15784,1778,3,"2024-05-31 05:24:52"
15785,4688,3,"2023-07-27 10:41:01"
15786,697,3,"2024-05-21 09:00:20"
15787,5414,3,"2024-04-23 14:49:54"
15788,2138,3,"2024-01-28 16:11:05"
15789,4425,3,"2024-01-07 03:35:49"
15790,1391,3,"2024-06-17 09:39:14"
15791,6283,3,"2024-04-13 03:47:20"
15792,7486,3,"2024-02-26 13:19:40"
15793,2967,3,"2023-09-16 16:21:28"
15794,4886,3,"2023-09-03 20:29:44"
15795,4561,3,"2023-09-03 21:15:43"
15796,5292,3,"2024-05-13 16:09:49"
15797,3720,3,"2023-11-12 03:31:41"
15798,7534,3,"2023-08-06 14:19:37"
15799,3974,3,"2023-08-12 12:19:28"
15800,3865,3,"2024-01-04 12:25:03"
15801,5110,3,"2024-04-28 14:31:13"
15802,7479,3,"2023-07-08 21:40:53"
15803,4990,3,"2024-01-29 18:47:52"
15804,848,3,"2024-03-10 13:36:30"
15805,7467,3,"2023-11-13 07:36:54"
15806,229,3,"2024-04-28 16:51:33"
15807,6531,3,"2024-04-18 17:13:39"
15808,5876,3,"2024-06-01 08:07:17"
15809,1072,3,"2024-03-10 23:55:28"
15810,3913,3,"2023-08-21 02:28:47"
15811,5622,3,"2024-01-12 15:52:01"
15812,6565,3,"2023-07-17 12:54:27"
15813,7284,3,"2023-10-29 07:14:38"
15814,2217,3,"2024-02-21 22:15:26"
15815,4557,3,"2024-05-11 06:49:47"
15816,1201,3,"2023-10-09 08:21:20"
15817,200,3,"2023-07-31 23:15:51"
15818,4258,3,"2024-05-03 07:27:29"
15819,2108,3,"2024-05-20 21:46:45"
15820,2327,3,"2024-04-08 16:14:50"
15821,2535,3,"2024-02-07 07:14:09"
15822,3350,3,"2023-07-16 23:35:44"
15823,4927,3,"2024-01-24 12:33:53"
15824,2781,3,"2024-03-31 14:50:18"
15825,3633,3,"2024-05-14 14:33:24"
15826,2901,3,"2023-10-19 15:43:14"
15827,3203,3,"2023-10-15 19:57:23"
15828,4496,3,"2024-06-13 04:47:39"
15829,5677,3,"2023-10-29 04:38:21"
15830,2642,3,"2024-04-16 03:19:22"
15831,2888,3,"2023-06-23 14:29:35"
15832,960,3,"2023-10-11 04:20:21"
15833,700,3,"2024-06-07 21:36:56"
15834,2836,3,"2023-12-31 02:13:22"
15835,3925,3,"2024-05-17 06:11:15"
15836,2866,3,"2023-11-22 13:28:17"
15837,5590,3,"2023-09-18 11:45:18"
15838,258,3,"2024-02-10 00:50:02"
15839,3639,3,"2023-08-03 09:27:55"
15840,4377,3,"2023-12-26 19:48:19"
15841,2198,3,"2023-07-12 18:20:27"
15842,2913,3,"2023-12-15 22:44:10"
15843,3457,3,"2023-11-21 00:04:50"
15844,2022,3,"2023-11-11 18:49:36"
15845,7325,3,"2023-10-18 23:40:23"
15846,4648,3,"2023-08-06 01:25:36"
15847,7064,3,"2023-10-10 15:56:11"
15848,5349,3,"2024-03-04 07:51:56"
15849,658,3,"2024-02-14 03:29:36"
15850,5928,3,"2024-02-18 08:43:03"
15851,5917,3,"2023-12-08 16:09:26"
15852,7023,3,"2024-01-13 11:53:15"
15853,7052,3,"2024-04-30 03:51:30"
15854,2937,3,"2023-11-06 02:21:11"
15855,2474,3,"2023-10-20 09:12:23"
15856,1977,3,"2023-06-23 20:21:25"
15857,2000,3,"2023-12-04 01:42:32"
15858,2739,3,"2023-10-31 14:33:21"
15859,6428,3,"2023-07-23 18:30:36"
15860,5237,3,"2024-01-27 10:14:10"
15861,3485,3,"2023-11-26 02:24:56"
15862,2953,3,"2024-03-12 05:41:33"
15863,965,3,"2023-07-28 04:11:39"
15864,1915,3,"2023-09-25 11:08:54"
15865,2178,3,"2023-12-17 13:15:01"
15866,762,3,"2024-01-22 21:20:33"
15867,5413,3,"2023-12-03 21:55:14"
15868,3124,3,"2024-04-28 07:39:00"
15869,1323,3,"2023-09-01 15:06:08"
15870,3575,3,"2024-01-03 03:49:26"
15871,7244,3,"2024-02-12 10:28:31"
15872,819,3,"2023-07-15 19:22:27"
15873,3084,3,"2024-05-22 11:22:00"
15874,5264,3,"2024-06-16 07:54:47"
15875,2549,3,"2024-02-07 00:02:31"
15876,7040,3,"2024-01-14 02:57:33"
15877,1765,3,"2023-09-28 14:11:31"
15878,5050,3,"2023-06-30 13:43:34"
15879,3911,3,"2024-01-21 10:41:33"
15880,1925,3,"2024-06-17 12:27:25"
15881,6915,3,"2023-07-12 16:31:54"
15882,2196,3,"2023-08-13 21:03:43"
15883,6835,3,"2023-12-06 22:11:38"
15884,2956,3,"2024-05-05 19:31:48"
15885,3517,3,"2023-10-30 07:08:40"
15886,6422,3,"2023-10-27 19:14:31"
15887,5780,3,"2024-05-22 22:24:37"
15888,2043,3,"2023-10-21 14:42:32"
15889,3102,3,"2024-04-28 11:07:14"
15890,5156,3,"2024-02-02 12:30:41"
15891,666,3,"2024-05-01 03:29:12"
15892,7404,3,"2024-01-24 03:32:05"
15893,5800,3,"2023-06-25 12:38:06"
15894,1731,3,"2023-11-08 06:22:12"
15895,1227,3,"2023-07-31 16:08:44"
15896,1326,3,"2023-10-03 04:24:24"
15897,6115,3,"2023-11-14 16:13:13"
15898,6259,3,"2024-04-26 09:55:24"
15899,3185,3,"2023-11-07 13:45:09"
15900,225,3,"2023-07-30 05:48:27"
15901,4393,3,"2023-12-07 00:17:29"
15902,3742,3,"2024-01-15 14:32:01"
15903,7191,3,"2023-08-25 14:26:19"
15904,2428,3,"2024-04-25 21:17:41"
15905,7540,3,"2023-12-25 08:49:20"
15906,1726,3,"2023-12-23 13:51:43"
15907,7529,3,"2023-12-06 04:41:32"
15908,1677,3,"2024-06-15 21:41:59"
15909,2160,3,"2023-07-14 00:45:03"
15910,2919,3,"2023-07-11 16:37:27"
15911,2850,3,"2024-03-30 22:21:01"
15912,5248,3,"2024-02-15 01:48:39"
15913,4104,3,"2024-05-09 20:06:24"
15914,3950,3,"2023-08-09 09:22:49"
15915,3052,3,"2023-09-07 10:57:03"
15916,7299,3,"2024-04-18 17:04:10"
15917,7037,3,"2024-01-25 17:54:19"
15918,6575,3,"2023-10-27 16:47:56"
15919,3441,3,"2023-08-03 21:39:03"
15920,5939,3,"2024-03-16 05:29:48"
15921,2662,3,"2023-09-13 00:30:33"
15922,158,3,"2023-12-06 04:23:43"
15923,6967,3,"2023-10-15 17:59:41"
15924,3831,3,"2024-05-28 12:01:28"
15925,897,3,"2023-10-31 15:55:38"
15926,1427,3,"2024-05-13 19:01:39"
15927,912,3,"2024-02-05 17:44:58"
15928,6272,3,"2023-10-21 10:14:42"
15929,971,3,"2024-03-12 22:40:53"
15930,887,3,"2023-11-05 20:17:47"
15931,3984,3,"2023-09-21 15:20:19"
15932,5643,3,"2024-02-26 09:59:23"
15933,934,3,"2023-12-01 13:32:19"
15934,1877,3,"2023-07-24 15:32:35"
15935,1045,3,"2023-07-02 21:09:01"
15936,6724,3,"2023-07-01 09:30:06"
15937,4210,3,"2023-09-22 17:04:06"
15938,3676,3,"2024-01-05 17:05:20"
15939,4313,3,"2024-01-10 00:09:18"
15940,1218,3,"2024-04-17 18:43:15"
15941,1636,3,"2023-08-31 20:05:13"
15942,3858,3,"2024-03-15 11:07:52"
15943,881,3,"2023-08-24 05:08:32"
15944,2326,3,"2024-02-20 01:45:08"
15945,4996,3,"2024-03-30 01:47:09"
15946,5443,3,"2023-12-28 03:32:28"
15947,4252,3,"2024-05-17 18:27:26"
15948,6084,3,"2023-07-04 10:37:42"
15949,4696,3,"2024-06-17 11:13:07"
15950,1635,3,"2024-02-09 16:22:33"
15951,1388,3,"2024-03-23 14:51:08"
15952,5438,3,"2023-07-27 20:26:04"
15953,57,3,"2023-07-29 22:22:17"
15954,7320,3,"2023-11-21 17:09:20"
15955,446,3,"2024-02-13 23:42:57"
15956,7468,3,"2023-11-27 16:34:32"
15957,840,3,"2024-05-22 07:44:33"
15958,698,3,"2024-03-05 19:28:11"
15959,7022,3,"2023-09-22 15:22:23"
15960,2883,3,"2023-10-20 14:39:44"
15961,3512,3,"2024-04-23 11:39:41"
15962,3504,3,"2024-02-28 18:42:23"
15963,328,3,"2023-07-17 11:20:13"
15964,4243,3,"2023-10-17 22:24:22"
15965,4962,3,"2023-10-04 06:57:28"
15966,5090,3,"2023-09-03 00:18:04"
15967,7219,3,"2024-02-28 06:44:48"
15968,81,3,"2024-06-01 04:10:18"
15969,414,3,"2024-03-29 04:51:42"
15970,3208,3,"2024-01-21 06:22:07"
15971,4541,3,"2023-10-09 02:53:59"
15972,6494,3,"2024-05-04 07:18:03"
15973,2374,3,"2024-03-05 13:20:43"
15974,2359,3,"2024-02-05 08:08:47"
15975,1055,3,"2023-10-22 00:13:40"
15976,4767,3,"2023-08-01 22:04:53"
15977,7363,3,"2023-12-03 20:42:18"
15978,5581,3,"2024-05-27 08:01:01"
15979,1389,3,"2023-08-15 04:41:29"
15980,2216,3,"2024-03-16 20:47:35"
15981,7163,3,"2024-05-13 06:49:28"
15982,7506,3,"2023-10-30 19:35:39"
15983,3605,3,"2023-09-28 05:31:46"
15984,4082,3,"2023-12-31 18:34:30"
15985,5323,3,"2024-01-20 22:42:10"
15986,7549,3,"2024-06-13 23:56:57"
15987,6046,3,"2024-02-23 04:42:31"
15988,5367,3,"2023-09-19 11:01:08"
15989,5077,3,"2023-10-09 21:14:22"
15990,12,3,"2023-07-04 22:07:55"
15991,4126,3,"2024-03-04 18:27:49"
15992,6275,3,"2024-06-02 07:33:16"
15993,4415,3,"2024-03-23 01:03:03"
15994,1629,3,"2024-06-14 14:41:48"
15995,4860,3,"2024-01-07 07:31:06"
15996,2094,3,"2024-03-23 14:07:17"
15997,7329,3,"2023-07-16 18:00:12"
15998,360,3,"2023-08-22 06:36:04"
15999,5548,3,"2023-10-15 17:50:30"
16000,1897,3,"2024-05-21 11:17:04"
16001,7360,3,"2024-05-14 17:58:10"
16002,5020,3,"2023-08-30 15:42:17"
16003,67,3,"2024-02-28 05:11:28"
16004,1237,3,"2023-09-13 04:38:32"
16005,6620,3,"2024-01-27 13:25:51"
16006,2215,3,"2023-09-10 01:59:56"
16007,2465,3,"2024-01-08 13:40:18"
16008,3892,3,"2024-01-26 03:20:17"
16009,3004,3,"2024-01-15 06:55:08"
16010,6886,3,"2023-08-30 10:21:32"
16011,2621,3,"2024-02-21 06:32:01"
16012,2768,3,"2023-11-10 12:36:13"
16013,4595,3,"2024-01-17 13:26:46"
16014,5478,3,"2023-09-11 03:51:56"
16015,5952,3,"2024-05-06 19:39:20"
16016,916,3,"2024-06-04 00:10:03"
16017,5886,3,"2023-07-16 00:18:51"
16018,1576,3,"2023-09-19 23:21:23"
16019,7498,3,"2024-04-10 21:51:38"
16020,1026,3,"2024-02-21 11:38:47"
16021,956,3,"2024-01-26 04:45:00"
16022,7286,3,"2024-03-05 06:12:24"
16023,6128,3,"2023-10-09 10:11:46"
16024,734,3,"2024-03-09 18:56:35"
16025,3990,3,"2023-10-30 19:35:10"
16026,4939,3,"2023-08-18 09:44:31"
16027,6634,3,"2024-05-14 15:29:30"
16028,6130,3,"2023-12-15 13:10:57"
16029,2759,3,"2024-02-28 02:47:49"
16030,4486,3,"2023-07-12 13:14:35"
16031,1730,3,"2024-01-06 13:22:06"
16032,2811,3,"2023-08-12 21:20:30"
16033,7489,3,"2023-11-29 09:26:26"
16034,4905,3,"2024-01-23 12:42:16"
16035,4385,3,"2024-01-09 00:20:21"
16036,6927,3,"2024-03-27 20:08:43"
16037,7512,3,"2024-05-04 01:37:12"
16038,1714,3,"2024-02-13 16:02:45"
16039,1464,3,"2023-12-13 01:06:00"
16040,4298,3,"2023-12-14 19:02:07"
16041,6534,3,"2024-04-09 07:49:21"
16042,6021,3,"2024-01-13 13:31:11"
16043,2773,3,"2024-05-29 19:32:49"
16044,3324,3,"2024-01-08 10:16:39"
16045,4391,3,"2024-04-06 08:24:10"
16046,1416,3,"2024-01-16 07:14:25"
16047,3478,3,"2023-11-02 22:39:01"
16048,7396,3,"2023-10-05 21:19:04"
16049,2644,3,"2024-04-30 07:47:45"
16050,133,3,"2023-07-09 04:41:37"
16051,6887,3,"2023-12-05 14:32:10"
16052,2090,3,"2024-01-15 07:32:36"
16053,1313,3,"2024-05-05 15:40:04"
16054,3654,3,"2024-05-20 17:59:29"
16055,4211,3,"2024-01-04 00:58:45"
16056,6011,3,"2023-09-26 18:33:56"
16057,537,3,"2023-07-04 06:53:58"
16058,2735,3,"2024-05-05 17:56:27"
16059,6796,3,"2023-09-07 02:01:37"
16060,5824,3,"2024-04-26 11:55:53"
16061,2248,3,"2024-02-27 06:19:19"
16062,1645,3,"2024-05-30 23:42:42"
16063,1426,3,"2024-01-27 02:34:03"
16064,1882,3,"2024-05-11 17:20:08"
16065,2540,3,"2024-05-19 01:31:26"
16066,3531,3,"2024-06-06 05:54:03"
16067,1369,3,"2023-10-25 19:55:18"
16068,953,3,"2023-08-06 09:10:47"
16069,6392,3,"2024-01-26 04:07:47"
16070,4948,3,"2023-09-13 12:52:40"
16071,6539,3,"2023-07-15 04:23:22"
16072,2756,3,"2024-04-19 11:05:44"
16073,1019,3,"2024-03-29 00:49:10"
16074,7017,3,"2023-09-29 11:25:42"
16075,3225,3,"2024-05-08 14:38:20"
16076,4237,3,"2024-05-13 01:33:31"
16077,3108,3,"2023-11-14 03:19:29"
16078,2457,3,"2024-06-02 15:18:24"
16079,375,3,"2023-10-31 03:07:42"
16080,441,3,"2024-06-16 14:51:56"
16081,4077,3,"2023-10-27 02:07:50"
16082,7547,3,"2023-06-24 00:47:30"
16083,6203,3,"2023-11-23 20:38:41"
16084,6847,3,"2024-05-21 11:31:04"
16085,599,3,"2024-03-04 00:26:17"
16086,4522,3,"2023-12-27 07:02:40"
16087,5847,3,"2024-02-02 21:13:09"
16088,760,3,"2024-01-18 06:25:13"
16089,6325,3,"2024-03-15 12:13:17"
16090,115,3,"2023-11-09 21:06:25"
16091,7119,3,"2023-09-07 14:06:55"
16092,6677,3,"2024-02-18 17:52:51"
16093,2064,3,"2023-12-15 09:45:20"
16094,1542,3,"2024-04-13 03:26:10"
16095,4274,3,"2024-03-13 13:24:46"
16096,2036,3,"2023-12-26 11:29:15"
16097,3729,3,"2023-09-03 08:48:26"
16098,795,3,"2023-11-21 18:22:07"
16099,2392,3,"2024-03-11 21:08:36"
16100,4256,3,"2023-09-14 08:43:57"
16101,5157,3,"2023-07-22 12:24:37"
16102,4067,3,"2023-09-28 11:10:31"
16103,3454,3,"2024-04-06 04:55:07"
16104,2713,3,"2023-10-03 03:33:44"
16105,4894,3,"2024-04-24 22:35:06"
16106,3257,3,"2024-05-03 10:41:07"
16107,7256,3,"2024-05-07 08:21:09"
16108,5049,3,"2024-03-10 12:31:07"
16109,6549,3,"2024-02-11 08:51:22"
16110,2585,3,"2023-09-07 04:51:17"
16111,6227,3,"2024-05-08 19:59:18"
16112,1791,3,"2024-05-19 22:36:34"
16113,7046,3,"2023-08-22 06:52:40"
16114,5257,3,"2024-01-30 11:50:08"
16115,5514,3,"2024-05-27 03:42:01"
16116,517,3,"2024-02-21 12:51:51"
16117,6997,3,"2024-03-17 05:30:40"
16118,7003,3,"2023-07-27 23:10:42"
16119,3775,3,"2024-06-13 11:48:58"
16120,6470,3,"2024-05-07 16:24:08"
16121,492,3,"2024-01-25 18:41:47"
16122,1252,3,"2023-07-02 03:22:46"
16123,6968,3,"2023-07-05 21:51:46"
16124,3479,3,"2024-01-25 03:58:17"
16125,6368,3,"2023-07-07 15:14:20"
16126,6690,3,"2023-09-18 15:45:05"
16127,128,3,"2024-01-11 02:29:06"
16128,3060,3,"2024-04-21 15:54:24"
16129,2490,3,"2024-01-15 11:23:21"
16130,5476,3,"2023-09-15 21:47:02"
16131,3197,3,"2024-04-22 04:22:37"
16132,6892,3,"2023-07-20 19:50:11"
16133,5884,3,"2024-01-17 16:39:56"
16134,2253,3,"2024-03-16 03:49:48"
16135,2817,3,"2023-12-27 18:03:24"
16136,922,3,"2023-12-22 03:16:47"
16137,390,3,"2023-12-21 23:58:30"
16138,6564,3,"2023-08-04 05:15:00"
16139,565,3,"2024-01-22 01:20:36"
16140,1530,3,"2024-01-08 11:00:15"
16141,4727,3,"2024-05-26 07:35:19"
16142,2569,3,"2023-09-19 12:57:16"
16143,6993,3,"2024-03-02 23:23:12"
16144,7156,3,"2023-09-18 06:58:22"
16145,2537,3,"2023-11-24 00:04:57"
16146,4227,3,"2024-04-14 09:37:20"
16147,1736,3,"2023-09-11 05:11:15"
16148,5647,3,"2023-09-16 05:17:13"
16149,763,3,"2023-08-09 02:48:37"
16150,3192,3,"2023-07-03 16:11:13"
16151,4453,3,"2024-06-18 08:36:31"
16152,6447,3,"2024-05-06 07:41:03"
16153,7308,3,"2024-02-29 16:32:36"
16154,2209,3,"2024-01-02 02:07:30"
16155,83,3,"2024-05-29 09:00:37"
16156,5095,3,"2024-04-07 00:57:45"
16157,7106,3,"2023-09-08 02:32:16"
16158,7324,3,"2024-01-30 23:00:42"
16159,3658,3,"2023-11-20 10:38:49"
16160,4965,3,"2023-08-19 09:14:00"
16161,6297,3,"2023-07-17 20:08:01"
16162,4059,3,"2023-10-13 21:26:06"
16163,6327,3,"2023-12-24 18:27:10"
16164,5764,3,"2024-01-07 14:07:40"
16165,1766,3,"2023-07-05 13:55:55"
16166,2581,3,"2023-12-11 02:02:43"
16167,6456,3,"2023-11-06 20:40:35"
16168,5679,3,"2024-04-02 10:26:08"
16169,3395,3,"2023-09-06 22:49:22"
16170,5661,3,"2023-08-01 02:24:11"
16171,6223,3,"2023-09-27 19:31:26"
16172,6001,3,"2023-11-08 18:32:37"
16173,5080,3,"2023-10-18 05:00:34"
16174,6896,3,"2024-03-31 14:04:45"
16175,2469,3,"2023-12-21 21:12:31"
16176,1107,3,"2023-07-30 06:15:27"
16177,6347,3,"2024-05-21 20:39:15"
16178,5766,3,"2023-12-14 02:56:43"
16179,6467,3,"2023-09-26 00:50:44"
16180,6453,3,"2024-03-10 03:01:53"
16181,1982,3,"2024-01-17 22:04:13"
16182,3992,3,"2023-11-12 16:48:42"
16183,2454,3,"2023-12-18 04:32:00"
16184,6077,3,"2023-12-01 20:37:52"
16185,2360,3,"2024-01-03 22:40:28"
16186,3875,3,"2023-12-25 01:36:40"
16187,2684,3,"2024-05-12 09:11:40"
16188,4628,3,"2024-01-24 12:23:51"
16189,1111,3,"2023-11-03 19:14:58"
16190,6949,3,"2023-11-30 07:07:24"
16191,2323,3,"2023-12-13 02:24:38"
16192,4061,3,"2023-09-01 02:48:32"
16193,4223,3,"2023-12-14 20:32:39"
16194,4299,3,"2024-02-06 22:52:03"
16195,1830,3,"2024-02-19 02:28:15"
16196,6911,3,"2023-11-01 07:17:40"
16197,4155,3,"2023-09-11 13:39:42"
16198,655,3,"2024-02-12 13:24:55"
16199,372,3,"2024-03-09 10:34:10"
16200,2839,3,"2024-02-07 04:00:15"
16201,1243,3,"2024-03-30 08:49:14"
16202,5331,3,"2023-12-21 04:41:17"
16203,2897,3,"2024-02-21 05:11:17"
16204,1671,3,"2023-10-23 20:16:25"
16205,921,3,"2023-10-19 17:11:52"
16206,3821,3,"2024-01-10 00:45:34"
16207,189,3,"2023-10-21 07:09:22"
16208,4630,3,"2023-07-04 23:53:02"
16209,3542,3,"2023-12-16 02:10:24"
16210,3164,3,"2023-09-25 18:04:50"
16211,6551,3,"2024-05-20 17:51:20"
16212,1169,3,"2023-11-23 10:33:14"
16213,523,3,"2024-02-03 00:03:45"
16214,357,3,"2023-07-19 09:14:51"
16215,146,3,"2023-08-07 10:38:42"
16216,3866,3,"2024-05-20 00:50:46"
16217,6042,3,"2023-09-01 22:19:16"
16218,6509,3,"2023-12-14 04:01:46"
16219,893,3,"2023-07-15 04:03:43"
16220,141,3,"2024-01-15 05:04:17"
16221,1367,3,"2024-05-21 16:21:32"
16222,3175,3,"2023-11-17 18:08:57"
16223,5937,3,"2024-03-15 06:45:11"
16224,3555,3,"2024-05-16 19:30:14"
16225,5585,3,"2023-11-12 08:38:29"
16226,4283,3,"2024-05-19 07:55:22"
16227,5100,3,"2023-06-26 06:35:06"
16228,7443,3,"2023-08-14 18:14:00"
16229,4279,3,"2023-07-12 20:39:07"
16230,5806,3,"2023-09-21 08:12:25"
16231,1979,3,"2023-08-06 16:12:29"
16232,4186,3,"2023-08-20 21:41:28"
16233,33,3,"2023-08-27 02:28:12"
16234,883,3,"2023-10-11 23:02:45"
16235,7370,3,"2023-06-30 00:48:47"
16236,1521,3,"2023-08-26 02:06:36"
16237,7337,3,"2024-05-13 21:50:29"
16238,297,3,"2023-12-31 18:56:15"
16239,4402,3,"2023-08-19 03:54:46"
16240,3973,3,"2023-11-17 02:16:01"
16241,5540,3,"2023-08-23 04:00:22"
16242,3135,3,"2024-05-27 19:24:54"
16243,6243,3,"2024-04-26 01:31:40"
16244,508,3,"2023-07-20 20:56:14"
16245,1097,3,"2023-10-05 11:46:25"
16246,5132,3,"2024-02-21 10:19:42"
16247,7544,3,"2023-08-20 00:24:19"
16248,3291,3,"2024-02-21 17:07:19"
16249,5328,3,"2023-11-22 03:06:41"
16250,4297,3,"2024-04-30 16:13:14"
16251,1526,3,"2024-01-20 17:34:40"
16252,1907,3,"2024-03-02 10:44:22"
16253,3426,3,"2023-08-13 08:46:13"
16254,5817,3,"2023-11-13 05:24:08"
16255,3313,3,"2024-02-05 22:10:08"
16256,5,3,"2024-04-15 16:09:17"
16257,4136,3,"2023-08-10 15:41:22"
16258,1301,3,"2023-08-24 21:39:38"
16259,7225,3,"2024-03-28 19:08:46"
16260,6656,3,"2024-04-11 17:45:21"
16261,4482,3,"2023-11-07 04:55:39"
16262,380,3,"2023-10-01 00:25:17"
16263,1335,3,"2024-03-24 20:58:08"
16264,2521,3,"2023-08-18 05:44:14"
16265,2451,3,"2024-04-21 18:15:58"
16266,7230,3,"2024-06-16 18:17:40"
16267,625,3,"2023-07-04 01:46:44"
16268,1574,3,"2024-01-15 17:30:46"
16269,23,3,"2024-05-16 04:10:27"
16270,1892,3,"2024-01-03 11:23:21"
16271,5266,3,"2024-06-09 16:24:50"
16272,7505,3,"2023-09-08 09:14:42"
16273,7433,3,"2023-09-30 06:10:50"
16274,6791,3,"2023-11-20 13:25:21"
16275,5517,3,"2024-03-02 01:13:21"
16276,6443,3,"2023-09-13 00:43:38"
16277,3936,3,"2023-12-04 04:19:38"
16278,1268,3,"2024-02-20 19:06:17"
16279,1825,3,"2024-05-23 03:02:08"
16280,4924,3,"2023-09-24 08:01:09"
16281,5400,3,"2023-09-26 03:52:36"
16282,1273,3,"2024-01-11 03:27:35"
16283,6842,3,"2023-10-12 18:45:50"
16284,6216,3,"2024-02-01 01:01:23"
16285,7047,3,"2023-12-14 03:10:09"
16286,5023,3,"2023-08-02 22:21:03"
16287,6501,3,"2024-03-10 15:50:20"
16288,4374,3,"2024-01-02 23:02:59"
16289,3725,3,"2024-01-04 14:33:32"
16290,6946,3,"2023-12-02 14:05:02"
16291,1934,3,"2024-04-25 10:19:01"
16292,7045,3,"2023-12-13 23:14:23"
16293,7283,3,"2023-09-07 00:43:19"
16294,2448,3,"2024-02-02 18:10:19"
16295,1395,3,"2023-07-18 18:54:48"
16296,996,3,"2023-10-24 20:41:36"
16297,1318,3,"2024-02-18 14:10:36"
16298,1195,3,"2024-01-11 09:13:17"
16299,1291,3,"2023-08-15 12:05:05"
16300,825,3,"2024-05-05 02:24:53"
16301,403,3,"2023-11-17 18:46:23"
16302,7199,3,"2023-12-22 19:52:56"
16303,583,3,"2024-02-17 12:35:35"
16304,2893,3,"2023-11-30 15:30:44"
16305,1561,3,"2023-06-25 15:16:38"
16306,2425,3,"2023-12-12 04:04:44"
16307,5837,3,"2024-03-26 05:37:59"
16308,1018,3,"2024-03-21 03:15:44"
16309,5010,3,"2024-01-27 02:53:39"
16310,6132,3,"2023-10-16 09:26:40"
16311,4276,3,"2023-10-14 18:53:21"
16312,6211,3,"2023-10-18 14:41:28"
16313,4225,3,"2023-12-03 05:08:29"
16314,3430,3,"2024-03-13 06:22:57"
16315,2315,3,"2023-10-11 22:03:43"
16316,1775,3,"2023-06-22 10:13:35"
16317,952,3,"2024-01-14 21:27:38"
16318,3594,3,"2023-09-21 18:39:02"
16319,3172,3,"2024-02-26 03:32:51"
16320,4861,3,"2024-05-13 10:03:51"
16321,3090,3,"2024-05-18 11:36:34"
16322,2141,3,"2023-10-30 08:37:14"
16323,199,3,"2024-02-12 03:45:29"
16324,7357,3,"2023-10-16 22:10:21"
16325,6089,3,"2023-10-07 05:48:00"
16326,332,3,"2024-02-28 20:36:14"
16327,6936,3,"2024-01-29 16:04:56"
16328,7383,3,"2023-06-29 23:34:11"
16329,2926,3,"2024-03-30 16:38:54"
16330,2658,3,"2024-05-07 13:04:25"
16331,1254,3,"2024-02-28 16:59:10"
16332,7084,3,"2024-01-10 20:02:15"
16333,2075,3,"2023-06-29 09:20:48"
16334,2973,3,"2024-03-03 14:21:07"
16335,5034,3,"2023-09-09 09:35:04"
16336,1975,3,"2024-06-06 01:53:51"
16337,814,3,"2023-06-21 03:28:44"
16338,2447,3,"2024-01-09 06:02:44"
16339,2820,3,"2024-06-16 21:14:03"
16340,3393,3,"2024-06-02 19:21:48"
16341,4551,3,"2024-02-09 09:38:05"
16342,3103,3,"2023-08-05 23:00:47"
16343,350,3,"2023-07-12 23:43:02"
16344,2709,3,"2023-09-04 11:08:19"
16345,5840,3,"2023-07-07 06:15:30"
16346,3623,3,"2024-01-22 09:53:57"
16347,4882,3,"2023-07-16 13:41:02"
16348,2473,3,"2023-08-17 03:43:18"
16349,6822,3,"2023-10-06 16:29:24"
16350,2419,3,"2024-01-26 03:08:32"
16351,4838,3,"2023-07-30 02:04:17"
16352,4668,3,"2024-02-12 18:26:39"
16353,3986,3,"2024-03-28 12:09:57"
16354,5727,3,"2023-10-04 10:59:58"
16355,2330,3,"2024-04-09 07:26:14"
16356,6716,3,"2023-09-21 01:32:29"
16357,6495,3,"2024-03-10 08:15:58"
16358,2574,3,"2023-08-31 18:11:56"
16359,7020,3,"2024-05-13 10:19:58"
16360,5198,3,"2024-03-13 04:56:26"
16361,619,3,"2023-06-24 20:25:19"
16362,7055,3,"2023-06-28 06:15:28"
16363,204,3,"2023-08-04 19:11:52"
16364,2752,3,"2024-01-16 03:09:00"
16365,3318,3,"2023-11-16 21:17:21"
16366,2867,3,"2023-11-10 06:13:01"
16367,6345,3,"2024-06-08 08:24:59"
16368,6642,3,"2023-12-27 07:25:16"
16369,2600,3,"2024-02-16 17:40:16"
16370,4857,3,"2024-01-22 17:27:29"
16371,3075,3,"2023-10-14 10:16:44"
16372,4220,3,"2023-07-21 03:13:28"
16373,2769,3,"2024-02-01 12:25:40"
16374,1411,3,"2023-11-03 08:46:59"
16375,770,3,"2024-02-08 09:26:24"
16376,4489,3,"2023-07-30 11:03:47"
16377,7172,3,"2024-01-18 05:02:45"
16378,4427,3,"2023-08-08 20:57:23"
16379,2412,3,"2024-04-27 20:48:45"
16380,3942,3,"2023-12-13 10:40:15"
16381,2321,3,"2023-12-06 01:15:25"
16382,3701,3,"2023-07-15 00:49:02"
16383,596,3,"2024-02-28 13:26:09"
16384,2044,3,"2024-01-16 12:45:44"
16385,6249,3,"2023-07-12 12:34:01"
16386,3600,3,"2024-04-13 22:36:41"
16387,1048,3,"2024-03-28 07:19:35"
16388,2117,3,"2024-04-16 09:33:36"
16389,3945,3,"2023-11-01 17:14:50"
16390,3452,3,"2024-04-13 10:39:56"
16391,4173,3,"2023-12-28 23:52:44"
16392,3223,3,"2023-08-10 02:11:43"
16393,6640,3,"2024-01-19 16:18:04"
16394,584,3,"2023-09-23 10:10:50"
16395,1320,3,"2024-02-06 15:48:28"
16396,5881,3,"2023-10-14 21:08:28"
16397,2511,3,"2024-01-26 08:10:11"
16398,798,3,"2023-08-13 23:32:37"
16399,2966,3,"2024-04-22 01:25:09"
16400,3408,3,"2023-07-05 21:51:46"
16401,5442,3,"2023-09-01 23:46:43"
16402,5988,3,"2024-01-06 13:27:15"
16403,6421,3,"2023-08-14 06:08:34"
16404,6692,3,"2023-11-09 15:30:00"
16405,2822,3,"2023-09-13 07:04:23"
16406,1571,3,"2023-11-10 22:06:52"
16407,4745,3,"2023-11-17 03:48:32"
16408,2743,3,"2023-11-07 13:46:56"
16409,2026,3,"2023-09-23 22:40:02"
16410,2068,3,"2023-12-13 00:28:51"
16411,6962,3,"2023-11-17 09:39:09"
16412,6328,3,"2024-03-03 12:00:59"
16413,3380,3,"2023-08-08 08:59:13"
16414,6431,3,"2024-05-01 14:39:09"
16415,3118,3,"2023-08-30 05:00:36"
16416,3543,3,"2024-02-20 22:20:27"
16417,2762,3,"2024-05-09 20:08:07"
16418,4651,3,"2023-08-05 07:56:20"
16419,885,3,"2024-03-10 16:37:49"
16420,215,3,"2024-04-10 14:26:44"
16421,1997,3,"2023-07-16 03:59:52"
16422,503,3,"2024-05-15 04:17:07"
16423,182,3,"2023-10-19 20:52:10"
16424,2784,3,"2023-11-13 09:29:01"
16425,1275,3,"2023-10-13 18:58:01"
16426,3469,3,"2024-02-03 04:10:39"
16427,7515,3,"2023-11-23 05:27:08"
16428,3000,3,"2024-03-07 03:00:13"
16429,4097,3,"2023-12-20 08:00:22"
16430,5446,3,"2024-01-20 03:29:23"
16431,1551,3,"2023-09-06 12:27:43"
16432,981,3,"2024-06-04 18:56:48"
16433,5350,3,"2023-08-29 04:08:11"
16434,6999,3,"2024-03-25 09:07:55"
16435,3597,3,"2024-05-24 19:14:12"
16436,4953,3,"2023-09-09 20:39:43"
16437,7059,3,"2023-10-15 21:51:14"
16438,1157,3,"2024-05-07 11:26:03"
16439,7382,3,"2024-02-19 04:13:04"
16440,2989,3,"2023-09-26 14:24:33"
16441,4755,3,"2024-01-13 18:16:52"
16442,5821,3,"2023-10-18 20:55:26"
16443,5359,3,"2023-06-22 21:47:51"
16444,3670,3,"2024-01-18 08:33:59"
16445,6033,3,"2023-11-03 06:02:56"
16446,7209,3,"2023-08-23 01:59:20"
16447,3651,3,"2023-12-28 14:20:21"
16448,3149,3,"2023-10-14 12:11:40"
16449,6070,3,"2023-09-09 02:09:12"
16450,2930,3,"2024-02-12 11:27:31"
16451,7287,3,"2023-06-30 06:29:15"
16452,1665,3,"2023-08-22 17:58:30"
16453,2336,3,"2023-07-22 07:20:56"
16454,4748,3,"2024-01-18 12:05:12"
16455,1213,3,"2024-04-12 20:34:54"
16456,6524,3,"2023-07-21 15:55:51"
16457,6727,3,"2024-04-03 00:58:56"
16458,4977,3,"2023-11-11 20:06:27"
16459,61,3,"2024-03-22 07:24:59"
16460,4281,3,"2024-01-08 08:40:56"
16461,2275,3,"2023-11-11 00:57:14"
16462,1796,3,"2023-10-08 05:38:20"
16463,739,3,"2023-07-05 20:50:05"
16464,4150,3,"2023-09-16 18:58:36"
16465,5997,3,"2024-03-11 14:38:17"
16466,7434,3,"2023-09-05 20:45:45"
16467,1377,3,"2023-08-17 01:04:56"
16468,4502,3,"2024-04-03 06:13:16"
16469,1702,3,"2024-05-24 10:28:20"
16470,1376,3,"2023-10-11 22:29:19"
16471,4246,3,"2024-02-09 05:39:43"
16472,7490,3,"2024-02-16 06:24:58"
16473,3431,3,"2023-07-27 14:49:45"
16474,1841,3,"2024-06-13 13:43:30"
16475,422,3,"2024-03-29 01:29:29"
16476,5946,3,"2023-12-04 19:33:22"
16477,6560,3,"2023-07-27 09:06:17"
16478,1805,3,"2024-03-16 13:04:11"
16479,1890,3,"2023-08-23 06:09:38"
16480,6330,3,"2023-07-13 18:03:44"
16481,2598,3,"2024-05-10 13:25:06"
16482,1793,3,"2023-11-22 03:16:03"
16483,3219,3,"2023-07-23 23:08:46"
16484,3237,3,"2023-10-29 21:00:00"
16485,7015,3,"2024-04-20 20:31:24"
16486,6895,3,"2023-09-01 08:06:53"
16487,2575,3,"2024-05-22 20:58:30"
16488,2462,3,"2023-09-02 22:10:25"
16489,713,3,"2023-08-07 20:11:20"
16490,1211,3,"2024-02-02 03:37:40"
16491,29,3,"2024-02-01 02:22:37"
16492,3045,3,"2023-07-24 02:22:00"
16493,4643,3,"2024-04-05 04:40:53"
16494,3407,3,"2023-09-11 20:01:54"
16495,7426,3,"2023-09-09 00:06:23"
16496,7217,3,"2023-07-20 14:11:24"
16497,3583,3,"2024-03-01 11:36:51"
16498,2612,3,"2024-03-07 22:43:26"
16499,192,3,"2023-08-13 22:24:44"
16500,6302,3,"2023-12-18 15:20:11"
16501,3122,3,"2023-12-10 15:03:48"
16502,447,3,"2023-09-02 23:23:00"
16503,5188,3,"2024-04-20 20:10:17"
16504,5778,3,"2024-04-16 17:37:01"
16505,7542,3,"2023-07-28 23:55:07"
16506,4846,3,"2024-02-28 16:06:14"
16507,2045,3,"2023-09-06 10:54:04"
16508,5965,3,"2023-11-06 01:48:08"
16509,1803,3,"2024-04-04 14:48:46"
16510,1921,3,"2023-10-11 16:38:35"
16511,2220,3,"2023-09-10 06:15:16"
16512,5401,3,"2023-11-29 09:25:31"
16513,3050,3,"2023-09-24 13:38:56"
16514,3955,3,"2024-05-25 21:47:47"
16515,4658,3,"2024-04-20 23:37:06"
16516,531,3,"2024-02-11 06:23:16"
16517,6865,3,"2023-10-30 21:12:44"
16518,4618,3,"2023-12-19 19:23:30"
16519,4638,3,"2024-02-03 09:32:24"
16520,3423,3,"2024-03-09 17:09:17"
16521,4876,3,"2023-09-02 17:56:58"
16522,7005,3,"2023-07-19 16:16:29"
16523,574,3,"2024-04-15 20:39:07"
16524,443,3,"2023-10-17 06:21:28"
16525,3263,3,"2024-04-21 01:06:00"
16526,4660,3,"2023-08-12 22:15:38"
16527,121,3,"2024-03-09 12:03:50"
16528,679,3,"2024-06-17 19:32:26"
16529,1694,3,"2023-08-05 04:08:44"
16530,5298,3,"2023-12-22 19:06:42"
16531,3976,3,"2024-05-03 20:28:41"
16532,4079,3,"2023-07-15 00:31:05"
16533,6193,3,"2023-11-08 16:31:46"
16534,7402,3,"2024-01-10 07:23:24"
16535,3154,3,"2023-11-07 19:30:13"
16536,2510,3,"2024-04-17 06:11:09"
16537,7242,3,"2023-12-22 13:47:23"
16538,6589,3,"2023-08-19 06:38:11"
16539,2363,3,"2023-10-02 21:11:43"
16540,1648,3,"2024-01-14 08:18:30"
16541,7327,3,"2023-12-11 09:30:47"
16542,1853,3,"2023-11-15 08:36:37"
16543,5089,3,"2024-06-15 20:38:43"
16544,979,3,"2024-02-19 03:32:20"
16545,4780,3,"2023-09-23 03:25:09"
16546,4932,3,"2024-04-10 09:01:42"
16547,2700,3,"2023-08-24 05:38:18"
16548,845,3,"2024-05-08 08:13:34"
16549,2865,3,"2024-03-30 11:13:45"
16550,7013,3,"2024-06-02 15:29:11"
16551,3574,3,"2023-08-28 23:58:28"
16552,6510,3,"2023-12-13 05:40:15"
16553,837,3,"2023-12-02 08:58:58"
16554,7189,3,"2024-03-08 10:15:39"
16555,748,3,"2023-07-25 16:06:20"
16556,573,3,"2023-12-21 09:03:45"
16557,582,3,"2024-06-08 17:53:09"
16558,92,3,"2024-04-24 08:45:29"
16559,3462,3,"2024-03-29 09:54:05"
16560,4877,3,"2024-06-01 21:46:11"
16561,729,3,"2023-12-21 10:15:42"
16562,6743,3,"2023-07-30 20:16:40"
16563,1568,3,"2023-09-21 09:51:19"
16564,5578,3,"2023-08-28 14:39:58"
16565,1816,3,"2023-08-10 04:53:00"
16566,948,3,"2024-05-25 21:36:53"
16567,3063,3,"2023-12-18 17:28:46"
16568,1798,3,"2023-09-07 14:33:09"
16569,4145,3,"2024-05-11 00:07:31"
16570,4609,3,"2024-01-26 10:52:36"
16571,35,3,"2024-04-08 15:59:59"
16572,7062,3,"2024-04-03 08:05:34"
16573,1958,3,"2023-12-27 08:42:55"
16574,1539,3,"2024-01-22 14:42:45"
16575,186,3,"2024-06-12 06:09:02"
16576,5201,3,"2023-07-05 06:04:00"
16577,4976,3,"2024-02-09 02:28:12"
16578,183,3,"2024-01-26 23:38:26"
16579,6570,3,"2024-03-09 18:01:25"
16580,4197,3,"2024-04-14 12:20:37"
16581,1553,3,"2024-01-19 01:04:10"
16582,3999,3,"2024-06-16 08:09:14"
16583,6597,3,"2023-07-30 17:13:20"
16584,6881,3,"2023-07-14 03:41:00"
16585,2084,3,"2024-02-25 00:59:06"
16586,4260,3,"2023-11-29 14:59:03"
16587,1886,3,"2024-01-27 08:44:26"
16588,4134,3,"2023-10-11 17:21:54"
16589,1777,3,"2023-10-26 06:51:58"
16590,6192,3,"2023-10-22 07:13:38"
16591,4869,3,"2024-01-17 01:56:05"
16592,6979,3,"2024-04-08 03:42:18"
16593,3649,3,"2023-09-26 09:29:30"
16594,1784,3,"2023-06-26 22:21:13"
16595,1708,3,"2023-08-02 22:24:24"
16596,3573,3,"2024-02-23 21:04:21"
16597,4464,3,"2024-03-16 18:30:49"
16598,2789,3,"2023-11-16 05:51:46"
16599,5754,3,"2024-01-17 22:51:00"
16600,2733,3,"2023-12-26 18:52:48"
16601,2123,3,"2023-12-15 11:42:57"
16602,2856,3,"2024-04-11 12:33:27"
16603,2828,3,"2024-01-11 06:29:45"
16604,4153,3,"2023-10-07 17:06:33"
16605,2714,3,"2024-03-13 09:00:35"
16606,1245,3,"2024-02-02 20:01:52"
16607,7394,3,"2024-02-04 14:28:15"
16608,3023,3,"2024-01-23 22:57:25"
16609,5809,3,"2023-09-18 12:31:31"
16610,2271,3,"2023-08-31 08:01:42"
16611,4422,3,"2023-10-12 06:52:49"
16612,3389,3,"2024-02-26 10:20:03"
16613,3142,3,"2024-02-20 21:18:43"
16614,1613,3,"2024-01-15 10:12:43"
16615,4584,3,"2023-11-21 09:30:30"
16616,6966,3,"2024-03-11 17:53:27"
16617,5983,3,"2023-07-16 04:27:38"
16618,654,3,"2024-05-09 11:34:27"
16619,4974,3,"2024-01-21 20:16:28"
16620,3557,3,"2023-09-05 05:43:44"
16621,5512,3,"2023-12-30 20:09:34"
16622,6424,3,"2024-03-09 07:17:11"
16623,5099,3,"2024-02-08 22:00:16"
16624,6704,3,"2023-10-27 04:52:20"
16625,4619,3,"2024-04-04 20:34:36"
16626,7267,3,"2023-10-14 18:45:47"
16627,3711,3,"2023-09-04 08:41:19"
16628,6434,3,"2023-12-26 06:37:25"
16629,6466,3,"2023-09-27 16:49:53"
16630,2564,3,"2023-10-27 23:19:11"
16631,2527,3,"2024-06-09 11:15:45"
16632,4251,3,"2023-12-23 03:40:54"
16633,5497,3,"2024-05-09 22:26:50"
16634,4556,3,"2023-12-31 20:24:32"
16635,1177,3,"2023-12-05 01:10:57"
16636,1814,3,"2023-08-28 19:10:01"
16637,1108,3,"2024-05-16 15:38:05"
16638,5448,3,"2024-06-10 18:24:39"
16639,6234,3,"2024-04-13 07:10:19"
16640,4017,3,"2024-06-01 14:55:23"
16641,1091,3,"2024-02-08 11:40:27"
16642,2732,3,"2024-01-06 06:41:25"
16643,397,3,"2024-02-26 09:32:41"
16644,377,3,"2023-08-28 23:30:06"
16645,962,3,"2023-11-10 03:01:17"
16646,5852,3,"2023-08-15 17:51:42"
16647,689,3,"2024-03-05 21:36:44"
16648,5945,3,"2024-03-03 22:52:12"
16649,7539,3,"2023-12-16 02:39:49"
16650,3744,3,"2023-07-19 04:18:52"
16651,5960,3,"2024-05-13 22:51:17"
16652,116,3,"2024-05-21 15:28:06"
16653,2643,3,"2024-05-07 02:43:52"
16654,5155,3,"2024-05-29 06:39:17"
16655,3308,3,"2023-11-05 14:07:25"
16656,120,3,"2024-03-17 22:58:40"
16657,3182,3,"2023-09-23 07:50:16"
16658,6951,3,"2024-01-28 18:37:57"
16659,1715,3,"2024-01-12 00:11:25"
16660,6160,3,"2023-10-24 16:33:07"
16661,5296,3,"2023-08-04 15:03:33"
16662,1935,3,"2024-06-16 13:04:53"
16663,3251,3,"2023-09-12 10:27:10"
16664,5757,3,"2023-09-07 19:16:15"
16665,4789,3,"2024-02-19 11:22:26"
16666,1611,3,"2024-02-13 02:23:43"
16667,394,3,"2023-08-21 00:10:35"
16668,4062,3,"2023-08-25 13:33:20"
16669,7351,3,"2023-07-24 02:14:16"
16670,1246,3,"2024-05-18 04:27:20"
16671,3867,3,"2023-11-19 06:49:30"
16672,630,3,"2024-01-01 21:53:36"
16673,155,3,"2024-04-20 20:45:15"
16674,7169,3,"2023-09-03 11:50:24"
16675,3604,3,"2023-09-20 07:07:08"
16676,90,3,"2024-03-02 12:09:05"
16677,4613,3,"2023-09-12 16:00:14"
16678,376,3,"2024-06-08 01:40:00"
16679,2427,3,"2024-02-25 04:23:52"
16680,7488,3,"2023-11-04 20:44:13"
16681,2591,3,"2023-11-30 18:58:08"
16682,2050,3,"2023-06-24 05:21:40"
16683,47,3,"2023-09-09 14:47:10"
16684,800,3,"2024-02-19 20:46:45"
16685,4487,3,"2023-08-21 10:54:04"
16686,7237,3,"2023-08-30 23:38:33"
16687,7541,3,"2024-02-11 01:01:15"
16688,6604,3,"2023-07-20 08:41:45"
16689,5598,3,"2024-06-08 02:23:26"
16690,1259,3,"2024-05-10 03:20:58"
16691,2221,3,"2023-11-16 04:42:24"
16692,6088,3,"2024-05-20 02:44:41"
16693,6785,3,"2023-10-24 18:36:30"
16694,2969,3,"2023-10-31 06:03:58"
16695,5490,3,"2024-01-12 00:28:23"
16696,7446,3,"2023-08-20 06:43:33"
16697,6425,3,"2024-02-21 21:16:30"
16698,1425,3,"2023-12-06 18:03:54"
16699,1382,3,"2023-09-12 05:54:42"
16700,2391,3,"2024-01-29 09:51:13"
16701,2210,3,"2023-09-28 21:58:05"
16702,2021,3,"2023-11-20 18:01:06"
16703,4568,3,"2023-10-10 06:58:01"
16704,1366,3,"2024-06-19 02:29:56"
16705,1983,3,"2023-12-13 13:16:34"
16706,794,3,"2023-09-23 00:06:29"
16707,5384,3,"2023-12-29 22:29:20"
16708,4183,3,"2023-11-24 16:47:05"
16709,5444,3,"2023-09-20 21:05:11"
16710,3689,3,"2023-11-16 06:15:57"
16711,6948,3,"2024-03-11 18:28:14"
16712,2593,3,"2023-08-07 10:03:41"
16713,5836,3,"2023-07-17 11:43:40"
16714,1786,3,"2024-01-09 17:34:33"
16715,4483,3,"2023-08-24 15:27:02"
16716,7411,3,"2024-03-24 13:19:27"
16717,1348,3,"2023-10-07 01:24:31"
16718,3138,3,"2023-10-28 16:17:02"
16719,3907,3,"2023-12-29 20:53:04"
16720,7424,3,"2024-02-01 05:53:04"
16721,665,3,"2023-08-29 08:50:21"
16722,4605,3,"2023-08-14 00:56:19"
16723,808,3,"2024-05-08 07:43:02"
16724,6790,3,"2024-06-05 17:05:25"
16725,1300,3,"2024-04-08 22:49:30"
16726,6848,3,"2024-04-09 17:22:45"
16727,7412,3,"2023-10-26 23:28:00"
16728,3592,3,"2023-12-17 20:02:02"
16729,5003,3,"2023-07-13 09:44:22"
16730,7291,3,"2024-05-07 08:16:30"
16731,3008,3,"2024-06-11 05:03:08"
16732,7359,3,"2023-10-27 04:31:04"
16733,93,3,"2023-08-29 20:03:22"
16734,6546,3,"2024-06-14 00:25:02"
16735,817,3,"2023-12-07 22:43:56"
16736,4151,3,"2024-03-07 18:22:38"
16737,2234,3,"2023-08-08 14:44:00"
16738,7550,3,"2024-04-21 12:29:55"
16739,1119,3,"2023-10-12 09:05:33"
16740,6291,3,"2023-07-23 12:05:22"
16741,3159,3,"2024-01-14 09:19:48"
16742,4662,3,"2024-04-03 06:35:47"
16743,7501,3,"2023-12-07 02:12:20"
16744,5774,3,"2024-01-10 21:22:03"
16745,5502,3,"2023-10-28 23:42:36"
16746,451,3,"2024-02-02 01:33:03"
16747,6526,3,"2024-05-01 11:06:12"
16748,4034,3,"2023-07-22 18:09:26"
16749,5844,3,"2024-04-11 02:19:11"
16750,6573,3,"2023-10-11 22:10:57"
16751,4149,3,"2024-01-28 14:09:32"
16752,2804,3,"2023-10-03 07:33:08"
16753,4694,3,"2023-07-09 18:05:47"
16754,782,3,"2023-12-11 13:47:52"
16755,2334,3,"2023-10-21 04:58:28"
16756,3897,3,"2024-05-28 03:28:33"
16757,5813,3,"2024-02-08 18:39:33"
16758,5575,3,"2024-04-08 06:38:02"
16759,6521,3,"2024-06-07 20:05:59"
16760,3030,3,"2023-10-27 07:32:40"
16761,7170,3,"2023-12-17 07:29:21"
16762,4063,3,"2023-10-05 18:27:35"
16763,6464,3,"2024-02-13 02:29:04"
16764,2641,3,"2024-01-04 14:09:47"
16765,1789,3,"2024-03-25 10:33:11"
16766,5140,3,"2024-04-17 15:50:37"
16767,4564,3,"2023-06-30 01:24:44"
16768,3707,3,"2024-01-30 19:25:20"
16769,6199,3,"2024-01-11 16:41:57"
16770,6638,3,"2024-06-18 20:31:16"
16771,1356,3,"2024-05-19 00:11:10"
16772,1895,3,"2024-02-04 17:48:49"
16773,5341,3,"2023-09-16 01:22:51"
16774,2110,3,"2023-12-29 11:41:49"
16775,7039,3,"2024-04-15 23:36:43"
16776,3929,3,"2023-10-01 04:02:24"
16777,384,3,"2024-01-13 02:17:45"
16778,5317,3,"2023-08-29 04:44:11"
16779,2142,3,"2024-01-18 08:32:23"
16780,2991,3,"2024-05-11 06:20:40"
16781,4284,3,"2023-10-13 06:50:42"
16782,3098,3,"2023-10-31 01:24:36"
16783,1307,3,"2024-02-27 11:40:40"
16784,1430,3,"2023-08-22 17:50:25"
16785,5424,3,"2024-05-23 19:37:36"
16786,3614,3,"2024-02-07 17:38:07"
16787,161,3,"2023-11-09 14:47:08"
16788,1738,3,"2023-11-16 08:40:56"
16789,4231,3,"2023-08-12 05:41:00"
16790,2316,3,"2023-11-27 06:11:18"
16791,2151,3,"2024-01-28 20:02:38"
16792,5556,3,"2023-08-11 04:45:53"
16793,2650,3,"2024-03-15 00:30:23"
16794,7153,3,"2024-02-20 23:56:22"
16795,3409,3,"2024-06-07 06:52:35"
16796,1193,3,"2023-10-04 22:09:21"
16797,48,3,"2023-07-29 06:35:50"
16798,2624,3,"2023-12-10 07:04:53"
16799,5702,3,"2024-04-03 18:59:29"
16800,6348,3,"2024-06-12 00:21:03"
16801,307,3,"2024-03-29 01:09:24"
16802,5055,3,"2024-05-13 17:17:20"
16803,5458,3,"2023-09-30 09:00:37"
16804,1884,3,"2024-01-03 04:28:03"
16805,5706,3,"2023-10-26 20:29:15"
16806,3996,3,"2024-05-07 13:10:58"
16807,4746,3,"2024-03-11 11:50:14"
16808,7261,3,"2024-03-14 04:43:14"
16809,386,3,"2024-04-13 10:51:56"
16810,4361,3,"2024-01-17 09:05:58"
16811,2235,3,"2024-04-09 22:08:56"
16812,6770,3,"2024-06-13 16:02:11"
16813,5061,3,"2023-08-19 23:14:02"
16814,3274,3,"2023-10-27 04:32:32"
16815,758,3,"2024-01-24 22:43:34"
16816,498,3,"2023-09-30 15:55:39"
16817,2915,3,"2023-08-25 13:44:36"
16818,3824,3,"2023-08-25 13:55:10"
16819,4041,3,"2023-11-09 15:16:37"
16820,1448,3,"2023-07-17 04:29:23"
16821,5978,3,"2023-11-27 23:37:16"
16822,222,3,"2024-01-11 14:39:43"
16823,6668,3,"2023-11-30 07:04:08"
16824,5785,3,"2023-09-23 13:54:12"
16825,4569,3,"2023-10-12 09:07:15"
16826,6334,3,"2023-10-28 18:49:42"
16827,3415,3,"2024-02-22 08:54:02"
16828,4975,3,"2023-08-31 07:44:03"
16829,5412,3,"2023-10-04 09:29:59"
16830,4346,3,"2024-05-20 20:48:35"
16831,5373,3,"2023-06-22 10:32:16"
16832,6459,3,"2023-06-22 04:41:57"
16833,1783,3,"2023-10-18 19:18:46"
16834,3647,3,"2023-06-30 22:11:08"
16835,4758,3,"2024-01-26 01:21:16"
16836,2417,3,"2024-06-13 05:19:40"
16837,6308,3,"2023-07-06 23:55:38"
16838,6903,3,"2024-04-09 00:22:14"
16839,1854,3,"2023-06-26 20:08:45"
16840,6352,3,"2023-11-02 18:22:35"
16841,5897,3,"2024-05-23 00:54:55"
16842,3067,3,"2024-01-29 04:36:11"
16843,6355,3,"2024-05-06 17:16:16"
16844,6139,3,"2023-08-13 09:27:54"
16845,7159,3,"2024-03-16 07:44:17"
16846,3140,3,"2023-08-06 19:30:22"
16847,6024,3,"2024-04-03 23:14:20"
16848,6547,3,"2024-03-17 22:58:26"
16849,4615,3,"2023-12-15 10:53:12"
16850,3432,3,"2024-02-26 17:47:49"
16851,266,3,"2024-05-08 23:15:38"
16852,340,3,"2023-07-21 21:26:14"
16853,3035,3,"2024-05-17 18:02:34"
16854,997,3,"2023-09-03 21:37:50"
16855,5692,3,"2024-05-05 01:37:00"
16856,4450,3,"2024-02-13 14:19:01"
16857,4657,3,"2024-02-17 15:40:40"
16858,662,3,"2023-11-05 02:33:35"
16859,1533,3,"2024-06-08 06:04:11"
16860,7158,3,"2023-11-13 21:41:11"
16861,5519,3,"2023-11-30 23:24:19"
16862,2699,3,"2023-12-16 03:39:56"
16863,7499,3,"2024-02-24 05:44:41"
16864,824,3,"2024-04-03 11:14:49"
16865,1996,3,"2024-04-01 06:22:47"
16866,5525,3,"2023-10-01 00:15:11"
16867,5014,3,"2024-03-29 17:25:08"
16868,4750,3,"2023-10-10 10:27:47"
16869,1852,3,"2024-01-04 22:52:09"
16870,7306,3,"2024-01-30 03:20:50"
16871,520,3,"2024-04-17 03:24:33"
16872,6802,3,"2023-12-23 09:26:38"
16873,334,3,"2023-12-18 20:04:45"
16874,659,3,"2023-11-19 18:20:21"
16875,4110,3,"2023-08-05 19:00:29"
16876,6558,3,"2023-11-19 15:33:38"
16877,6253,3,"2024-01-31 16:25:17"
16878,5160,3,"2023-11-30 12:21:48"
16879,5232,3,"2024-03-03 04:24:37"
16880,4606,3,"2024-03-07 18:56:59"
16881,6808,3,"2023-11-21 01:29:06"
16882,3621,3,"2024-01-16 22:41:40"
16883,7385,3,"2023-12-15 15:32:11"
16884,3447,3,"2024-04-13 04:07:21"
16885,5019,3,"2024-05-14 19:44:05"
16886,6220,3,"2023-12-02 00:47:22"
16887,3100,3,"2024-01-08 03:19:02"
16888,5106,3,"2024-05-05 15:42:45"
16889,5645,3,"2023-10-02 17:24:11"
16890,3510,3,"2023-08-13 02:50:31"
16891,5405,3,"2024-01-25 23:53:47"
16892,3606,3,"2023-12-15 16:01:03"
16893,1835,3,"2023-12-31 16:34:35"
16894,4803,3,"2024-03-22 17:34:14"
16895,7019,3,"2024-05-29 20:04:12"
16896,4742,3,"2023-08-19 07:31:33"
16897,2814,3,"2023-09-16 11:19:30"
16898,4117,3,"2023-07-03 09:21:11"
16899,5454,3,"2024-04-07 06:00:47"
16900,4805,3,"2023-10-02 22:53:37"
16901,7422,3,"2024-06-08 07:43:04"
16902,3003,3,"2024-06-03 02:45:00"
16903,3953,3,"2024-05-31 08:31:23"
16904,7425,3,"2024-05-30 17:59:28"
16905,3868,3,"2023-08-27 15:50:46"
16906,3425,3,"2024-02-27 00:28:50"
16907,1495,3,"2023-10-26 18:38:00"
16908,3277,3,"2024-05-10 15:34:06"
16909,6057,3,"2023-11-13 11:41:38"
16910,7282,3,"2024-05-08 15:00:27"
16911,1410,3,"2024-06-15 06:39:44"
16912,6092,3,"2024-03-28 01:36:24"
16913,7462,3,"2024-01-20 05:25:43"
16914,4711,3,"2024-02-04 17:56:06"
16915,6609,3,"2024-04-01 02:59:17"
16916,6190,3,"2024-02-22 16:23:01"
16917,3820,3,"2024-02-11 12:53:40"
16918,7069,3,"2024-04-26 12:47:36"
16919,6244,3,"2023-07-30 11:51:00"
16920,7063,3,"2024-04-15 13:35:32"
16921,6826,3,"2024-03-02 09:23:16"
16922,776,3,"2024-03-19 17:02:28"
16923,295,3,"2024-02-22 08:00:28"
16924,2858,3,"2023-12-02 16:12:07"
16925,4376,3,"2023-09-05 07:55:33"
16926,3421,3,"2023-09-28 21:59:07"
16927,1833,3,"2023-11-07 10:35:50"
16928,6091,3,"2023-12-19 10:10:53"
16929,1575,3,"2024-05-26 05:47:46"
16930,2306,3,"2023-08-21 23:16:08"
16931,4596,3,"2024-03-06 06:36:26"
16932,3071,3,"2024-03-11 13:57:42"
16933,6576,3,"2024-05-23 20:50:41"
16934,649,3,"2024-02-22 09:48:53"
16935,6437,3,"2023-12-27 19:04:18"
16936,1679,3,"2024-02-04 05:09:10"
16937,2092,3,"2023-11-25 16:37:30"
16938,5783,3,"2024-05-28 18:28:44"
16939,1271,3,"2023-10-07 15:02:38"
16940,246,3,"2023-10-21 02:44:52"
16941,3627,3,"2023-11-13 11:12:32"
16942,4520,3,"2023-10-14 16:58:25"
16943,1675,3,"2024-05-13 21:29:01"
16944,993,3,"2024-06-15 12:07:12"
16945,5335,3,"2023-10-10 06:58:58"
16946,1529,3,"2023-10-05 12:19:02"
16947,1274,3,"2023-07-01 04:34:18"
16948,6507,3,"2023-11-04 05:07:35"
16949,1194,3,"2024-06-17 10:01:23"
16950,7089,3,"2024-04-01 15:21:11"
16951,6415,3,"2023-09-12 00:37:50"
16952,2105,3,"2023-07-15 22:25:31"
16953,5009,3,"2024-05-31 16:26:24"
16954,6739,3,"2023-12-07 17:21:58"
16955,3344,3,"2024-04-03 02:47:48"
16956,590,3,"2024-06-14 10:24:59"
16957,1129,3,"2024-05-25 08:49:27"
16958,3753,3,"2023-12-05 18:42:31"
16959,1938,3,"2023-07-14 20:20:52"
16960,1076,3,"2024-03-26 05:30:14"
16961,6492,3,"2023-11-15 17:26:47"
16962,4261,3,"2023-12-22 03:04:18"
16963,5218,3,"2023-10-25 11:04:46"
16964,3089,3,"2023-08-01 12:34:02"
16965,2415,3,"2023-11-22 15:53:05"
16966,1543,3,"2023-09-05 06:34:36"
16967,4689,3,"2024-03-03 02:41:49"
16968,5735,3,"2024-02-18 05:26:30"
16969,2949,3,"2024-01-18 15:26:21"
16970,7460,3,"2023-07-23 16:43:32"
16971,2837,3,"2024-05-13 19:46:35"
16972,6578,3,"2023-11-02 23:39:16"
16973,4603,3,"2023-12-20 09:40:21"
16974,788,3,"2024-06-15 04:38:50"
16975,4451,3,"2023-10-15 07:34:09"
16976,5297,3,"2024-04-08 04:40:29"
16977,6019,3,"2024-02-28 15:19:37"
16978,6584,3,"2024-03-04 07:55:46"
16979,354,3,"2024-02-21 12:44:36"
16980,6161,3,"2024-01-06 08:31:17"
16981,1158,3,"2024-03-14 01:46:42"
16982,3489,3,"2023-09-04 15:16:13"
16983,6440,3,"2023-11-21 15:10:36"
16984,5138,3,"2023-10-06 07:15:34"
16985,5835,3,"2023-11-12 22:44:22"
16986,504,3,"2024-05-11 02:16:56"
16987,4680,3,"2024-06-01 02:04:40"
16988,7438,3,"2023-12-12 00:00:23"
16989,6856,3,"2024-02-20 22:05:35"
16990,6559,3,"2023-10-12 12:12:51"
16991,7474,3,"2024-03-28 02:38:49"
16992,1936,3,"2023-11-23 00:48:54"
16993,5224,3,"2023-06-28 03:05:42"
16994,7391,3,"2023-10-19 17:30:29"
16995,420,3,"2024-01-22 08:27:32"
16996,2183,3,"2023-09-13 23:48:32"
16997,5553,3,"2024-02-26 08:02:21"
16998,1412,3,"2023-10-05 15:40:56"
16999,4108,3,"2024-05-23 00:53:45"
17000,928,3,"2024-05-14 15:04:00"
17001,7255,3,"2024-03-25 20:22:29"
17002,7126,3,"2024-01-20 16:07:00"
17003,3189,3,"2023-10-12 09:42:05"
17004,4839,3,"2024-05-17 20:29:33"
17005,7445,3,"2023-11-14 11:25:04"
17006,2965,3,"2023-10-13 08:59:36"
17007,2053,3,"2023-12-24 21:19:54"
17008,2938,3,"2024-05-12 17:53:27"
17009,5711,3,"2024-03-04 23:13:35"
17010,6367,3,"2024-04-21 04:41:40"
17011,4715,3,"2023-10-23 20:55:28"
17012,3685,3,"2023-11-25 05:00:46"
17013,6699,3,"2023-06-26 18:52:33"
17014,3307,3,"2023-09-01 20:32:34"
17015,4944,3,"2023-09-17 09:27:33"
17016,2833,3,"2023-10-16 23:48:11"
17017,5228,3,"2023-07-01 08:40:38"
17018,2576,3,"2023-09-26 00:57:00"
17019,4649,3,"2023-10-09 18:47:29"
17020,4277,3,"2024-04-08 23:46:33"
17021,2387,3,"2024-04-12 21:25:38"
17022,1236,3,"2023-08-14 21:06:11"
17023,291,3,"2023-07-27 10:23:25"
17024,1365,3,"2023-10-22 04:15:57"
17025,6013,3,"2024-03-24 10:51:07"
17026,712,3,"2024-03-07 14:54:36"
17027,7179,3,"2023-10-21 16:10:41"
17028,6960,3,"2023-12-15 20:34:38"
17029,4517,3,"2024-06-17 08:57:45"
17030,79,3,"2023-10-08 19:39:21"
17031,5445,3,"2024-02-08 17:44:46"
17032,7435,3,"2024-02-28 19:36:02"
17033,3333,3,"2024-03-30 19:59:47"
17034,5650,3,"2023-08-06 22:37:37"
17035,4888,3,"2024-04-01 16:55:43"
17036,5698,3,"2024-06-08 14:17:33"
17037,5995,3,"2024-02-20 11:43:34"
17038,6923,3,"2024-05-04 10:53:43"
17039,806,3,"2023-10-31 11:45:07"
17040,6400,3,"2023-08-07 23:15:02"
17041,6304,3,"2023-12-11 13:14:50"
17042,6849,3,"2023-11-29 04:41:25"
17043,5108,3,"2023-12-14 21:21:24"
17044,3997,3,"2023-08-05 02:28:51"
17045,7431,3,"2024-01-15 18:31:55"
17046,2047,3,"2024-05-01 16:29:37"
17047,3081,3,"2024-01-22 03:16:01"
17048,2935,3,"2024-02-01 05:04:28"
17049,1051,3,"2024-04-20 17:22:31"
17050,740,3,"2023-07-27 04:33:10"
17051,541,3,"2023-11-04 09:01:36"
17052,5249,3,"2024-02-27 12:50:06"
17053,5112,3,"2024-01-27 17:42:31"
17054,4919,3,"2024-06-12 06:01:52"
17055,6292,3,"2023-08-09 22:35:10"
17056,3924,3,"2024-04-13 06:36:04"
17057,3727,3,"2024-01-15 03:59:53"
17058,2509,3,"2024-05-25 04:04:31"
17059,1569,3,"2024-05-12 07:56:46"
17060,4622,3,"2024-02-12 06:20:05"
17061,2737,3,"2024-04-24 18:10:12"
17062,474,3,"2023-09-18 04:44:56"
17063,326,3,"2023-11-14 03:35:30"
17064,5551,3,"2024-02-03 06:07:30"
17065,5872,3,"2023-09-02 16:31:55"
17066,3043,3,"2024-01-29 17:37:45"
17067,4856,3,"2024-02-19 02:30:10"
17068,5287,3,"2023-09-24 17:26:58"
17069,7211,3,"2023-09-23 20:28:03"
17070,2815,3,"2024-04-19 06:48:04"
17071,1688,3,"2023-08-30 20:39:54"
17072,606,3,"2023-09-13 07:52:14"
17073,2250,3,"2023-07-19 06:30:22"
17074,2137,3,"2023-12-05 18:56:00"
17075,2303,3,"2023-09-28 18:03:17"
17076,2016,3,"2023-08-01 01:34:23"
17077,122,3,"2023-06-27 08:05:42"
17078,5526,3,"2023-12-06 21:07:04"
17079,1711,3,"2024-05-27 14:08:26"
17080,2717,3,"2024-01-31 13:29:01"
17081,5013,3,"2024-01-30 01:25:06"
17082,6241,3,"2024-03-23 19:33:47"
17083,2617,3,"2024-02-24 13:55:28"
17084,6385,3,"2023-11-30 08:14:32"
17085,3129,3,"2024-02-20 18:53:16"
17086,2634,3,"2024-01-02 02:25:46"
17087,6721,3,"2024-02-19 03:29:56"
17088,5797,3,"2024-03-11 03:41:07"
17089,4396,3,"2023-12-29 08:03:07"
17090,5441,3,"2023-08-07 05:46:58"
17091,50,3,"2023-07-18 06:22:52"
17092,4901,3,"2024-06-04 00:19:12"
17093,2942,3,"2024-06-08 17:30:29"
17094,1189,3,"2024-03-03 16:07:21"
17095,3276,3,"2023-11-26 13:11:39"
17096,2439,3,"2024-01-09 23:46:46"
17097,785,3,"2023-07-08 12:50:13"
17098,1762,3,"2024-04-29 07:26:51"
17099,6498,3,"2023-12-01 15:30:50"
17100,3537,3,"2023-08-21 11:32:56"
17101,2194,3,"2024-02-06 12:54:59"
17102,6388,3,"2023-10-06 22:24:43"
17103,4304,3,"2024-02-20 16:51:49"
17104,5769,3,"2023-11-07 12:59:25"
17105,5942,3,"2024-05-02 20:30:06"
17106,874,3,"2024-05-15 17:35:03"
17107,6807,3,"2023-09-01 15:40:30"
17108,5318,3,"2024-01-24 00:11:05"
17109,4411,3,"2024-02-10 04:22:25"
17110,2933,3,"2024-02-28 11:53:34"
17111,7395,3,"2023-08-10 11:38:45"
17112,6662,3,"2023-08-04 02:02:17"
17113,4772,3,"2023-12-10 11:50:19"
17114,976,3,"2023-07-04 04:58:18"
17115,373,3,"2023-10-19 01:20:35"
17116,178,3,"2023-07-14 02:35:58"
17117,6970,3,"2024-03-26 14:46:59"
17118,610,3,"2023-10-23 22:47:32"
17119,1142,3,"2024-06-06 19:44:30"
17120,2587,3,"2024-02-07 00:47:51"
17121,1548,3,"2023-08-24 03:27:14"
17122,2534,3,"2024-04-26 05:31:17"
17123,7480,3,"2024-02-19 01:29:40"
17124,3849,3,"2023-07-23 05:45:58"
17125,2292,3,"2024-01-30 06:59:13"
17126,4171,3,"2023-09-28 18:23:52"
17127,6301,3,"2024-01-03 21:50:44"
17128,6947,3,"2023-09-13 13:17:07"
17129,6646,3,"2024-04-02 02:24:55"
17130,637,3,"2023-11-16 07:55:24"
17131,58,3,"2024-06-11 21:28:05"
17132,3502,3,"2024-03-03 05:49:33"
17133,2560,3,"2024-06-04 00:50:33"
17134,3058,3,"2024-05-24 08:44:14"
17135,6730,3,"2023-06-29 16:09:52"
17136,2993,3,"2023-09-22 04:36:52"
17137,5687,3,"2023-12-09 15:03:09"
17138,3184,3,"2023-08-31 15:36:17"
17139,2486,3,"2023-10-28 18:59:01"
17140,2413,3,"2024-03-02 22:32:29"
17141,3214,3,"2024-04-19 08:37:50"
17142,3758,3,"2023-12-22 17:06:52"
17143,3705,3,"2024-05-20 16:08:22"
17144,4109,3,"2023-09-18 04:54:18"
17145,2761,3,"2024-02-24 02:41:46"
17146,6007,3,"2023-07-12 20:22:43"
17147,6378,3,"2024-05-26 17:23:43"
17148,7346,3,"2023-09-02 13:42:29"
17149,902,3,"2024-06-06 17:00:37"
17150,3321,3,"2023-06-28 00:32:56"
17151,6101,3,"2023-06-26 18:52:56"
17152,4166,3,"2023-09-20 03:47:34"
17153,7152,3,"2024-02-28 15:59:45"
17154,5915,3,"2024-06-11 10:47:38"
17155,2020,3,"2023-07-14 07:28:15"
17156,2780,3,"2023-10-02 20:49:03"
17157,6786,3,"2024-04-08 07:27:20"
17158,7146,3,"2023-07-07 14:18:07"
17159,1181,3,"2023-09-05 07:47:43"
17160,3497,3,"2023-08-10 09:38:05"
17161,5226,3,"2024-06-14 14:58:54"
17162,41,3,"2023-06-30 06:59:36"
17163,6969,3,"2024-02-07 07:13:15"
17164,5344,3,"2024-02-23 04:22:43"
17165,1170,3,"2024-05-29 03:27:57"
17166,4785,3,"2023-12-23 03:07:25"
17167,4278,3,"2024-04-09 17:38:01"
17168,6829,3,"2024-06-10 02:04:19"
17169,6044,3,"2023-06-21 13:04:03"
17170,7272,3,"2024-02-09 18:29:33"
17171,4903,3,"2023-08-26 03:43:29"
17172,1903,3,"2024-01-08 21:15:32"
17173,5428,3,"2023-11-24 12:12:56"
17174,909,3,"2024-03-11 22:06:30"
17175,6122,3,"2023-07-09 16:07:17"
17176,2603,3,"2023-07-16 04:20:30"
17177,5822,3,"2024-03-11 04:34:43"
17178,4579,3,"2023-08-09 12:57:38"
17179,5566,3,"2024-04-02 17:03:25"
17180,3130,3,"2024-03-03 16:01:03"
17181,1947,3,"2024-05-22 14:25:37"
17182,7483,3,"2024-06-17 18:45:54"
17183,5498,3,"2023-11-19 04:47:13"
17184,68,3,"2023-11-15 01:41:47"
17185,356,3,"2024-06-13 18:49:53"
17186,2505,3,"2024-01-05 21:56:38"
17187,6988,3,"2023-10-18 06:48:37"
17188,3047,3,"2024-03-27 09:51:34"
17189,3818,3,"2023-10-09 07:25:20"
17190,4105,3,"2024-05-27 21:57:11"
17191,480,3,"2023-08-21 02:40:23"
17192,1559,3,"2023-07-27 10:56:34"
17193,6821,3,"2023-11-04 23:02:12"
17194,2032,3,"2024-03-07 20:24:42"
17195,6094,3,"2024-05-13 15:59:08"
17196,4634,3,"2023-08-17 16:20:00"
17197,4372,3,"2024-04-24 16:16:01"
17198,1912,3,"2024-01-17 01:10:21"
17199,6972,3,"2023-07-29 05:45:53"
17200,6513,3,"2023-06-22 21:46:15"
17201,7007,3,"2024-01-08 18:51:52"
17202,2328,3,"2023-11-19 05:30:51"
17203,2911,3,"2024-05-04 01:39:46"
17204,704,3,"2024-02-02 02:49:17"
17205,3695,3,"2024-01-04 17:58:48"
17206,6853,3,"2024-05-02 22:52:46"
17207,1043,3,"2024-01-15 22:14:55"
17208,5542,3,"2023-10-30 23:17:48"
17209,4128,3,"2024-01-21 08:11:57"
17210,5018,3,"2023-10-23 19:38:35"
17211,5910,3,"2024-04-10 17:20:38"
17212,2156,3,"2023-08-18 05:33:22"
17213,4424,3,"2024-01-06 13:05:12"
17214,4653,3,"2023-12-16 07:10:27"
17215,3013,3,"2024-02-03 10:31:35"
17216,1164,3,"2024-04-01 19:28:01"
17217,2393,3,"2023-11-07 16:45:10"
17218,126,3,"2023-07-29 07:52:22"
17219,5546,3,"2024-04-13 11:07:36"
17220,2533,3,"2023-09-27 03:10:37"
17221,5084,3,"2024-04-05 00:29:28"
17222,542,3,"2024-03-25 00:08:33"
17223,2798,3,"2024-05-17 16:43:28"
17224,1639,3,"2023-11-18 09:43:54"
17225,2147,3,"2024-05-13 14:44:27"
17226,3747,3,"2024-03-09 14:42:36"
17227,2902,3,"2024-03-03 15:45:51"
17228,7518,3,"2023-08-27 06:29:00"
17229,1422,3,"2023-10-18 20:36:49"
17230,4612,3,"2024-01-16 06:20:15"
17231,4611,3,"2024-05-18 03:04:15"
17232,2150,3,"2023-11-02 01:57:20"
17233,1917,3,"2023-08-27 05:14:43"
17234,5636,3,"2023-09-20 17:02:17"
17235,615,3,"2024-01-18 20:58:32"
17236,2615,3,"2024-02-19 21:58:52"
17237,3632,3,"2024-03-10 03:34:42"
17238,724,3,"2024-03-06 06:14:11"
17239,5644,3,"2023-09-02 20:36:42"
17240,4081,3,"2024-02-27 17:15:53"
17241,6654,3,"2023-12-28 22:48:26"
17242,5171,3,"2023-09-20 04:27:29"
17243,60,3,"2023-07-05 18:59:38"
17244,5244,3,"2023-08-07 19:41:48"
17245,6674,3,"2024-04-26 10:59:55"
17246,818,3,"2024-01-19 18:41:08"
17247,7293,3,"2024-04-20 22:56:20"
17248,3571,3,"2023-09-17 03:18:56"
17249,3626,3,"2024-02-08 14:49:25"
17250,4325,3,"2023-11-02 18:57:37"
17251,4381,3,"2024-05-20 01:55:04"
17252,3339,3,"2023-11-04 21:06:43"
17253,4221,3,"2023-08-13 08:44:53"
17254,4672,3,"2023-07-03 23:14:11"
17255,5595,3,"2023-09-21 16:43:50"
17256,6343,3,"2023-11-17 04:30:11"
17257,891,3,"2024-03-02 22:17:49"
17258,4697,3,"2023-09-06 09:48:14"
17259,4513,3,"2023-11-12 06:53:15"
17260,6282,3,"2023-12-07 15:37:13"
17261,6719,3,"2024-03-18 20:02:18"
17262,3411,3,"2023-11-23 15:51:18"
17263,4321,3,"2024-02-02 05:25:18"
17264,3548,3,"2024-05-26 16:43:41"
17265,7148,3,"2024-01-16 01:02:02"
17266,5491,3,"2023-11-07 13:32:38"
17267,6417,3,"2024-05-10 12:08:53"
17268,4084,3,"2023-12-01 03:57:51"
17269,2723,3,"2024-03-15 15:18:56"
17270,5118,3,"2024-02-09 11:18:48"
17271,6196,3,"2023-10-19 14:17:14"
17272,62,3,"2023-08-17 07:18:01"
17273,4515,3,"2023-12-01 15:37:23"
17274,2921,3,"2024-04-22 19:27:14"
17275,4972,3,"2024-04-19 09:10:06"
17276,4191,3,"2023-06-30 02:12:02"
17277,3106,3,"2023-11-30 22:00:12"
17278,6696,3,"2024-03-23 04:31:31"
17279,5240,3,"2023-09-23 02:11:29"
17280,3155,3,"2023-08-12 09:42:27"
17281,4386,3,"2024-01-08 16:49:30"
17282,3697,3,"2024-01-31 07:21:51"
17283,396,3,"2024-04-13 04:38:17"
17284,3104,3,"2024-02-06 04:53:04"
17285,2800,3,"2024-04-26 22:01:36"
17286,1995,3,"2023-09-01 10:52:40"
17287,4236,3,"2023-10-18 23:50:37"
17288,5663,3,"2023-09-21 19:07:49"
17289,2299,3,"2024-06-04 20:57:28"
17290,6955,3,"2024-01-21 06:39:09"
17291,5513,3,"2024-01-13 05:31:53"
17292,6333,3,"2023-12-17 09:47:41"
17293,378,3,"2024-02-26 07:56:57"
17294,5591,3,"2023-11-03 18:54:49"
17295,6600,3,"2024-01-21 23:59:18"
17296,195,3,"2023-09-14 04:23:03"
17297,647,3,"2024-04-01 13:41:29"
17298,2179,3,"2023-08-21 03:35:45"
17299,4531,3,"2023-07-12 17:56:27"
17300,4677,3,"2023-10-04 16:27:45"
17301,4896,3,"2024-03-04 07:14:52"
17302,6059,3,"2024-02-22 15:52:24"
17303,249,3,"2023-09-05 01:25:13"
17304,3560,3,"2023-09-24 08:06:32"
17305,5989,3,"2024-06-03 14:58:49"
17306,3774,3,"2023-11-15 10:04:46"
17307,18,3,"2024-01-16 06:20:55"
17308,5096,3,"2023-11-15 14:22:58"
17309,6794,3,"2023-12-01 07:26:13"
17310,5659,3,"2023-07-23 19:50:30"
17311,866,3,"2023-08-11 06:23:15"
17312,5759,3,"2024-04-24 23:18:59"
17313,4357,3,"2023-12-25 09:56:42"
17314,5372,3,"2023-11-02 23:32:40"
17315,1336,3,"2024-04-09 05:00:56"
17316,5887,3,"2023-11-23 23:20:43"
17317,1162,3,"2023-11-15 12:42:08"
17318,4400,3,"2023-12-09 09:34:28"
17319,1712,3,"2023-08-30 17:49:03"
17320,3812,3,"2024-04-19 07:01:05"
17321,1674,3,"2024-02-07 06:02:21"
17322,7060,3,"2024-01-31 21:49:21"
17323,1902,3,"2023-07-28 23:58:21"
17324,148,3,"2023-11-08 14:04:54"
17325,1804,3,"2024-04-28 10:20:03"
17326,6278,3,"2023-12-31 12:56:43"
17327,5436,3,"2023-07-19 21:25:59"
17328,1138,3,"2024-04-27 15:42:53"
17329,1857,3,"2023-08-08 06:54:02"
17330,286,3,"2024-04-14 02:30:31"
17331,3693,3,"2024-01-08 14:02:20"
17332,261,3,"2024-04-05 17:07:42"
17333,4289,3,"2024-03-09 00:40:09"
17334,5420,3,"2024-06-11 00:05:56"
17335,6142,3,"2023-11-07 20:10:05"
17336,2099,3,"2023-10-11 01:21:08"
17337,5187,3,"2023-07-05 16:22:51"
17338,1656,3,"2024-04-10 12:32:39"
17339,7455,3,"2023-07-29 12:08:27"
17340,4348,3,"2023-12-10 13:58:28"
17341,7113,3,"2024-05-09 09:55:16"
17342,2671,3,"2023-10-24 11:22:51"
17343,5004,3,"2023-10-20 04:43:52"
17344,2083,3,"2023-07-20 08:51:43"
17345,7071,3,"2023-10-31 19:58:46"
17346,3703,3,"2024-03-30 03:40:17"
17347,7295,3,"2024-04-11 17:58:55"
17348,6369,3,"2024-04-19 11:58:33"
17349,2432,3,"2024-01-10 01:22:50"
17350,3586,3,"2024-04-09 20:00:05"
17351,6933,3,"2023-11-14 20:29:39"
17352,6772,3,"2024-05-30 11:19:43"
17353,367,3,"2024-03-30 21:55:46"
17354,2345,3,"2024-01-11 04:24:16"
17355,3558,3,"2023-08-05 13:29:13"
17356,7201,3,"2023-09-20 18:32:13"
17357,632,3,"2024-01-12 09:26:16"
17358,4285,3,"2024-01-10 16:35:11"
17359,3205,3,"2024-03-13 14:18:30"
17360,1974,3,"2024-02-07 22:00:50"
17361,1823,3,"2023-11-14 15:20:53"
17362,2252,3,"2023-09-28 03:34:55"
17363,911,3,"2024-01-09 00:37:58"
17364,3217,3,"2023-11-21 13:24:43"
17365,7377,3,"2023-10-22 13:14:12"
17366,3914,3,"2023-09-15 00:13:12"
17367,4493,3,"2023-12-29 00:44:56"
17368,6,3,"2023-12-19 21:31:57"
17369,1127,3,"2023-06-30 18:15:48"
17370,1202,3,"2023-07-02 08:36:39"
17371,2719,3,"2024-04-09 03:11:05"
17372,157,3,"2023-07-18 05:41:00"
17373,242,3,"2023-12-12 18:39:33"
17374,2981,3,"2023-08-16 16:41:39"
17375,5468,3,"2024-04-04 19:16:29"
17376,3958,3,"2023-09-09 06:11:33"
17377,7051,3,"2023-09-04 08:25:39"
17378,3099,3,"2023-10-22 07:16:13"
17379,7428,3,"2023-08-20 22:27:05"
17380,2254,3,"2023-06-30 02:10:50"
17381,1444,3,"2023-11-26 21:40:34"
17382,2573,3,"2023-07-23 04:08:42"
17383,5816,3,"2024-01-17 04:22:59"
17384,7269,3,"2024-01-24 07:45:34"
17385,6148,3,"2024-06-06 15:12:26"
17386,201,3,"2023-12-04 14:30:38"
17387,4771,3,"2023-07-18 11:17:58"
17388,4713,3,"2023-10-14 06:14:08"
17389,6615,3,"2023-09-09 13:09:14"
17390,7143,3,"2023-10-08 13:33:20"
17391,352,3,"2023-12-19 06:26:14"
17392,860,3,"2023-12-24 15:56:59"
17393,1863,3,"2023-10-29 12:47:25"
17394,1602,3,"2023-07-05 23:57:06"
17395,5453,3,"2024-05-26 21:09:29"
17396,3335,3,"2024-03-07 16:03:04"
17397,7087,3,"2023-08-13 17:20:43"
17398,412,3,"2023-08-16 02:22:25"
17399,3829,3,"2024-03-05 17:25:57"
17400,4791,3,"2023-12-09 14:35:14"
17401,6828,3,"2023-11-25 08:43:28"
17402,3782,3,"2024-01-31 19:07:25"
17403,2384,3,"2023-08-15 10:37:40"
17404,4778,3,"2024-02-11 13:17:52"
17405,4481,3,"2023-11-19 03:28:05"
17406,1185,3,"2023-10-25 13:05:43"
17407,4270,3,"2023-11-27 13:14:09"
17408,5912,3,"2024-01-23 16:25:08"
17409,7129,3,"2023-08-22 15:37:49"
17410,723,3,"2024-02-16 07:50:47"
17411,1661,3,"2024-01-01 14:40:53"
17412,6766,3,"2024-05-23 17:58:52"
17413,4003,3,"2024-05-02 14:15:55"
17414,3368,3,"2024-04-10 07:33:53"
17415,5998,3,"2024-01-18 08:45:43"
17416,983,3,"2023-11-04 04:48:23"
17417,1760,3,"2023-10-28 01:44:53"
17418,405,3,"2024-02-02 11:01:31"
17419,6845,3,"2023-09-05 03:25:58"
17420,7545,3,"2024-02-04 04:49:59"
17421,4821,3,"2023-08-02 03:16:10"
17422,1310,3,"2024-01-12 18:20:14"
17423,172,3,"2023-09-16 13:09:53"
17424,4756,3,"2023-11-03 12:53:23"
17425,3890,3,"2024-03-26 16:04:14"
17426,2228,3,"2023-10-09 12:26:05"
17427,1719,3,"2023-11-29 16:18:39"
17428,801,3,"2024-04-30 14:04:06"
17429,3723,3,"2024-04-21 06:17:41"
17430,7205,3,"2023-11-20 19:03:26"
17431,5046,3,"2023-11-25 11:39:46"
17432,6188,3,"2024-03-10 07:16:42"
17433,7195,3,"2023-10-28 08:02:42"
17434,5961,3,"2023-07-07 05:10:21"
17435,2504,3,"2024-02-27 04:59:02"
17436,585,3,"2023-08-11 17:32:48"
17437,6635,3,"2024-04-16 22:32:09"
17438,5222,3,"2023-10-22 14:40:23"
17439,5439,3,"2024-02-05 03:46:45"
17440,3463,3,"2023-10-16 07:30:44"
17441,5280,3,"2024-02-13 20:47:16"
17442,4342,3,"2023-06-25 15:04:05"
17443,5900,3,"2023-09-22 23:50:55"
17444,3830,3,"2023-06-29 21:53:48"
17445,3377,3,"2024-03-12 01:53:22"
17446,815,3,"2024-02-07 08:52:52"
17447,106,3,"2024-04-04 17:39:45"
17448,4421,3,"2023-10-30 16:00:10"
17449,6543,3,"2024-05-05 18:30:39"
17450,2357,3,"2024-03-07 20:34:48"
17451,3174,3,"2024-03-16 18:16:53"
17452,2133,3,"2023-07-05 20:50:13"
17453,7423,3,"2024-04-14 05:33:46"
17454,4781,3,"2024-03-22 02:26:56"
17455,6801,3,"2023-11-14 19:49:03"
17456,3025,3,"2024-02-25 02:23:18"
17457,4703,3,"2024-02-09 12:07:20"
17458,3518,3,"2023-07-25 23:28:43"
17459,2772,3,"2024-01-10 22:30:31"
17460,2324,3,"2024-01-03 20:44:17"
17461,6612,3,"2023-08-02 19:01:16"
17462,2395,3,"2024-06-01 21:25:33"
17463,5879,3,"2023-11-13 06:09:39"
17464,6065,3,"2023-10-26 21:38:17"
17465,6920,3,"2023-08-17 01:45:45"
17466,5076,3,"2023-07-07 10:46:26"
17467,2274,3,"2023-11-24 03:51:48"
17468,2305,3,"2023-08-22 21:05:43"
17469,7187,3,"2023-08-15 15:11:53"
17470,2112,3,"2023-07-09 04:46:07"
17471,5539,3,"2024-01-04 13:18:25"
17472,2620,3,"2023-06-27 02:59:19"
17473,6728,3,"2024-03-14 10:49:01"
17474,1270,3,"2024-02-01 05:20:26"
17475,4209,3,"2023-08-28 00:03:24"
17476,6940,3,"2023-09-28 17:02:39"
17477,4294,3,"2024-05-22 01:59:27"
17478,2200,3,"2024-03-17 00:35:25"
17479,2420,3,"2024-04-05 23:03:59"
17480,343,3,"2023-12-03 08:08:18"
17481,7197,3,"2023-11-22 04:57:39"
17482,40,3,"2023-09-09 09:37:59"
17483,3218,3,"2023-09-25 15:47:41"
17484,4925,3,"2023-07-10 02:49:54"
17485,100,3,"2023-11-08 07:14:23"
17486,2214,3,"2023-10-27 15:20:13"
17487,4576,3,"2023-07-14 09:11:56"
17488,4443,3,"2023-12-20 13:40:54"
17489,7074,3,"2023-12-02 14:17:16"
17490,4577,3,"2024-01-04 06:22:10"
17491,5812,3,"2023-07-07 02:49:36"
17492,6204,3,"2024-05-03 09:16:57"
17493,4475,3,"2023-11-12 16:38:33"
17494,3101,3,"2024-04-05 20:47:36"
17495,2741,3,"2024-02-14 21:26:18"
17496,2812,3,"2024-02-12 05:37:44"
17497,4787,3,"2023-09-11 11:17:38"
17498,346,3,"2023-07-19 02:32:10"
17499,1949,3,"2023-09-25 04:50:08"
17500,3298,3,"2023-11-10 16:52:06"
17501,5703,3,"2024-01-25 07:51:54"
17502,5375,3,"2024-03-12 11:43:43"
17503,6914,3,"2023-12-30 08:34:21"
17504,3315,3,"2023-11-21 17:26:30"
17505,6902,3,"2023-06-26 18:12:19"
17506,3991,3,"2024-01-15 07:19:16"
17507,2266,3,"2023-11-14 04:28:00"
17508,6230,3,"2024-03-26 18:50:53"
17509,5892,3,"2024-03-24 19:55:14"
17510,1589,3,"2024-05-22 04:34:02"
17511,1973,3,"2023-12-18 02:51:19"
17512,673,3,"2023-08-21 01:58:37"
17513,1299,3,"2023-11-15 06:43:54"
17514,6236,3,"2023-09-24 14:06:09"
17515,1404,3,"2023-09-22 04:10:07"
17516,4242,3,"2024-05-04 15:45:32"
17517,558,3,"2023-08-08 06:19:15"
17518,5193,3,"2023-12-06 18:26:48"
17519,6815,3,"2024-04-24 11:52:41"
17520,2187,3,"2024-05-27 15:09:39"
17521,2251,3,"2023-10-07 05:38:52"
17522,4133,3,"2024-02-06 19:07:06"
17523,6323,3,"2024-04-10 01:55:09"
17524,1651,3,"2024-02-24 19:58:45"
17525,6935,3,"2024-03-12 04:38:08"
17526,383,3,"2023-09-10 04:58:53"
17527,2960,3,"2023-11-17 15:14:57"
17528,1592,3,"2023-11-10 17:02:21"
17529,4710,3,"2023-10-18 11:21:35"
17530,2553,3,"2023-11-17 07:57:25"
17531,2975,3,"2024-01-13 02:26:40"
17532,2344,3,"2023-11-22 23:26:12"
17533,1089,3,"2023-12-04 16:42:51"
17534,1249,3,"2023-09-16 16:44:35"
17535,1264,3,"2023-12-16 19:27:26"
17536,5554,3,"2023-08-01 21:25:07"
17537,882,3,"2024-03-02 09:24:16"
17538,6064,3,"2024-04-29 21:26:13"
17539,2681,3,"2023-11-30 23:39:38"
17540,3956,3,"2023-07-12 00:48:50"
17541,5779,3,"2023-10-10 18:33:56"
17542,6039,3,"2023-12-29 05:03:42"
17543,3663,3,"2024-01-21 05:21:41"
17544,1306,3,"2023-07-25 06:34:58"
17545,3640,3,"2024-01-14 08:24:47"
17546,1819,3,"2023-07-01 13:37:33"
17547,174,3,"2023-08-04 14:05:38"
17548,7548,3,"2024-04-24 03:58:48"
17549,6487,3,"2023-09-15 15:10:19"
17550,2532,3,"2024-02-24 21:51:47"
17551,6280,3,"2023-07-06 01:32:43"
17552,5202,3,"2024-04-04 02:34:34"
17553,2597,3,"2023-09-26 12:53:56"
17554,3769,3,"2024-02-11 23:37:12"
17555,1733,3,"2023-08-22 15:43:02"
17556,4853,3,"2023-10-29 00:03:48"
17557,6571,3,"2024-06-14 00:55:48"
17558,475,3,"2024-01-01 00:57:20"
17559,3599,3,"2023-11-14 05:09:21"
17560,309,3,"2023-06-21 23:20:30"
17561,5493,3,"2023-08-03 16:38:34"
17562,2279,3,"2023-10-31 21:28:06"
17563,2329,3,"2024-06-12 23:23:07"
17564,984,3,"2023-07-11 05:35:51"
17565,5186,3,"2024-06-05 23:34:37"
17566,262,3,"2023-08-27 11:43:21"
17567,4286,3,"2023-12-16 14:55:07"
17568,2556,3,"2024-06-01 18:44:46"
17569,7487,3,"2023-08-14 14:12:49"
17570,2840,3,"2024-06-02 22:14:11"
17571,2120,3,"2024-05-01 16:33:50"
17572,5856,3,"2023-07-13 07:05:42"
17573,4375,3,"2023-11-21 01:13:13"
17574,2876,3,"2023-08-24 13:29:44"
17575,7513,3,"2023-11-08 03:49:08"
17576,6687,3,"2023-07-31 14:32:12"
17577,2862,3,"2024-05-14 22:44:04"
17578,702,3,"2024-05-21 11:26:32"
17579,3763,3,"2023-11-22 04:01:28"
17580,4776,3,"2024-01-30 04:58:11"
17581,1456,3,"2024-05-25 04:11:21"
17582,4616,3,"2023-12-15 05:12:44"
17583,802,3,"2023-10-23 07:12:53"
17584,1474,3,"2023-09-26 13:53:25"
17585,5166,3,"2024-01-16 18:09:47"
17586,319,3,"2023-12-10 02:00:08"
17587,4401,3,"2023-09-11 15:00:37"
17588,2154,3,"2023-07-15 23:14:37"
17589,2525,3,"2024-03-13 13:32:59"
17590,6653,3,"2023-07-27 07:27:57"
17591,124,3,"2024-02-05 18:41:50"
17592,5924,3,"2023-09-09 07:33:09"
17593,3777,3,"2023-10-08 19:33:41"
17594,7223,3,"2024-05-14 07:10:03"
17595,5044,3,"2023-10-17 13:36:35"
17596,2906,3,"2023-12-04 09:53:43"
17597,95,3,"2024-02-21 12:07:50"
17598,4217,3,"2024-03-05 18:48:56"
17599,1206,3,"2023-09-28 05:20:56"
17600,5184,3,"2024-02-16 08:03:31"
17601,3418,3,"2023-09-03 01:58:13"
17602,16,3,"2023-08-05 01:38:44"
17603,4700,3,"2024-03-08 12:42:15"
17604,2195,3,"2024-05-17 15:04:11"
17605,571,3,"2023-11-30 09:54:11"
17606,5932,3,"2023-10-16 19:38:21"
17607,4405,3,"2023-12-15 01:12:25"
17608,3789,3,"2024-05-03 17:10:34"
17609,217,3,"2024-04-18 05:54:41"
17610,1707,3,"2024-02-20 00:36:27"
17611,4529,3,"2023-07-14 04:14:58"
17612,2794,3,"2023-12-28 22:40:07"
17613,5199,3,"2023-11-20 08:42:51"
17614,4167,3,"2023-07-30 14:14:24"
17615,2318,3,"2024-04-19 02:38:07"
17616,2376,3,"2023-07-19 16:35:55"
17617,5515,3,"2023-08-17 13:10:36"
17618,2320,3,"2023-08-14 15:29:51"
17619,4526,3,"2023-06-28 01:24:58"
17620,5385,3,"2023-08-14 20:00:14"
17621,7132,3,"2024-03-27 07:58:04"
17622,1959,3,"2023-10-02 23:18:35"
17623,5150,3,"2023-10-05 09:30:30"
17624,4132,3,"2024-05-10 05:01:52"
17625,2801,3,"2023-10-15 14:15:27"
17626,1770,3,"2024-02-27 05:03:37"
17627,1198,3,"2023-11-07 15:19:37"
17628,2153,3,"2024-04-03 13:16:46"
17629,1443,3,"2023-07-17 10:32:17"
17630,1976,3,"2023-12-19 02:34:35"
17631,5976,3,"2024-03-11 00:35:18"
17632,1621,3,"2023-08-16 01:51:52"
17633,7366,3,"2024-02-15 14:19:09"
17634,3511,3,"2024-04-29 20:43:36"
17635,2015,3,"2023-09-11 17:53:17"
17636,4819,3,"2023-11-10 17:28:15"
17637,3029,3,"2023-12-19 06:06:25"
17638,3944,3,"2024-04-29 04:19:27"
17639,4757,3,"2023-10-28 16:42:58"
17640,3211,3,"2024-02-07 21:36:46"
17641,1067,3,"2024-01-12 11:25:51"
17642,733,3,"2024-01-22 06:56:46"
17643,5206,3,"2023-08-11 13:32:39"
17644,1787,3,"2024-01-28 11:02:57"
17645,2879,3,"2023-09-14 07:12:17"
17646,4906,3,"2024-04-28 00:52:32"
17647,1652,3,"2023-09-11 20:38:08"
17648,34,3,"2024-01-24 06:37:07"
17649,4752,3,"2024-03-08 08:24:32"
17650,4169,3,"2024-04-15 14:49:00"
17651,746,3,"2024-05-23 18:23:03"
17652,1968,3,"2023-11-13 03:59:48"
17653,1032,3,"2023-06-30 03:22:20"
17654,5935,3,"2024-06-02 18:10:17"
17655,3176,3,"2024-02-04 18:57:57"
17656,3326,3,"2024-06-18 13:19:30"
17657,2962,3,"2024-02-20 09:55:26"
17658,6759,3,"2023-10-15 08:52:08"
17659,6350,3,"2024-01-29 12:12:39"
17660,7342,3,"2024-02-26 19:49:33"
17661,247,3,"2023-10-10 17:49:18"
17662,5736,3,"2023-10-08 09:05:59"
17663,6605,3,"2023-11-10 21:56:22"
17664,3869,3,"2023-10-20 05:31:33"
17665,232,3,"2023-08-16 06:26:34"
17666,4773,3,"2024-03-06 03:44:21"
17667,1756,3,"2024-04-26 12:46:51"
17668,2464,3,"2024-05-11 12:54:48"
17669,2696,3,"2024-05-03 16:09:39"
17670,2749,3,"2024-05-26 17:36:34"
17671,3759,3,"2023-09-23 16:19:52"
17672,469,3,"2024-05-16 21:40:36"
17673,1987,3,"2023-07-31 16:35:03"
17674,6669,3,"2024-04-21 16:40:42"
17675,3982,3,"2024-05-26 03:45:54"
17676,3180,3,"2024-02-25 15:50:29"
17677,2810,3,"2024-03-26 17:32:00"
17678,2058,3,"2023-09-25 14:22:50"
17679,1436,3,"2023-10-28 06:25:39"
17680,7257,3,"2023-07-17 19:04:40"
17681,7339,3,"2024-04-15 12:36:40"
17682,5051,3,"2024-03-16 07:58:44"
17683,6820,3,"2023-06-21 05:47:37"
17684,1322,3,"2024-06-01 12:51:58"
17685,4445,3,"2023-07-30 18:07:59"
17686,1409,3,"2024-01-18 07:16:16"
17687,5041,3,"2024-02-29 21:43:48"
17688,5826,3,"2023-07-18 18:15:02"
17689,6535,3,"2023-06-22 07:42:52"
17690,6124,3,"2024-05-08 03:50:14"
17691,4946,3,"2024-01-17 21:28:06"
17692,5607,3,"2023-11-05 00:33:09"
17693,6051,3,"2023-08-08 15:54:59"
17694,3191,3,"2024-05-21 13:45:43"
17695,230,3,"2024-01-20 22:07:38"
17696,7447,3,"2024-03-05 23:11:20"
17697,5381,3,"2024-03-26 13:55:21"
17698,5128,3,"2023-10-29 16:43:16"
17699,3181,3,"2024-04-21 08:41:46"
17700,7184,3,"2023-12-04 08:13:01"
17701,4147,3,"2024-02-21 23:55:43"
17702,7175,3,"2023-06-21 17:10:29"
17703,3166,3,"2023-09-25 12:31:00"
17704,576,3,"2024-05-22 16:02:01"
17705,3017,3,"2024-02-02 21:57:53"
17706,6657,3,"2023-10-24 06:54:44"
17707,5614,3,"2024-01-24 13:13:13"
17708,4442,3,"2023-08-28 02:14:17"
17709,6838,3,"2023-09-16 16:57:45"
17710,6156,3,"2023-10-01 12:28:53"
17711,1501,3,"2024-01-17 01:55:52"
17712,2657,3,"2023-12-04 16:17:38"
17713,7016,3,"2023-10-06 01:13:08"
17714,851,3,"2023-11-06 04:16:58"
17715,1049,3,"2023-08-20 06:42:33"
17716,5789,3,"2023-12-03 16:23:24"
17717,4040,3,"2023-08-20 04:05:58"
17718,6685,3,"2024-03-24 22:55:52"
17719,1913,3,"2024-06-18 08:17:37"
17720,6859,3,"2023-06-29 23:09:21"
17721,4099,3,"2024-03-17 17:39:29"
17722,2710,3,"2023-08-20 17:58:22"
17723,6460,3,"2023-11-10 05:17:59"
17724,5348,3,"2024-04-01 11:43:36"
17725,6602,3,"2023-10-02 01:04:12"
17726,5579,3,"2024-02-26 21:58:36"
17727,1304,3,"2023-08-31 10:53:01"
17728,366,3,"2023-08-10 12:38:54"
17729,4431,3,"2024-04-25 13:18:20"
17730,6929,3,"2023-07-01 17:20:52"
17731,560,3,"2023-10-08 03:43:54"
17732,113,3,"2024-01-01 18:59:07"
17733,5874,3,"2024-02-15 21:09:31"
17734,69,3,"2023-08-08 09:05:06"
17735,4122,3,"2023-12-10 16:56:53"
17736,5748,3,"2023-06-25 17:41:56"
17737,2636,3,"2023-07-10 23:56:45"
17738,4137,3,"2024-03-14 12:44:48"
17739,1062,3,"2023-10-10 00:46:09"
17740,7421,3,"2023-08-30 20:37:17"
17741,239,3,"2023-12-04 21:19:17"
17742,2161,3,"2024-02-09 05:20:11"
17743,6670,3,"2023-10-08 10:19:22"
17744,6651,3,"2024-03-21 17:50:14"
17745,1914,3,"2023-10-26 20:02:57"
17746,2029,3,"2023-10-12 20:03:55"
17747,1068,3,"2023-11-22 16:47:41"
17748,5299,3,"2023-08-30 06:52:04"
17749,3608,3,"2023-07-29 15:17:55"
17750,894,3,"2024-03-24 22:26:07"
17751,2861,3,"2024-03-11 07:41:58"
17752,3712,3,"2023-12-25 13:35:01"
17753,7110,3,"2024-03-27 13:03:18"
17754,1191,3,"2023-11-20 22:06:16"
17755,7273,3,"2023-10-17 00:49:14"
17756,2453,3,"2023-12-17 03:49:04"
17757,1534,3,"2024-04-17 09:50:58"
17758,6224,3,"2023-08-04 15:34:09"
17759,6784,3,"2023-09-22 04:06:19"
17760,5352,3,"2024-04-05 22:27:16"
17761,6256,3,"2024-06-06 00:22:10"
17762,1361,3,"2023-09-04 23:30:32"
17763,6676,3,"2023-11-14 22:32:31"
17764,260,3,"2023-12-02 09:21:49"
17765,3471,3,"2024-01-25 20:22:37"
17766,2434,3,"2024-04-01 20:04:48"
17767,1525,3,"2023-08-02 04:05:30"
17768,1640,3,"2024-03-30 22:38:22"
17769,3226,3,"2024-03-26 13:42:56"
17770,4177,3,"2023-12-11 10:33:20"
17771,1729,3,"2024-02-08 00:27:38"
17772,4343,3,"2023-07-04 23:48:44"
17773,1289,3,"2024-06-13 22:06:07"
17774,5066,3,"2023-10-15 14:26:32"
17775,6888,3,"2023-09-18 16:20:23"
17776,5238,3,"2023-08-04 22:56:25"
17777,1709,3,"2024-04-03 19:02:31"
17778,4728,3,"2023-07-08 11:47:33"
17779,7280,3,"2024-05-30 18:29:02"
17780,7218,3,"2024-01-25 15:15:49"
17781,3213,3,"2023-12-17 14:34:44"
17782,7210,3,"2023-09-09 11:42:13"
17783,1277,3,"2023-08-28 22:24:19"
17784,3107,3,"2024-03-17 23:48:01"
17785,2093,3,"2024-05-28 08:28:47"
17786,2131,3,"2023-12-13 02:04:38"
17787,7530,3,"2023-11-17 05:24:49"
17788,5784,3,"2023-10-14 23:29:52"
17789,2579,3,"2023-07-31 16:06:01"
17790,3546,3,"2024-02-24 22:24:37"
17791,1199,3,"2023-10-17 06:55:18"
17792,4296,3,"2024-05-09 20:06:25"
17793,640,3,"2024-04-21 22:19:41"
17794,51,3,"2024-05-19 04:26:15"
17795,5427,3,"2024-04-29 23:27:08"
17796,5386,3,"2024-02-14 11:29:17"
17797,1785,3,"2024-04-20 22:18:54"
17798,3448,3,"2024-04-25 05:25:03"
17799,325,3,"2023-11-17 05:10:47"
17800,149,3,"2024-04-11 17:05:13"
17801,2358,3,"2024-02-25 22:51:13"
17802,7458,3,"2023-07-12 14:30:22"
17803,4993,3,"2023-11-12 08:48:02"
17804,7176,3,"2023-08-18 18:32:32"
17805,5175,3,"2023-07-17 19:48:58"
17806,5511,3,"2024-03-17 08:16:56"
17807,2645,3,"2023-07-27 18:46:20"
17808,617,3,"2023-08-07 01:48:36"
17809,6913,3,"2023-08-30 20:01:00"
17810,4816,3,"2024-01-27 02:24:53"
17811,7334,3,"2023-11-21 06:51:55"
17812,4373,3,"2024-01-27 12:59:57"
17813,3786,3,"2024-02-20 04:38:10"
17814,3442,3,"2023-09-23 05:16:56"
17815,4021,3,"2024-06-04 22:08:17"
17816,4656,3,"2023-11-11 14:44:57"
17817,2461,3,"2023-09-16 05:48:27"
17818,1824,3,"2024-01-31 11:55:40"
17819,6528,3,"2024-01-30 08:36:27"
17820,7393,3,"2024-01-14 09:49:53"
17821,5047,3,"2024-01-08 13:09:14"
17822,1147,3,"2024-03-07 11:40:38"
17823,4188,3,"2023-06-23 08:09:06"
17824,2063,3,"2023-09-04 21:10:52"
17825,5804,3,"2024-01-29 11:43:19"
17826,4560,3,"2024-02-08 04:31:59"
17827,2463,3,"2023-06-29 08:04:39"
17828,5326,3,"2024-02-02 08:48:13"
17829,2646,3,"2024-05-27 18:06:06"
17830,7507,3,"2024-05-02 04:33:40"
17831,3963,3,"2024-01-15 17:35:46"
17832,3694,3,"2024-03-31 20:52:40"
17833,3860,3,"2023-09-19 01:51:08"
17834,1441,3,"2023-06-23 11:03:26"
17835,3803,3,"2024-02-26 13:48:54"
17836,4687,3,"2023-11-12 15:12:53"
17837,1294,3,"2024-03-15 02:49:55"
17838,7026,3,"2024-03-08 05:03:45"
17839,3709,3,"2023-06-22 01:20:00"
17840,7029,3,"2024-04-11 03:28:24"
17841,4764,3,"2023-11-21 09:01:32"
17842,5508,3,"2023-09-20 01:38:58"
17843,129,3,"2023-08-25 16:48:41"
17844,1209,3,"2023-11-24 01:41:02"
17845,5002,3,"2023-06-24 10:00:46"
17846,4107,3,"2023-10-03 17:24:53"
17847,3491,3,"2023-10-29 07:35:10"
17848,2390,3,"2023-09-19 22:17:52"
17849,923,3,"2024-04-22 17:20:11"
17850,6003,3,"2024-03-20 07:37:58"
17851,1867,3,"2024-01-23 13:56:04"
17852,1755,3,"2023-10-16 20:52:39"
17853,5159,3,"2023-07-07 05:33:17"
17854,2873,3,"2023-10-17 19:35:25"
17855,7496,3,"2023-10-24 04:54:18"
17856,5561,3,"2024-03-07 05:09:31"
17857,1653,3,"2023-12-12 15:33:32"
17858,1774,3,"2024-01-17 17:47:56"
17859,196,3,"2024-01-14 16:19:17"
17860,6315,3,"2024-01-08 15:41:49"
17861,1190,3,"2023-09-23 11:11:30"
17862,754,3,"2024-01-21 10:03:08"
17863,5918,3,"2024-04-22 15:38:50"
17864,6250,3,"2023-09-20 03:46:51"
17865,6376,3,"2024-01-09 01:53:21"
17866,4854,3,"2023-10-15 22:27:33"
17867,957,3,"2024-06-07 15:47:52"
17868,3312,3,"2023-09-04 06:10:17"
17869,3259,3,"2024-04-17 10:04:45"
17870,6749,3,"2024-03-17 00:16:16"
17871,3033,3,"2023-07-19 00:09:06"
17872,5173,3,"2024-01-03 01:12:47"
17873,3385,3,"2024-03-27 15:23:18"
17874,5921,3,"2023-11-29 02:37:21"
17875,5689,3,"2023-07-07 17:24:49"
17876,6439,3,"2024-04-09 14:10:43"
17877,5435,3,"2024-03-29 18:52:26"
17878,7150,3,"2024-02-18 10:21:02"
17879,2596,3,"2023-08-29 00:13:58"
17880,2602,3,"2023-12-27 05:56:05"
17881,4930,3,"2023-09-15 17:07:46"
17882,6411,3,"2024-06-04 16:45:42"
17883,6816,3,"2023-10-01 02:18:57"
17884,5953,3,"2024-06-09 17:26:09"
17885,279,3,"2024-03-28 21:21:48"
17886,2673,3,"2024-02-29 10:35:35"
17887,2698,3,"2024-01-04 13:51:37"
17888,6414,3,"2023-12-01 11:16:06"
17889,3773,3,"2023-09-24 08:02:09"
17890,1014,3,"2023-12-09 05:48:37"
17891,5744,3,"2023-07-19 08:40:54"
17892,3582,3,"2023-10-18 18:42:45"
17893,4625,3,"2024-01-10 13:22:24"
17894,1002,3,"2023-11-26 03:26:26"
17895,4691,3,"2024-06-08 20:49:42"
17896,705,3,"2024-02-25 04:05:56"
17897,5340,3,"2024-05-31 07:34:21"
17898,4943,3,"2023-08-04 18:34:45"
17899,2995,3,"2024-01-15 05:29:41"
17900,2682,3,"2024-05-24 09:50:12"
17901,7492,3,"2024-05-23 22:19:36"
17902,3595,3,"2023-12-15 09:50:46"
17903,792,3,"2024-04-22 23:53:41"
17904,5775,3,"2023-08-15 23:36:57"
17905,2356,3,"2024-02-26 05:57:35"
17906,6518,3,"2023-10-25 10:59:52"
17907,6228,3,"2023-10-30 11:51:39"
17908,4054,3,"2023-10-19 13:59:15"
17909,6493,3,"2024-02-22 02:04:56"
17910,6882,3,"2024-02-08 01:19:27"
17911,3270,3,"2024-01-21 05:26:28"
17912,4686,3,"2023-12-31 19:13:04"
17913,3618,3,"2023-08-31 08:31:07"
17914,1578,3,"2024-02-11 22:20:18"
17915,6736,3,"2023-12-05 23:59:45"
17916,6894,3,"2023-11-05 17:57:23"
17917,3390,3,"2024-02-20 05:05:32"
17918,2693,3,"2023-12-09 16:17:16"
17919,1054,3,"2024-04-19 13:08:45"
17920,5967,3,"2024-02-02 14:08:01"
17921,5894,3,"2024-02-03 06:15:43"
17922,3375,3,"2023-10-25 11:35:31"
17923,4647,3,"2023-09-18 10:55:36"
17924,1965,3,"2024-01-07 07:32:54"
17925,2107,3,"2023-10-31 02:52:49"
17926,2629,3,"2024-05-28 17:27:24"
17927,3141,3,"2023-10-17 21:38:57"
17928,6803,3,"2024-06-02 11:53:32"
17929,4592,3,"2024-02-02 01:45:32"
17930,4608,3,"2023-11-26 15:11:44"
17931,6486,3,"2024-01-19 10:42:52"
17932,3366,3,"2023-08-23 12:34:19"
17933,5285,3,"2023-08-24 11:54:26"
17934,5616,3,"2023-11-16 13:26:18"
17935,4120,3,"2024-04-14 11:15:57"
17936,21,3,"2023-09-05 02:30:56"
17937,553,3,"2023-12-25 23:08:17"
17938,7439,3,"2023-12-11 21:03:30"
17939,1106,3,"2024-01-05 15:23:17"
17940,2472,3,"2024-04-20 00:09:43"
17941,3,3,"2023-12-09 06:07:19"
17942,2501,3,"2023-07-20 15:59:17"
17943,6844,3,"2024-03-21 20:07:21"
17944,6825,3,"2023-08-09 11:59:35"
17945,1047,3,"2023-07-05 09:28:17"
17946,5074,3,"2024-02-06 00:39:47"
17947,4205,3,"2023-11-22 02:15:03"
17948,5324,3,"2023-08-11 09:57:16"
17949,3534,3,"2023-08-20 03:38:06"
17950,6031,3,"2024-06-10 01:01:18"
17951,4179,3,"2024-04-14 03:48:37"
17952,4460,3,"2023-08-21 17:10:50"
17953,6166,3,"2023-08-24 06:42:16"
17954,5067,3,"2023-08-20 06:52:03"
17955,2042,3,"2023-06-24 23:37:37"
17956,4071,3,"2024-03-12 00:40:43"
17957,1691,3,"2024-05-17 11:36:09"
17958,2118,3,"2023-12-25 02:58:46"
17959,5474,3,"2024-06-11 05:05:28"
17960,1683,3,"2024-04-09 21:40:55"
17961,3728,3,"2024-06-16 07:04:24"
17962,4201,3,"2023-09-03 22:23:53"
17963,2373,3,"2024-04-22 05:15:11"
17964,4825,3,"2024-03-14 22:41:39"
17965,248,3,"2024-03-13 23:40:11"
17966,1583,3,"2024-02-14 23:16:53"
17967,783,3,"2024-03-15 13:42:14"
17968,2687,3,"2024-01-12 18:59:31"
17969,4378,3,"2023-10-24 12:28:31"
17970,5605,3,"2024-02-10 05:34:53"
17971,5964,3,"2023-11-03 00:04:21"
17972,980,3,"2024-02-20 11:06:45"
17973,512,3,"2023-11-07 15:27:45"
17974,2561,3,"2024-03-17 17:45:54"
17975,2310,3,"2024-05-24 06:00:57"
17976,74,3,"2023-10-25 22:17:11"
17977,2037,3,"2023-10-11 07:36:27"
17978,3167,3,"2024-04-02 12:57:09"
17979,6814,3,"2024-01-29 10:57:54"
17980,2771,3,"2023-07-09 01:20:10"
17981,6116,3,"2024-01-24 20:29:44"
17982,7128,3,"2024-04-03 04:22:16"
17983,1989,3,"2023-12-08 07:27:33"
17984,2983,3,"2024-02-09 21:12:52"
17985,6037,3,"2023-08-29 05:01:50"
17986,5833,3,"2024-06-16 15:57:44"
17987,5532,3,"2023-07-30 13:59:56"
17988,567,3,"2023-11-12 14:28:49"
17989,2350,3,"2023-07-19 17:31:49"
17990,3248,3,"2023-12-24 10:00:45"
17991,4026,3,"2023-10-04 10:23:43"
17992,4156,3,"2024-01-08 19:37:55"
17993,2803,3,"2024-02-09 01:13:34"
17994,877,3,"2024-02-21 18:15:40"
17995,2745,3,"2024-04-12 01:06:18"
17996,510,3,"2023-11-19 08:42:03"
17997,5865,3,"2024-01-12 18:29:24"
17998,4331,3,"2023-09-26 13:46:40"
17999,1033,3,"2024-01-04 02:57:14"
18000,1327,3,"2024-03-20 08:10:20"
18001,5470,3,"2024-03-27 00:23:41"
18002,1081,3,"2024-04-07 19:34:01"
18003,5365,3,"2024-02-27 04:06:57"
18004,5275,3,"2024-05-24 04:07:14"
18005,5054,3,"2023-09-28 20:53:26"
18006,938,3,"2024-06-11 23:53:55"
18007,6300,3,"2023-07-31 10:45:39"
18008,3908,3,"2024-06-04 09:57:21"
18009,4626,3,"2023-07-01 15:37:35"
18010,7214,3,"2023-11-23 21:35:38"
18011,1698,3,"2023-09-04 04:45:13"
18012,4130,3,"2024-04-18 14:20:07"
18013,6324,3,"2023-11-27 07:33:05"
18014,3317,3,"2023-07-02 20:37:24"
18015,3807,3,"2024-03-22 20:26:51"
18016,1518,3,"2023-10-10 02:16:06"
18017,203,3,"2024-06-14 08:34:08"
18018,4206,3,"2023-08-23 07:20:23"
18019,604,3,"2024-06-16 05:29:16"
18020,1918,3,"2024-03-15 03:47:48"
18021,223,3,"2023-12-16 20:38:37"
18022,5787,3,"2023-07-04 11:03:49"
18023,5396,3,"2024-04-16 16:29:35"
18024,5898,3,"2024-02-21 00:18:27"
18025,939,3,"2024-04-18 06:19:21"
18026,1896,3,"2023-07-02 21:05:26"
18027,2401,3,"2023-12-22 19:47:37"
18028,5419,3,"2023-11-04 13:45:09"
18029,4148,3,"2023-11-04 20:28:19"
18030,1566,3,"2024-05-21 07:37:52"
18031,3674,3,"2023-07-24 01:11:21"
18032,4198,3,"2024-04-23 15:23:38"
18033,5620,3,"2023-12-12 09:56:45"
18034,7090,3,"2023-10-13 09:41:53"
18035,275,3,"2024-05-12 23:04:31"
18036,4301,3,"2024-02-25 22:21:25"
18037,4488,3,"2024-02-20 17:59:53"
18038,1527,3,"2023-12-14 19:31:03"
18039,1637,3,"2023-11-21 14:49:15"
18040,7072,3,"2024-03-13 07:51:52"
18041,7268,3,"2024-06-17 01:15:11"
18042,3403,3,"2023-10-05 06:22:19"
18043,5739,3,"2024-01-27 03:46:33"
18044,138,3,"2023-11-11 12:49:50"
18045,644,3,"2023-08-31 09:20:48"
18046,3096,3,"2023-11-28 02:55:04"
18047,5035,3,"2024-02-14 13:01:23"
18048,4639,3,"2024-01-30 10:45:26"
18049,6206,3,"2023-11-17 03:28:10"
18050,2742,3,"2023-08-29 14:50:29"
18051,1204,3,"2023-12-24 05:20:17"
18052,1293,3,"2023-12-25 16:13:03"
18053,6868,3,"2023-12-26 14:35:04"
18054,5495,3,"2023-09-30 20:44:18"
18055,4985,3,"2024-01-15 07:32:31"
18056,671,3,"2023-07-12 17:08:35"
18057,609,3,"2024-03-02 07:03:02"
18058,4175,3,"2024-05-08 20:50:59"
18059,235,3,"2023-08-11 00:39:51"
18060,1893,3,"2023-09-15 16:00:09"
18061,4135,3,"2023-11-28 06:23:17"
18062,1126,3,"2023-11-05 14:32:40"
18063,5382,3,"2024-04-27 18:49:40"
18064,3863,3,"2024-04-19 23:16:50"
18065,5170,3,"2024-03-17 09:28:03"
18066,4812,3,"2023-07-28 19:07:01"
18067,6606,3,"2023-07-21 21:26:09"
18068,4141,3,"2024-05-05 07:40:50"
18069,915,3,"2023-10-20 19:37:22"
18070,4941,3,"2024-05-08 20:04:08"
18071,3412,3,"2023-10-13 21:21:43"
18072,1240,3,"2024-02-26 04:23:10"
18073,4438,3,"2024-02-27 01:36:47"
18074,1808,3,"2023-07-12 15:03:37"
18075,5241,3,"2024-01-16 11:56:29"
18076,4033,3,"2024-03-24 05:26:45"
18077,6438,3,"2023-07-01 21:49:22"
18078,7303,3,"2024-04-17 14:08:08"
18079,7216,3,"2024-03-22 14:38:14"
18080,994,3,"2024-02-14 20:46:57"
18081,1946,3,"2024-03-26 18:28:36"
18082,3036,3,"2024-01-07 09:32:09"
18083,5985,3,"2024-06-12 22:27:26"
18084,1845,3,"2023-12-31 09:54:34"
18085,3382,3,"2024-02-11 10:56:08"
18086,2285,3,"2024-01-20 18:06:27"
18087,1705,3,"2023-11-22 11:12:45"
18088,1187,3,"2023-07-23 14:04:52"
18089,6978,3,"2024-05-25 22:19:47"
18090,2106,3,"2024-01-26 07:05:39"
18091,2375,3,"2024-03-12 00:12:28"
18092,5167,3,"2023-12-31 05:12:10"
18093,3078,3,"2023-07-02 23:03:46"
18094,6127,3,"2024-01-15 05:01:56"
18095,2309,3,"2023-07-29 18:13:15"
18096,1985,3,"2024-02-07 03:29:55"
18097,5843,3,"2023-07-14 16:58:21"
18098,927,3,"2023-09-30 00:17:47"
18099,2069,3,"2023-07-22 05:04:13"
18100,2793,3,"2024-02-26 02:44:41"
18101,226,3,"2023-08-13 19:26:38"
18102,4408,3,"2023-10-16 15:42:32"
18103,105,3,"2023-07-26 20:12:12"
18104,6426,3,"2024-05-09 00:27:08"
18105,4503,3,"2023-07-18 15:32:34"
18106,5085,3,"2023-07-21 14:06:40"
18107,2680,3,"2024-01-10 18:50:00"
18108,2074,3,"2023-08-10 23:22:11"
18109,1120,3,"2024-04-19 03:15:29"
18110,7398,3,"2024-05-07 02:19:14"
18111,4984,3,"2023-08-17 03:34:10"
18112,4118,3,"2024-02-18 02:51:26"
18113,4266,3,"2023-09-09 20:19:10"
18114,4960,3,"2024-01-30 19:22:40"
18115,1372,3,"2024-03-13 15:33:00"
18116,6944,3,"2023-07-23 16:44:42"
18117,2444,3,"2023-08-02 03:59:45"
18118,6693,3,"2023-11-20 02:09:19"
18119,2238,3,"2024-01-01 01:42:20"
18120,5818,3,"2023-07-25 01:06:33"
18121,5533,3,"2024-03-11 16:55:36"
18122,4623,3,"2023-07-07 17:20:33"
18123,6878,3,"2023-08-07 01:14:50"
18124,6129,3,"2023-12-31 08:31:09"
18125,4887,3,"2024-03-10 14:51:06"
18126,2998,3,"2024-01-04 01:28:10"
18127,1855,3,"2024-05-27 18:28:11"
18128,5984,3,"2023-11-17 17:19:02"
18129,1880,3,"2023-12-24 16:17:51"
18130,4462,3,"2023-09-30 20:39:59"
18131,999,3,"2023-07-22 04:59:14"
18132,5251,3,"2023-11-01 09:38:50"
18133,2335,3,"2024-04-12 07:23:22"
18134,1981,3,"2023-12-21 02:51:43"
18135,4826,3,"2024-02-09 13:28:06"
18136,1493,3,"2023-10-28 00:15:10"
18137,4064,3,"2024-06-06 04:51:38"
18138,3805,3,"2023-11-16 18:38:37"
18139,4679,3,"2023-09-18 09:22:12"
18140,2245,3,"2024-06-04 10:00:23"
18141,1466,3,"2024-05-01 05:06:45"
18142,1082,3,"2023-09-23 02:18:19"
18143,1887,3,"2024-03-03 21:27:08"
18144,3137,3,"2024-01-06 06:31:11"
18145,2132,3,"2023-12-16 06:40:16"
18146,5906,3,"2023-10-17 01:14:58"
18147,1137,3,"2023-07-07 07:13:08"
18148,3566,3,"2024-05-19 02:41:57"
18149,3354,3,"2024-03-25 05:59:35"
18150,6512,3,"2023-10-20 01:59:18"
18151,968,3,"2023-12-29 15:12:34"
18152,6629,3,"2023-10-29 10:49:17"
18153,3126,3,"2024-04-19 07:23:24"
18154,3619,3,"2024-01-15 08:31:20"
18155,2702,3,"2024-02-17 05:23:07"
18156,7138,3,"2023-12-10 13:19:14"
18157,6776,3,"2023-07-23 15:44:38"
18158,7454,3,"2023-09-26 17:05:26"
18159,98,3,"2023-07-12 20:10:17"
18160,3645,3,"2023-12-01 04:55:44"
18161,171,3,"2023-12-24 12:52:41"
18162,4095,3,"2024-06-01 16:57:00"
18163,2115,3,"2024-03-15 18:16:14"
18164,1176,3,"2024-05-23 13:48:20"
18165,1889,3,"2024-05-25 05:25:20"
18166,6264,3,"2024-03-03 19:26:24"
18167,2256,3,"2023-11-28 04:36:37"
18168,6922,3,"2023-12-14 04:46:53"
18169,4510,3,"2023-06-28 16:28:33"
18170,5179,3,"2024-05-04 12:25:15"
18171,6953,3,"2023-12-25 11:46:22"
18172,3492,3,"2023-09-28 12:13:24"
18173,1121,3,"2023-09-24 00:01:53"
18174,3113,3,"2024-01-03 08:07:35"
18175,3964,3,"2024-03-13 19:48:34"
18176,1267,3,"2023-07-27 20:12:24"
18177,7202,3,"2023-11-16 22:03:28"
18178,4601,3,"2024-06-19 03:19:55"
18179,2180,3,"2023-08-19 06:11:38"
18180,3055,3,"2023-06-24 21:04:06"
18181,4784,3,"2023-10-08 04:28:24"
18182,4933,3,"2023-12-28 18:44:15"
18183,9,3,"2023-09-29 08:29:48"
18184,563,3,"2024-01-31 06:26:24"
18185,137,3,"2023-11-14 05:49:39"
18186,2695,3,"2024-05-24 11:55:30"
18187,6177,3,"2024-02-08 07:47:23"
18188,427,3,"2024-02-02 10:44:04"
18189,4399,3,"2023-10-08 00:17:45"
18190,1429,3,"2024-05-29 15:02:15"
18191,2954,3,"2024-01-07 09:14:37"
18192,4413,3,"2023-09-19 02:44:21"
18193,4851,3,"2023-09-03 02:06:18"
18194,2349,3,"2024-05-18 14:53:17"
18195,4164,3,"2023-07-15 09:27:49"
18196,1511,3,"2024-03-23 04:41:22"
18197,3056,3,"2023-09-02 20:24:05"
18198,5360,3,"2023-10-08 13:20:44"
18199,5658,3,"2023-11-24 02:47:46"
18200,1850,3,"2024-06-07 23:10:33"
18201,2748,3,"2023-11-12 16:58:46"
18202,4244,3,"2024-01-18 13:00:32"
18203,3461,3,"2023-07-04 05:39:18"
18204,6475,3,"2024-05-18 21:44:47"
18205,951,3,"2024-06-09 20:14:43"
18206,4338,3,"2024-03-18 06:47:21"
18207,4330,3,"2024-04-13 06:55:26"
18208,3445,3,"2023-09-01 15:12:06"
18209,4637,3,"2024-02-07 10:17:17"
18210,4779,3,"2024-02-04 18:29:24"
18211,5617,3,"2024-03-21 08:32:59"
18212,2365,3,"2023-10-21 00:44:21"
18213,742,3,"2024-03-17 18:17:10"
18214,264,3,"2023-08-23 11:27:19"
18215,1340,3,"2023-06-30 17:45:53"
18216,5195,3,"2024-04-11 22:59:32"
18217,1488,3,"2023-08-22 12:56:28"
18218,6752,3,"2023-08-22 14:38:21"
18219,4798,3,"2024-02-21 22:28:56"
18220,3762,3,"2024-05-24 20:09:54"
18221,4844,3,"2024-04-25 22:25:13"
18222,1071,3,"2023-09-10 18:18:50"
18223,3931,3,"2023-12-19 19:04:04"
18224,5880,3,"2023-11-26 00:05:45"
18225,2968,3,"2023-06-30 01:10:49"
18226,721,3,"2023-12-23 06:56:34"
18227,1151,3,"2023-11-17 12:10:03"
18228,4763,3,"2023-06-24 06:16:12"
18229,2140,3,"2023-10-22 00:26:50"
18230,3919,3,"2024-04-30 00:13:53"
18231,7086,3,"2024-05-07 12:48:16"
18232,2102,3,"2024-03-28 04:56:18"
18233,6889,3,"2024-05-19 18:26:33"
18234,3596,3,"2024-06-14 02:59:18"
18235,1550,3,"2024-02-20 05:37:46"
18236,4469,3,"2023-07-07 10:44:54"
18237,4213,3,"2023-10-30 14:30:27"
18238,127,3,"2023-07-03 17:58:57"
18239,3146,3,"2024-01-29 22:08:14"
18240,5183,3,"2023-08-26 16:15:08"
18241,3413,3,"2023-07-14 18:49:05"
18242,7025,3,"2023-07-11 12:24:32"
18243,300,3,"2023-09-27 02:57:12"
18244,6907,3,"2024-03-20 22:58:19"
18245,3204,3,"2024-04-08 10:06:09"
18246,2963,3,"2024-01-11 15:18:59"
18247,2531,3,"2024-02-20 10:30:11"
18248,2229,3,"2024-05-17 08:50:07"
18249,749,3,"2023-11-17 21:11:28"
18250,1790,3,"2024-01-07 13:00:56"
18251,6636,3,"2023-10-03 22:46:29"
18252,629,3,"2023-11-01 08:58:09"
18253,1073,3,"2024-03-25 03:37:21"
18254,778,3,"2023-07-21 09:11:45"
18255,2264,3,"2023-12-24 21:06:50"
18256,7317,3,"2023-09-10 10:22:00"
18257,5250,3,"2023-11-15 20:39:46"
18258,1660,3,"2024-03-13 17:24:14"
18259,1329,3,"2024-02-05 01:34:49"
18260,3209,3,"2024-04-27 02:55:37"
18261,3367,3,"2023-09-11 18:59:01"
18262,139,3,"2024-02-05 13:14:17"
18263,4096,3,"2024-01-26 03:01:50"
18264,4737,3,"2023-08-29 08:00:03"
18265,6372,3,"2024-02-12 10:17:04"
18266,1064,3,"2024-03-09 17:45:03"
18267,940,3,"2024-03-17 04:54:59"
18268,5467,3,"2023-06-29 09:54:58"
18269,4847,3,"2023-12-05 19:39:51"
18270,1749,3,"2024-02-21 15:54:35"
18271,1920,3,"2023-11-21 14:56:44"
18272,2849,3,"2023-11-23 15:19:19"
18273,6218,3,"2024-05-23 03:04:15"
18274,6732,3,"2024-03-21 22:25:31"
18275,6618,3,"2023-07-25 19:54:14"
18276,4248,3,"2023-09-26 18:22:11"
18277,7319,3,"2024-04-06 13:52:04"
18278,2175,3,"2023-10-02 02:00:44"
18279,1964,3,"2024-04-30 18:27:23"
18280,5697,3,"2023-06-25 04:47:18"
18281,4025,3,"2024-02-18 14:32:29"
18282,3893,3,"2023-07-20 15:22:05"
18283,3983,3,"2023-12-23 20:44:37"
18284,2076,3,"2024-05-24 11:07:50"
18285,434,3,"2023-10-31 07:46:28"
18286,6258,3,"2024-06-08 16:05:27"
18287,3962,3,"2023-11-11 09:47:06"
18288,1928,3,"2023-10-16 21:30:07"
18289,4032,3,"2023-10-04 06:32:21"
18290,4004,3,"2024-03-31 13:51:10"
18291,75,3,"2023-09-14 14:31:52"
18292,1432,3,"2024-05-26 07:29:33"
18293,1065,3,"2023-06-22 13:45:09"
18294,5746,3,"2023-07-24 16:47:26"
18295,529,3,"2024-04-12 03:06:51"
18296,2484,3,"2023-07-16 13:22:20"
18297,1628,3,"2024-02-10 00:56:54"
18298,4669,3,"2024-01-30 16:58:10"
18299,5462,3,"2023-06-25 20:03:39"
18300,2104,3,"2024-02-12 17:38:31"
18301,7250,3,"2023-09-01 12:01:33"
18302,2652,3,"2024-01-23 10:01:45"
18303,5940,3,"2023-07-15 19:24:08"
18304,5767,3,"2024-05-07 08:47:34"
18305,7164,3,"2023-08-23 05:43:53"
18306,312,3,"2024-02-07 18:21:22"
18307,7088,3,"2023-10-22 08:45:19"
18308,5682,3,"2024-01-12 05:13:52"
18309,5720,3,"2023-09-20 19:26:01"
18310,5798,3,"2023-07-08 13:51:14"
18311,3436,3,"2023-09-06 14:56:30"
18312,6625,3,"2023-07-26 00:03:31"
18313,5599,3,"2024-04-26 05:41:31"
18314,3756,3,"2023-10-17 13:13:57"
18315,3468,3,"2024-05-24 01:03:00"
18316,2098,3,"2023-08-15 03:35:07"
18317,2825,3,"2024-04-10 19:38:19"
18318,131,3,"2024-03-22 04:09:11"
18319,104,3,"2024-06-02 19:08:22"
18320,876,3,"2023-09-26 21:56:04"
18321,930,3,"2024-05-29 00:38:40"
18322,1102,3,"2023-09-24 21:50:30"
18323,2914,3,"2024-03-23 08:43:08"
18324,5850,3,"2023-06-25 13:41:20"
18325,7120,3,"2024-04-25 07:12:00"
18326,4872,3,"2024-05-05 16:42:20"
18327,5141,3,"2023-07-07 01:28:53"
18328,3859,3,"2023-08-11 03:56:37"
18329,6136,3,"2023-12-05 06:34:28"
18330,2144,3,"2023-12-21 16:46:39"
18331,114,3,"2024-02-06 14:46:52"
18332,3702,3,"2024-01-09 13:03:45"
18333,4272,3,"2024-01-25 18:10:42"
18334,2489,3,"2023-09-05 19:55:18"
18335,3665,3,"2024-02-05 22:53:25"
18336,6755,3,"2023-11-14 21:52:03"
18337,577,3,"2024-03-08 21:45:14"
18338,3456,3,"2023-11-21 22:44:23"
18339,5927,3,"2024-02-11 02:08:56"
18340,140,3,"2023-12-31 01:45:13"
18341,7259,3,"2024-06-08 00:48:16"
18342,3968,3,"2024-01-19 11:56:00"
18343,5503,3,"2023-11-11 05:18:07"
18344,5826,4,"2023-07-18 20:51:02"
18345,4276,4,"2023-10-15 06:05:21"
18346,6974,4,"2024-04-25 07:51:08"
18347,5840,4,"2023-07-07 06:15:30"
18348,352,4,"2023-12-19 08:02:14"
18349,1304,4,"2023-08-31 18:53:01"
18350,5054,4,"2023-09-28 22:05:26"
18351,2359,4,"2024-02-05 16:56:47"
18352,4466,4,"2024-02-22 06:28:45"
18353,3106,4,"2023-12-01 08:24:12"
18354,2954,4,"2024-01-07 20:14:37"
18355,7463,4,"2024-02-22 11:38:59"
18356,2412,4,"2024-04-27 23:12:45"
18357,6172,4,"2023-12-16 20:30:22"
18358,5658,4,"2023-11-24 04:23:46"
18359,3050,4,"2023-09-24 14:50:56"
18360,5552,4,"2023-10-17 10:50:01"
18361,6816,4,"2023-10-01 06:18:57"
18362,6302,4,"2023-12-18 16:32:11"
18363,1306,4,"2023-07-25 12:46:58"
18364,4679,4,"2023-09-18 12:34:12"
18365,7547,4,"2023-06-24 03:47:30"
18366,3209,4,"2024-04-27 12:55:37"
18367,6503,4,"2023-09-04 04:35:11"
18368,3361,4,"2024-01-13 11:55:30"
18369,1214,4,"2024-02-02 20:21:53"
18370,531,4,"2024-02-11 15:59:16"
18371,7191,4,"2023-08-25 18:38:19"
18372,7243,4,"2023-12-01 03:56:17"
18373,3485,4,"2023-11-26 11:24:56"
18374,2700,4,"2023-08-24 15:26:18"
18375,3520,4,"2024-03-21 14:19:23"
18376,3494,4,"2023-07-16 03:47:33"
18377,4828,4,"2023-10-10 08:45:39"
18378,1550,4,"2024-02-20 15:37:46"
18379,1407,4,"2024-03-22 22:42:44"
18380,6755,4,"2023-11-15 03:16:03"
18381,3985,4,"2023-06-23 14:47:48"
18382,4438,4,"2024-02-27 07:00:47"
18383,2473,4,"2023-08-17 09:43:18"
18384,596,4,"2024-02-28 15:02:09"
18385,4243,4,"2023-10-17 22:48:22"
18386,1738,4,"2023-11-16 18:04:56"
18387,81,4,"2024-06-01 04:58:18"
18388,4515,4,"2023-12-02 01:25:23"
18389,384,4,"2024-01-13 04:29:45"
18390,1605,4,"2024-06-14 03:29:58"
18391,885,4,"2024-03-10 23:13:49"
18392,7126,4,"2024-01-20 18:55:00"
18393,5768,4,"2023-09-29 17:37:01"
18394,5138,4,"2023-10-06 14:27:34"
18395,2943,4,"2024-05-20 00:09:04"
18396,939,4,"2024-04-18 10:55:21"
18397,5087,4,"2023-07-29 07:20:23"
18398,5692,4,"2024-05-05 07:37:00"
18399,5014,4,"2024-03-29 19:01:08"
18400,6149,4,"2023-08-03 21:02:17"
18401,3893,4,"2023-07-21 01:58:05"
18402,1890,4,"2023-08-23 15:09:38"
18403,3703,4,"2024-03-30 11:40:17"
18404,4198,4,"2024-04-23 23:47:38"
18405,1645,4,"2024-05-31 06:06:42"
18406,6629,4,"2023-10-29 20:49:17"
18407,6914,4,"2023-12-30 18:58:21"
18408,4270,4,"2023-11-27 14:14:09"
18409,6865,4,"2023-10-31 01:00:44"
18410,1888,4,"2024-04-23 10:52:36"
18411,733,4,"2024-01-22 10:44:46"
18412,473,4,"2024-04-22 11:45:30"
18413,4251,4,"2023-12-23 04:28:54"
18414,5589,4,"2023-11-08 13:11:52"
18415,1455,4,"2023-10-26 15:07:54"
18416,3637,4,"2023-11-15 10:35:27"
18417,2291,4,"2024-04-14 13:59:06"
18418,3567,4,"2024-04-21 22:23:42"
18419,2324,4,"2024-01-03 21:32:17"
18420,5416,4,"2023-11-12 18:49:19"
18421,6206,4,"2023-11-17 04:40:10"
18422,6953,4,"2023-12-25 21:22:22"
18423,5215,4,"2023-07-31 10:04:15"
18424,2580,4,"2024-04-23 05:33:48"
18425,1644,4,"2023-07-14 20:09:57"
18426,7168,4,"2023-09-20 14:48:17"
18427,1835,4,"2024-01-01 02:34:35"
18428,930,4,"2024-05-29 08:02:40"
18429,5265,4,"2023-07-22 04:26:52"
18430,3846,4,"2023-09-27 14:29:18"
18431,3395,4,"2023-09-06 23:49:22"
18432,5797,4,"2024-03-11 12:17:07"
18433,7288,4,"2023-10-20 12:03:27"
18434,2209,4,"2024-01-02 08:43:30"
18435,2447,4,"2024-01-09 12:02:44"
18436,1734,4,"2023-08-14 03:12:34"
18437,476,4,"2024-05-06 08:07:23"
18438,5106,4,"2024-05-05 20:42:45"
18439,446,4,"2024-02-13 23:54:57"
18440,3554,4,"2023-08-16 21:52:34"
18441,398,4,"2024-01-15 21:56:21"
18442,2432,4,"2024-01-10 05:58:50"
18443,2489,4,"2023-09-06 04:31:18"
18444,2812,4,"2024-02-12 07:37:44"
18445,3084,4,"2024-05-22 21:34:00"
18446,1818,4,"2023-11-20 04:48:30"
18447,2560,4,"2024-06-04 03:14:33"
18448,6888,4,"2023-09-18 22:20:23"
18449,3660,4,"2024-05-20 22:19:27"
18450,6512,4,"2023-10-20 02:11:18"
18451,60,4,"2023-07-05 21:23:38"
18452,3614,4,"2024-02-07 21:38:07"
18453,589,4,"2023-10-11 01:14:55"
18454,2803,4,"2024-02-09 06:37:34"
18455,5445,4,"2024-02-09 01:20:46"
18456,2933,4,"2024-02-28 15:29:34"
18457,2829,4,"2023-12-03 04:32:22"
18458,2448,4,"2024-02-02 21:34:19"
18459,5363,4,"2024-02-07 00:56:18"
18460,871,4,"2024-02-22 10:49:35"
18461,2923,4,"2023-06-23 05:13:33"
18462,3913,4,"2023-08-21 05:16:47"
18463,3406,4,"2024-01-28 11:13:17"
18464,4376,4,"2023-09-05 13:43:33"
18465,2112,4,"2023-07-09 07:10:07"
18466,3298,4,"2023-11-10 16:52:06"
18467,4624,4,"2024-03-01 05:23:41"
18468,3560,4,"2023-09-24 16:42:32"
18469,3446,4,"2024-03-29 12:56:12"
18470,2739,4,"2023-10-31 22:09:21"
18471,1715,4,"2024-01-12 05:11:25"
18472,3349,4,"2024-03-21 08:16:01"
18473,3528,4,"2023-09-01 17:00:29"
18474,2582,4,"2023-08-19 12:57:14"
18475,6770,4,"2024-06-14 00:02:11"
18476,5732,4,"2024-04-25 16:44:42"
18477,5978,4,"2023-11-28 08:13:16"
18478,4561,4,"2023-09-04 03:03:43"
18479,5528,4,"2024-05-15 05:43:40"
18480,6062,4,"2024-01-10 03:06:27"
18481,1956,4,"2023-09-01 06:54:12"
18482,3647,4,"2023-07-01 05:35:08"
18483,297,4,"2023-12-31 21:56:15"
18484,3325,4,"2024-04-04 22:35:12"
18485,5912,4,"2024-01-23 23:37:08"
18486,4380,4,"2023-11-03 22:41:29"
18487,4488,4,"2024-02-20 17:59:53"
18488,2837,4,"2024-05-14 02:10:35"
18489,6394,4,"2023-09-04 04:04:51"
18490,3130,4,"2024-03-03 23:37:03"
18491,6154,4,"2024-02-29 20:43:06"
18492,6687,4,"2023-07-31 17:44:12"
18493,5921,4,"2023-11-29 03:25:21"
18494,3934,4,"2024-05-02 02:03:26"
18495,5491,4,"2023-11-07 15:08:38"
18496,5128,4,"2023-10-29 17:43:16"
18497,5453,4,"2024-05-27 00:33:29"
18498,2494,4,"2024-03-10 02:15:50"
18499,2137,4,"2023-12-05 20:44:00"
18500,1348,4,"2023-10-07 10:00:31"
18501,4854,4,"2023-10-16 00:03:33"
18502,3186,4,"2023-12-23 00:53:37"
18503,6392,4,"2024-01-26 10:19:47"
18504,4434,4,"2023-11-03 22:05:48"
18505,1073,4,"2024-03-25 11:25:21"
18506,3785,4,"2024-03-26 12:46:05"
18507,1977,4,"2023-06-24 02:33:25"
18508,204,4,"2023-08-05 02:35:52"
18509,2853,4,"2023-08-13 13:17:59"
18510,5514,4,"2024-05-27 05:06:01"
18511,1502,4,"2024-01-05 07:47:16"
18512,6333,4,"2023-12-17 18:59:41"
18513,2131,4,"2023-12-13 13:52:38"
18514,4860,4,"2024-01-07 15:55:06"
18515,4525,4,"2024-06-09 20:25:48"
18516,4791,4,"2023-12-09 17:23:14"
18517,354,4,"2024-02-21 19:08:36"
18518,1906,4,"2024-02-26 06:35:39"
18519,4279,4,"2023-07-13 04:27:07"
18520,6573,4,"2023-10-12 04:46:57"
18521,4435,4,"2023-12-09 14:43:50"
18522,1168,4,"2023-12-08 19:22:24"
18523,3589,4,"2023-07-21 19:26:44"
18524,4173,4,"2023-12-29 06:16:44"
18525,1146,4,"2024-02-23 15:40:46"
18526,2810,4,"2024-03-26 18:44:00"
18527,3656,4,"2024-04-27 23:28:22"
18528,990,4,"2024-02-02 08:09:15"
18529,4060,4,"2023-11-07 05:40:52"
18530,7023,4,"2024-01-13 19:41:15"
18531,5945,4,"2024-03-04 10:16:12"
18532,5193,4,"2023-12-07 02:50:48"
18533,5414,4,"2024-04-23 17:25:54"
18534,808,4,"2024-05-08 17:55:02"
18535,2567,4,"2023-12-31 19:16:41"
18536,756,4,"2024-02-29 05:50:05"
18537,987,4,"2023-12-11 11:37:35"
18538,5992,4,"2023-12-04 15:19:36"
18539,4551,4,"2024-02-09 10:38:05"
18540,114,4,"2024-02-06 19:22:52"
18541,6538,4,"2024-01-17 05:47:56"
18542,6808,4,"2023-11-21 03:05:06"
18543,1774,4,"2024-01-17 20:59:56"
18544,7498,4,"2024-04-11 00:27:38"
18545,6348,4,"2024-06-12 04:33:03"
18546,7280,4,"2024-05-30 21:29:02"
18547,339,4,"2024-02-04 12:38:59"
18548,6465,4,"2023-07-14 05:04:35"
18549,3860,4,"2023-09-19 13:03:08"
18550,1336,4,"2024-04-09 09:36:56"
18551,4633,4,"2023-10-25 16:02:42"
18552,4264,4,"2023-12-22 18:56:59"
18553,1979,4,"2023-08-06 22:12:29"
18554,5610,4,"2024-06-06 02:06:22"
18555,4710,4,"2023-10-18 15:09:35"
18556,6057,4,"2023-11-13 14:05:38"
18557,3479,4,"2024-01-25 07:58:17"
18558,4736,4,"2023-08-09 00:01:21"
18559,874,4,"2024-05-15 18:59:03"
18560,3690,4,"2023-08-25 03:34:58"
18561,4096,4,"2024-01-26 14:13:50"
18562,6721,4,"2024-02-19 05:29:56"
18563,7523,4,"2023-11-21 09:53:36"
18564,6330,4,"2023-07-13 18:27:44"
18565,2634,4,"2024-01-02 03:01:46"
18566,6692,4,"2023-11-09 16:54:00"
18567,2288,4,"2023-08-02 19:30:43"
18568,2056,4,"2024-06-02 09:13:24"
18569,992,4,"2023-12-15 17:30:10"
18570,7005,4,"2023-07-19 18:52:29"
18571,6990,4,"2024-01-27 18:28:46"
18572,2373,4,"2024-04-22 12:15:11"
18573,615,4,"2024-01-19 06:10:32"
18574,4325,4,"2023-11-03 00:57:37"
18575,1202,4,"2023-07-02 10:48:39"
18576,4579,4,"2023-08-09 23:21:38"
18577,7331,4,"2023-10-25 00:11:40"
18578,4197,4,"2024-04-14 23:44:37"
18579,1785,4,"2024-04-21 01:30:54"
18580,6433,4,"2023-07-31 10:52:25"
18581,4972,4,"2024-04-19 15:22:06"
18582,319,4,"2023-12-10 08:12:08"
18583,882,4,"2024-03-02 18:12:16"
18584,2194,4,"2024-02-06 13:18:59"
18585,3599,4,"2023-11-14 11:09:21"
18586,3586,4,"2024-04-10 03:24:05"
18587,5674,4,"2024-02-28 14:28:02"
18588,178,4,"2023-07-14 08:35:58"
18589,1427,4,"2024-05-13 19:49:39"
18590,3982,4,"2024-05-26 10:09:54"
18591,3309,4,"2023-06-22 13:43:39"
18592,3805,4,"2023-11-16 19:02:37"
18593,1825,4,"2024-05-23 13:14:08"
18594,897,4,"2023-11-01 01:19:38"
18595,4723,4,"2023-10-10 11:34:28"
18596,3924,4,"2024-04-13 12:36:04"
18597,4648,4,"2023-08-06 06:49:36"
18598,1007,4,"2024-01-10 13:27:21"
18599,6243,4,"2024-04-26 11:19:40"
18600,2687,4,"2024-01-12 23:35:31"
18601,704,4,"2024-02-02 10:49:17"
18602,4691,4,"2024-06-09 00:01:42"
18603,179,4,"2024-05-05 07:36:28"
18604,225,4,"2023-07-30 14:48:27"
18605,564,4,"2024-04-30 02:06:57"
18606,7027,4,"2024-04-28 02:53:05"
18607,6551,4,"2024-05-20 20:15:20"
18608,5872,4,"2023-09-02 23:31:55"
18609,1924,4,"2024-03-14 10:38:26"
18610,1293,4,"2023-12-26 00:01:03"
18611,1334,4,"2023-11-25 23:30:09"
18612,5995,4,"2024-02-20 16:55:34"
18613,4615,4,"2023-12-15 22:05:12"
18614,7153,4,"2024-02-21 06:08:22"
18615,994,4,"2024-02-15 07:58:57"
18616,2873,4,"2023-10-17 21:47:25"
18617,1544,4,"2023-08-02 06:09:19"
18618,1759,4,"2024-02-22 10:23:04"
18619,5746,4,"2023-07-25 02:59:26"
18620,1129,4,"2024-05-25 20:13:27"
18621,1652,4,"2023-09-11 23:38:08"
18622,6606,4,"2023-07-22 04:38:09"
18623,4948,4,"2023-09-13 19:04:40"
18624,1266,4,"2024-03-07 00:27:32"
18625,3787,4,"2024-02-24 22:11:37"
18626,2453,4,"2023-12-17 15:25:04"
18627,4519,4,"2024-06-14 00:01:50"
18628,6536,4,"2024-03-28 21:53:47"
18629,6470,4,"2024-05-08 04:12:08"
18630,6518,4,"2023-10-25 11:23:52"
18631,7454,4,"2023-09-27 02:17:26"
18632,1018,4,"2024-03-21 14:15:44"
18633,2703,4,"2023-07-17 14:20:25"
18634,2430,4,"2023-07-25 06:30:24"
18635,1723,4,"2023-11-12 07:36:29"
18636,6689,4,"2024-02-03 11:51:40"
18637,1658,4,"2023-08-22 11:57:59"
18638,2620,4,"2023-06-27 08:47:19"
18639,5245,4,"2023-07-12 23:12:56"
18640,5328,4,"2023-11-22 04:42:41"
18641,5100,4,"2023-06-26 12:11:06"
18642,6334,4,"2023-10-28 20:37:42"
18643,4388,4,"2023-08-30 12:02:05"
18644,4081,4,"2024-02-27 21:03:53"
18645,5759,4,"2024-04-25 06:30:59"
18646,6022,4,"2024-02-06 12:41:01"
18647,6161,4,"2024-01-06 09:07:17"
18648,5159,4,"2023-07-07 17:09:17"
18649,5906,4,"2023-10-17 12:50:58"
18650,7304,4,"2024-04-15 18:05:08"
18651,5984,4,"2023-11-18 02:19:02"
18652,2042,4,"2023-06-25 02:01:37"
18653,3118,4,"2023-08-30 06:24:36"
18654,2761,4,"2024-02-24 06:41:46"
18655,4961,4,"2024-01-23 04:46:49"
18656,4233,4,"2023-08-04 23:03:35"
18657,910,4,"2024-04-09 05:54:48"
18658,3897,4,"2024-05-28 14:52:33"
18659,3462,4,"2024-03-29 10:06:05"
18660,5734,4,"2023-07-29 06:05:35"
18661,6975,4,"2024-03-04 17:52:16"
18662,3022,4,"2024-01-06 03:25:31"
18663,3948,4,"2024-04-20 21:00:00"
18664,2525,4,"2024-03-13 22:08:59"
18665,2991,4,"2024-05-11 08:08:40"
18666,7037,4,"2024-01-25 19:06:19"
18667,3471,4,"2024-01-26 01:46:37"
18668,6368,4,"2023-07-07 18:26:20"
18669,6116,4,"2024-01-25 04:05:44"
18670,7275,4,"2024-01-20 23:39:51"
18671,2262,4,"2023-07-21 04:45:41"
18672,4862,4,"2024-03-05 15:03:10"
18673,5295,4,"2024-06-05 21:39:43"
18674,3758,4,"2023-12-22 23:54:52"
18675,5949,4,"2024-01-16 15:48:27"
18676,1574,4,"2024-01-16 00:06:46"
18677,474,4,"2023-09-18 06:08:56"
18678,1300,4,"2024-04-09 07:13:30"
18679,5787,4,"2023-07-04 17:15:49"
18680,92,4,"2024-04-24 11:45:29"
18681,3421,4,"2023-09-28 23:35:07"
18682,61,4,"2024-03-22 11:00:59"
18683,6093,4,"2023-11-09 05:19:14"
18684,1187,4,"2023-07-23 21:04:52"
18685,164,4,"2024-04-14 13:07:18"
18686,458,4,"2023-11-20 15:51:43"
18687,3053,4,"2024-02-12 13:57:28"
18688,501,4,"2023-08-20 00:43:26"
18689,7501,4,"2023-12-07 14:00:20"
18690,5900,4,"2023-09-23 09:50:55"
18691,5006,4,"2023-12-16 22:17:47"
18692,5173,4,"2024-01-03 08:24:47"
18693,1704,4,"2023-08-07 22:11:34"
18694,5448,4,"2024-06-10 20:00:39"
18695,3357,4,"2024-06-02 14:02:47"
18696,7030,4,"2023-11-23 18:04:11"
18697,2001,4,"2023-12-28 13:16:45"
18698,4526,4,"2023-06-28 10:24:58"
18699,1679,4,"2024-02-04 13:57:10"
18700,6997,4,"2024-03-17 13:30:40"
18701,4758,4,"2024-01-26 01:21:16"
18702,2304,4,"2023-08-31 13:36:52"
18703,5013,4,"2024-01-30 12:25:06"
18704,928,4,"2024-05-15 02:28:00"
18705,6907,4,"2024-03-21 00:22:19"
18706,868,4,"2023-10-14 20:14:21"
18707,3632,4,"2024-03-10 06:34:42"
18708,1068,4,"2023-11-23 03:11:41"
18709,442,4,"2024-05-04 14:11:30"
18710,1702,4,"2024-05-24 18:28:20"
18711,1291,4,"2023-08-15 12:29:05"
18712,5228,4,"2023-07-01 09:04:38"
18713,4776,4,"2024-01-30 14:10:11"
18714,4154,4,"2023-12-30 23:34:16"
18715,4040,4,"2023-08-20 13:05:58"
18716,3694,4,"2024-04-01 05:16:40"
18717,6020,4,"2023-09-04 23:29:39"
18718,5703,4,"2024-01-25 08:39:54"
18719,2504,4,"2024-02-27 04:59:02"
18720,5748,4,"2023-06-25 21:41:56"
18721,6602,4,"2023-10-02 04:52:12"
18722,4940,4,"2023-11-17 13:16:22"
18723,6786,4,"2024-04-08 17:51:20"
18724,995,4,"2024-03-09 00:09:16"
18725,1464,4,"2023-12-13 01:18:00"
18726,2306,4,"2023-08-22 04:04:08"
18727,1527,4,"2023-12-14 20:31:03"
18728,5310,4,"2023-12-12 20:25:23"
18729,5962,4,"2023-12-26 19:08:32"
18730,5809,4,"2023-09-18 12:43:31"
18731,5757,4,"2023-09-07 21:04:15"
18732,5438,4,"2023-07-28 06:26:04"
18733,3142,4,"2024-02-20 21:42:43"
18734,4757,4,"2023-10-28 21:06:58"
18735,419,4,"2023-07-23 08:40:30"
18736,2238,4,"2024-01-01 02:18:20"
18737,3996,4,"2024-05-07 16:22:58"
18738,7244,4,"2024-02-12 17:52:31"
18739,4054,4,"2023-10-19 13:59:15"
18740,658,4,"2024-02-14 05:41:36"
18741,2719,4,"2024-04-09 13:47:05"
18742,1443,4,"2023-07-17 18:56:17"
18743,5464,4,"2024-04-23 15:34:50"
18744,1710,4,"2023-10-04 19:11:26"
18745,5940,4,"2023-07-16 03:24:08"
18746,6434,4,"2023-12-26 07:25:25"
18747,7427,4,"2023-06-24 16:54:30"
18748,3645,4,"2023-12-01 06:31:44"
18749,4851,4,"2023-09-03 09:30:18"
18750,619,4,"2023-06-25 06:25:19"
18751,5478,4,"2023-09-11 13:51:56"
18752,5127,4,"2023-07-14 17:59:25"
18753,6610,4,"2023-08-21 22:24:08"
18754,3619,4,"2024-01-15 16:07:20"
18755,6845,4,"2023-09-05 14:13:58"
18756,6372,4,"2024-02-12 19:29:04"
18757,5886,4,"2023-07-16 04:30:51"
18758,4826,4,"2024-02-09 18:28:06"
18759,6376,4,"2024-01-09 12:29:21"
18760,7112,4,"2023-09-27 22:08:20"
18761,7290,4,"2023-07-28 06:52:28"
18762,815,4,"2024-02-07 15:40:52"
18763,4210,4,"2023-09-22 21:28:06"
18764,4638,4,"2024-02-03 13:08:24"
18765,2906,4,"2023-12-04 19:05:43"
18766,1115,4,"2023-10-15 14:12:04"
18767,6665,4,"2023-10-11 14:50:12"
18768,3542,4,"2023-12-16 13:34:24"
18769,2214,4,"2023-10-27 18:20:13"
18770,1938,4,"2023-07-15 00:56:52"
18771,7544,4,"2023-08-20 09:12:19"
18772,4186,4,"2023-08-21 04:05:28"
18773,5458,4,"2023-09-30 12:24:37"
18774,3735,4,"2023-07-30 16:27:04"
18775,4715,4,"2023-10-24 03:43:28"
18776,4117,4,"2023-07-03 17:33:11"
18777,3333,4,"2024-03-30 22:11:47"
18778,6766,4,"2024-05-24 00:10:52"
18779,6400,4,"2023-08-08 00:39:02"
18780,6626,4,"2024-02-02 11:52:12"
18781,7143,4,"2023-10-08 22:21:20"
18782,834,4,"2023-11-15 23:34:19"
18783,5942,4,"2024-05-03 07:18:06"
18784,7284,4,"2023-10-29 14:26:38"
18785,3620,4,"2024-05-23 11:43:09"
18786,6867,4,"2023-09-21 07:41:31"
18787,4291,4,"2023-10-31 10:51:18"
18788,4626,4,"2023-07-01 15:49:35"
18789,5883,4,"2024-04-05 12:04:22"
18790,3320,4,"2024-02-13 05:28:05"
18791,6383,4,"2024-01-13 03:07:01"
18792,3203,4,"2023-10-15 23:45:23"
18793,5443,4,"2023-12-28 12:08:28"
18794,88,4,"2023-08-13 16:35:27"
18795,6922,4,"2023-12-14 11:10:53"
18796,5581,4,"2024-05-27 10:01:01"
18797,997,4,"2023-09-04 05:01:50"
18798,859,4,"2024-05-30 22:55:07"
18799,6584,4,"2024-03-04 07:55:46"
18800,3191,4,"2024-05-21 21:45:43"
18801,1633,4,"2024-03-05 04:52:20"
18802,6350,4,"2024-01-29 17:12:39"
18803,3499,4,"2023-08-22 15:27:19"
18804,2031,4,"2024-05-09 17:14:14"
18805,2287,4,"2023-11-16 08:22:59"
18806,4728,4,"2023-07-08 20:35:33"
18807,1733,4,"2023-08-23 02:19:02"
18808,5072,4,"2024-02-16 21:29:39"
18809,6192,4,"2023-10-22 18:49:38"
18810,4599,4,"2024-04-22 08:03:19"
18811,124,4,"2024-02-06 04:05:50"
18812,2396,4,"2024-06-04 04:48:07"
18813,6671,4,"2024-03-03 05:24:40"
18814,4357,4,"2023-12-25 11:44:42"
18815,2605,4,"2024-03-16 19:18:39"
18816,4784,4,"2023-10-08 08:04:24"
18817,3720,4,"2023-11-12 14:31:41"
18818,5161,4,"2024-02-19 13:34:03"
18819,3958,4,"2023-09-09 13:59:33"
18820,7132,4,"2024-03-27 09:34:04"
18821,3858,4,"2024-03-15 13:55:52"
18822,754,4,"2024-01-21 19:27:08"
18823,999,4,"2023-07-22 16:35:14"
18824,6171,4,"2024-03-13 11:45:20"
18825,4888,4,"2024-04-02 01:31:43"
18826,3595,4,"2023-12-15 13:02:46"
18827,195,4,"2023-09-14 14:59:03"
18828,5150,4,"2023-10-05 09:30:30"
18829,3778,4,"2024-04-24 15:43:10"
18830,1253,4,"2023-10-27 18:57:06"
18831,3291,4,"2024-02-21 20:43:19"
18832,1521,4,"2023-08-26 07:18:36"
18833,1639,4,"2023-11-18 18:55:54"
18834,3257,4,"2024-05-03 12:53:07"
18835,4242,4,"2024-05-05 02:21:32"
18836,1117,4,"2023-11-30 01:55:01"
18837,2151,4,"2024-01-28 20:50:38"
18838,4605,4,"2023-08-14 11:56:19"
18839,3120,4,"2024-04-24 02:16:47"
18840,597,4,"2023-06-25 07:19:56"
18841,6,4,"2023-12-20 03:19:57"
18842,405,4,"2024-02-02 21:25:31"
18843,1210,4,"2023-10-09 04:34:53"
18844,818,4,"2024-01-19 20:17:08"
18845,2333,4,"2024-01-08 01:50:14"
18846,1859,4,"2024-04-03 23:50:58"
18847,4912,4,"2023-06-30 08:58:28"
18848,7052,4,"2024-04-30 06:15:30"
18849,6785,4,"2023-10-24 20:24:30"
18850,3000,4,"2024-03-07 11:00:13"
18851,342,4,"2023-08-09 01:11:52"
18852,2117,4,"2024-04-16 10:21:36"
18853,1111,4,"2023-11-03 23:38:58"
18854,3956,4,"2023-07-12 10:24:50"
18855,1507,4,"2023-09-22 07:43:09"
18856,5650,4,"2023-08-07 10:01:37"
18857,2401,4,"2023-12-23 07:23:37"
18858,3058,4,"2024-05-24 10:08:14"
18859,394,4,"2023-08-21 10:10:35"
18860,7440,4,"2023-09-18 04:59:23"
18861,557,4,"2023-09-23 03:43:45"
18862,6285,4,"2023-11-13 11:48:22"
18863,1824,4,"2024-01-31 20:07:40"
18864,1206,4,"2023-09-28 05:44:56"
18865,1226,4,"2023-11-25 19:34:51"
18866,3775,4,"2024-06-13 14:36:58"
18867,3782,4,"2024-01-31 19:43:25"
18868,2901,4,"2023-10-19 16:31:14"
18869,93,4,"2023-08-29 20:27:22"
18870,2617,4,"2024-02-25 01:19:28"
18871,3729,4,"2023-09-03 14:00:26"
18872,5605,4,"2024-02-10 16:46:53"
18873,6693,4,"2023-11-20 11:45:19"
18874,1044,4,"2024-04-23 13:27:45"
18875,4400,4,"2023-12-09 21:22:28"
18876,7550,4,"2024-04-21 19:17:55"
18877,5365,4,"2024-02-27 06:42:57"
18878,2531,4,"2024-02-20 16:42:11"
18879,447,4,"2023-09-02 23:23:00"
18880,3113,4,"2024-01-03 08:07:35"
18881,4946,4,"2024-01-18 04:40:06"
18882,1564,4,"2024-01-11 16:56:03"
18883,4378,4,"2023-10-24 17:52:31"
18884,1969,4,"2024-04-28 10:08:28"
18885,285,4,"2023-07-04 23:08:53"
18886,5707,4,"2024-06-14 16:00:17"
18887,3160,4,"2023-07-09 02:46:50"
18888,7303,4,"2024-04-18 00:20:08"
18889,5118,4,"2024-02-09 20:54:48"
18890,5067,4,"2023-08-20 10:16:03"
18891,7539,4,"2023-12-16 06:27:49"
18892,5843,4,"2023-07-14 16:58:21"
18893,6148,4,"2024-06-07 02:36:26"
18894,617,4,"2023-08-07 08:36:36"
18895,5172,4,"2023-08-25 13:35:59"
18896,630,4,"2024-01-02 09:29:36"
18897,4137,4,"2024-03-14 12:56:48"
18898,3365,4,"2023-07-29 17:59:34"
18899,6408,4,"2023-09-29 05:05:25"
18900,1093,4,"2024-01-02 07:05:29"
18901,7489,4,"2023-11-29 19:50:26"
18902,1296,4,"2023-08-04 11:13:51"
18903,439,4,"2024-02-24 07:59:23"
18904,6558,4,"2023-11-20 00:57:38"
18905,4531,4,"2023-07-13 05:08:27"
18906,2591,4,"2023-11-30 20:34:08"
18907,5532,4,"2023-07-30 15:11:56"
18908,2041,4,"2023-08-03 03:25:19"
18909,6230,4,"2024-03-26 22:14:53"
18910,2251,4,"2023-10-07 14:02:52"
18911,6901,4,"2024-02-05 15:13:14"
18912,1161,4,"2023-11-04 20:15:09"
18913,3687,4,"2024-03-15 19:08:03"
18914,1576,4,"2023-09-20 02:21:23"
18915,6051,4,"2023-08-08 18:18:59"
18916,4230,4,"2024-03-23 02:47:56"
18917,3822,4,"2023-07-04 03:04:29"
18918,3829,4,"2024-03-05 18:13:57"
18919,5285,4,"2023-08-24 15:30:26"
18920,877,4,"2024-02-21 20:15:40"
18921,4164,4,"2023-07-15 09:51:49"
18922,1237,4,"2023-09-13 13:38:32"
18923,5297,4,"2024-04-08 04:40:29"
18924,4502,4,"2024-04-03 12:01:16"
18925,12,4,"2023-07-05 04:31:55"
18926,4313,4,"2024-01-10 06:45:18"
18927,6760,4,"2024-01-05 20:08:06"
18928,3627,4,"2023-11-13 18:24:32"
18929,7474,4,"2024-03-28 03:26:49"
18930,6749,4,"2024-03-17 06:28:16"
18931,6439,4,"2024-04-09 21:46:43"
18932,4223,4,"2023-12-15 05:44:39"
18933,4881,4,"2024-05-08 08:00:14"
18934,5097,4,"2023-12-13 10:15:47"
18935,6493,4,"2024-02-22 07:28:56"
18936,4064,4,"2024-06-06 09:15:38"
18937,5946,4,"2023-12-05 01:45:22"
18938,4381,4,"2024-05-20 04:31:04"
18939,2527,4,"2024-06-09 14:03:45"
18940,7339,4,"2024-04-15 22:48:40"
18941,2344,4,"2023-11-23 10:02:12"
18942,3466,4,"2023-11-22 10:37:55"
18943,421,4,"2024-03-12 02:59:28"
18944,1169,4,"2023-11-23 14:21:14"
18945,5230,4,"2024-05-22 03:00:49"
18946,3093,4,"2023-10-24 11:24:10"
18947,5424,4,"2024-05-24 04:13:36"
18948,170,4,"2023-10-25 11:17:29"
18949,3303,4,"2023-07-01 19:18:33"
18950,3544,4,"2023-06-29 03:30:13"
18951,2575,4,"2024-05-22 22:58:30"
18952,5993,4,"2024-03-13 06:01:45"
18953,6060,4,"2024-05-26 14:31:11"
18954,3025,4,"2024-02-25 03:23:18"
18955,3271,4,"2023-08-04 07:55:13"
18956,2745,4,"2024-04-12 07:18:18"
18957,5223,4,"2024-02-19 01:30:24"
18958,2290,4,"2023-09-11 22:04:57"
18959,4283,4,"2024-05-19 10:43:22"
18960,1863,4,"2023-10-29 16:59:25"
18961,1947,4,"2024-05-23 01:37:37"
18962,5540,4,"2023-08-23 13:36:22"
18963,2465,4,"2024-01-09 01:04:18"
18964,2299,4,"2024-06-05 07:21:28"
18965,1416,4,"2024-01-16 11:38:25"
18966,2034,4,"2023-09-27 06:10:54"
18967,1480,4,"2023-09-10 16:00:08"
18968,2670,4,"2024-02-06 00:41:12"
18969,5865,4,"2024-01-13 01:29:24"
18970,6046,4,"2024-02-23 12:18:31"
18971,5187,4,"2023-07-05 22:46:51"
18972,6840,4,"2023-09-01 15:57:46"
18973,1940,4,"2024-04-22 19:49:39"
18974,266,4,"2024-05-09 08:03:38"
18975,2926,4,"2024-03-31 00:26:54"
18976,1921,4,"2023-10-11 18:26:35"
18977,1777,4,"2023-10-26 10:27:58"
18978,5009,4,"2024-05-31 21:02:24"
18979,6609,4,"2024-04-01 08:23:17"
18980,2012,4,"2024-02-10 09:59:18"
18981,2365,4,"2023-10-21 10:20:21"
18982,4261,4,"2023-12-22 06:28:18"
18983,2130,4,"2024-03-11 17:19:11"
18984,171,4,"2023-12-24 15:52:41"
18985,5480,4,"2024-06-10 13:48:53"
18986,5548,4,"2023-10-16 01:50:30"
18987,4604,4,"2023-10-06 12:03:08"
18988,4329,4,"2024-03-15 09:12:30"
18989,2603,4,"2023-07-16 13:20:30"
18990,1283,4,"2023-12-07 12:20:23"
18991,395,4,"2024-02-09 18:38:15"
18992,182,4,"2023-10-20 01:52:10"
18993,2733,4,"2023-12-26 19:16:48"
18994,983,4,"2023-11-04 07:12:23"
18995,7269,4,"2024-01-24 08:21:34"
18996,1583,4,"2024-02-15 09:28:53"
18997,62,4,"2023-08-17 17:30:01"
18998,2428,4,"2024-04-26 00:41:41"
18999,1254,4,"2024-02-28 20:59:10"
19000,377,4,"2023-08-29 10:30:06"
19001,6415,4,"2023-09-12 09:01:50"
19002,306,4,"2024-04-08 13:36:30"
19003,318,4,"2024-01-24 16:31:44"
19004,5360,4,"2023-10-08 19:20:44"
19005,4539,4,"2024-04-13 06:40:16"
19006,141,4,"2024-01-15 14:40:17"
19007,2125,4,"2024-04-12 08:00:36"
19008,4024,4,"2024-05-04 12:04:58"
19009,6949,4,"2023-11-30 10:31:24"
19010,7286,4,"2024-03-05 08:36:24"
19011,1147,4,"2024-03-07 17:40:38"
19012,3339,4,"2023-11-05 04:42:43"
19013,2083,4,"2023-07-20 11:03:43"
19014,5525,4,"2023-10-01 06:51:11"
19015,7214,4,"2023-11-24 03:23:38"
19016,3693,4,"2024-01-09 00:50:20"
19017,922,4,"2023-12-22 09:40:47"
19018,948,4,"2024-05-26 04:12:53"
19019,2858,4,"2023-12-03 03:36:07"
19020,3276,4,"2023-11-26 22:59:39"
19021,1367,4,"2024-05-22 03:09:32"
19022,943,4,"2023-07-28 00:32:26"
19023,7238,4,"2024-03-17 09:35:11"
19024,2861,4,"2024-03-11 08:41:58"
19025,2552,4,"2024-06-01 21:36:33"
19026,5279,4,"2024-03-08 19:54:50"
19027,6966,4,"2024-03-11 20:29:27"
19028,4844,4,"2024-04-26 06:25:13"
19029,1034,4,"2024-01-27 05:30:09"
19030,6456,4,"2023-11-06 23:04:35"
19031,1483,4,"2023-07-28 05:34:30"
19032,4555,4,"2024-03-10 02:43:52"
19033,4763,4,"2023-06-24 13:16:12"
19034,4700,4,"2024-03-08 18:18:15"
19035,1260,4,"2024-02-09 00:31:05"
19036,6930,4,"2024-01-12 04:13:22"
19037,1587,4,"2024-03-25 23:59:51"
19038,6859,4,"2023-06-30 06:21:21"
19039,5092,4,"2023-12-26 03:03:00"
19040,5421,4,"2023-06-29 13:03:44"
19041,6127,4,"2024-01-15 09:01:56"
19042,2900,4,"2024-05-26 02:35:55"
19043,6123,4,"2024-01-08 14:48:03"
19044,6374,4,"2023-12-30 05:33:55"
19045,106,4,"2024-04-05 01:51:45"
19046,4308,4,"2024-01-02 07:14:58"
19047,7201,4,"2023-09-21 04:56:13"
19048,2099,4,"2023-10-11 12:33:08"
19049,6388,4,"2023-10-07 10:00:43"
19050,1718,4,"2024-03-07 07:47:49"
19051,3146,4,"2024-01-30 08:20:14"
19052,3045,4,"2023-07-24 13:58:00"
19053,4373,4,"2024-01-27 20:59:57"
19054,673,4,"2023-08-21 08:10:37"
19055,7080,4,"2024-05-29 04:39:35"
19056,6095,4,"2023-08-26 16:30:35"
19057,1170,4,"2024-05-29 04:03:57"
19058,5649,4,"2023-12-29 10:07:37"
19059,3596,4,"2024-06-14 14:35:18"
19060,684,4,"2023-09-07 08:59:04"
19061,6850,4,"2024-03-02 10:35:17"
19062,6779,4,"2023-11-30 10:36:40"
19063,7213,4,"2023-06-25 20:08:34"
19064,6962,4,"2023-11-17 13:39:09"
19065,2866,4,"2023-11-22 20:40:17"
19066,2721,4,"2023-10-18 16:05:40"
19067,2956,4,"2024-05-05 22:55:48"
19068,5327,4,"2023-09-11 20:34:33"
19069,4104,4,"2024-05-10 02:54:24"
19070,6228,4,"2023-10-30 21:39:39"
19071,3666,4,"2024-01-23 06:48:11"
19072,7490,4,"2024-02-16 16:48:58"
19073,5711,4,"2024-03-05 02:13:35"
19074,4397,4,"2024-01-15 13:36:30"
19075,5700,4,"2023-07-28 15:54:57"
19076,2098,4,"2023-08-15 13:35:07"
19077,1207,4,"2023-10-05 03:51:20"
19078,7438,4,"2023-12-12 01:00:23"
19079,3214,4,"2024-04-19 12:37:50"
19080,7363,4,"2023-12-04 07:54:18"
19081,4623,4,"2023-07-08 04:08:33"
19082,678,4,"2023-07-30 09:44:56"
19083,5344,4,"2024-02-23 15:58:43"
19084,4385,4,"2024-01-09 04:08:21"
19085,4330,4,"2024-04-13 07:55:26"
19086,807,4,"2023-11-30 22:38:47"
19087,567,4,"2023-11-12 23:52:49"
19088,1594,4,"2024-05-27 16:53:23"
19089,1299,4,"2023-11-15 14:19:54"
19090,5341,4,"2023-09-16 12:46:51"
19091,7063,4,"2024-04-15 15:35:32"
19092,3401,4,"2023-07-26 10:33:08"
19093,1569,4,"2024-05-12 09:08:46"
19094,510,4,"2023-11-19 17:42:03"
19095,6354,4,"2024-01-21 08:53:11"
19096,2216,4,"2024-03-17 08:23:35"
19097,2989,4,"2023-09-26 16:24:33"
19098,7029,4,"2024-04-11 14:40:24"
19099,3582,4,"2023-10-18 21:18:45"
19100,5046,4,"2023-11-25 12:51:46"
19101,4365,4,"2024-05-14 13:20:52"
19102,3476,4,"2023-09-28 02:49:25"
19103,140,4,"2023-12-31 12:33:13"
19104,5205,4,"2024-04-14 05:03:28"
19105,2732,4,"2024-01-06 08:17:25"
19106,786,4,"2024-03-29 21:15:24"
19107,2891,4,"2024-02-21 14:03:24"
19108,1613,4,"2024-01-15 16:24:43"
19109,7217,4,"2023-07-21 00:59:24"
19110,5371,4,"2024-01-15 03:21:52"
19111,7478,4,"2023-10-25 22:52:33"
19112,2602,4,"2023-12-27 12:56:05"
19113,6651,4,"2024-03-21 20:38:14"
19114,6385,4,"2023-11-30 17:14:32"
19115,121,4,"2024-03-09 20:15:50"
19116,2667,4,"2024-03-12 07:32:34"
19117,727,4,"2024-05-11 12:26:18"
19118,4151,4,"2024-03-08 03:46:38"
19119,6216,4,"2024-02-01 07:01:23"
19120,4401,4,"2023-09-12 01:48:37"
19121,4067,4,"2023-09-28 16:46:31"
19122,163,4,"2023-11-12 13:02:03"
19123,2427,4,"2024-02-25 05:59:52"
19124,3963,4,"2024-01-15 19:35:46"
19125,4239,4,"2023-12-06 16:17:44"
19126,2424,4,"2024-06-07 19:05:52"
19127,7534,4,"2023-08-06 15:43:37"
19128,2709,4,"2023-09-04 14:44:19"
19129,1588,4,"2024-04-10 23:09:49"
19130,7090,4,"2023-10-13 13:53:53"
19131,2295,4,"2023-10-17 13:30:38"
19132,7070,4,"2023-09-05 21:45:05"
19133,7428,4,"2023-08-21 08:03:05"
19134,2328,4,"2023-11-19 06:18:51"
19135,4049,4,"2024-06-02 02:46:08"
19136,4823,4,"2024-01-16 18:53:50"
19137,5779,4,"2023-10-11 02:57:56"
19138,4118,4,"2024-02-18 07:15:26"
19139,4147,4,"2024-02-22 04:07:43"
19140,7140,4,"2024-01-02 17:30:16"
19141,6275,4,"2024-06-02 08:09:16"
19142,1490,4,"2023-10-17 13:34:10"
19143,5403,4,"2023-11-26 11:43:26"
19144,2090,4,"2024-01-15 14:32:36"
19145,4047,4,"2024-05-05 20:47:39"
19146,3552,4,"2024-03-07 16:05:32"
19147,7047,4,"2023-12-14 11:58:09"
19148,6904,4,"2023-07-07 21:45:50"
19149,1684,4,"2023-08-11 23:11:10"
19150,5268,4,"2023-12-20 15:15:12"
19151,7059,4,"2023-10-16 06:03:14"
19152,563,4,"2024-01-31 17:02:24"
19153,912,4,"2024-02-05 19:20:58"
19154,491,4,"2023-09-27 00:17:49"
19155,6313,4,"2023-10-08 09:34:04"
19156,6428,4,"2023-07-23 18:54:36"
19157,6065,4,"2023-10-26 23:38:17"
19158,724,4,"2024-03-06 06:50:11"
19159,4281,4,"2024-01-08 19:28:56"
19160,1884,4,"2024-01-03 05:40:03"
19161,2735,4,"2024-05-05 22:32:27"
19162,4408,4,"2023-10-16 20:18:32"
19163,3811,4,"2023-08-16 02:24:10"
19164,67,4,"2024-02-28 13:59:28"
19165,3244,4,"2023-11-05 12:58:56"
19166,1371,4,"2024-01-31 09:00:15"
19167,5250,4,"2023-11-15 20:51:46"
19168,6092,4,"2024-03-28 06:12:24"
19169,5471,4,"2024-01-04 20:18:23"
19170,5824,4,"2024-04-26 12:55:53"
19171,6886,4,"2023-08-30 20:33:32"
19172,5242,4,"2023-09-25 15:27:09"
19173,5298,4,"2023-12-22 19:06:42"
19174,7518,4,"2023-08-27 13:29:00"
19175,6181,4,"2024-02-01 13:35:40"
19176,5436,4,"2023-07-20 02:01:59"
19177,282,4,"2024-03-16 05:18:55"
19178,6716,4,"2023-09-21 05:56:29"
19179,4196,4,"2024-01-23 01:39:55"
19180,2045,4,"2023-09-06 12:54:04"
19181,6842,4,"2023-10-13 03:09:50"
19182,887,4,"2023-11-05 23:41:47"
19183,5771,4,"2024-05-30 13:49:19"
19184,3204,4,"2024-04-08 15:18:09"
19185,2236,4,"2023-08-13 19:51:12"
19186,7045,4,"2023-12-14 02:02:23"
19187,230,4,"2024-01-21 01:19:38"
19188,2386,4,"2023-11-06 18:42:31"
19189,845,4,"2024-05-08 14:49:34"
19190,2061,4,"2023-08-03 01:11:26"
19191,6613,4,"2024-01-05 08:52:05"
19192,1178,4,"2023-07-24 14:50:41"
19193,2893,4,"2023-11-30 15:30:44"
19194,3697,4,"2024-01-31 08:33:51"
19195,4773,4,"2024-03-06 14:44:21"
19196,3777,4,"2023-10-08 21:21:41"
19197,3208,4,"2024-01-21 06:34:07"
19198,5171,4,"2023-09-20 10:39:29"
19199,1731,4,"2023-11-08 11:10:12"
19200,3224,4,"2023-08-10 09:26:37"
19201,6669,4,"2024-04-22 01:52:42"
19202,5527,4,"2024-06-05 12:49:39"
19203,4746,4,"2024-03-11 18:02:14"
19204,4906,4,"2024-04-28 08:16:32"
19205,4141,4,"2024-05-05 18:16:50"
19206,2836,4,"2023-12-31 11:01:22"
19207,217,4,"2024-04-18 13:18:41"
19208,3445,4,"2023-09-01 20:12:06"
19209,795,4,"2023-11-21 19:10:07"
19210,2451,4,"2024-04-21 21:15:58"
19211,4647,4,"2023-09-18 13:07:36"
19212,1789,4,"2024-03-25 15:45:11"
19213,6768,4,"2023-10-01 06:30:01"
19214,5622,4,"2024-01-12 21:40:01"
19215,5282,4,"2023-08-21 20:10:13"
19216,4135,4,"2023-11-28 17:59:17"
19217,4178,4,"2023-08-08 18:21:03"
19218,620,4,"2023-12-31 23:29:16"
19219,4007,4,"2024-01-20 21:42:28"
19220,4236,4,"2023-10-19 07:38:37"
19221,422,4,"2024-03-29 02:05:29"
19222,4227,4,"2024-04-14 10:13:20"
19223,7202,4,"2023-11-17 07:51:28"
19224,4254,4,"2024-02-10 02:32:55"
19225,1525,4,"2023-08-02 10:05:30"
19226,7097,4,"2023-08-10 23:55:42"
19227,3138,4,"2023-10-28 18:29:02"
19228,5644,4,"2023-09-03 06:24:42"
19229,4235,4,"2024-01-31 14:13:21"
19230,7129,4,"2023-08-22 17:25:49"
19231,654,4,"2024-05-09 14:58:27"
19232,5511,4,"2024-03-17 12:52:56"
19233,3375,4,"2023-10-25 14:35:31"
19234,4025,4,"2024-02-19 00:20:29"
19235,4864,4,"2023-07-09 12:35:55"
19236,3398,4,"2023-08-14 22:40:54"
19237,2490,4,"2024-01-15 15:11:21"
19238,4501,4,"2024-03-09 18:40:07"
19239,1973,4,"2023-12-18 04:15:19"
19240,6304,4,"2023-12-12 01:02:50"
19241,6327,4,"2023-12-25 05:15:10"
19242,4492,4,"2024-02-28 09:42:25"
19243,5277,4,"2023-07-19 18:46:55"
19244,2020,4,"2023-07-14 18:40:15"
19245,4475,4,"2023-11-12 22:02:33"
19246,2183,4,"2023-09-14 09:48:32"
19247,6475,4,"2024-05-19 07:56:47"
19248,4965,4,"2023-08-19 10:38:00"
19249,5879,4,"2023-11-13 16:33:39"
19250,5493,4,"2023-08-03 17:38:34"
19251,1756,4,"2024-04-26 16:22:51"
19252,5002,4,"2023-06-24 20:36:46"
19253,6564,4,"2023-08-04 07:51:00"
19254,4877,4,"2024-06-01 22:46:11"
19255,123,4,"2023-07-15 23:27:56"
19256,63,4,"2023-12-07 17:16:48"
19257,4149,4,"2024-01-28 15:33:32"
19258,7210,4,"2023-09-09 12:30:13"
19259,4481,4,"2023-11-19 06:40:05"
19260,1868,4,"2024-01-28 18:58:00"
19261,3848,4,"2024-05-15 22:45:35"
19262,5508,4,"2023-09-20 07:02:58"
19263,2080,4,"2024-05-14 09:08:49"
19264,3698,4,"2023-11-09 18:53:36"
19265,2053,4,"2023-12-24 22:31:54"
19266,5374,4,"2023-06-30 22:03:41"
19267,4754,4,"2023-11-13 13:05:25"
19268,1389,4,"2023-08-15 15:05:29"
19269,4713,4,"2023-10-14 08:38:08"
19270,5386,4,"2024-02-14 13:53:17"
19271,5910,4,"2024-04-10 23:08:38"
19272,4120,4,"2024-04-14 11:51:57"
19273,1466,4,"2024-05-01 08:42:45"
19274,1426,4,"2024-01-27 07:10:03"
19275,1369,4,"2023-10-26 04:31:18"
19276,6245,4,"2023-12-27 09:27:04"
19277,779,4,"2023-06-27 02:10:12"
19278,4367,4,"2023-08-19 10:26:06"
19279,3489,4,"2023-09-04 22:04:13"
19280,5086,4,"2024-02-28 05:16:21"
19281,7101,4,"2024-02-22 23:09:25"
19282,4037,4,"2023-11-12 22:54:23"
19283,2613,4,"2024-02-25 04:55:08"
19284,6968,4,"2023-07-05 22:51:46"
19285,6185,4,"2024-04-01 04:37:16"
19286,4293,4,"2024-02-06 21:50:03"
19287,2590,4,"2024-04-18 12:16:54"
19288,5196,4,"2024-04-25 05:31:08"
19289,4658,4,"2024-04-21 08:01:06"
19290,541,4,"2023-11-04 19:37:36"
19291,295,4,"2024-02-22 10:00:28"
19292,1327,4,"2024-03-20 15:34:20"
19293,4822,4,"2024-04-12 10:24:37"
19294,689,4,"2024-03-06 08:12:44"
19295,6021,4,"2024-01-13 19:43:11"
19296,1033,4,"2024-01-04 03:09:14"
19297,6972,4,"2023-07-29 15:33:53"
19298,1867,4,"2024-01-23 16:44:04"
19299,4803,4,"2024-03-23 02:22:14"
19300,802,4,"2023-10-23 12:24:53"
19301,5606,4,"2023-10-20 21:43:09"
19302,2316,4,"2023-11-27 13:59:18"
19303,5372,4,"2023-11-03 06:32:40"
19304,2235,4,"2024-04-10 09:32:56"
19305,980,4,"2024-02-20 17:06:45"
19306,2825,4,"2024-04-10 23:26:19"
19307,6739,4,"2023-12-07 22:33:58"
19308,5503,4,"2023-11-11 14:06:07"
19309,3036,4,"2024-01-07 10:56:09"
19310,4949,4,"2023-08-30 14:54:02"
19311,3837,4,"2023-09-21 16:25:23"
19312,4248,4,"2023-09-27 00:46:11"
19313,1833,4,"2023-11-07 22:23:50"
19314,2334,4,"2023-10-21 12:46:28"
19315,3259,4,"2024-04-17 10:28:45"
19316,7515,4,"2023-11-23 08:03:08"
19317,1142,4,"2024-06-06 22:32:30"
19318,304,4,"2023-12-21 02:17:45"
19319,2521,4,"2023-08-18 14:56:14"
19320,1185,4,"2023-10-26 00:17:43"
19321,6950,4,"2024-06-10 11:26:22"
19322,4305,4,"2024-01-16 22:58:09"
19323,1032,4,"2023-06-30 06:34:20"
19324,6139,4,"2023-08-13 09:39:54"
19325,234,4,"2023-08-30 05:29:18"
19326,5490,4,"2024-01-12 09:16:23"
19327,4150,4,"2023-09-17 06:34:36"
19328,280,4,"2023-07-25 09:42:54"
19329,1534,4,"2024-04-17 16:02:58"
19330,1388,4,"2024-03-23 15:39:08"
19331,3260,4,"2024-03-31 13:54:09"
19332,3606,4,"2023-12-16 02:49:03"
19333,1154,4,"2023-08-25 09:47:27"
19334,5400,4,"2023-09-26 07:52:36"
19335,517,4,"2024-02-21 18:03:51"
19336,1961,4,"2024-01-20 12:27:16"
19337,4850,4,"2023-07-20 13:16:25"
19338,6166,4,"2023-08-24 14:54:16"
19339,3738,4,"2024-01-05 09:55:26"
19340,2764,4,"2024-01-28 23:11:23"
19341,5188,4,"2024-04-21 02:46:17"
19342,5683,4,"2023-07-01 19:39:03"
19343,1995,4,"2023-09-01 22:28:40"
19344,3600,4,"2024-04-14 08:36:41"
19345,2644,4,"2024-04-30 11:23:45"
19346,2017,4,"2024-05-03 12:15:30"
19347,5634,4,"2023-11-03 21:03:05"
19348,4148,4,"2023-11-05 00:04:19"
19349,6050,4,"2024-05-09 06:34:27"
19350,3862,4,"2024-02-23 10:18:49"
19351,5663,4,"2023-09-21 22:43:49"
19352,923,4,"2024-04-22 22:20:11"
19353,6895,4,"2023-09-01 10:18:53"
19354,222,4,"2024-01-11 14:51:43"
19355,1780,4,"2024-01-08 21:07:55"
19356,4801,4,"2023-07-31 16:34:10"
19357,4901,4,"2024-06-04 07:07:12"
19358,1091,4,"2024-02-08 16:40:27"
19359,2050,4,"2023-06-24 10:33:40"
19360,1892,4,"2024-01-03 17:11:21"
19361,3390,4,"2024-02-20 13:17:32"
19362,6539,4,"2023-07-15 08:35:22"
19363,3633,4,"2024-05-14 21:09:24"
19364,6905,4,"2023-08-18 21:19:49"
19365,1661,4,"2024-01-01 16:16:53"
19366,302,4,"2024-04-03 15:53:16"
19367,3863,4,"2024-04-19 23:28:50"
19368,4027,4,"2023-08-12 23:31:41"
19369,307,4,"2024-03-29 05:57:24"
19370,2467,4,"2024-04-19 14:54:50"
19371,200,4,"2023-08-01 00:27:51"
19372,4750,4,"2023-10-10 14:27:47"
19373,6848,4,"2024-04-10 05:10:45"
19374,7469,4,"2024-05-27 15:40:36"
19375,3976,4,"2024-05-04 08:04:41"
19376,3577,4,"2024-04-12 21:09:02"
19377,7103,4,"2023-09-23 00:58:32"
19378,6993,4,"2024-03-03 03:23:12"
19379,1130,4,"2023-12-29 01:56:45"
19380,7514,4,"2024-05-15 09:45:40"
19381,3382,4,"2024-02-11 17:08:08"
19382,540,4,"2023-10-31 02:02:57"
19383,360,4,"2023-08-22 07:24:04"
19384,1622,4,"2024-03-15 13:28:15"
19385,6443,4,"2023-09-13 11:19:38"
19386,184,4,"2024-05-27 21:31:31"
19387,4975,4,"2023-08-31 08:32:03"
19388,6923,4,"2024-05-04 17:53:43"
19389,5723,4,"2023-09-22 08:02:46"
19390,5251,4,"2023-11-01 15:14:50"
19391,7211,4,"2023-09-24 01:16:03"
19392,3064,4,"2023-09-03 06:21:47"
19393,996,4,"2023-10-25 02:41:36"
19394,7136,4,"2023-10-13 13:00:11"
19395,7512,4,"2024-05-04 01:37:12"
19396,5800,4,"2023-06-25 23:26:06"
19397,4275,4,"2024-05-20 15:35:04"
19398,2910,4,"2023-06-29 20:40:55"
19399,2756,4,"2024-04-19 18:53:44"
19400,1121,4,"2023-09-24 09:49:53"
19401,2110,4,"2023-12-29 13:41:49"
19402,2629,4,"2024-05-29 03:27:24"
19403,6431,4,"2024-05-02 00:27:09"
19404,105,4,"2023-07-26 22:00:12"
19405,4312,4,"2024-03-30 02:49:26"
19406,4171,4,"2023-09-28 22:23:52"
19407,3159,4,"2024-01-14 20:19:48"
19408,6921,4,"2023-08-20 18:59:31"
19409,7164,4,"2023-08-23 14:43:53"
19410,1770,4,"2024-02-27 10:27:37"
19411,5473,4,"2023-12-17 08:46:46"
19412,5918,4,"2024-04-22 22:50:50"
19413,1983,4,"2023-12-13 18:04:34"
19414,2736,4,"2024-02-01 05:12:34"
19415,2362,4,"2024-01-27 17:30:39"
19416,2084,4,"2024-02-25 08:11:06"
19417,3103,4,"2023-08-05 23:36:47"
19418,4314,4,"2024-04-24 06:44:55"
19419,3665,4,"2024-02-06 07:29:25"
19420,6730,4,"2023-06-29 19:45:52"
19421,1270,4,"2024-02-01 11:08:26"
19422,6688,4,"2023-10-17 06:33:29"
19423,1198,4,"2023-11-07 22:55:37"
19424,3747,4,"2024-03-10 01:54:36"
19425,3056,4,"2023-09-03 01:48:05"
19426,4167,4,"2023-07-30 19:02:24"
19427,152,4,"2023-09-22 06:53:23"
19428,5018,4,"2023-10-23 20:50:35"
19429,5202,4,"2024-04-04 11:58:34"
19430,2203,4,"2023-08-06 17:15:50"
19431,3531,4,"2024-06-06 11:18:03"
19432,1816,4,"2023-08-10 11:41:00"
19433,5323,4,"2024-01-21 05:30:10"
19434,6576,4,"2024-05-24 00:14:41"
19435,4289,4,"2024-03-09 00:52:09"
19436,6324,4,"2023-11-27 19:21:05"
19437,1067,4,"2024-01-12 22:49:51"
19438,6490,4,"2024-05-03 04:14:06"
19439,819,4,"2023-07-15 22:10:27"
19440,4651,4,"2023-08-05 12:08:20"
19441,6894,4,"2023-11-05 22:57:23"
19442,3101,4,"2024-04-06 06:11:36"
19443,2982,4,"2023-10-12 20:51:12"
19444,2239,4,"2023-10-09 00:17:12"
19445,4575,4,"2023-09-07 05:38:26"
19446,1852,4,"2024-01-05 03:40:09"
19447,2995,4,"2024-01-15 11:17:41"
19448,5101,4,"2023-07-02 17:30:22"
19449,5764,4,"2024-01-07 17:43:40"
19450,6453,4,"2024-03-10 05:01:53"
19451,3583,4,"2024-03-01 12:12:51"
19452,3844,4,"2024-01-27 04:06:26"
19453,289,4,"2024-03-29 08:03:04"
19454,5102,4,"2023-09-15 08:37:32"
19455,6947,4,"2023-09-13 19:17:07"
19456,1757,4,"2023-11-04 00:48:09"
19457,5049,4,"2024-03-10 15:31:07"
19458,1006,4,"2023-10-02 23:51:11"
19459,7330,4,"2024-04-03 21:45:56"
19460,2759,4,"2024-02-28 13:47:49"
19461,7540,4,"2023-12-25 17:49:20"
19462,1934,4,"2024-04-25 22:07:01"
19463,3027,4,"2024-03-12 10:33:13"
19464,2022,4,"2023-11-12 02:25:36"
19465,2156,4,"2023-08-18 12:45:22"
19466,5806,4,"2023-09-21 18:48:25"
19467,3553,4,"2023-11-04 21:43:05"
19468,6464,4,"2024-02-13 05:17:04"
19469,4752,4,"2024-03-08 15:12:32"
19470,4756,4,"2023-11-03 17:05:23"
19471,3725,4,"2024-01-05 02:09:32"
19472,2213,4,"2023-12-29 11:14:54"
19473,138,4,"2023-11-11 16:25:50"
19474,4603,4,"2023-12-20 14:16:21"
19475,675,4,"2023-11-08 11:25:18"
19476,4821,4,"2023-08-02 05:04:10"
19477,1273,4,"2024-01-11 08:03:35"
19478,7418,4,"2024-03-27 11:29:43"
19479,6279,4,"2024-01-01 16:06:16"
19480,192,4,"2023-08-14 07:00:44"
19481,2454,4,"2023-12-18 07:08:00"
19482,3626,4,"2024-02-08 21:01:25"
19483,4422,4,"2023-10-12 11:16:49"
19484,1542,4,"2024-04-13 12:02:10"
19485,2026,4,"2023-09-24 09:28:02"
19486,2559,4,"2024-01-20 09:57:30"
19487,6115,4,"2023-11-15 02:25:13"
19488,3676,4,"2024-01-05 17:53:20"
19489,2118,4,"2023-12-25 14:46:46"
19490,6527,4,"2023-07-02 04:05:04"
19491,5155,4,"2024-05-29 16:51:17"
19492,7119,4,"2023-09-07 21:06:55"
19493,5179,4,"2024-05-04 21:37:15"
19494,806,4,"2023-10-31 14:33:07"
19495,6481,4,"2023-07-08 14:41:30"
19496,5233,4,"2023-09-25 16:01:47"
19497,1041,4,"2023-07-21 10:04:10"
19498,6070,4,"2023-09-09 07:21:12"
19499,5324,4,"2023-08-11 21:09:16"
19500,2715,4,"2023-11-01 12:22:02"
19501,686,4,"2024-01-12 17:03:11"
19502,4063,4,"2023-10-06 02:39:35"
19503,2665,4,"2023-10-06 15:11:36"
19504,6259,4,"2024-04-26 16:31:24"
19505,3914,4,"2023-09-15 11:01:12"
19506,1763,4,"2024-01-20 16:43:33"
19507,4412,4,"2024-03-16 07:37:44"
19508,1249,4,"2023-09-16 23:44:35"
19509,3533,4,"2023-07-12 11:47:49"
19510,742,4,"2024-03-17 22:41:10"
19511,356,4,"2024-06-14 05:13:53"
19512,2532,4,"2024-02-25 09:03:47"
19513,3865,4,"2024-01-04 22:01:03"
19514,884,4,"2024-02-17 00:54:01"
19515,496,4,"2024-05-16 02:51:40"
19516,5579,4,"2024-02-27 00:58:36"
19517,6155,4,"2024-01-19 09:47:43"
19518,6700,4,"2023-09-15 05:15:10"
19519,3565,4,"2023-08-12 11:22:42"
19520,1114,4,"2024-04-10 20:49:57"
19521,5044,4,"2023-10-18 00:00:35"
19522,2804,4,"2023-10-03 14:45:08"
19523,3384,4,"2024-06-05 05:07:30"
19524,4567,4,"2024-01-06 03:29:49"
19525,449,4,"2023-11-03 17:19:51"
19526,4571,4,"2023-10-22 23:53:35"
19527,3997,4,"2023-08-05 05:16:51"
19528,6037,4,"2023-08-29 05:13:50"
19529,2132,4,"2023-12-16 09:52:16"
19530,3051,4,"2023-10-17 16:18:35"
19531,5209,4,"2023-11-23 10:24:38"
19532,2472,4,"2024-04-20 07:33:43"
19533,71,4,"2024-05-26 22:05:21"
19534,1529,4,"2023-10-05 17:07:02"
19535,212,4,"2023-12-19 23:24:07"
19536,5430,4,"2024-03-04 19:05:15"
19537,5791,4,"2023-08-13 01:35:18"
19538,5926,4,"2023-11-16 21:33:55"
19539,3189,4,"2023-10-12 12:54:05"
19540,5467,4,"2023-06-29 12:18:58"
19541,3670,4,"2024-01-18 09:33:59"
19542,776,4,"2024-03-19 23:02:28"
19543,85,4,"2024-02-26 21:19:59"
19544,6025,4,"2024-02-04 14:23:44"
19545,5156,4,"2024-02-02 18:30:41"
19546,4439,4,"2023-10-31 07:05:38"
19547,3368,4,"2024-04-10 18:21:53"
19548,6414,4,"2023-12-01 22:40:06"
19549,4247,4,"2024-04-25 04:09:05"
19550,2969,4,"2023-10-31 15:51:58"
19551,3478,4,"2023-11-03 09:27:01"
19552,2326,4,"2024-02-20 07:45:08"
19553,774,4,"2023-09-10 15:14:03"
19554,1433,4,"2023-07-15 14:10:23"
19555,6736,4,"2023-12-06 06:47:45"
19556,6646,4,"2024-04-02 07:12:55"
19557,5944,4,"2023-09-01 23:31:10"
19558,4244,4,"2024-01-18 14:24:32"
19559,1060,4,"2023-07-12 21:48:53"
19560,7048,4,"2023-10-27 07:24:50"
19561,1335,4,"2024-03-24 22:46:08"
19562,3412,4,"2023-10-14 01:21:43"
19563,5412,4,"2023-10-04 16:05:59"
19564,2329,4,"2024-06-12 23:47:07"
19565,558,4,"2023-08-08 09:43:15"
19566,5647,4,"2023-09-16 16:17:13"
19567,5898,4,"2024-02-21 10:30:27"
19568,2938,4,"2024-05-13 03:53:27"
19569,4077,4,"2023-10-27 05:43:50"
19570,6097,4,"2024-03-20 20:21:37"
19571,3033,4,"2023-07-19 09:45:06"
19572,4734,4,"2024-04-05 16:04:35"
19573,2574,4,"2023-08-31 18:23:56"
19574,3512,4,"2024-04-23 22:27:41"
19575,5546,4,"2024-04-13 14:19:36"
19576,5755,4,"2023-07-13 04:14:46"
19577,4594,4,"2023-11-18 20:54:26"
19578,3057,4,"2023-09-30 18:57:27"
19579,2175,4,"2023-10-02 08:36:44"
19580,5451,4,"2023-08-26 09:42:59"
19581,5953,4,"2024-06-10 05:02:09"
19582,5676,4,"2024-04-28 13:46:36"
19583,5497,4,"2024-05-10 03:26:50"
19584,5939,4,"2024-03-16 14:41:48"
19585,7495,4,"2024-05-01 22:20:57"
19586,3014,4,"2023-09-03 16:53:18"
19587,2977,4,"2023-07-06 22:18:12"
19588,4985,4,"2024-01-15 10:44:31"
19589,1049,4,"2023-08-20 11:54:33"
19590,4066,4,"2024-04-13 04:20:07"
19591,3370,4,"2024-05-18 20:23:53"
19592,6704,4,"2023-10-27 12:04:20"
19593,909,4,"2024-03-12 08:42:30"
19594,5292,4,"2024-05-13 22:09:49"
19595,5502,4,"2023-10-29 10:18:36"
19596,4220,4,"2023-07-21 14:13:28"
19597,523,4,"2024-02-03 01:51:45"
19598,1557,4,"2023-10-25 21:20:34"
19599,4346,4,"2024-05-21 06:24:35"
19600,3504,4,"2024-02-28 21:54:23"
19601,4191,4,"2023-06-30 11:24:02"
19602,1635,4,"2024-02-09 17:34:33"
19603,375,4,"2023-10-31 14:07:42"
19604,99,4,"2024-04-10 10:03:46"
19605,4887,4,"2024-03-10 23:15:06"
19606,1558,4,"2024-02-07 22:42:45"
19607,4269,4,"2023-09-20 20:30:52"
19608,721,4,"2023-12-23 08:44:34"
19609,5862,4,"2023-10-07 04:54:03"
19610,640,4,"2024-04-22 09:43:41"
19611,4469,4,"2023-07-07 16:44:54"
19612,4767,4,"2023-08-01 23:04:53"
19613,3052,4,"2023-09-07 12:21:03"
19614,7265,4,"2024-02-20 18:35:32"
19615,1275,4,"2023-10-14 04:10:01"
19616,3651,4,"2023-12-28 18:56:21"
19617,7065,4,"2023-08-07 04:14:20"
19618,3592,4,"2023-12-18 00:26:02"
19619,7504,4,"2023-10-01 15:15:35"
19620,1294,4,"2024-03-15 10:49:55"
19621,1773,4,"2023-06-22 16:48:38"
19622,7411,4,"2024-03-24 23:19:27"
19623,7307,4,"2023-07-09 06:07:06"
19624,4993,4,"2023-11-12 12:12:02"
19625,6745,4,"2023-07-08 03:23:43"
19626,2285,4,"2024-01-20 23:18:27"
19627,95,4,"2024-02-21 20:43:50"
19628,7096,4,"2024-06-13 16:46:34"
19629,2773,4,"2024-05-29 20:32:49"
19630,4010,4,"2024-05-17 02:44:21"
19631,6438,4,"2023-07-01 21:49:22"
19632,3184,4,"2023-09-01 01:36:17"
19633,332,4,"2024-02-28 21:36:14"
19634,4925,4,"2023-07-10 06:37:54"
19635,4482,4,"2023-11-07 13:31:39"
19636,6077,4,"2023-12-01 21:25:52"
19637,6211,4,"2023-10-18 16:41:28"
19638,4962,4,"2023-10-04 14:09:28"
19639,1465,4,"2024-04-17 14:02:57"
19640,1962,4,"2024-02-21 23:20:06"
19641,393,4,"2024-04-19 04:46:46"
19642,6662,4,"2023-08-04 09:26:17"
19643,3454,4,"2024-04-06 15:43:07"
19644,1252,4,"2023-07-02 06:34:46"
19645,7541,4,"2024-02-11 03:13:15"
19646,7183,4,"2024-03-10 21:41:14"
19647,5439,4,"2024-02-05 08:10:45"
19648,1903,4,"2024-01-09 03:39:32"
19649,4125,4,"2023-10-04 10:26:10"
19650,4109,4,"2023-09-18 12:06:18"
19651,4252,4,"2024-05-17 22:15:26"
19652,6301,4,"2024-01-04 06:38:44"
19653,2352,4,"2024-02-22 04:02:25"
19654,2606,4,"2023-06-28 00:29:47"
19655,6684,4,"2023-07-03 09:24:29"
19656,2093,4,"2024-05-28 12:04:47"
19657,3174,4,"2024-03-16 19:16:53"
19658,4562,4,"2024-02-09 12:23:27"
19659,7203,4,"2024-03-27 06:58:14"
19660,7329,4,"2023-07-16 22:36:12"
19661,327,4,"2023-08-13 05:02:16"
19662,846,4,"2023-11-08 14:37:01"
19663,5305,4,"2024-01-25 15:35:49"
19664,1819,4,"2023-07-01 16:13:33"
19665,2166,4,"2023-12-28 08:03:06"
19666,1561,4,"2023-06-25 23:16:38"
19667,1101,4,"2024-03-14 04:22:51"
19668,1096,4,"2024-03-25 14:12:18"
19669,2107,4,"2023-10-31 14:28:49"
19670,5132,4,"2024-02-21 20:43:42"
19671,3875,4,"2023-12-25 01:48:40"
19672,275,4,"2024-05-13 07:40:31"
19673,5844,4,"2024-04-11 03:31:11"
19674,6887,4,"2023-12-05 18:56:10"
19675,7431,4,"2024-01-16 00:19:55"
19676,2341,4,"2024-02-25 16:49:36"
19677,6743,4,"2023-07-31 04:04:40"
19678,1671,4,"2023-10-24 02:16:25"
19679,7084,4,"2024-01-11 01:14:15"
19680,4046,4,"2024-04-03 10:38:56"
19681,1189,4,"2024-03-04 00:31:21"
19682,4977,4,"2023-11-12 05:54:27"
19683,5076,4,"2023-07-07 11:22:26"
19684,4298,4,"2023-12-15 04:38:07"
19685,6898,4,"2023-09-19 22:39:46"
19686,728,4,"2024-02-08 19:20:23"
19687,5874,4,"2024-02-15 21:21:31"
19688,2345,4,"2024-01-11 04:48:16"
19689,1474,4,"2023-09-26 17:41:25"
19690,1003,4,"2024-05-18 01:52:01"
19691,5960,4,"2024-05-14 07:39:17"
19692,412,4,"2023-08-16 13:58:25"
19693,3393,4,"2024-06-03 05:21:48"
19694,246,4,"2023-10-21 11:32:52"
19695,2685,4,"2023-09-16 16:01:03"
19696,2771,4,"2023-07-09 06:20:10"
19697,4560,4,"2024-02-08 11:19:59"
19698,5217,4,"2024-05-17 03:44:37"
19699,1648,4,"2024-01-14 08:18:30"
19700,4805,4,"2023-10-03 03:29:37"
19701,3192,4,"2023-07-04 01:23:13"
19702,260,4,"2023-12-02 18:33:49"
19703,1895,4,"2024-02-04 23:36:49"
19704,4084,4,"2023-12-01 10:09:51"
19705,3225,4,"2024-05-09 00:38:20"
19706,255,4,"2024-05-12 13:24:03"
19707,609,4,"2024-03-02 15:03:02"
19708,731,4,"2023-12-15 23:19:56"
19709,7327,4,"2023-12-11 17:18:47"
19710,7412,4,"2023-10-27 00:52:00"
19711,3621,4,"2024-01-17 07:29:40"
19712,6124,4,"2024-05-08 03:50:14"
19713,3557,4,"2023-09-05 17:07:44"
19714,1621,4,"2023-08-16 08:03:52"
19715,4506,4,"2023-12-27 16:12:25"
19716,7549,4,"2024-06-14 09:44:57"
19717,1233,4,"2023-08-26 00:14:48"
19718,5523,4,"2024-03-19 20:52:10"
19719,4853,4,"2023-10-29 10:51:48"
19720,915,4,"2023-10-21 04:37:22"
19721,7204,4,"2023-08-19 08:14:24"
19722,6156,4,"2023-10-01 20:04:53"
19723,3892,4,"2024-01-26 04:32:17"
19724,3185,4,"2023-11-07 16:57:09"
19725,2466,4,"2023-12-16 23:12:58"
19726,3709,4,"2023-06-22 05:44:00"
19727,3423,4,"2024-03-09 18:33:17"
19728,4483,4,"2023-08-24 20:27:02"
19729,1211,4,"2024-02-02 07:13:40"
19730,6826,4,"2024-03-02 20:23:16"
19731,4023,4,"2024-02-11 01:34:49"
19732,6637,4,"2024-01-20 13:31:13"
19733,3555,4,"2024-05-17 03:42:14"
19734,1001,4,"2024-04-20 12:20:21"
19735,6719,4,"2024-03-19 04:02:18"
19736,146,4,"2023-08-07 11:38:42"
19737,6244,4,"2023-07-30 16:03:00"
19738,7190,4,"2023-08-08 18:23:28"
19739,54,4,"2024-06-10 20:39:45"
19740,1055,4,"2023-10-22 10:49:40"
19741,4556,4,"2023-12-31 23:00:32"
19742,1914,4,"2023-10-27 07:38:57"
19743,7242,4,"2023-12-22 15:47:23"
19744,1395,4,"2023-07-19 03:42:48"
19745,2188,4,"2024-02-14 10:18:10"
19746,5077,4,"2023-10-09 21:50:22"
19747,3534,4,"2023-08-20 12:02:06"
19748,4637,4,"2024-02-07 21:17:17"
19749,6343,4,"2023-11-17 06:18:11"
19750,1629,4,"2024-06-14 22:05:48"
19751,2886,4,"2023-07-17 11:42:34"
19752,2363,4,"2023-10-02 21:59:43"
19753,958,4,"2024-04-30 07:22:16"
19754,5985,4,"2024-06-13 05:39:26"
19755,4183,4,"2023-11-25 03:23:05"
19756,5078,4,"2023-11-19 15:28:12"
19757,4672,4,"2023-07-04 04:38:11"
19758,3285,4,"2024-05-22 11:27:47"
19759,6908,4,"2024-02-04 21:44:50"
19760,583,4,"2024-02-17 23:23:35"
19761,4134,4,"2023-10-12 02:33:54"
19762,2010,4,"2024-02-17 21:13:27"
19763,6229,4,"2024-01-06 04:33:46"
19764,5224,4,"2023-06-28 14:05:42"
19765,3026,4,"2024-02-20 12:18:46"
19766,3623,4,"2024-01-22 14:41:57"
19767,397,4,"2024-02-26 13:20:41"
19768,5578,4,"2023-08-28 17:03:58"
19769,3043,4,"2024-01-29 23:01:45"
19770,3791,4,"2023-11-21 14:25:19"
19771,2265,4,"2023-12-26 03:58:50"
19772,5679,4,"2024-04-02 18:38:08"
19773,2038,4,"2024-03-31 04:22:06"
19774,4755,4,"2024-01-13 20:52:52"
19775,6823,4,"2024-06-13 23:12:07"
19776,6728,4,"2024-03-14 22:25:01"
19777,7072,4,"2024-03-13 19:15:52"
19778,629,4,"2023-11-01 19:58:09"
19779,4760,4,"2024-06-13 02:08:28"
19780,2008,4,"2023-10-29 18:39:09"
19781,1965,4,"2024-01-07 14:44:54"
19782,2212,4,"2024-04-30 05:28:40"
19783,4443,4,"2023-12-20 15:52:54"
19784,649,4,"2024-02-22 20:36:53"
19785,1488,4,"2023-08-22 22:32:28"
19786,2549,4,"2024-02-07 08:02:31"
19787,3441,4,"2023-08-03 23:51:03"
19788,7434,4,"2023-09-06 03:45:45"
19789,7179,4,"2023-10-21 22:46:41"
19790,3181,4,"2024-04-21 19:41:46"
19791,5270,4,"2023-12-11 17:36:50"
19792,934,4,"2023-12-01 18:20:19"
19793,6913,4,"2023-08-31 03:13:00"
19794,5084,4,"2024-04-05 04:17:28"
19795,1182,4,"2023-07-24 06:56:40"
19796,6524,4,"2023-07-22 01:43:51"
19797,1052,4,"2023-12-22 16:11:15"
19798,5507,4,"2024-05-28 04:58:18"
19799,6044,4,"2023-06-21 17:52:03"
19800,3983,4,"2023-12-24 05:44:37"
19801,2875,4,"2023-12-14 05:42:06"
19802,1020,4,"2023-08-15 18:59:45"
19803,5442,4,"2023-09-02 03:10:43"
19804,1675,4,"2024-05-14 03:41:01"
19805,3218,4,"2023-09-25 15:47:41"
19806,4217,4,"2024-03-06 00:00:56"
19807,2615,4,"2024-02-19 21:58:52"
19808,5238,4,"2023-08-05 01:20:25"
19809,2600,4,"2024-02-16 20:28:16"
19810,5349,4,"2024-03-04 14:39:56"
19811,4034,4,"2023-07-22 21:33:26"
19812,2195,4,"2024-05-17 20:04:11"
19813,4326,4,"2024-03-09 20:08:26"
19814,6979,4,"2024-04-08 09:18:18"
19815,5784,4,"2023-10-15 05:53:52"
19816,1791,4,"2024-05-20 03:00:34"
19817,7424,4,"2024-02-01 15:53:04"
19818,7106,4,"2023-09-08 02:44:16"
19819,5435,4,"2024-03-30 03:40:26"
19820,6915,4,"2023-07-12 17:07:54"
19821,4386,4,"2024-01-09 00:49:30"
19822,229,4,"2024-04-28 17:39:33"
19823,6294,4,"2023-12-23 16:09:01"
19824,6612,4,"2023-08-03 01:25:16"
19825,4069,4,"2023-09-27 21:23:56"
19826,1411,4,"2023-11-03 18:22:59"
19827,3116,4,"2023-07-11 11:35:59"
19828,3335,4,"2024-03-08 03:39:04"
19829,7383,4,"2023-06-30 11:10:11"
19830,2086,4,"2023-11-26 09:41:41"
19831,7502,4,"2023-11-25 18:07:15"
19832,3385,4,"2024-03-27 17:23:18"
19833,6655,4,"2023-11-27 08:23:07"
19834,370,4,"2023-10-11 15:23:21"
19835,2342,4,"2023-07-15 18:25:27"
19836,5950,4,"2023-08-25 03:28:40"
19837,7163,4,"2024-05-13 10:13:28"
19838,7510,4,"2023-10-06 23:37:15"
19839,5352,4,"2024-04-05 23:39:16"
19840,5315,4,"2024-04-18 22:49:21"
19841,584,4,"2023-09-23 11:22:50"
19842,3062,4,"2024-03-21 03:40:57"
19843,7279,4,"2024-01-22 19:29:15"
19844,4612,4,"2024-01-16 07:20:15"
19845,1975,4,"2024-06-06 12:05:51"
19846,3029,4,"2023-12-19 11:54:25"
19847,2840,4,"2024-06-03 00:26:11"
19848,2258,4,"2023-10-30 01:20:27"
19849,3815,4,"2024-03-07 05:08:33"
19850,3399,4,"2024-05-22 12:56:12"
19851,2798,4,"2024-05-18 03:07:28"
19852,1803,4,"2024-04-04 15:00:46"
19853,7496,4,"2023-10-24 13:30:18"
19854,3431,4,"2023-07-28 02:13:45"
19855,34,4,"2024-01-24 15:49:07"
19856,3307,4,"2023-09-02 04:56:34"
19857,2658,4,"2024-05-07 23:52:25"
19858,2501,4,"2023-07-20 18:11:17"
19859,1607,4,"2024-03-31 15:05:32"
19860,6543,4,"2024-05-05 23:42:39"
19861,6821,4,"2023-11-05 04:26:12"
19862,3363,4,"2024-04-30 15:45:40"
19863,133,4,"2023-07-09 09:41:37"
19864,3707,4,"2024-01-31 04:37:20"
19865,3535,4,"2024-04-04 09:25:19"
19866,1830,4,"2024-02-19 06:04:15"
19867,646,4,"2024-02-19 00:33:20"
19868,3436,4,"2023-09-06 20:08:30"
19869,6571,4,"2024-06-14 01:19:48"
19870,4653,4,"2023-12-16 15:22:27"
19871,2144,4,"2023-12-21 20:46:39"
19872,1227,4,"2023-07-31 16:56:44"
19873,5010,4,"2024-01-27 11:17:39"
19874,4250,4,"2023-11-22 07:42:05"
19875,6459,4,"2023-06-22 06:29:57"
19876,6495,4,"2024-03-10 15:15:58"
19877,2120,4,"2024-05-01 17:09:50"
19878,5353,4,"2023-09-10 22:29:02"
19879,3046,4,"2024-03-24 11:16:26"
19880,6690,4,"2023-09-19 03:33:05"
19881,1053,4,"2023-09-19 17:38:25"
19882,2115,4,"2024-03-15 20:04:14"
19883,1981,4,"2023-12-21 02:51:43"
19884,5163,4,"2023-10-24 23:10:43"
19885,1240,4,"2024-02-26 11:11:10"
19886,7488,4,"2023-11-05 05:44:13"
19887,6258,4,"2024-06-08 22:41:27"
19888,7219,4,"2024-02-28 08:32:48"
19889,1926,4,"2023-07-01 18:52:14"
19890,1700,4,"2023-09-15 02:24:26"
19891,6713,4,"2023-08-13 10:11:37"
19892,1845,4,"2023-12-31 19:30:34"
19893,2702,4,"2024-02-17 08:59:07"
19894,2358,4,"2024-02-26 00:51:13"
19895,4924,4,"2023-09-24 18:37:09"
19896,2182,4,"2024-06-04 18:29:07"
19897,1276,4,"2024-04-12 11:48:59"
19898,3781,4,"2024-05-31 23:41:28"
19899,2844,4,"2023-10-05 03:07:52"
19900,2686,4,"2024-03-14 10:04:32"
19901,7184,4,"2023-12-04 16:37:01"
19902,4278,4,"2024-04-09 20:14:01"
19903,3144,4,"2023-07-01 06:35:14"
19904,3318,4,"2023-11-17 04:53:21"
19905,2839,4,"2024-02-07 06:48:15"
19906,6367,4,"2024-04-21 04:53:40"
19907,875,4,"2024-03-08 20:34:25"
19908,5444,4,"2023-09-21 04:17:11"
19909,5244,4,"2023-08-08 00:29:48"
19910,5932,4,"2023-10-17 04:26:21"
19911,420,4,"2024-01-22 14:27:32"
19912,2621,4,"2024-02-21 12:32:01"
19913,4677,4,"2023-10-04 20:15:45"
19914,5923,4,"2024-05-26 11:09:49"
19915,6227,4,"2024-05-08 22:47:18"
19916,2323,4,"2023-12-13 03:24:38"
19917,261,4,"2024-04-05 23:55:42"
19918,5894,4,"2024-02-03 09:27:43"
19919,4240,4,"2023-07-09 22:27:17"
19920,3680,4,"2024-05-12 00:01:48"
19921,2256,4,"2023-11-28 14:12:37"
19922,4166,4,"2023-09-20 03:47:34"
19923,4939,4,"2023-08-18 18:56:31"
19924,3908,4,"2024-06-04 14:09:21"
19925,4301,4,"2024-02-26 02:33:25"
19926,4221,4,"2023-08-13 17:56:53"
19927,1611,4,"2024-02-13 11:47:43"
19928,7144,4,"2023-11-22 15:36:03"
19929,3723,4,"2024-04-21 12:53:41"
19930,6256,4,"2024-06-06 10:22:10"
19931,1946,4,"2024-03-27 04:16:36"
19932,2349,4,"2024-05-18 21:05:17"
19933,5001,4,"2023-08-05 14:06:50"
19934,3505,4,"2024-01-27 20:34:52"
19935,2395,4,"2024-06-02 07:37:33"
19936,7492,4,"2024-05-24 00:19:36"
19937,4639,4,"2024-01-30 19:33:26"
19938,1585,4,"2023-08-12 23:14:59"
19939,5145,4,"2024-03-24 17:00:46"
19940,5321,4,"2024-01-10 17:40:36"
19941,4122,4,"2023-12-10 22:32:53"
19942,4779,4,"2024-02-05 00:17:24"
19943,520,4,"2024-04-17 15:00:33"
19944,6105,4,"2023-09-30 16:39:27"
19945,6264,4,"2024-03-04 07:02:24"
19946,7261,4,"2024-03-14 09:43:14"
19947,6186,4,"2023-11-23 22:38:02"
19948,2913,4,"2023-12-16 06:44:10"
19949,4703,4,"2024-02-09 18:07:20"
19950,6174,4,"2023-11-21 09:38:54"
19951,5928,4,"2024-02-18 19:55:03"
19952,2242,4,"2024-02-01 18:00:41"
19953,1713,4,"2024-04-17 14:33:00"
19954,5749,4,"2023-07-19 22:49:43"
19955,1660,4,"2024-03-13 18:12:14"
19956,6605,4,"2023-11-11 04:44:22"
19957,4032,4,"2023-10-04 18:08:21"
19958,2044,4,"2024-01-16 20:45:44"
19959,5143,4,"2024-06-10 00:24:15"
19960,5462,4,"2023-06-25 21:39:39"
19961,434,4,"2023-10-31 14:22:28"
19962,6802,4,"2023-12-23 18:14:38"
19963,6417,4,"2024-05-10 20:08:53"
19964,4487,4,"2023-08-21 14:06:04"
19965,590,4,"2024-06-14 10:24:59"
19966,5035,4,"2024-02-15 00:25:23"
19967,1894,4,"2024-04-10 20:04:12"
19968,7491,4,"2023-10-21 04:30:01"
19969,2705,4,"2023-11-12 01:43:39"
19970,5730,4,"2023-09-13 19:15:03"
19971,6935,4,"2024-03-12 07:38:08"
19972,4292,4,"2024-01-31 07:39:31"
19973,267,4,"2023-07-25 22:54:31"
19974,4745,4,"2023-11-17 10:00:32"
19975,921,4,"2023-10-20 00:23:52"
19976,5659,4,"2023-07-24 03:26:30"
19977,984,4,"2023-07-11 14:47:51"
19978,3769,4,"2024-02-12 03:13:12"
19979,7425,4,"2024-05-30 20:35:28"
19980,45,4,"2024-01-25 21:53:00"
19981,4982,4,"2023-08-07 08:51:30"
19982,23,4,"2024-05-16 05:34:27"
19983,1806,4,"2023-10-30 21:12:20"
19984,7394,4,"2024-02-04 15:04:15"
19985,5195,4,"2024-04-12 05:47:32"
19986,408,4,"2023-09-11 09:50:32"
19987,1026,4,"2024-02-21 18:14:47"
19988,4432,4,"2023-10-16 03:46:32"
19989,2469,4,"2023-12-22 06:12:31"
19990,3879,4,"2023-07-06 04:04:31"
19991,5720,4,"2023-09-20 20:14:01"
19992,4548,4,"2024-05-19 23:16:10"
19993,6214,4,"2023-07-31 10:18:05"
19994,1916,4,"2023-10-18 16:16:21"
19995,3389,4,"2024-02-26 12:44:03"
19996,3490,4,"2024-04-01 04:04:34"
19997,6323,4,"2024-04-10 08:07:09"
19998,5643,4,"2024-02-26 10:59:23"
19999,448,4,"2024-04-01 08:32:03"
20000,2850,4,"2024-03-31 09:21:01"
20001,965,4,"2023-07-28 13:35:39"
20002,1656,4,"2024-04-10 18:32:39"
20003,6106,4,"2024-04-19 15:27:06"
20004,3296,4,"2023-07-22 18:00:05"
20005,6315,4,"2024-01-08 18:17:49"
20006,6535,4,"2023-06-22 12:54:52"
20007,5146,4,"2023-11-28 11:29:17"
20008,96,4,"2023-09-17 14:17:51"
20009,6748,4,"2024-03-22 21:07:26"
20010,6793,4,"2024-01-28 03:09:48"
20011,3658,4,"2023-11-20 17:50:49"
20012,1313,4,"2024-05-05 18:40:04"
20013,1628,4,"2024-02-10 01:44:54"
20014,4981,4,"2024-03-20 09:50:25"
20015,5897,4,"2024-05-23 00:54:55"
20016,461,4,"2024-06-04 19:27:36"
20017,3812,4,"2024-04-19 10:13:05"
20018,3273,4,"2024-04-07 23:49:13"
20019,2573,4,"2023-07-23 15:08:42"
20020,3407,4,"2023-09-12 06:25:54"
20021,4825,4,"2024-03-15 05:17:39"
20022,3689,4,"2023-11-16 08:51:57"
20023,6822,4,"2023-10-06 18:41:24"
20024,5408,4,"2024-01-25 08:26:15"
20025,4819,4,"2023-11-11 01:16:15"
20026,245,4,"2023-11-17 14:23:00"
20027,5595,4,"2023-09-21 16:55:50"
20028,6019,4,"2024-02-29 01:31:37"
20029,6262,4,"2023-08-19 14:43:51"
20030,3035,4,"2024-05-18 03:02:34"
20031,1566,4,"2024-05-21 18:37:52"
20032,459,4,"2024-05-29 15:12:07"
20033,1470,4,"2024-01-06 22:46:18"
20034,3408,4,"2023-07-06 03:39:46"
20035,2388,4,"2024-02-06 03:32:01"
20036,5472,4,"2023-12-15 14:47:59"
20037,2037,4,"2023-10-11 07:48:27"
20038,945,4,"2024-03-15 21:56:29"
20039,5812,4,"2023-07-07 04:49:36"
20040,6325,4,"2024-03-15 22:37:17"
20041,2133,4,"2023-07-06 01:26:13"
20042,5023,4,"2023-08-02 23:57:03"
20043,5170,4,"2024-03-17 11:28:03"
20044,7124,4,"2023-07-29 10:18:20"
20045,5975,4,"2023-08-31 18:12:05"
20046,2671,4,"2023-10-24 20:46:51"
20047,1438,4,"2024-04-18 23:02:21"
20048,6378,4,"2024-05-26 22:23:43"
20049,4613,4,"2023-09-12 17:00:14"
20050,2746,4,"2024-03-20 17:35:00"
20051,4211,4,"2024-01-04 10:22:45"
20052,1866,4,"2024-04-16 00:28:55"
20053,7127,4,"2023-09-16 11:09:24"
20054,5347,4,"2023-09-15 11:59:24"
20055,4157,4,"2023-09-21 23:23:02"
20056,7017,4,"2023-09-29 14:25:42"
20057,2811,4,"2023-08-13 09:08:30"
20058,3495,4,"2024-06-06 16:18:04"
20059,6031,4,"2024-06-10 08:37:18"
20060,1150,4,"2024-01-01 18:38:09"
20061,367,4,"2024-03-30 23:31:46"
20062,4522,4,"2023-12-27 09:02:40"
20063,1176,4,"2024-05-24 00:48:20"
20064,3692,4,"2023-10-20 19:20:39"
20065,2493,4,"2023-11-07 08:13:26"
20066,5935,4,"2024-06-02 19:46:17"
20067,6078,4,"2023-11-29 04:21:19"
20068,536,4,"2024-01-12 05:45:42"
20069,3918,4,"2024-02-09 09:59:01"
20070,573,4,"2023-12-21 17:39:45"
20071,6355,4,"2024-05-07 01:52:16"
20072,5240,4,"2023-09-23 10:35:29"
20073,3288,4,"2024-05-06 10:08:21"
20074,6776,4,"2023-07-23 21:44:38"
20075,3807,4,"2024-03-22 23:14:51"
20076,7019,4,"2024-05-30 07:28:12"
20077,1784,4,"2023-06-27 09:21:13"
20078,6849,4,"2023-11-29 08:53:25"
20079,4140,4,"2023-09-12 22:32:11"
20080,1553,4,"2024-01-19 12:04:10"
20081,5736,4,"2023-10-08 10:17:59"
20082,7435,4,"2024-02-29 00:00:02"
20083,2015,4,"2023-09-12 04:41:17"
20084,5434,4,"2024-06-06 08:10:28"
20085,4790,4,"2023-08-13 08:41:54"
20086,6501,4,"2024-03-11 03:02:20"
20087,1089,4,"2023-12-04 21:06:51"
20088,1651,4,"2024-02-24 23:58:45"
20089,6040,4,"2024-02-11 07:12:29"
20090,5631,4,"2023-09-13 21:03:21"
20091,2179,4,"2023-08-21 11:23:45"
20092,5041,4,"2024-03-01 04:43:48"
20093,3639,4,"2023-08-03 16:51:55"
20094,4857,4,"2024-01-22 22:15:29"
20095,3612,4,"2024-02-12 23:32:43"
20096,4933,4,"2023-12-29 03:44:15"
20097,6967,4,"2023-10-15 19:47:41"
20098,5852,4,"2023-08-16 03:51:42"
20099,800,4,"2024-02-19 22:10:45"
20100,3090,4,"2024-05-18 11:48:34"
20101,52,4,"2024-02-26 12:42:04"
20102,5636,4,"2023-09-21 00:14:17"
20103,5381,4,"2024-03-26 17:55:21"
20104,97,4,"2024-05-23 08:50:26"
20105,5769,4,"2023-11-08 00:11:25"
20106,7189,4,"2024-03-08 12:03:39"
20107,233,4,"2023-12-01 08:35:18"
20108,3469,4,"2024-02-03 06:10:39"
20109,2673,4,"2024-02-29 16:59:35"
20110,6844,4,"2024-03-21 22:55:21"
20111,2327,4,"2024-04-09 00:26:50"
20112,3548,4,"2024-05-27 00:19:41"
20113,5373,4,"2023-06-22 16:20:16"
20114,25,4,"2023-09-20 07:00:23"
20115,4082,4,"2024-01-01 05:22:30"
20116,4944,4,"2023-09-17 19:51:33"
20117,7446,4,"2023-08-20 09:07:33"
20118,7398,4,"2024-05-07 07:43:14"
20119,4629,4,"2024-04-04 19:19:06"
20120,2966,4,"2024-04-22 10:01:09"
20121,2069,4,"2023-07-22 06:16:13"
20122,6560,4,"2023-07-27 16:06:17"
20123,6061,4,"2024-01-03 15:21:03"
20124,6064,4,"2024-04-30 05:50:13"
20125,151,4,"2024-01-12 19:17:28"
20126,783,4,"2024-03-15 18:18:14"
20127,1796,4,"2023-10-08 13:50:20"
20128,7175,4,"2023-06-22 04:46:29"
20129,3674,4,"2023-07-24 10:35:21"
20130,705,4,"2024-02-25 15:53:56"
20131,851,4,"2023-11-06 14:28:58"
20132,258,4,"2024-02-10 09:50:02"
20133,2542,4,"2024-02-16 19:13:36"
20134,2698,4,"2024-01-04 17:51:37"
20135,738,4,"2024-03-10 03:14:34"
20136,199,4,"2024-02-12 07:57:29"
20137,7076,4,"2023-07-23 14:52:25"
20138,6308,4,"2023-07-07 00:07:38"
20139,5887,4,"2023-11-24 10:32:43"
20140,6424,4,"2024-03-09 08:29:11"
20141,2387,4,"2024-04-13 03:13:38"
20142,6220,4,"2023-12-02 01:23:22"
20143,3831,4,"2024-05-28 21:49:28"
20144,6562,4,"2024-02-20 00:46:46"
20145,6039,4,"2023-12-29 11:15:42"
20146,2737,4,"2024-04-25 00:22:12"
20147,149,4,"2024-04-12 02:05:13"
20148,6677,4,"2024-02-19 04:28:51"
20149,3263,4,"2024-04-21 12:18:00"
20150,2376,4,"2023-07-19 19:59:55"
20151,2595,4,"2024-03-14 05:15:00"
20152,144,4,"2024-04-09 09:27:45"
20153,1762,4,"2024-04-29 13:38:51"
20154,2597,4,"2023-09-26 13:29:56"
20155,6731,4,"2024-04-11 04:42:38"
20156,6570,4,"2024-03-09 23:25:25"
20157,6566,4,"2024-02-25 06:48:43"
20158,3532,4,"2024-06-01 04:40:01"
20159,4751,4,"2024-03-02 05:57:10"
20160,2155,4,"2024-02-25 02:59:18"
20161,1808,4,"2023-07-13 02:51:37"
20162,7421,4,"2023-08-31 05:37:17"
20163,3649,4,"2023-09-26 20:41:30"
20164,4861,4,"2024-05-13 13:03:51"
20165,6432,4,"2024-04-27 02:58:24"
20166,662,4,"2023-11-05 10:09:35"
20167,7039,4,"2024-04-16 08:12:43"
20168,122,4,"2023-06-27 14:29:42"
20169,1162,4,"2023-11-15 23:30:08"
20170,4144,4,"2023-12-13 03:00:03"
20171,4789,4,"2024-02-19 13:34:26"
20172,3558,4,"2023-08-05 16:53:13"
20173,1231,4,"2024-02-16 13:45:38"
20174,346,4,"2023-07-19 13:56:10"
20175,4237,4,"2024-05-13 08:21:31"
20176,6600,4,"2024-01-22 01:23:18"
20177,3608,4,"2023-07-30 02:41:55"
20178,7159,4,"2024-03-16 09:32:17"
20179,1582,4,"2024-02-20 04:27:43"
20180,6630,4,"2023-12-06 05:01:38"
20181,1714,4,"2024-02-13 17:50:45"
20182,7142,4,"2024-01-28 09:29:45"
20183,3172,4,"2024-02-26 10:44:51"
20184,6868,4,"2023-12-26 18:47:04"
20185,4657,4,"2024-02-18 00:28:40"
20186,2815,4,"2024-04-19 12:00:04"
20187,5199,4,"2023-11-20 18:54:51"
20188,3798,4,"2023-09-26 04:16:10"
20189,4969,4,"2023-10-30 03:02:28"
20190,5,4,"2024-04-16 01:21:17"
20191,7015,4,"2024-04-21 05:19:24"
20192,2880,4,"2024-05-09 01:26:54"
20193,7381,4,"2023-08-08 06:27:37"
20194,6678,4,"2023-07-30 17:45:26"
20195,5148,4,"2024-01-29 10:05:32"
20196,6589,4,"2023-08-19 18:26:11"
20197,2596,4,"2023-08-29 08:49:58"
20198,338,4,"2023-11-06 09:16:53"
20199,3493,4,"2023-10-03 17:41:55"
20200,1615,4,"2023-09-19 23:45:50"
20201,5112,4,"2024-01-28 01:30:31"
20202,719,4,"2024-06-08 16:50:56"
20203,2917,4,"2024-05-20 14:25:28"
20204,5727,4,"2023-10-04 16:47:58"
20205,4354,4,"2023-12-06 12:49:54"
20206,2364,4,"2024-05-14 06:14:44"
20207,3166,4,"2023-09-25 22:31:00"
20208,1478,4,"2023-08-15 03:28:53"
20209,7529,4,"2023-12-06 04:53:32"
20210,4399,4,"2023-10-08 11:05:45"
20211,300,4,"2023-09-27 14:33:12"
20212,2693,4,"2023-12-10 02:29:16"
20213,44,4,"2024-02-23 04:08:37"
20214,2883,4,"2023-10-20 17:39:44"
20215,2919,4,"2023-07-12 02:49:27"
20216,4662,4,"2024-04-03 13:47:47"
20217,3955,4,"2024-05-25 23:23:47"
20218,3944,4,"2024-04-29 14:31:27"
20219,3281,4,"2024-01-23 17:59:35"
20220,187,4,"2024-03-26 01:42:30"
20221,538,4,"2023-09-09 18:13:40"
20222,2662,4,"2023-09-13 06:42:33"
20223,701,4,"2024-05-17 01:11:09"
20224,4274,4,"2024-03-13 17:00:46"
20225,2511,4,"2024-01-26 17:22:11"
20226,5884,4,"2024-01-17 23:27:56"
20227,5348,4,"2024-04-01 22:43:36"
20228,5715,4,"2023-08-17 16:16:20"
20229,2772,4,"2024-01-11 01:42:31"
20230,6727,4,"2024-04-03 04:58:56"
20231,873,4,"2024-06-04 20:38:30"
20232,4476,4,"2023-12-01 20:59:36"
20233,5617,4,"2024-03-21 17:20:59"
20234,2463,4,"2023-06-29 08:04:39"
20235,4097,4,"2023-12-20 16:36:22"
20236,5896,4,"2023-10-02 06:47:10"
20237,4619,4,"2024-04-05 04:34:36"
20238,6815,4,"2024-04-24 21:28:41"
20239,801,4,"2024-04-30 22:04:06"
20240,4643,4,"2024-04-05 10:40:53"
20241,5034,4,"2023-09-09 15:35:04"
20242,6882,4,"2024-02-08 10:55:27"
20243,3097,4,"2024-03-12 17:55:06"
20244,4071,4,"2024-03-12 00:40:43"
20245,2461,4,"2023-09-16 07:48:27"
20246,5320,4,"2024-04-03 23:39:55"
20247,7102,4,"2023-10-21 16:55:17"
20248,6559,4,"2023-10-12 20:24:51"
20249,4318,4,"2023-10-02 07:34:01"
20250,3594,4,"2023-09-22 04:27:02"
20251,792,4,"2024-04-23 05:29:41"
20252,2911,4,"2024-05-04 09:39:46"
20253,409,4,"2023-09-06 11:11:15"
20254,4503,4,"2023-07-18 22:56:34"
20255,2257,4,"2023-08-25 11:14:06"
20256,7272,4,"2024-02-10 05:53:33"
20257,6752,4,"2023-08-22 19:26:21"
20258,665,4,"2023-08-29 13:26:21"
20259,2545,4,"2023-11-17 05:54:01"
20260,5892,4,"2024-03-25 00:07:14"
20261,3350,4,"2023-07-17 09:47:44"
20262,6163,4,"2024-01-20 10:28:51"
20263,2186,4,"2023-06-28 00:32:58"
20264,161,4,"2023-11-09 21:11:08"
20265,2191,4,"2024-05-13 07:11:52"
20266,5226,4,"2024-06-14 23:34:54"
20267,5635,4,"2024-02-04 02:42:51"
20268,3855,4,"2023-10-20 21:25:42"
20269,2321,4,"2023-12-06 02:27:25"
20270,3081,4,"2024-01-22 06:52:01"
20271,6463,4,"2024-03-29 14:51:19"
20272,7410,4,"2024-04-06 21:54:02"
20273,5518,4,"2024-01-23 23:11:11"
20274,242,4,"2023-12-12 20:51:33"
20275,817,4,"2023-12-08 05:55:56"
20276,7138,4,"2023-12-10 19:31:14"
20277,2023,4,"2023-07-03 04:29:57"
20278,4970,4,"2024-02-04 05:34:04"
20279,2540,4,"2024-05-19 12:43:26"
20280,4349,4,"2024-02-24 10:04:46"
20281,4628,4,"2024-01-24 14:11:51"
20282,1072,4,"2024-03-11 06:07:28"
20283,7263,4,"2023-09-10 21:47:02"
20284,7199,4,"2023-12-23 01:04:56"
20285,7089,4,"2024-04-01 16:33:11"
20286,5047,4,"2024-01-08 20:57:14"
20287,3425,4,"2024-02-27 04:04:50"
20288,4583,4,"2024-03-24 00:06:31"
20289,2553,4,"2023-11-17 13:21:25"
20290,2931,4,"2024-06-04 11:52:32"
20291,1382,4,"2023-09-12 15:42:42"
20292,2817,4,"2023-12-28 04:27:24"
20293,7447,4,"2024-03-06 01:47:20"
20294,2786,4,"2024-01-24 20:15:17"
20295,4169,4,"2024-04-15 16:49:00"
20296,6860,4,"2024-05-31 06:26:38"
20297,4496,4,"2024-06-13 08:11:39"
20298,1596,4,"2023-09-25 02:23:05"
20299,6001,4,"2023-11-08 19:32:37"
20300,1082,4,"2023-09-23 06:06:19"
20301,3852,4,"2024-03-01 23:57:20"
20302,1250,4,"2024-06-11 21:05:58"
20303,2554,4,"2023-09-12 14:49:32"
20304,4778,4,"2024-02-11 14:17:52"
20305,43,4,"2023-08-29 09:34:05"
20306,7536,4,"2024-04-19 01:59:27"
20307,2645,4,"2023-07-28 06:22:20"
20308,3814,4,"2023-08-01 00:20:01"
20309,981,4,"2024-06-05 04:20:48"
20310,231,4,"2023-12-01 03:39:29"
20311,3167,4,"2024-04-02 17:33:09"
20312,6331,4,"2024-03-16 06:53:10"
20313,1524,4,"2024-01-02 11:32:58"
20314,3925,4,"2024-05-17 08:47:15"
20315,4668,4,"2024-02-12 19:50:39"
20316,2425,4,"2023-12-12 04:28:44"
20317,1054,4,"2024-04-19 22:08:45"
20318,6583,4,"2023-10-09 03:17:15"
20319,5821,4,"2023-10-19 00:31:26"
20320,3711,4,"2023-09-04 19:05:19"
20321,3457,4,"2023-11-21 00:52:50"
20322,3840,4,"2023-09-10 20:46:33"
20323,740,4,"2023-07-27 06:21:10"
20324,4682,4,"2023-10-21 21:29:12"
20325,2680,4,"2024-01-10 20:50:00"
20326,1158,4,"2024-03-14 05:46:42"
20327,7245,4,"2023-09-27 16:49:45"
20328,2264,4,"2023-12-25 04:18:50"
20329,3251,4,"2023-09-12 19:39:10"
20330,443,4,"2023-10-17 12:57:28"
20331,2279,4,"2023-11-01 07:40:06"
20332,2278,4,"2023-10-21 20:20:47"
20333,2141,4,"2023-10-30 16:01:14"
20334,6807,4,"2023-09-01 19:04:30"
20335,6114,4,"2023-09-15 04:48:17"
20336,6204,4,"2024-05-03 16:16:57"
20337,3737,4,"2023-10-20 08:53:38"
20338,6523,4,"2023-11-25 09:01:57"
20339,2523,4,"2024-04-29 16:50:02"
20340,3418,4,"2023-09-03 08:10:13"
20341,5358,4,"2024-02-22 09:01:38"
20342,1997,4,"2023-07-16 13:23:52"
20343,7074,4,"2023-12-02 19:41:16"
20344,6948,4,"2024-03-11 18:52:14"
20345,1277,4,"2023-08-29 00:36:19"
20346,4246,4,"2024-02-09 15:39:43"
20347,1289,4,"2024-06-14 06:18:07"
20348,3442,4,"2023-09-23 05:40:56"
20349,3162,4,"2023-09-11 17:12:57"
20350,4697,4,"2023-09-06 10:00:14"
20351,4107,4,"2023-10-04 00:00:53"
20352,3104,4,"2024-02-06 08:53:04"
20353,83,4,"2024-05-29 19:36:37"
20354,1580,4,"2023-07-26 08:26:09"
20355,4520,4,"2023-10-15 00:46:25"
20356,6920,4,"2023-08-17 13:33:45"
20357,2713,4,"2023-10-03 13:33:44"
20358,1798,4,"2023-09-07 21:09:09"
20359,3628,4,"2023-08-19 05:28:33"
20360,314,4,"2024-02-22 08:00:00"
20361,5881,4,"2023-10-15 06:56:28"
20362,1952,4,"2023-09-19 22:07:14"
20363,2973,4,"2024-03-03 23:57:07"
20364,2710,4,"2023-08-20 20:34:22"
20365,6775,4,"2024-02-15 23:23:23"
20366,6999,4,"2024-03-25 20:55:55"
20367,6641,4,"2023-12-13 21:37:43"
20368,2929,4,"2023-08-04 13:51:28"
20369,4845,4,"2023-06-26 12:25:11"
20370,3509,4,"2023-09-21 08:43:50"
20371,3437,4,"2023-12-02 08:06:14"
20372,3226,4,"2024-03-26 20:18:56"
20373,3039,4,"2023-10-19 06:22:32"
20374,2976,4,"2024-02-01 10:48:13"
20375,3869,4,"2023-10-20 16:31:33"
20376,717,4,"2023-07-20 05:28:30"
20377,4932,4,"2024-04-10 11:25:42"
20378,1310,4,"2024-01-13 03:20:14"
20379,1051,4,"2024-04-20 21:34:31"
20380,6224,4,"2023-08-04 21:10:09"
20381,3678,4,"2023-10-10 18:25:02"
20382,5847,4,"2024-02-03 00:37:09"
20383,782,4,"2023-12-12 00:35:52"
20384,7505,4,"2023-09-08 18:26:42"
20385,6295,4,"2024-05-05 19:39:14"
20386,5889,4,"2024-03-21 10:55:40"
20387,326,4,"2023-11-14 05:47:30"
20388,7026,4,"2024-03-08 06:51:45"
20389,6657,4,"2023-10-24 17:54:44"
20390,2636,4,"2023-07-11 05:32:45"
20391,3526,4,"2023-07-09 12:39:17"
20392,6190,4,"2024-02-22 21:35:01"
20393,6132,4,"2023-10-16 10:26:40"
20394,2822,4,"2023-09-13 16:16:23"
20395,2058,4,"2023-09-25 22:34:50"
20396,4630,4,"2023-07-05 00:05:02"
20397,6759,4,"2023-10-15 13:04:08"
20398,3911,4,"2024-01-21 15:17:33"
20399,4286,4,"2023-12-16 15:31:07"
20400,330,4,"2024-05-01 17:35:47"
20401,343,4,"2023-12-03 17:20:18"
20402,4730,4,"2023-10-02 17:15:50"
20403,3566,4,"2024-05-19 06:29:57"
20404,5428,4,"2023-11-24 20:24:56"
20405,7467,4,"2023-11-13 11:24:54"
20406,659,4,"2023-11-19 20:08:21"
20407,4787,4,"2023-09-11 20:53:38"
20408,1729,4,"2024-02-08 10:15:38"
20409,703,4,"2024-02-20 11:19:31"
20410,5066,4,"2023-10-15 21:14:32"
20411,4001,4,"2023-12-13 23:42:39"
20412,414,4,"2024-03-29 07:15:42"
20413,2879,4,"2023-09-14 09:12:17"
20414,1495,4,"2023-10-27 02:14:00"
20415,1274,4,"2023-07-01 14:58:18"
20416,6492,4,"2023-11-15 22:50:47"
20417,115,4,"2023-11-10 01:30:25"
20418,5607,4,"2023-11-05 02:33:09"
20419,6042,4,"2023-09-02 06:55:16"
20420,2305,4,"2023-08-23 02:41:43"
20421,3136,4,"2024-06-11 04:43:22"
20422,532,4,"2023-07-08 05:46:56"
20423,3962,4,"2023-11-11 11:35:06"
20424,5722,4,"2023-07-08 12:48:50"
20425,1493,4,"2023-10-28 02:51:10"
20426,383,4,"2023-09-10 11:58:53"
20427,1841,4,"2024-06-13 21:55:30"
20428,6969,4,"2024-02-07 18:49:15"
20429,3578,4,"2023-07-06 21:32:08"
20430,6510,4,"2023-12-13 17:04:15"
20431,18,4,"2024-01-16 13:20:55"
20432,5332,4,"2023-07-23 10:26:13"
20433,277,4,"2024-01-07 12:16:27"
20434,5909,4,"2023-09-01 03:14:51"
20435,5470,4,"2024-03-27 09:47:41"
20436,6073,4,"2024-02-06 09:13:48"
20437,1127,4,"2023-07-01 06:03:48"
20438,1352,4,"2023-10-05 20:04:50"
20439,2310,4,"2024-05-24 13:12:57"
20440,4079,4,"2023-07-15 09:43:05"
20441,478,4,"2023-11-15 14:44:47"
20442,4285,4,"2024-01-11 03:59:11"
20443,7282,4,"2024-05-08 20:00:27"
20444,2065,4,"2024-05-17 15:02:59"
20445,3098,4,"2023-10-31 03:48:36"
20446,6000,4,"2023-08-01 06:59:47"
20447,3229,4,"2023-12-02 17:55:29"
20448,1064,4,"2024-03-10 00:21:03"
20449,2632,4,"2023-09-16 11:02:48"
20450,7486,4,"2024-02-26 21:31:40"
20451,2462,4,"2023-09-03 02:58:25"
20452,6625,4,"2023-07-26 01:27:31"
20453,1137,4,"2023-07-07 09:25:08"
20454,5206,4,"2023-08-11 16:32:39"
20455,2967,4,"2023-09-16 18:45:28"
20456,3180,4,"2024-02-26 01:14:29"
20457,4835,4,"2024-03-23 21:18:47"
20458,5562,4,"2024-04-24 06:12:06"
20459,6801,4,"2023-11-15 04:25:03"
20460,5175,4,"2023-07-18 01:36:58"
20461,1031,4,"2023-08-10 02:12:01"
20462,7346,4,"2023-09-03 00:30:29"
20463,712,4,"2024-03-07 15:42:36"
20464,5766,4,"2023-12-14 06:20:43"
20465,6345,4,"2024-06-08 17:36:59"
20466,2975,4,"2024-01-13 07:38:40"
20467,1964,4,"2024-04-30 20:03:23"
20468,1686,4,"2024-03-15 04:10:26"
20469,1326,4,"2023-10-03 06:48:24"
20470,3974,4,"2023-08-12 14:19:28"
20471,2097,4,"2023-07-29 19:18:28"
20472,878,4,"2024-06-03 02:33:34"
20473,3449,4,"2023-06-25 14:19:59"
20474,16,4,"2023-08-05 04:50:44"
20475,3122,4,"2023-12-11 01:27:48"
20476,224,4,"2024-05-30 00:33:31"
20477,6088,4,"2024-05-20 10:32:41"
20478,3463,4,"2023-10-16 09:54:44"
20479,6328,4,"2024-03-03 23:36:59"
20480,7449,4,"2023-06-27 06:16:38"
20481,6011,4,"2023-09-26 19:21:56"
20482,6199,4,"2024-01-12 01:53:57"
20483,3392,4,"2023-09-07 14:55:17"
20484,2271,4,"2023-08-31 11:25:42"
20485,3089,4,"2023-08-01 17:46:02"
20486,3367,4,"2023-09-12 06:23:01"
20487,5735,4,"2024-02-18 07:38:30"
20488,350,4,"2023-07-13 01:43:02"
20489,357,4,"2023-07-19 11:38:51"
20490,521,4,"2024-06-12 08:35:29"
20491,5427,4,"2024-04-30 00:39:08"
20492,3991,4,"2024-01-15 12:55:16"
20493,1896,4,"2023-07-03 03:05:26"
20494,1606,4,"2024-06-14 06:36:08"
20495,4725,4,"2023-12-12 16:31:38"
20496,1050,4,"2023-06-30 09:31:06"
20497,5401,4,"2023-11-29 17:37:31"
20498,2849,4,"2023-11-23 16:07:19"
20499,4505,4,"2023-10-16 05:30:45"
20500,2148,4,"2024-01-06 22:09:40"
20501,4876,4,"2023-09-03 00:56:58"
20502,6676,4,"2023-11-15 09:56:31"
20503,2360,4,"2024-01-04 01:04:28"
20504,5099,4,"2024-02-08 23:24:16"
20505,7008,4,"2023-12-20 05:33:56"
20506,6396,4,"2024-05-25 20:49:46"
20507,6112,4,"2023-09-20 15:07:12"
20508,39,4,"2023-11-27 06:11:11"
20509,5095,4,"2024-04-07 06:57:45"
20510,5110,4,"2024-04-29 01:43:13"
20511,2652,4,"2024-01-23 13:01:45"
20512,5988,4,"2024-01-06 19:51:15"
20513,3023,4,"2024-01-24 03:21:25"
20514,5413,4,"2023-12-04 01:19:14"
20515,5817,4,"2023-11-13 14:36:08"
20516,2968,4,"2023-06-30 03:10:49"
20517,6048,4,"2023-08-27 14:45:26"
20518,507,4,"2023-12-07 00:49:28"
20519,4622,4,"2024-02-12 10:56:05"
20520,6160,4,"2023-10-24 20:45:07"
20521,98,4,"2023-07-13 06:34:17"
20522,578,4,"2024-06-12 05:22:15"
20523,7337,4,"2024-05-13 23:26:29"
20524,147,4,"2024-04-28 12:25:15"
20525,6985,4,"2023-12-15 13:34:51"
20526,2902,4,"2024-03-03 21:45:51"
20527,6670,4,"2023-10-08 10:55:22"
20528,4295,4,"2024-04-23 19:03:25"
20529,4896,4,"2024-03-04 13:26:52"
20530,3907,4,"2023-12-29 22:05:04"
20531,6494,4,"2024-05-04 15:54:03"
20532,7535,4,"2024-03-06 06:28:46"
20533,1932,4,"2023-07-03 09:32:17"
20534,5645,4,"2023-10-02 18:12:11"
20535,3605,4,"2023-09-28 07:31:46"
20536,7041,4,"2023-12-28 16:03:05"
20537,2677,4,"2023-08-17 17:48:19"
20538,5517,4,"2024-03-02 01:25:21"
20539,3967,4,"2023-07-13 08:52:16"
20540,4041,4,"2023-11-09 16:16:37"
20541,7317,4,"2023-09-10 12:58:00"
20542,1571,4,"2023-11-11 06:18:52"
20543,6599,4,"2024-05-22 11:04:37"
20544,7522,4,"2024-02-07 09:57:57"
20545,7423,4,"2024-04-14 12:33:46"
20546,5924,4,"2023-09-09 07:45:09"
20547,5554,4,"2023-08-02 01:49:07"
20548,7308,4,"2024-02-29 18:32:36"
20549,4707,4,"2023-07-14 20:42:41"
20550,4092,4,"2024-05-04 20:14:21"
20551,4606,4,"2024-03-08 06:32:59"
20552,3884,4,"2023-11-02 14:26:30"
20553,957,4,"2024-06-07 23:23:52"
20554,4569,4,"2023-10-12 16:31:15"
20555,321,4,"2024-05-15 08:55:44"
20556,5551,4,"2024-02-03 11:55:30"
20557,1264,4,"2023-12-16 23:15:26"
20558,2867,4,"2023-11-10 12:01:01"
20559,881,4,"2023-08-24 14:44:32"
20560,1708,4,"2023-08-03 02:12:24"
20561,3308,4,"2023-11-05 22:43:25"
20562,2411,4,"2023-09-13 01:27:02"
20563,3141,4,"2023-10-18 02:38:57"
20564,2587,4,"2024-02-07 02:47:51"
20565,1688,4,"2023-08-31 06:03:54"
20566,4649,4,"2023-10-10 01:11:29"
20567,7058,4,"2024-04-30 09:40:15"
20568,1258,4,"2024-03-16 23:43:02"
20569,5621,4,"2024-03-24 05:50:24"
20570,6436,4,"2024-01-28 08:11:32"
20571,189,4,"2023-10-21 14:33:22"
20572,4577,4,"2024-01-04 09:58:10"
20573,2105,4,"2023-07-16 04:49:31"
20574,1301,4,"2023-08-25 03:39:38"
20575,1509,4,"2024-05-19 16:19:12"
20576,2937,4,"2023-11-06 07:33:11"
20577,5561,4,"2024-03-07 06:33:31"
20578,5368,4,"2023-08-21 11:46:10"
20579,7325,4,"2023-10-19 04:40:23"
20580,2949,4,"2024-01-18 21:02:21"
20581,3945,4,"2023-11-01 21:02:50"
20582,916,4,"2024-06-04 07:46:03"
20583,6440,4,"2023-11-21 20:46:36"
20584,565,4,"2024-01-22 10:32:36"
20585,221,4,"2023-07-29 17:27:24"
20586,6340,4,"2024-02-11 12:15:27"
20587,1589,4,"2024-05-22 16:22:02"
20588,1238,4,"2023-09-10 19:27:38"
20589,238,4,"2024-04-07 06:58:05"
20590,7169,4,"2023-09-03 22:38:24"
20591,3177,4,"2023-07-22 10:15:02"
20592,4552,4,"2024-01-19 07:36:11"
20593,1672,4,"2023-10-28 13:39:56"
20594,2398,4,"2023-08-05 09:39:40"
20595,2537,4,"2023-11-24 02:28:57"
20596,7445,4,"2023-11-14 19:01:04"
20597,5974,4,"2023-11-19 11:52:32"
20598,6024,4,"2024-04-04 09:14:20"
20599,5274,4,"2023-08-12 07:21:04"
20600,465,4,"2024-02-24 17:48:53"
20601,2134,4,"2023-09-26 17:53:47"
20602,1637,4,"2023-11-22 02:37:15"
20603,269,4,"2023-07-05 08:56:49"
20604,1045,4,"2023-07-03 00:21:01"
20605,3096,4,"2023-11-28 10:31:04"
20606,4451,4,"2023-10-15 17:22:09"
20607,1850,4,"2024-06-08 07:58:33"
20608,4670,4,"2023-11-25 02:28:17"
20609,6936,4,"2024-01-30 00:28:56"
20610,6903,4,"2024-04-09 04:34:14"
20611,1135,4,"2024-04-24 14:28:04"
20612,6413,4,"2023-11-02 23:44:42"
20613,5405,4,"2024-01-26 03:17:47"
20614,644,4,"2023-08-31 10:44:48"
20615,2225,4,"2024-01-24 01:14:04"
20616,7259,4,"2024-06-08 02:48:16"
20617,2392,4,"2024-03-12 03:56:36"
20618,6130,4,"2023-12-15 16:10:57"
20619,6696,4,"2024-03-23 16:07:31"
20620,5539,4,"2024-01-04 14:54:25"
20621,4680,4,"2024-06-01 03:28:40"
20622,4764,4,"2023-11-21 11:13:32"
20623,4872,4,"2024-05-05 16:42:20"
20624,116,4,"2024-05-21 20:28:06"
20625,5964,4,"2023-11-03 04:52:21"
20626,7062,4,"2024-04-03 18:53:34"
20627,475,4,"2024-01-01 12:09:20"
20628,7256,4,"2024-05-07 10:57:09"
20629,4674,4,"2023-09-10 08:33:24"
20630,4334,4,"2024-03-01 13:50:13"
20631,6829,4,"2024-06-10 13:28:19"
20632,5512,4,"2023-12-31 05:09:34"
20633,2248,4,"2024-02-27 09:31:19"
20634,2983,4,"2024-02-10 03:12:52"
20635,6519,4,"2024-05-19 14:51:01"
20636,7334,4,"2023-11-21 12:03:55"
20637,7060,4,"2024-02-01 07:01:21"
20638,6732,4,"2024-03-22 03:01:31"
20639,313,4,"2023-10-24 19:03:37"
20640,2210,4,"2023-09-29 01:10:05"
20641,1712,4,"2023-08-31 03:25:03"
20642,1844,4,"2023-10-18 05:00:12"
20643,2681,4,"2023-12-01 11:15:38"
20644,1760,4,"2023-10-28 06:08:53"
20645,7395,4,"2023-08-10 19:26:45"
20646,1719,4,"2023-11-29 17:54:39"
20647,1912,4,"2024-01-17 10:46:21"
20648,1429,4,"2024-05-29 16:26:15"
20649,5529,4,"2024-04-18 17:29:42"
20650,6196,4,"2023-10-20 01:17:14"
20651,1467,4,"2024-05-12 00:00:27"
20652,3148,4,"2023-08-05 02:16:21"
20653,5103,4,"2023-09-11 22:02:54"
20654,3973,4,"2023-11-17 03:52:01"
20655,2297,4,"2023-09-17 15:53:26"
20656,6029,4,"2023-12-30 19:21:20"
20657,4201,4,"2023-09-04 04:23:53"
20658,334,4,"2023-12-19 02:28:45"
20659,3151,4,"2024-03-03 02:36:49"
20660,7293,4,"2024-04-21 10:32:20"
20661,6994,4,"2023-08-11 12:23:59"
20662,6486,4,"2024-01-19 11:54:52"
20663,5183,4,"2023-08-26 23:39:08"
20664,4126,4,"2024-03-05 02:39:49"
20665,6247,4,"2024-02-21 08:11:20"
20666,7378,4,"2023-11-06 01:21:34"
20667,7393,4,"2024-01-14 14:37:53"
20668,4903,4,"2023-08-26 05:19:29"
20669,2443,4,"2024-04-08 13:46:02"
20670,6121,4,"2024-06-03 21:10:32"
20671,1552,4,"2023-08-16 04:20:48"
20672,249,4,"2023-09-05 07:37:13"
20673,5476,4,"2023-09-16 00:47:02"
20674,3986,4,"2024-03-28 12:57:57"
20675,3513,4,"2023-08-07 02:35:00"
20676,5474,4,"2024-06-11 06:53:28"
20677,4051,4,"2023-07-18 22:17:32"
20678,4177,4,"2023-12-11 11:33:20"
20679,6695,4,"2023-09-19 03:08:33"
20680,4656,4,"2023-11-11 16:56:57"
20681,2556,4,"2024-06-02 04:56:46"
20682,6425,4,"2024-02-21 22:04:30"
20683,7086,4,"2024-05-07 21:48:16"
20684,5936,4,"2024-06-04 08:38:31"
20685,1793,4,"2023-11-22 07:52:03"
20686,5785,4,"2023-09-23 13:54:12"
20687,291,4,"2023-07-27 17:59:25"
20688,3820,4,"2024-02-11 14:29:40"
20689,2433,4,"2023-12-14 07:53:54"
20690,35,4,"2024-04-08 17:59:59"
20691,940,4,"2024-03-17 10:54:59"
20692,4479,4,"2024-01-28 03:42:00"
20693,74,4,"2023-10-26 06:29:11"
20694,4863,4,"2024-04-15 06:06:45"
20695,3833,4,"2023-08-11 22:41:04"
20696,1259,4,"2024-05-10 09:32:58"
20697,4516,4,"2024-04-08 15:44:17"
20698,6976,4,"2024-02-24 12:27:55"
20699,5419,4,"2023-11-04 21:33:09"
20700,3868,4,"2023-08-27 19:02:46"
20701,7187,4,"2023-08-15 23:11:53"
20702,2292,4,"2024-01-30 11:47:13"
20703,1251,4,"2024-05-09 01:59:24"
20704,3936,4,"2023-12-04 07:43:38"
20705,244,4,"2024-04-01 15:41:56"
20706,2793,4,"2024-02-26 09:32:41"
20707,1650,4,"2023-11-29 19:23:11"
20708,4145,4,"2024-05-11 05:31:31"
20709,1448,4,"2023-07-17 15:41:23"
20710,5553,4,"2024-02-26 11:14:21"
20711,5398,4,"2024-05-13 11:43:01"
20712,2743,4,"2023-11-08 01:22:56"
20713,2143,4,"2023-08-02 05:38:43"
20714,90,4,"2024-03-02 22:21:05"
20715,6249,4,"2023-07-12 17:34:01"
20716,1814,4,"2023-08-28 20:22:01"
20717,3216,4,"2023-10-29 13:31:35"
20718,6945,4,"2023-06-21 19:21:11"
20719,2789,4,"2023-11-16 09:03:46"
20720,1575,4,"2024-05-26 05:47:46"
20721,7338,4,"2024-05-09 04:15:33"
20722,3313,4,"2024-02-06 02:58:08"
20723,1640,4,"2024-03-31 06:50:22"
20724,5050,4,"2023-06-30 19:55:34"
20725,3511,4,"2024-04-30 00:43:36"
20726,2356,4,"2024-02-26 07:09:35"
20727,2742,4,"2023-08-30 00:14:29"
20728,2064,4,"2023-12-15 16:33:20"
20729,3964,4,"2024-03-14 03:36:34"
20730,142,4,"2024-06-02 06:21:16"
20731,1042,4,"2024-05-20 15:39:48"
20732,5075,4,"2023-09-30 05:52:09"
20733,7460,4,"2023-07-23 16:55:32"
20734,7385,4,"2023-12-15 20:08:11"
20735,2963,4,"2024-01-11 19:42:59"
20736,1038,4,"2024-02-01 18:07:25"
20737,1047,4,"2023-07-05 15:04:17"
20738,5689,4,"2023-07-08 00:00:49"
20739,3961,4,"2023-12-28 16:06:22"
20740,220,4,"2024-06-05 23:32:09"
20741,2094,4,"2024-03-23 18:43:17"
20742,1307,4,"2024-02-27 18:52:40"
20743,6281,4,"2024-04-15 05:12:26"
20744,574,4,"2024-04-15 20:39:07"
20745,6946,4,"2023-12-02 14:05:02"
20746,4383,4,"2023-12-11 17:03:28"
20747,3111,4,"2023-07-24 12:39:29"
20748,4966,4,"2023-11-06 01:20:58"
20749,2876,4,"2023-08-24 17:05:44"
20750,2147,4,"2024-05-13 19:44:27"
20751,6642,4,"2023-12-27 12:01:16"
20752,6526,4,"2024-05-01 17:30:12"
20753,104,4,"2024-06-03 05:08:22"
20754,4673,4,"2023-11-08 20:10:44"
20755,1530,4,"2024-01-08 13:12:15"
20756,3756,4,"2023-10-17 18:37:57"
20757,2178,4,"2023-12-17 14:03:01"
20758,4415,4,"2024-03-23 06:15:03"
20759,2154,4,"2023-07-16 07:02:37"
20760,4304,4,"2024-02-21 04:15:49"
20761,5876,4,"2024-06-01 17:55:17"
20762,4205,4,"2023-11-22 09:27:03"
20763,1805,4,"2024-03-16 17:16:11"
20764,4534,4,"2023-12-04 10:41:36"
20765,4907,4,"2024-05-04 20:35:58"
20766,1102,4,"2023-09-25 00:14:30"
20767,113,4,"2024-01-01 20:23:07"
20768,6460,4,"2023-11-10 09:05:59"
20769,3374,4,"2023-08-31 12:03:35"
20770,5937,4,"2024-03-15 07:09:11"
20771,648,4,"2024-01-10 20:23:01"
20772,1513,4,"2023-10-20 05:56:58"
20773,4636,4,"2024-03-23 01:45:54"
20774,4711,4,"2024-02-04 22:56:06"
20775,647,4,"2024-04-01 14:53:29"
20776,1236,4,"2023-08-15 05:18:11"
20777,5459,4,"2024-03-23 12:53:31"
20778,6772,4,"2024-05-30 11:55:43"
20779,46,4,"2023-08-02 18:03:13"
20780,6507,4,"2023-11-04 07:07:35"
20781,6784,4,"2023-09-22 04:54:19"
20782,3790,4,"2023-08-29 01:21:49"
20783,381,4,"2023-10-01 03:52:21"
20784,7176,4,"2023-08-18 23:20:32"
20785,4213,4,"2023-10-30 15:54:27"
20786,1998,4,"2023-11-24 00:15:48"
20787,3419,4,"2023-11-24 14:17:49"
20788,131,4,"2024-03-22 13:57:11"
20789,4558,4,"2023-07-15 14:39:04"
20790,353,4,"2024-06-14 10:11:47"
20791,886,4,"2023-10-28 00:11:26"
20792,2315,4,"2023-10-12 02:27:43"
20793,2275,4,"2023-11-11 06:45:14"
20794,5498,4,"2023-11-19 07:35:13"
20795,2723,4,"2024-03-15 17:06:56"
20796,3492,4,"2023-09-28 14:13:24"
20797,4411,4,"2024-02-10 13:34:25"
20798,7069,4,"2024-04-26 23:23:36"
20799,7156,4,"2023-09-18 08:46:22"
20800,6929,4,"2023-07-01 21:44:52"
20801,3537,4,"2023-08-21 12:20:56"
20802,2054,4,"2023-08-21 02:43:54"
20803,7055,4,"2023-06-28 15:27:28"
20804,5616,4,"2023-11-16 21:50:18"
20805,6193,4,"2023-11-08 23:43:46"
20806,2221,4,"2023-11-16 12:54:24"
20807,4136,4,"2023-08-11 03:17:22"
20808,5795,4,"2024-04-16 00:58:03"
20809,7374,4,"2023-10-30 15:33:37"
20810,6763,4,"2024-03-19 08:19:31"
20811,2898,4,"2023-12-30 21:22:51"
20812,1048,4,"2024-03-28 11:31:35"
20813,2320,4,"2023-08-14 17:29:51"
20814,6892,4,"2023-07-21 03:50:11"
20815,1907,4,"2024-03-02 21:08:22"
20816,1413,4,"2024-06-06 20:29:12"
20817,2419,4,"2024-01-26 14:08:32"
20818,7396,4,"2023-10-06 07:43:04"
20819,5813,4,"2024-02-09 03:03:33"
20820,4996,4,"2024-03-30 07:59:09"
20821,2915,4,"2023-08-25 21:08:36"
20822,6094,4,"2024-05-13 19:35:08"
20823,86,4,"2023-07-12 00:37:54"
20824,2016,4,"2023-08-01 03:10:23"
20825,4934,4,"2023-11-07 16:55:29"
20826,6863,4,"2024-02-21 13:21:29"
20827,2160,4,"2023-07-14 08:09:03"
20828,5154,4,"2023-11-03 01:46:30"
20829,6253,4,"2024-02-01 01:01:17"
20830,7299,4,"2024-04-18 22:40:10"
20831,951,4,"2024-06-09 22:50:43"
20832,6236,4,"2023-09-25 01:42:09"
20833,296,4,"2023-07-17 08:25:37"
20834,6951,4,"2024-01-29 03:13:57"
20835,6246,4,"2024-05-29 03:26:52"
20836,5613,4,"2023-08-27 21:59:17"
20837,1081,4,"2024-04-08 04:46:01"
20838,5541,4,"2023-10-10 07:38:26"
20839,4165,4,"2023-07-11 18:09:18"
20840,4627,4,"2024-01-31 10:10:30"
20841,5160,4,"2023-11-30 20:45:48"
20842,2076,4,"2024-05-24 17:43:50"
20843,4260,4,"2023-11-29 15:47:03"
20844,7499,4,"2024-02-24 06:56:41"
20845,6634,4,"2024-05-15 00:29:30"
20846,380,4,"2023-10-01 04:37:17"
20847,358,4,"2023-12-16 19:37:21"
20848,1014,4,"2023-12-09 06:48:37"
20849,7472,4,"2023-10-18 20:24:09"
20850,1204,4,"2023-12-24 15:32:17"
20851,739,4,"2023-07-05 22:14:05"
20852,5417,4,"2023-10-06 18:27:02"
20853,924,4,"2023-08-13 14:28:12"
20854,6988,4,"2023-10-18 18:36:37"
20855,7209,4,"2023-08-23 10:23:20"
20856,3502,4,"2024-03-03 06:01:33"
20857,2993,4,"2023-09-22 05:48:52"
20858,1959,4,"2023-10-03 10:18:35"
20859,2601,4,"2024-04-27 20:27:52"
20860,971,4,"2024-03-13 06:16:53"
20861,700,4,"2024-06-08 05:48:56"
20862,1361,4,"2023-09-05 10:06:32"
20863,3604,4,"2023-09-20 15:19:08"
20864,1157,4,"2024-05-07 21:38:03"
20865,832,4,"2023-07-29 20:42:35"
20866,3824,4,"2023-08-25 19:07:10"
20867,1404,4,"2023-09-22 06:58:07"
20868,6231,4,"2023-11-08 10:06:22"
20869,3527,4,"2024-05-16 09:25:12"
20870,4299,4,"2024-02-07 04:28:03"
20871,2767,4,"2023-06-28 14:35:11"
20872,1062,4,"2023-10-10 04:10:09"
20873,4180,4,"2024-03-07 12:14:43"
20874,3063,4,"2023-12-18 21:04:46"
20875,403,4,"2023-11-18 01:58:23"
20876,7388,4,"2023-08-01 15:53:11"
20877,4155,4,"2023-09-11 22:03:42"
20878,5599,4,"2024-04-26 09:17:31"
20879,3426,4,"2023-08-13 15:10:13"
20880,2862,4,"2024-05-15 00:08:04"
20881,3618,4,"2023-08-31 11:19:07"
20882,4121,4,"2023-08-22 06:16:43"
20883,1472,4,"2023-07-20 18:57:29"
20884,5952,4,"2024-05-06 20:03:20"
20885,798,4,"2023-08-14 05:56:37"
20886,6911,4,"2023-11-01 10:17:40"
20887,625,4,"2023-07-04 05:34:44"
20888,3657,4,"2023-07-08 12:08:44"
20889,2930,4,"2024-02-12 21:15:31"
20890,5591,4,"2023-11-03 20:18:49"
20891,3448,4,"2024-04-25 14:01:03"
20892,2497,4,"2023-08-25 14:09:14"
20893,4685,4,"2023-09-04 05:49:14"
20894,5810,4,"2024-05-13 12:10:23"
20895,4294,4,"2024-05-22 09:11:27"
20896,4375,4,"2023-11-21 07:13:13"
20897,1434,4,"2024-04-29 10:12:04"
20898,3468,4,"2024-05-24 06:03:00"
20899,864,4,"2024-05-21 19:27:32"
20900,5997,4,"2024-03-11 20:50:17"
20901,5308,4,"2023-06-22 08:33:04"
20902,5885,4,"2023-12-29 13:29:56"
20903,366,4,"2023-08-10 20:50:54"
20904,968,4,"2023-12-30 03:00:34"
20905,5598,4,"2024-06-08 05:47:26"
20906,6889,4,"2024-05-19 18:26:33"
20907,4297,4,"2024-04-30 19:25:14"
20908,2753,4,"2024-04-15 15:16:08"
20909,1138,4,"2024-04-27 20:06:53"
20910,950,4,"2024-04-06 13:47:17"
20911,5619,4,"2023-12-22 12:13:03"
20912,3381,4,"2024-03-09 13:54:51"
20913,3793,4,"2024-04-30 00:46:58"
20914,6513,4,"2023-06-23 03:58:15"
20915,4689,4,"2024-03-03 11:05:49"
20916,3102,4,"2024-04-28 14:19:14"
20917,3413,4,"2023-07-14 18:49:05"
20918,3979,4,"2023-08-13 16:49:40"
20919,4846,4,"2024-02-28 22:54:14"
20920,1749,4,"2024-02-21 15:54:35"
20921,6575,4,"2023-10-27 19:11:56"
20922,7320,4,"2023-11-21 21:21:20"
20923,5094,4,"2023-10-30 13:11:50"
20924,7407,4,"2024-01-08 17:01:23"
20925,7128,4,"2024-04-03 04:34:16"
20926,376,4,"2024-06-08 07:28:00"
20927,1725,4,"2023-11-29 20:13:52"
20928,6804,4,"2024-04-23 20:06:25"
20929,4974,4,"2024-01-21 20:28:28"
20930,3883,4,"2024-01-31 05:25:57"
20931,1578,4,"2024-02-12 07:44:18"
20932,1848,4,"2023-12-17 23:17:05"
20933,734,4,"2024-03-10 04:44:35"
20934,1163,4,"2024-03-10 19:21:43"
20935,6878,4,"2023-08-07 03:50:50"
20936,7366,4,"2024-02-15 15:31:09"
20937,3470,4,"2024-06-02 22:24:19"
20938,3404,4,"2023-09-02 14:25:40"
20939,2449,4,"2024-01-05 14:53:31"
20940,5575,4,"2024-04-08 17:26:02"
20941,3317,4,"2023-07-03 07:49:24"
20942,5222,4,"2023-10-22 23:40:23"
20943,4108,4,"2024-05-23 01:41:45"
20944,2714,4,"2024-03-13 11:00:35"
20945,5201,4,"2023-07-05 09:16:00"
20946,5880,4,"2023-11-26 07:53:45"
20947,6052,4,"2023-12-11 12:41:44"
20948,5976,4,"2024-03-11 08:47:18"
20949,3008,4,"2024-06-11 06:39:08"
20950,4427,4,"2023-08-08 21:33:23"
20951,4402,4,"2023-08-19 13:18:46"
20952,5350,4,"2023-08-29 13:08:11"
20953,2389,4,"2023-08-22 10:10:02"
20954,3491,4,"2023-10-29 08:23:10"
20955,5231,4,"2023-07-24 22:32:19"
20956,6658,4,"2023-12-18 05:57:08"
20957,883,4,"2023-10-11 23:02:45"
20958,762,4,"2024-01-23 04:44:33"
20959,427,4,"2024-02-02 22:20:04"
20960,7291,4,"2024-05-07 20:04:30"
20961,4772,4,"2023-12-10 13:26:19"
20962,41,4,"2023-06-30 10:47:36"
20963,1834,4,"2023-11-05 08:17:06"
20964,3753,4,"2023-12-05 22:42:31"
20965,1949,4,"2023-09-25 11:26:08"
20966,1320,4,"2024-02-06 17:00:28"
20967,1948,4,"2023-11-10 14:21:13"
20968,6791,4,"2023-11-20 18:13:21"
20969,2164,4,"2023-08-04 09:34:07"
20970,1873,4,"2024-01-09 17:55:26"
20971,6234,4,"2024-04-13 11:10:19"
20972,2313,4,"2024-02-11 17:30:11"
20973,3546,4,"2024-02-24 23:48:37"
20974,27,4,"2024-03-12 15:51:12"
20975,5706,4,"2023-10-27 08:05:15"
20976,4839,4,"2024-05-17 23:53:33"
20977,4158,4,"2023-10-24 09:39:41"
20978,5340,4,"2024-05-31 13:46:21"
20979,5519,4,"2023-12-01 09:24:19"
20980,899,4,"2024-06-09 16:16:58"
20981,1886,4,"2024-01-27 17:08:26"
20982,2266,4,"2023-11-14 14:04:00"
20983,2809,4,"2023-12-19 02:00:38"
20984,3135,4,"2024-05-28 06:12:54"
20985,7455,4,"2023-07-29 20:08:27"
20986,2675,4,"2024-04-16 07:35:24"
20987,1128,4,"2023-08-12 00:29:07"
20988,946,4,"2023-11-14 21:33:24"
20989,2699,4,"2023-12-16 05:39:56"
20990,5961,4,"2023-07-07 05:22:21"
20991,3297,4,"2024-02-11 05:37:28"
20992,4062,4,"2023-08-25 15:21:20"
20993,4428,4,"2023-07-08 23:48:10"
20994,3821,4,"2024-01-10 09:45:34"
20995,4425,4,"2024-01-07 15:11:49"
20996,1694,4,"2023-08-05 11:20:44"
20997,3012,4,"2023-07-05 16:18:47"
20998,2187,4,"2024-05-27 23:33:39"
20999,3585,4,"2024-02-23 18:03:39"
21000,6250,4,"2023-09-20 12:58:51"
21001,2623,4,"2023-11-15 17:28:28"
21002,4564,4,"2023-06-30 06:24:44"
21003,4153,4,"2023-10-08 03:42:33"
21004,1641,4,"2024-03-09 00:06:01"
21005,6546,4,"2024-06-14 09:01:02"
21006,4953,4,"2023-09-09 20:39:43"
21007,3237,4,"2023-10-30 06:12:00"
21008,2622,4,"2023-11-25 14:31:59"
21009,2672,4,"2024-03-04 10:08:35"
21010,498,4,"2023-09-30 23:07:39"
21011,5166,4,"2024-01-16 18:33:47"
21012,4831,4,"2023-09-20 12:08:21"
21013,2318,4,"2024-04-19 07:26:07"
21014,3903,4,"2023-10-03 12:51:33"
21015,4348,4,"2023-12-10 20:58:28"
21016,202,4,"2023-08-15 18:37:37"
21017,3217,4,"2023-11-21 19:36:43"
21018,611,4,"2024-05-12 06:35:59"
21019,4595,4,"2024-01-17 17:14:46"
21020,3916,4,"2024-02-16 19:18:24"
21021,3447,4,"2024-04-13 10:19:21"
21022,5662,4,"2023-10-22 08:44:43"
21023,1665,4,"2023-08-23 01:34:30"
21024,6122,4,"2023-07-10 01:19:17"
21025,7319,4,"2024-04-06 14:52:04"
21026,3107,4,"2024-03-18 04:48:01"
21027,5359,4,"2023-06-23 04:11:51"
21028,2406,4,"2024-04-06 22:06:40"
21029,1862,4,"2024-02-17 02:05:40"
21030,6927,4,"2024-03-28 04:08:43"
21031,6084,4,"2023-07-04 17:37:42"
21032,5967,4,"2024-02-02 20:20:01"
21033,1854,4,"2023-06-27 00:20:45"
21034,4003,4,"2024-05-02 22:39:55"
21035,3137,4,"2024-01-06 07:55:11"
21036,3679,4,"2023-10-17 16:49:03"
21037,601,4,"2024-01-27 01:55:08"
21038,6528,4,"2024-01-30 14:00:27"
21039,2303,4,"2023-09-29 05:27:17"
21040,5133,4,"2024-03-30 23:48:56"
21041,5505,4,"2023-11-04 02:34:53"
21042,4771,4,"2023-07-18 12:53:58"
21043,3742,4,"2024-01-15 14:56:01"
21044,1409,4,"2024-01-18 17:28:16"
21045,5567,4,"2024-01-31 10:57:56"
21046,5620,4,"2023-12-12 12:32:45"
21047,7225,4,"2024-03-29 03:44:46"
21048,6026,4,"2024-05-05 00:02:54"
21049,3223,4,"2023-08-10 03:59:43"
21050,3140,4,"2023-08-07 06:18:22"
21051,4489,4,"2023-07-30 18:39:47"
21052,5294,4,"2024-04-14 17:43:13"
21053,6075,4,"2023-08-12 02:12:49"
21054,6933,4,"2023-11-15 02:53:39"
21055,4869,4,"2024-01-17 12:44:05"
21056,1996,4,"2024-04-01 06:22:47"
21057,3351,4,"2023-08-06 03:27:07"
21058,5818,4,"2023-07-25 12:54:33"
21059,4537,4,"2024-02-28 15:02:09"
21060,6960,4,"2023-12-16 06:34:38"
21061,5061,4,"2023-08-20 09:50:02"
21062,4616,4,"2023-12-15 11:36:44"
21063,6195,4,"2024-05-27 18:39:10"
21064,4945,4,"2023-11-08 09:50:09"
21065,3197,4,"2024-04-22 11:34:37"
21066,3187,4,"2024-01-02 23:44:02"
21067,575,4,"2023-09-17 08:34:58"
21068,1711,4,"2024-05-27 23:08:26"
21069,7071,4,"2023-11-01 02:58:46"
21070,6447,4,"2024-05-06 11:05:03"
21071,4105,4,"2024-05-28 01:33:11"
21072,1928,4,"2023-10-17 08:18:07"
21073,4319,4,"2023-09-23 01:22:28"
21074,1120,4,"2024-04-19 07:15:29"
21075,2032,4,"2024-03-07 23:00:42"
21076,3044,4,"2024-03-05 01:52:47"
21077,1591,4,"2023-10-20 13:20:34"
21078,825,4,"2024-05-05 09:36:53"
21079,1323,4,"2023-09-01 16:42:08"
21080,3607,4,"2023-08-09 12:34:04"
21081,6466,4,"2023-09-28 04:25:53"
21082,7022,4,"2023-09-22 20:22:23"
21083,527,4,"2023-11-21 04:33:20"
21084,4785,4,"2023-12-23 10:31:25"
21085,3473,4,"2023-06-25 02:24:27"
21086,1548,4,"2023-08-24 07:03:14"
21087,7324,4,"2024-01-31 09:12:42"
21088,2637,4,"2023-07-01 12:36:02"
21089,6577,4,"2023-08-15 05:51:54"
21090,5982,4,"2023-09-09 04:11:09"
21091,4175,4,"2024-05-09 02:38:59"
21092,6487,4,"2023-09-15 17:58:19"
21093,3270,4,"2024-01-21 17:14:28"
21094,7197,4,"2023-11-22 05:57:39"
21095,4812,4,"2023-07-29 00:07:01"
21096,2593,4,"2023-08-07 13:27:41"
21097,5021,4,"2024-04-03 00:16:14"
21098,119,4,"2023-08-09 19:15:49"
21099,1755,4,"2023-10-16 21:04:39"
21100,2253,4,"2024-03-16 06:37:48"
21101,3129,4,"2024-02-20 20:29:16"
21102,1709,4,"2024-04-04 00:14:31"
21103,3165,4,"2023-10-27 04:19:34"
21104,4033,4,"2024-03-24 08:26:45"
21105,69,4,"2023-08-08 18:05:06"
21106,2123,4,"2023-12-15 16:06:57"
21107,1243,4,"2024-03-30 17:13:14"
21108,6005,4,"2023-10-01 03:23:13"
21109,2415,4,"2023-11-22 17:05:05"
21110,4493,4,"2023-12-29 04:08:56"
21111,3573,4,"2024-02-24 01:04:21"
21112,7506,4,"2023-10-31 06:59:39"
21113,6416,4,"2023-07-09 18:47:38"
21114,1002,4,"2023-11-26 03:38:26"
21115,4426,4,"2023-11-01 01:54:05"
21116,5739,4,"2024-01-27 09:58:33"
21117,4753,4,"2024-02-12 11:23:15"
21118,6814,4,"2024-01-29 10:57:54"
21119,5506,4,"2023-11-16 14:19:19"
21120,2908,4,"2024-05-12 06:55:26"
21121,2569,4,"2023-09-19 16:21:16"
21122,2039,4,"2023-09-18 11:10:43"
21123,3004,4,"2024-01-15 07:43:08"
21124,902,4,"2024-06-06 22:24:37"
21125,7370,4,"2023-06-30 07:00:47"
21126,4991,4,"2023-07-30 06:25:12"
21127,3984,4,"2023-09-21 16:44:19"
21128,186,4,"2024-06-12 13:21:02"
21129,2198,4,"2023-07-12 18:44:27"
21130,1151,4,"2023-11-17 22:58:03"
21131,3075,4,"2023-10-14 19:28:44"
21132,7313,4,"2024-03-18 03:10:42"
21133,286,4,"2024-04-14 06:54:31"
21134,529,4,"2024-04-12 10:18:51"
21135,632,4,"2024-01-12 15:02:16"
21136,5494,4,"2024-05-01 09:33:44"
21137,6283,4,"2024-04-13 09:59:20"
21138,8,4,"2023-07-25 06:51:09"
21139,1246,4,"2024-05-18 06:27:20"
21140,1322,4,"2024-06-01 23:03:58"
21141,5495,4,"2023-10-01 04:44:18"
21142,5248,4,"2024-02-15 13:12:39"
21143,1119,4,"2023-10-12 19:17:33"
21144,5367,4,"2023-09-19 12:49:08"
21145,6150,4,"2024-05-22 08:58:23"
21146,6280,4,"2023-07-06 03:44:43"
21147,3430,4,"2024-03-13 08:46:57"
21148,5702,4,"2024-04-04 04:23:29"
21149,2193,4,"2023-08-23 10:03:46"
21150,4110,4,"2023-08-06 01:00:29"
21151,1936,4,"2023-11-23 04:48:54"
21152,3108,4,"2023-11-14 05:43:29"
21153,3377,4,"2024-03-12 05:29:22"
21154,5299,4,"2023-08-30 07:04:04"
21155,3859,4,"2023-08-11 03:56:37"
21156,4838,4,"2023-07-30 12:28:17"
21157,3597,4,"2024-05-25 05:38:12"
21158,2612,4,"2024-03-08 05:55:26"
21159,2228,4,"2023-10-09 21:38:05"
21160,711,4,"2023-10-09 08:11:15"
21161,690,4,"2024-06-02 10:28:17"
21162,1526,4,"2024-01-21 02:22:40"
21163,4573,4,"2023-11-04 05:41:37"
21164,4099,4,"2024-03-17 18:51:29"
21165,3867,4,"2023-11-19 09:25:30"
21166,512,4,"2023-11-07 18:27:45"
21167,2794,4,"2023-12-29 08:52:07"
21168,7051,4,"2023-09-04 18:13:39"
21169,5533,4,"2024-03-11 20:07:36"
21170,4609,4,"2024-01-26 19:52:36"
21171,462,4,"2024-05-28 18:37:06"
21172,2234,4,"2023-08-08 18:32:00"
21173,4456,4,"2023-09-21 23:32:10"
21174,6072,4,"2023-08-04 13:47:10"
21175,172,4,"2023-09-16 23:21:53"
21176,4266,4,"2023-09-10 07:07:10"
21177,2833,4,"2023-10-17 00:00:11"
21178,75,4,"2023-09-15 00:19:52"
21179,162,4,"2024-01-31 04:13:06"
21180,814,4,"2023-06-21 10:28:44"
21181,4342,4,"2023-06-26 00:16:05"
21182,1610,4,"2023-08-07 02:38:33"
21183,5211,4,"2023-09-03 20:48:28"
21184,4536,4,"2024-05-23 14:17:43"
21185,1972,4,"2024-02-09 14:47:18"
21186,4413,4,"2023-09-19 10:44:21"
21187,7216,4,"2024-03-22 14:38:14"
21188,328,4,"2023-07-17 22:32:13"
21189,165,4,"2024-03-24 12:20:25"
21190,7548,4,"2024-04-24 15:34:48"
21191,4462,4,"2023-09-30 23:51:59"
21192,4665,4,"2023-12-10 06:26:26"
21193,4128,4,"2024-01-21 19:47:57"
21194,1882,4,"2024-05-11 21:32:08"
21195,2277,4,"2024-02-05 11:01:43"
21196,760,4,"2024-01-18 18:01:13"
21197,2471,4,"2023-10-28 09:37:38"
21198,6210,4,"2023-10-11 09:00:19"
21199,100,4,"2023-11-08 10:14:23"
21200,3838,4,"2024-06-01 09:51:04"
21201,4584,4,"2023-11-21 17:54:30"
21202,340,4,"2023-07-22 07:14:14"
21203,1877,4,"2023-07-24 20:32:35"
21204,2150,4,"2023-11-02 02:09:20"
21205,3878,4,"2023-09-03 16:35:10"
21206,6856,4,"2024-02-21 06:05:35"
21207,6654,4,"2023-12-29 04:12:26"
21208,2539,4,"2024-03-31 09:23:22"
21209,492,4,"2024-01-26 03:05:47"
21210,4660,4,"2023-08-13 01:03:38"
21211,5917,4,"2023-12-09 00:57:26"
21212,57,4,"2023-07-30 03:34:17"
21213,891,4,"2024-03-03 01:41:49"
21214,2377,4,"2024-05-09 14:23:09"
21215,3213,4,"2023-12-17 19:58:44"
21216,1195,4,"2024-01-11 09:37:17"
21217,5718,4,"2024-05-22 07:22:30"
21218,1199,4,"2023-10-17 17:07:18"
21219,1572,4,"2023-10-25 10:03:22"
21220,1783,4,"2023-10-19 01:06:46"
21221,4943,4,"2023-08-04 20:58:45"
21222,702,4,"2024-05-21 18:02:32"
21223,2106,4,"2024-01-26 07:41:39"
21224,4867,4,"2023-12-28 20:47:21"
21225,6291,4,"2023-07-23 21:29:22"
21226,3773,4,"2023-09-24 09:50:09"
21227,676,4,"2024-03-10 02:05:10"
21228,3340,4,"2024-01-30 15:44:09"
21229,4332,4,"2024-04-05 17:52:41"
21230,1377,4,"2023-08-17 10:16:56"
21231,2974,4,"2024-03-13 07:41:13"
21232,931,4,"2023-11-21 21:07:39"
21233,2215,4,"2023-09-10 07:23:56"
21234,201,4,"2023-12-04 21:30:38"
21235,4572,4,"2024-02-21 22:47:41"
21236,3099,4,"2023-10-22 11:52:13"
21237,7487,4,"2023-08-15 01:48:49"
21238,3942,4,"2023-12-13 17:52:15"
21239,181,4,"2023-08-14 02:45:19"
21240,6311,4,"2024-05-17 06:00:49"
21241,5687,4,"2023-12-09 17:27:09"
21242,6223,4,"2023-09-27 22:19:26"
21243,6297,4,"2023-07-18 05:44:01"
21244,1602,4,"2023-07-06 11:21:06"
21245,2400,4,"2023-10-10 19:12:18"
21246,5677,4,"2023-10-29 05:26:21"
21247,2145,4,"2023-08-31 11:51:30"
21248,5140,4,"2024-04-17 18:50:37"
21249,4225,4,"2023-12-03 15:08:29"
21250,1698,4,"2023-09-04 11:57:13"
21251,148,4,"2023-11-08 20:52:54"
21252,824,4,"2024-04-03 16:02:49"
21253,763,4,"2023-08-09 14:24:37"
21254,876,4,"2023-09-27 00:32:04"
21255,3211,4,"2024-02-08 02:24:46"
21256,1705,4,"2023-11-22 16:00:45"
21257,918,4,"2024-04-07 15:31:37"
21258,6187,4,"2023-07-18 10:26:16"
21259,1897,4,"2024-05-21 16:29:04"
21260,5234,4,"2024-02-23 17:54:51"
21261,979,4,"2024-02-19 15:20:20"
21262,2823,4,"2023-08-30 13:42:13"
21263,1423,4,"2023-10-18 03:18:37"
21264,3274,4,"2023-10-27 14:44:32"
21265,4345,4,"2024-04-28 23:47:44"
21266,477,4,"2023-07-16 00:48:59"
21267,3078,4,"2023-07-03 10:51:46"
21268,4742,4,"2023-08-19 12:07:33"
21269,4296,4,"2024-05-10 04:54:25"
21270,3409,4,"2024-06-07 10:28:35"
21271,120,4,"2024-03-18 03:22:40"
21272,2420,4,"2024-04-06 04:27:59"
21273,5051,4,"2024-03-16 16:22:44"
21274,577,4,"2024-03-09 04:33:14"
21275,6902,4,"2023-06-26 19:24:19"
21276,7404,4,"2024-01-24 03:56:05"
21277,956,4,"2024-01-26 08:33:00"
21278,1858,4,"2024-05-20 07:20:06"
21279,3055,4,"2023-06-24 22:04:06"
21280,5835,4,"2023-11-13 09:08:22"
21281,7088,4,"2023-10-22 18:57:19"
21282,2965,4,"2023-10-13 18:35:36"
21283,6142,4,"2023-11-08 01:34:05"
21284,2579,4,"2023-07-31 20:18:01"
21285,5854,4,"2023-10-09 05:14:55"
21286,7192,4,"2024-03-13 18:15:57"
21287,3780,4,"2023-09-19 13:51:41"
21288,5515,4,"2023-08-17 18:58:36"
21289,7113,4,"2024-05-09 13:07:16"
21290,2514,4,"2024-03-15 08:13:41"
21291,5968,4,"2023-07-21 07:18:19"
21292,6620,4,"2024-01-27 21:13:51"
21293,2630,4,"2023-09-14 16:29:45"
21294,1462,4,"2024-01-22 12:25:25"
21295,2499,4,"2024-03-07 03:19:30"
21296,3705,4,"2024-05-20 19:56:22"
21297,4431,4,"2024-04-26 00:54:20"
21298,7064,4,"2023-10-11 00:08:11"
21299,5983,4,"2023-07-16 07:15:38"
21300,1543,4,"2023-09-05 15:22:36"
21301,1425,4,"2023-12-07 01:27:54"
21302,2168,4,"2024-01-17 23:48:00"
21303,6647,4,"2024-05-15 14:50:16"
21304,4941,4,"2024-05-08 23:04:08"
21305,6534,4,"2024-04-09 13:37:21"
21306,2903,4,"2023-07-12 01:52:33"
21307,2998,4,"2024-01-04 08:16:10"
21308,1430,4,"2023-08-22 22:02:25"
21309,748,4,"2023-07-25 22:54:20"
21310,1364,4,"2023-12-10 07:22:31"
21311,5744,4,"2023-07-19 18:04:54"
21312,5585,4,"2023-11-12 16:38:29"
21313,560,4,"2023-10-08 07:55:54"
21314,4372,4,"2024-04-25 00:16:01"
21315,4119,4,"2023-10-22 13:51:36"
21316,6362,4,"2023-09-12 02:55:13"
21317,3518,4,"2023-07-26 10:40:43"
21318,7038,4,"2024-01-21 07:56:04"
21319,1005,4,"2024-01-29 01:05:24"
21320,373,4,"2023-10-19 10:20:35"
21321,3695,4,"2024-01-04 20:10:48"
21322,4829,4,"2024-02-24 11:44:00"
21323,1915,4,"2023-09-25 18:08:54"
21324,7459,4,"2023-11-07 06:21:17"
21325,3929,4,"2023-10-01 10:50:24"
21326,3071,4,"2024-03-11 21:45:42"
21327,5235,4,"2024-01-12 14:57:34"
21328,301,4,"2024-04-23 00:49:48"
21329,4960,4,"2024-01-31 05:46:40"
21330,1190,4,"2023-09-23 15:59:30"
21331,3315,4,"2023-11-22 03:26:30"
21332,4206,4,"2023-08-23 12:08:23"
21333,3295,4,"2024-02-01 05:44:56"
21334,2779,4,"2023-12-15 22:24:15"
21335,2284,4,"2023-12-30 14:40:04"
21336,1541,4,"2023-11-06 09:22:44"
21337,526,4,"2024-04-09 17:42:18"
21338,2598,4,"2024-05-11 00:37:06"
21339,208,4,"2023-07-08 15:11:50"
21340,2000,4,"2023-12-04 04:54:32"
21341,2533,4,"2023-09-27 14:58:37"
21342,3003,4,"2024-06-03 04:33:00"
21343,542,4,"2024-03-25 05:56:33"
21344,6790,4,"2024-06-06 02:41:25"
21345,5775,4,"2023-08-16 10:24:57"
21346,2104,4,"2024-02-13 00:26:31"
21347,6369,4,"2024-04-19 22:22:33"
21348,1432,4,"2024-05-26 12:41:33"
21349,6203,4,"2023-11-24 05:02:41"
21350,2960,4,"2023-11-18 02:38:57"
21351,469,4,"2024-05-17 04:16:36"
21352,1412,4,"2023-10-05 16:28:56"
21353,1887,4,"2024-03-04 04:27:08"
21354,5263,4,"2023-08-27 21:12:00"
21355,2142,4,"2024-01-18 15:20:23"
21356,3353,4,"2024-03-15 07:06:15"
21357,4614,4,"2023-08-24 13:35:54"
21358,1065,4,"2023-06-22 19:33:09"
21359,5856,4,"2023-07-13 17:17:42"
21360,194,4,"2024-06-08 15:45:53"
21361,2519,4,"2023-09-22 09:49:36"
21362,5257,4,"2024-01-30 22:26:08"
21363,3571,4,"2023-09-17 05:30:56"
21364,5389,4,"2024-04-26 23:30:54"
21365,7419,4,"2023-08-16 02:26:37"
21366,3762,4,"2024-05-25 00:45:54"
21367,3219,4,"2023-07-23 23:56:46"
21368,7003,4,"2023-07-28 02:10:42"
21369,2505,4,"2024-01-06 04:44:38"
21370,3701,4,"2023-07-15 03:37:02"
21371,6003,4,"2024-03-20 16:13:58"
21372,7166,4,"2024-05-25 00:14:06"
21373,5927,4,"2024-02-11 06:44:56"
21374,7237,4,"2023-08-31 03:14:33"
21375,4634,4,"2023-08-18 02:20:00"
21376,5259,4,"2024-03-28 21:47:00"
21377,5671,4,"2023-12-23 17:56:27"
21378,6129,4,"2023-12-31 16:31:09"
21379,6636,4,"2023-10-04 05:34:29"
21380,2074,4,"2023-08-10 23:46:11"
21381,232,4,"2023-08-16 14:26:34"
21382,4669,4,"2024-01-30 21:58:10"
21383,4340,4,"2023-11-17 22:34:37"
21384,4188,4,"2023-06-23 08:33:06"
21385,606,4,"2023-09-13 08:52:14"
21386,504,4,"2024-05-11 11:04:56"
21387,2200,4,"2024-03-17 10:35:25"
21388,2856,4,"2024-04-11 23:21:27"
21389,3749,4,"2023-07-18 13:44:17"
21390,5582,4,"2024-03-12 15:39:07"
21391,4430,4,"2024-02-21 19:16:24"
21392,976,4,"2023-07-04 13:58:18"
21393,1554,4,"2023-09-30 00:45:59"
21394,4442,4,"2023-08-28 02:38:17"
21395,2564,4,"2023-10-28 02:19:11"
21396,2431,4,"2023-08-10 15:21:26"
21397,2684,4,"2024-05-12 14:59:40"
21398,3321,4,"2023-06-28 08:44:56"
21399,790,4,"2024-06-13 07:44:37"
21400,5789,4,"2023-12-03 21:11:24"
21401,3818,4,"2023-10-09 14:01:20"
21402,7531,4,"2024-04-26 17:09:24"
21403,1787,4,"2024-01-28 13:02:57"
21404,5651,4,"2023-12-06 00:10:43"
21405,953,4,"2023-08-06 19:22:47"
21406,5754,4,"2024-01-18 02:27:00"
21407,2390,4,"2023-09-20 08:05:52"
21408,451,4,"2024-02-02 03:57:03"
21409,7020,4,"2024-05-13 10:19:58"
21410,490,4,"2024-05-09 18:09:27"
21411,5534,4,"2024-05-13 03:51:28"
21412,5186,4,"2024-06-06 10:22:37"
21413,637,4,"2023-11-16 12:19:24"
21414,1865,4,"2023-10-17 18:04:12"
21415,3953,4,"2024-05-31 19:43:23"
21416,2229,4,"2024-05-17 18:38:07"
21417,6158,4,"2023-06-23 15:49:58"
21418,3154,4,"2023-11-08 01:18:13"
21419,1790,4,"2024-01-07 13:48:56"
21420,9,4,"2023-09-29 18:53:48"
21421,5020,4,"2023-08-30 17:06:17"
21422,51,4,"2024-05-19 04:26:15"
21423,698,4,"2024-03-05 22:16:11"
21424,7205,4,"2023-11-21 03:03:26"
21425,1043,4,"2024-01-16 05:26:55"
21426,6347,4,"2024-05-22 05:51:15"
21427,416,4,"2023-09-26 03:44:57"
21428,239,4,"2023-12-05 07:43:17"
21429,777,4,"2023-11-17 04:33:38"
21430,2075,4,"2023-06-29 17:08:48"
21431,3655,4,"2024-03-01 12:01:29"
21432,4513,4,"2023-11-12 06:53:15"
21433,5306,4,"2024-03-15 21:35:04"
21434,1918,4,"2024-03-15 08:47:48"
21435,203,4,"2024-06-14 15:34:08"
21436,335,4,"2023-07-18 00:55:22"
21437,1071,4,"2023-09-11 03:54:50"
21438,2643,4,"2024-05-07 05:43:52"
21439,7392,4,"2024-04-13 11:51:22"
21440,6364,4,"2024-04-12 09:41:11"
21441,4486,4,"2023-07-12 17:26:35"
21442,7016,4,"2023-10-06 11:01:08"
21443,6811,4,"2024-05-15 19:01:39"
21444,655,4,"2024-02-12 15:00:55"
21445,7013,4,"2024-06-02 21:05:11"
21446,2787,4,"2024-05-15 17:23:49"
21447,5454,4,"2024-04-07 14:48:47"
21448,3871,4,"2024-02-14 13:00:34"
21449,2947,4,"2024-05-02 00:26:28"
21450,5142,4,"2023-07-08 17:40:46"
21451,3640,4,"2024-01-14 14:48:47"
21452,278,4,"2024-02-16 13:54:30"
21453,5331,4,"2023-12-21 07:05:17"
21454,2512,4,"2023-09-03 19:55:50"
21455,5842,4,"2023-09-09 22:53:58"
21456,2510,4,"2024-04-17 06:59:09"
21457,4030,4,"2024-02-05 17:20:17"
21458,155,4,"2024-04-21 00:21:15"
21459,3968,4,"2024-01-19 20:56:00"
21460,5382,4,"2024-04-28 03:13:40"
21461,6806,4,"2023-09-08 05:58:56"
21462,6881,4,"2023-07-14 09:05:00"
21463,2161,4,"2024-02-09 14:32:11"
21464,5965,4,"2023-11-06 04:00:08"
21465,3013,4,"2024-02-03 13:31:35"
21466,631,4,"2023-08-07 12:31:31"
21467,7218,4,"2024-01-25 23:15:49"
21468,2391,4,"2024-01-29 19:03:13"
21469,4130,4,"2024-04-18 22:32:07"
21470,3989,4,"2024-05-25 10:05:50"
21471,4008,4,"2023-10-04 08:48:34"
21472,743,4,"2024-06-07 17:53:45"
21473,4686,4,"2023-12-31 23:25:04"
21474,7342,4,"2024-02-27 05:13:33"
21475,3789,4,"2024-05-03 17:22:34"
21476,1855,4,"2024-05-28 05:04:11"
21477,5399,4,"2023-09-02 10:15:21"
21478,7092,4,"2023-09-26 17:09:04"
21479,6467,4,"2023-09-26 02:02:44"
21480,3126,4,"2024-04-19 10:59:24"
21481,2589,4,"2024-03-17 01:12:10"
21482,6398,4,"2023-08-22 20:42:53"
21483,7148,4,"2024-01-16 07:02:02"
21484,6971,4,"2023-10-05 10:15:55"
21485,5296,4,"2023-08-04 20:03:33"
21486,6089,4,"2023-10-07 09:12:00"
21487,6835,4,"2023-12-07 00:35:38"
21488,1272,4,"2023-11-29 17:17:42"
21489,3047,4,"2024-03-27 13:39:34"
21490,3576,4,"2023-08-12 14:17:16"
21491,6825,4,"2023-08-09 22:47:35"
21492,368,4,"2024-06-02 21:46:11"
21493,5033,4,"2023-10-25 19:09:33"
21494,3380,4,"2023-08-08 16:59:13"
21495,29,4,"2024-02-01 07:10:37"
21496,3030,4,"2023-10-27 11:56:40"
21497,1771,4,"2024-01-20 08:01:59"
21498,433,4,"2023-10-14 13:27:43"
21499,6674,4,"2024-04-26 16:35:55"
21500,3830,4,"2023-06-30 07:41:48"
21501,1976,4,"2023-12-19 05:46:35"
21502,1397,4,"2023-12-03 08:32:23"
21503,2952,4,"2023-08-01 04:11:37"
21504,1567,4,"2023-07-16 14:56:40"
21505,3718,4,"2023-07-27 19:28:05"
21506,2750,4,"2023-12-12 22:52:17"
21507,6144,4,"2024-03-14 14:53:56"
21508,5022,4,"2024-03-11 15:17:12"
21509,2935,4,"2024-02-01 08:52:28"
21510,3866,4,"2024-05-20 01:14:46"
21511,4043,4,"2024-04-29 07:49:50"
21512,6319,4,"2024-01-23 18:12:20"
21513,6137,4,"2024-05-22 14:17:34"
21514,3587,4,"2024-03-26 12:35:25"
21515,1539,4,"2024-01-23 02:18:45"
21516,4393,4,"2023-12-07 04:29:29"
21517,3870,4,"2023-07-26 14:57:43"
21518,1019,4,"2024-03-29 04:13:10"
21519,1196,4,"2023-07-18 10:29:58"
21520,5232,4,"2024-03-03 09:24:37"
21521,5783,4,"2024-05-28 20:04:44"
21522,6401,4,"2023-12-12 12:18:48"
21523,2624,4,"2023-12-10 12:04:53"
21524,4190,4,"2023-12-12 19:02:18"
21525,1494,4,"2024-02-22 09:29:51"
21526,1501,4,"2024-01-17 09:55:52"
21527,5563,4,"2024-02-04 23:10:42"
21528,7480,4,"2024-02-19 12:29:40"
21529,6884,4,"2024-04-17 16:23:07"
21530,1727,4,"2024-03-19 13:16:39"
21531,962,4,"2023-11-10 12:25:17"
21532,960,4,"2023-10-11 11:20:21"
21533,2846,4,"2023-11-19 15:29:39"
21534,732,4,"2024-01-03 07:43:18"
21535,4095,4,"2024-06-02 00:45:00"
21536,3654,4,"2024-05-20 22:59:29"
21537,4947,4,"2023-07-04 14:03:10"
21538,2402,4,"2023-07-31 22:38:19"
21539,5003,4,"2023-07-13 19:44:22"
21540,2140,4,"2023-10-22 06:02:50"
21541,5385,4,"2023-08-14 22:48:14"
21542,837,4,"2023-12-02 20:10:58"
21543,1191,4,"2023-11-20 22:54:16"
21544,5526,4,"2023-12-07 05:07:04"
21545,2484,4,"2023-07-17 00:22:20"
21546,7007,4,"2024-01-09 02:39:52"
21547,4256,4,"2023-09-14 11:31:57"
21548,3803,4,"2024-02-26 15:24:54"
21549,3461,4,"2023-07-04 09:39:18"
21550,6128,4,"2023-10-09 10:35:46"
21551,2007,4,"2023-06-30 18:11:55"
21552,729,4,"2023-12-21 19:27:42"
21553,3344,4,"2024-04-03 12:47:48"
21554,6685,4,"2024-03-25 00:43:52"
21555,5318,4,"2024-01-24 00:35:05"
21556,5798,4,"2023-07-08 22:27:14"
21557,5542,4,"2023-10-31 02:05:48"
21558,4002,4,"2024-06-05 09:12:34"
21559,3507,4,"2023-11-14 06:50:05"
21560,2108,4,"2024-05-21 07:10:45"
21561,4458,4,"2024-03-08 12:30:00"
21562,312,4,"2024-02-07 20:33:22"
21563,2068,4,"2023-12-13 06:16:51"
21564,2394,4,"2024-04-11 15:37:43"
21565,7542,4,"2023-07-29 04:19:07"
21566,3685,4,"2023-11-25 14:12:46"
21567,5859,4,"2024-03-04 03:13:09"
21568,2897,4,"2024-02-21 07:59:17"
21569,5249,4,"2024-02-27 16:50:06"
21570,4510,4,"2023-06-29 02:28:33"
21571,3923,4,"2024-06-07 14:02:50"
21572,1177,4,"2023-12-05 04:58:57"
21573,264,4,"2023-08-23 15:51:19"
21574,1752,4,"2023-11-30 06:37:20"
21575,5608,4,"2024-04-30 02:36:36"
21576,7430,4,"2024-06-04 16:43:10"
21577,183,4,"2024-01-27 09:38:26"
21578,3663,4,"2024-01-21 15:45:41"
21579,2962,4,"2024-02-20 20:07:26"
21580,1329,4,"2024-02-05 02:58:49"
21581,3750,4,"2024-01-20 05:19:09"
21582,3411,4,"2023-11-23 22:51:18"
21583,6615,4,"2023-09-09 22:21:14"
21584,6955,4,"2024-01-21 08:39:09"
21585,11,4,"2023-12-23 22:15:16"
21586,5637,4,"2023-08-10 22:55:44"
21587,714,4,"2024-01-12 06:38:18"
21588,7224,4,"2024-02-26 18:04:28"
21589,215,4,"2024-04-10 20:50:44"
21590,5850,4,"2023-06-26 01:05:20"
21591,4331,4,"2023-09-26 23:46:40"
21592,938,4,"2024-06-12 09:53:55"
21593,2888,4,"2023-06-24 01:41:35"
21594,1968,4,"2023-11-13 14:47:48"
21595,2417,4,"2024-06-13 10:19:40"
21596,7158,4,"2023-11-14 02:53:11"
21597,7170,4,"2023-12-17 13:41:21"
21598,325,4,"2023-11-17 05:22:47"
21599,4391,4,"2024-04-06 19:24:10"
21600,582,4,"2024-06-09 00:05:09"
21601,390,4,"2023-12-22 03:46:30"
21602,2180,4,"2023-08-19 07:47:38"
21603,952,4,"2024-01-14 23:27:38"
21604,2535,4,"2024-02-07 16:38:09"
21605,2818,4,"2023-07-07 02:17:32"
21606,481,4,"2023-11-08 20:16:16"
21607,866,4,"2023-08-11 11:35:15"
21608,6563,4,"2024-02-17 16:34:55"
21609,6940,4,"2023-09-28 21:26:39"
21610,6597,4,"2023-07-31 03:01:20"
21611,2981,4,"2023-08-16 23:41:39"
21612,2309,4,"2023-07-29 22:13:15"
21613,3615,4,"2023-07-11 10:23:29"
21614,3990,4,"2023-10-30 20:59:10"
21615,6177,4,"2024-02-08 17:11:23"
21616,5468,4,"2024-04-04 22:04:29"
21617,7025,4,"2023-07-11 19:48:32"
21618,6421,4,"2023-08-14 11:44:34"
21619,4731,4,"2023-08-21 03:19:48"
21620,4976,4,"2024-02-09 06:52:12"
21621,5915,4,"2024-06-11 11:35:38"
21622,5157,4,"2023-07-22 18:48:37"
21623,2780,4,"2023-10-03 04:25:03"
21624,2043,4,"2023-10-21 15:30:32"
21625,3006,4,"2023-11-11 02:05:56"
21626,5081,4,"2023-08-31 09:02:50"
21627,2784,4,"2023-11-13 12:17:01"
21628,5167,4,"2023-12-31 07:48:10"
21629,1664,4,"2024-05-28 17:18:39"
21630,4727,4,"2024-05-26 10:11:19"
21631,6455,4,"2023-09-23 13:33:57"
21632,4146,4,"2024-03-15 10:36:18"
21633,5096,4,"2023-11-15 23:22:58"
21634,4927,4,"2024-01-24 22:33:53"
21635,2646,4,"2024-05-28 02:30:06"
21636,4143,4,"2023-09-07 22:28:57"
21637,3966,4,"2024-04-22 20:58:00"
21638,2474,4,"2023-10-20 17:36:23"
21639,666,4,"2024-05-01 09:41:12"
21640,484,4,"2023-10-26 15:20:00"
21641,3759,4,"2023-09-23 21:07:52"
21642,5977,4,"2023-11-16 15:29:18"
21643,4396,4,"2023-12-29 09:03:07"
21644,2942,4,"2024-06-08 22:06:29"
21645,723,4,"2024-02-16 17:26:47"
21646,7507,4,"2024-05-02 07:57:40"
21647,6007,4,"2023-07-13 01:10:43"
21648,386,4,"2024-04-13 21:15:56"
21649,2404,4,"2024-03-10 23:58:13"
21650,6601,4,"2023-08-09 07:25:53"
21651,2865,4,"2024-03-30 22:37:45"
21652,4006,4,"2023-07-12 22:34:07"
21653,1533,4,"2024-06-08 13:52:11"
21654,5410,4,"2023-08-08 17:12:29"
21655,5814,4,"2023-11-27 04:59:17"
21656,5048,4,"2023-09-25 04:55:52"
21657,6618,4,"2023-07-26 03:06:14"
21658,769,4,"2024-04-03 23:25:28"
21659,1078,4,"2023-12-28 18:57:19"
21660,6652,4,"2024-03-31 16:25:22"
21661,7462,4,"2024-01-20 09:13:43"
21662,6496,4,"2024-01-08 15:43:44"
21663,4704,4,"2023-08-17 05:29:59"
21664,1011,4,"2023-11-02 23:04:12"
21665,1181,4,"2023-09-05 13:35:43"
21666,3182,4,"2023-09-23 19:14:16"
21667,3952,4,"2023-07-13 17:09:08"
21668,2717,4,"2024-01-31 14:41:01"
21669,3354,4,"2024-03-25 06:11:35"
21670,4284,4,"2023-10-13 11:02:42"
21671,2036,4,"2023-12-26 19:05:15"
21672,1511,4,"2024-03-23 05:17:22"
21673,3220,4,"2023-10-28 14:14:36"
21674,3232,4,"2023-08-04 16:57:05"
21675,7273,4,"2023-10-17 12:25:14"
21676,2102,4,"2024-03-28 11:44:18"
21677,1568,4,"2023-09-21 13:03:19"
21678,4336,4,"2024-04-21 19:10:45"
21679,7046,4,"2023-08-22 07:52:40"
21680,2173,4,"2023-07-01 02:37:34"
21681,2413,4,"2024-03-03 06:20:29"
21682,2927,4,"2023-08-02 06:36:50"
21683,3919,4,"2024-04-30 04:13:53"
21684,6426,4,"2024-05-09 10:51:08"
21685,7255,4,"2024-03-26 07:34:29"
21686,2384,4,"2023-08-15 21:13:40"
21687,363,4,"2024-05-08 12:04:16"
21688,5509,4,"2023-11-21 06:21:40"
21689,2335,4,"2024-04-12 11:35:22"
21690,5661,4,"2023-08-01 05:24:11"
21691,1889,4,"2024-05-25 08:25:20"
21692,5334,4,"2024-03-15 17:19:28"
21693,1736,4,"2023-09-11 14:11:15"
21694,1285,4,"2024-02-28 11:03:48"
21695,4608,4,"2023-11-26 18:47:44"
21696,6978,4,"2024-05-26 02:07:47"
21697,7087,4,"2023-08-13 23:08:43"
21698,5788,4,"2023-08-14 06:54:02"
21699,137,4,"2023-11-14 12:25:39"
21700,4231,4,"2023-08-12 05:41:00"
21701,927,4,"2023-09-30 08:17:47"
21702,7312,4,"2023-08-03 11:25:12"
21703,2769,4,"2024-02-01 23:01:40"
21704,2749,4,"2024-05-26 18:24:34"
21705,3931,4,"2023-12-19 22:52:04"
21706,5708,4,"2023-12-20 13:18:20"
21707,3517,4,"2023-10-30 10:44:40"
21708,6521,4,"2024-06-07 21:41:59"
21709,2066,4,"2023-09-01 12:37:40"
21710,226,4,"2023-08-13 23:50:38"
21711,1902,4,"2023-07-29 09:58:21"
21712,6540,4,"2023-07-20 23:48:44"
21713,4856,4,"2024-02-19 11:18:10"
21714,262,4,"2023-08-27 13:43:21"
21715,6707,4,"2024-03-08 23:32:54"
21716,2336,4,"2023-07-22 11:32:56"
21717,571,4,"2023-11-30 11:18:11"
21718,1112,4,"2023-07-11 18:56:32"
21719,2220,4,"2023-09-10 16:03:16"
21720,6741,4,"2024-02-18 10:23:27"
21721,5004,4,"2023-10-20 06:31:52"
21722,2576,4,"2023-09-26 10:33:00"
21723,3155,4,"2023-08-12 17:42:27"
21724,7545,4,"2024-02-04 12:37:59"
21725,5402,4,"2024-02-06 05:08:48"
21726,6724,4,"2023-07-01 21:06:06"
21727,1963,4,"2024-04-06 13:47:15"
21728,2021,4,"2023-11-20 22:01:06"
21729,2444,4,"2023-08-02 15:23:45"
21730,1838,4,"2023-11-29 13:50:26"
21731,7360,4,"2024-05-14 18:34:10"
21732,6970,4,"2024-03-26 23:22:59"
21733,3774,4,"2023-11-15 19:16:46"
21734,6278,4,"2023-12-31 18:44:43"
21735,2165,4,"2024-03-18 05:32:38"
21736,559,4,"2024-04-01 17:21:11"
21737,6803,4,"2024-06-02 21:53:32"
21738,6656,4,"2024-04-11 23:33:21"
21739,6300,4,"2023-07-31 18:09:39"
21740,894,4,"2024-03-25 06:26:07"
21741,3222,4,"2023-10-08 15:09:31"
21742,1356,4,"2024-05-19 11:59:10"
21743,33,4,"2023-08-27 05:40:12"
21744,4258,4,"2024-05-03 11:39:29"
21745,6578,4,"2023-11-03 11:27:16"
21746,2657,4,"2023-12-04 23:53:38"
21747,344,4,"2023-08-09 10:36:59"
21748,3497,4,"2023-08-10 15:02:05"
21749,6091,4,"2023-12-19 16:10:53"
21750,145,4,"2024-02-19 01:44:48"
21751,309,4,"2023-06-22 00:56:30"
21752,6847,4,"2024-05-21 13:55:04"
21753,933,4,"2024-02-22 00:42:46"
21754,5275,4,"2024-05-24 13:19:14"
21755,5489,4,"2023-08-03 08:08:29"
21756,6071,4,"2023-11-01 18:32:22"
21757,5266,4,"2024-06-09 17:24:50"
21758,6282,4,"2023-12-07 22:13:13"
21759,1683,4,"2024-04-10 04:16:55"
21760,3765,4,"2023-07-29 14:09:19"
21761,3890,4,"2024-03-26 21:28:14"
21762,6820,4,"2023-06-21 10:23:37"
21763,5184,4,"2024-02-16 11:39:31"
21764,7433,4,"2023-09-30 08:22:50"
21765,3324,4,"2024-01-08 21:40:39"
21766,4894,4,"2024-04-25 05:23:06"
21767,174,4,"2023-08-04 20:17:38"
21768,4743,4,"2023-09-27 01:43:01"
21769,4994,4,"2023-10-01 10:02:43"
21770,3205,4,"2024-03-13 18:30:30"
21771,7228,4,"2023-12-25 01:02:50"
21772,5822,4,"2024-03-11 06:10:43"
21773,158,4,"2023-12-06 07:47:43"
21774,2252,4,"2023-09-28 06:34:55"
21775,1107,4,"2023-07-30 08:39:27"
21776,2139,4,"2023-06-27 22:44:08"
21777,3881,4,"2024-01-17 09:40:45"
21778,6853,4,"2024-05-03 07:28:46"
21779,7120,4,"2024-04-25 10:48:00"
21780,2486,4,"2023-10-28 23:35:01"
21781,2696,4,"2024-05-03 23:21:39"
21782,7530,4,"2023-11-17 06:48:49"
21783,2768,4,"2023-11-10 23:36:13"
21784,7382,4,"2024-02-19 08:01:04"
21785,1309,4,"2023-09-10 07:29:14"
21786,396,4,"2024-04-13 12:26:17"
21787,5241,4,"2024-01-16 17:56:29"
21788,5963,4,"2024-01-08 17:07:40"
21789,6531,4,"2024-04-18 19:49:39"
21790,2958,4,"2023-08-23 20:02:07"
21791,4061,4,"2023-09-01 10:24:32"
21792,1193,4,"2023-10-04 22:57:21"
21793,2439,4,"2024-01-10 04:22:46"
21794,1444,4,"2023-11-27 03:52:34"
21795,1917,4,"2023-08-27 05:26:43"
21796,1691,4,"2024-05-17 17:12:09"
21797,3849,4,"2023-07-23 10:57:58"
21798,2695,4,"2024-05-24 20:07:30"
21799,3744,4,"2023-07-19 09:06:52"
21800,1974,4,"2024-02-08 05:12:50"
21801,6668,4,"2023-11-30 08:52:08"
21802,749,4,"2023-11-18 04:23:28"
21803,47,4,"2023-09-10 01:47:10"
21804,1786,4,"2024-01-10 04:58:33"
21805,5566,4,"2024-04-02 19:27:25"
21806,2752,4,"2024-01-16 05:21:00"
21807,3635,4,"2024-02-09 01:17:01"
21808,5237,4,"2024-01-27 17:26:10"
21809,576,4,"2024-05-22 16:26:01"
21810,3611,4,"2024-04-29 18:42:47"
21811,4362,4,"2023-08-19 13:53:36"
21812,4026,4,"2023-10-04 13:23:43"
21813,5697,4,"2023-06-25 05:59:18"
21814,1775,4,"2023-06-22 12:49:35"
21815,4780,4,"2023-09-23 04:13:09"
21816,1982,4,"2024-01-17 22:16:13"
21817,5141,4,"2023-07-07 06:16:53"
21818,5446,4,"2024-01-20 06:41:23"
21819,5803,4,"2024-05-25 20:02:26"
21820,4781,4,"2024-03-22 02:26:56"
21821,1958,4,"2023-12-27 12:54:55"
21822,2538,4,"2024-04-21 03:08:32"
21823,6183,4,"2023-10-01 06:44:42"
21824,4156,4,"2024-01-08 21:01:55"
21825,1766,4,"2023-07-06 00:31:55"
21826,4533,4,"2023-10-24 11:47:21"
21827,411,4,"2024-04-20 10:57:26"
21828,2429,4,"2023-10-17 01:54:28"
21829,2934,4,"2024-01-27 01:32:24"
21830,5080,4,"2023-10-18 13:12:34"
21831,5778,4,"2024-04-16 20:01:01"
21832,7110,4,"2024-03-28 00:15:18"
21833,4209,4,"2023-08-28 03:27:24"
21834,6136,4,"2023-12-05 15:46:28"
21835,191,4,"2023-06-27 23:53:16"
21836,2765,4,"2024-03-24 14:39:32"
21837,1376,4,"2023-10-11 22:29:19"
21838,1268,4,"2024-02-21 06:06:17"
21839,2921,4,"2024-04-22 19:27:14"
21840,6611,4,"2024-05-26 16:05:23"
21841,2301,4,"2023-07-29 01:59:17"
21842,2245,4,"2024-06-04 14:48:23"
21843,7306,4,"2024-01-30 15:08:50"
21844,4454,5,"2024-02-03 15:10:53"
21845,908,5,"2023-11-28 15:45:05"
21846,3301,5,"2023-10-08 04:40:05"
21847,4722,5,"2024-03-15 19:21:15"
21848,4904,5,"2023-07-26 05:45:15"
21849,298,5,"2023-09-14 23:42:45"
21850,402,5,"2023-07-12 02:32:36"
21851,160,5,"2024-02-13 13:48:06"
21852,2916,5,"2024-04-14 14:49:03"
21853,4530,5,"2024-03-03 01:15:35"
21854,1311,5,"2024-04-18 00:03:38"
21855,3337,5,"2023-07-18 13:58:09"
21856,4418,5,"2024-03-05 21:09:11"
21857,2944,5,"2023-08-14 14:07:21"
21858,6287,5,"2023-11-03 22:21:19"
21859,5656,5,"2024-04-25 10:04:40"
21860,1878,5,"2024-04-27 15:56:06"
21861,4931,5,"2023-10-16 13:41:32"
21862,5182,5,"2024-06-06 02:46:38"
21863,2882,5,"2023-08-31 10:46:37"
21864,555,5,"2023-12-18 09:08:23"
21865,1010,5,"2024-02-02 16:51:08"
21866,1836,5,"2024-01-14 22:14:29"
21867,2383,5,"2023-08-22 05:23:52"
21868,1693,5,"2024-01-19 16:47:29"
21869,2353,5,"2024-03-28 13:11:46"
21870,5501,5,"2024-03-10 09:59:34"
21871,811,5,"2024-05-26 02:37:48"
21872,5070,5,"2024-04-03 12:17:12"
21873,3253,5,"2023-09-27 00:23:42"
21874,7043,5,"2024-01-05 23:23:31"
21875,7281,5,"2023-08-01 05:06:19"
21876,2704,5,"2023-11-30 01:45:17"
21877,5667,5,"2024-04-19 03:38:29"
21878,2835,5,"2024-03-24 02:41:37"
21879,3269,5,"2024-03-17 08:57:01"
21880,4714,5,"2023-08-28 19:59:58"
21881,4015,5,"2023-07-23 13:05:30"
21882,2101,5,"2024-02-22 01:57:32"
21883,5891,5,"2024-02-07 22:15:41"
21884,4852,5,"2023-08-11 00:56:00"
21885,4419,5,"2023-11-11 20:12:15"
21886,5272,5,"2024-05-01 06:46:56"
21887,2524,5,"2023-07-17 11:21:30"
21888,4590,5,"2024-05-02 11:13:37"
21889,3117,5,"2024-04-17 06:24:20"
21890,7033,5,"2024-01-27 10:35:38"
21891,6043,5,"2023-07-27 20:13:23"
21892,2663,5,"2024-04-03 12:11:06"
21893,4055,5,"2024-03-09 13:22:47"
21894,5395,5,"2024-01-14 22:17:26"
21895,3521,5,"2023-10-20 08:35:24"
21896,1405,5,"2023-12-23 20:36:53"
21897,4472,5,"2024-01-03 21:32:33"
21898,2190,5,"2023-08-08 14:08:04"
21899,250,5,"2023-11-08 05:48:54"
21900,6931,5,"2024-01-15 02:55:33"
21901,3719,5,"2024-02-18 03:43:49"
21902,6679,5,"2023-08-09 02:27:22"
21903,3496,5,"2024-02-24 20:27:39"
21904,880,5,"2024-04-10 09:12:06"
21905,5796,5,"2024-04-02 14:16:30"
21906,6744,5,"2023-12-06 05:56:50"
21907,1809,5,"2024-01-03 04:52:41"
21908,2351,5,"2024-02-20 19:26:02"
21909,4646,5,"2023-08-29 23:09:27"
21910,7253,5,"2023-12-11 10:51:01"
21911,5093,5,"2024-05-28 09:52:21"
21912,7380,5,"2023-09-29 13:13:14"
21913,3653,5,"2024-02-12 16:41:33"
21914,4241,5,"2024-05-11 11:30:19"
21915,522,5,"2023-10-16 03:47:20"
21916,1506,5,"2024-06-14 08:33:08"
21917,1103,5,"2023-08-11 06:20:09"
21918,3556,5,"2023-08-22 12:35:08"
21919,1074,5,"2024-05-23 14:17:11"
21920,4187,5,"2024-02-04 18:02:33"
21921,6286,5,"2024-02-22 19:49:57"
21922,4721,5,"2023-08-31 17:16:50"
21923,6919,5,"2023-06-27 01:53:15"
21924,5866,5,"2023-10-09 04:41:43"
21925,5543,5,"2024-05-02 23:30:59"
21926,1447,5,"2024-01-06 05:25:20"
21927,2502,5,"2024-04-05 11:28:47"
21928,91,5,"2024-04-03 13:48:36"
21929,4597,5,"2024-01-06 14:20:24"
21930,3414,5,"2024-02-09 10:33:01"
21931,5247,5,"2023-10-02 17:29:34"
21932,3464,5,"2023-12-20 00:58:37"
21933,6131,5,"2024-01-15 14:36:43"
21934,1614,5,"2024-04-05 01:13:18"
21935,2690,5,"2023-10-02 05:02:14"
21936,2726,5,"2023-07-03 03:12:14"
21937,4287,5,"2023-10-11 21:17:40"
21938,7028,5,"2023-07-09 07:03:33"
21939,6023,5,"2024-01-06 11:05:06"
21940,1394,5,"2023-10-09 06:15:38"
21941,6045,5,"2024-03-09 02:59:52"
21942,3433,5,"2024-03-18 09:15:44"
21943,1317,5,"2023-10-07 16:43:18"
21944,271,5,"2024-03-03 15:53:13"
21945,3739,5,"2024-02-01 02:46:32"
21946,6782,5,"2023-12-30 13:38:01"
21947,641,5,"2023-10-12 05:56:03"
21948,7322,5,"2024-02-17 22:34:25"
21949,1325,5,"2024-02-08 18:17:35"
21950,5008,5,"2023-07-17 13:52:51"
21951,7408,5,"2023-12-11 14:19:04"
21952,5064,5,"2023-12-31 15:34:59"
21953,6371,5,"2024-04-16 15:18:44"
21954,6515,5,"2023-08-07 14:38:25"
21955,4359,5,"2024-02-29 17:59:15"
21956,2660,5,"2023-07-06 11:28:37"
21957,3360,5,"2024-01-10 01:11:46"
21958,858,5,"2023-10-30 17:00:52"
21959,6623,5,"2024-05-19 09:47:32"
21960,6591,5,"2024-05-06 16:55:46"
21961,5243,5,"2024-01-24 02:27:38"
21962,6675,5,"2024-02-28 22:54:16"
21963,1239,5,"2024-06-07 19:24:53"
21964,5820,5,"2024-05-23 18:34:44"
21965,3501,5,"2023-11-30 19:30:16"
21966,3746,5,"2023-12-26 17:08:20"
21967,7274,5,"2023-10-05 09:25:53"
21968,735,5,"2024-03-13 21:04:51"
21969,1978,5,"2023-11-23 23:31:17"
21970,1315,5,"2024-01-28 21:07:09"
21971,3772,5,"2023-06-29 07:31:09"
21972,1742,5,"2023-09-21 17:49:20"
21973,4796,5,"2024-06-07 07:35:26"
21974,708,5,"2023-09-24 17:24:35"
21975,5991,5,"2023-08-18 22:09:31"
21976,3659,5,"2023-07-30 10:41:03"
21977,1333,5,"2024-06-03 12:02:00"
21978,3015,5,"2024-03-24 12:18:00"
21979,4356,5,"2023-07-28 05:25:18"
21980,417,5,"2023-12-30 13:23:49"
21981,4245,5,"2024-02-10 23:56:39"
21982,329,5,"2023-07-05 21:35:18"
21983,2649,5,"2023-12-13 00:47:29"
21984,7067,5,"2024-03-11 01:19:50"
21985,3724,5,"2023-11-16 08:27:40"
21986,7477,5,"2024-04-05 15:02:43"
21987,5406,5,"2023-08-10 01:28:46"
21988,660,5,"2024-04-05 03:06:58"
21989,6189,5,"2023-08-27 15:40:05"
21990,5281,5,"2023-09-06 08:39:40"
21991,3261,5,"2024-02-05 23:54:33"
21992,2872,5,"2023-12-24 03:25:39"
21993,5646,5,"2024-01-31 01:13:16"
21994,1183,5,"2024-04-07 23:39:27"
21995,6237,5,"2024-02-14 11:10:22"
21996,3745,5,"2024-01-28 19:06:44"
21997,2980,5,"2024-05-08 17:15:29"
21998,4955,5,"2024-01-08 10:35:41"
21999,6883,5,"2023-06-26 14:56:35"
22000,134,5,"2024-05-02 21:03:12"
22001,3079,5,"2024-05-12 07:10:32"
22002,4699,5,"2023-09-25 17:39:45"
22003,1023,5,"2024-04-16 10:36:14"
22004,5123,5,"2023-08-19 03:42:17"
22005,5691,5,"2023-06-28 14:50:23"
22006,3009,5,"2023-12-29 21:50:04"
22007,336,5,"2024-01-31 10:42:11"
22008,7349,5,"2023-09-15 14:30:43"
22009,4366,5,"2024-05-11 06:00:29"
22010,6663,5,"2023-12-19 03:33:24"
22011,3455,5,"2024-01-13 17:13:41"
22012,4929,5,"2024-01-08 01:33:44"
22013,4101,5,"2023-07-13 16:10:08"
22014,1528,5,"2023-10-24 18:14:52"
22015,2405,5,"2024-02-19 14:19:56"
22016,1015,5,"2024-02-10 12:52:17"
22017,5303,5,"2023-08-09 21:46:32"
22018,793,5,"2023-10-16 05:57:44"
22019,3959,5,"2023-11-16 19:48:10"
22020,2340,5,"2024-03-24 21:05:16"
22021,2475,5,"2024-03-21 14:29:04"
22022,3954,5,"2023-12-10 03:11:03"
22023,7200,5,"2023-11-18 14:55:18"
22024,5364,5,"2024-01-16 03:37:28"
22025,6004,5,"2023-08-30 18:42:19"
22026,2543,5,"2023-08-13 17:23:11"
22027,6054,5,"2023-11-14 23:53:46"
22028,6598,5,"2024-03-01 16:44:42"
22029,283,5,"2023-06-28 15:09:50"
22030,6798,5,"2024-01-13 18:42:42"
22031,6441,5,"2024-05-29 11:59:54"
22032,6066,5,"2024-01-25 04:48:37"
22033,3388,5,"2023-10-31 09:24:09"
22034,1951,5,"2024-02-12 21:13:45"
22035,7212,5,"2024-01-03 14:03:22"
22036,6205,5,"2023-12-03 05:15:39"
22037,3300,5,"2024-01-19 04:36:42"
22038,1540,5,"2023-11-01 18:24:00"
22039,1400,5,"2024-05-02 02:16:00"
22040,552,5,"2023-09-28 06:27:57"
22041,1029,5,"2023-12-28 21:41:00"
22042,4013,5,"2024-02-20 20:00:38"
22043,6036,5,"2024-02-27 00:03:49"
22044,489,5,"2024-03-29 22:46:32"
22045,7266,5,"2024-03-23 00:00:21"
22046,5680,5,"2023-10-15 20:33:52"
22047,495,5,"2024-02-12 19:50:22"
22048,4871,5,"2024-02-11 11:09:06"
22049,890,5,"2024-01-16 15:00:00"
22050,5343,5,"2024-01-22 09:12:38"
22051,7095,5,"2023-09-26 10:32:36"
22052,2877,5,"2023-07-02 09:40:59"
22053,1070,5,"2023-10-16 18:23:25"
22054,3049,5,"2023-10-23 11:24:16"
22055,2813,5,"2023-12-25 22:14:51"
22056,7276,5,"2024-05-08 10:33:30"
22057,4900,5,"2024-01-27 07:08:39"
22058,1600,5,"2023-11-08 17:29:29"
22059,6178,5,"2023-08-19 02:53:03"
22060,3804,5,"2024-02-23 07:55:10"
22061,901,5,"2024-02-25 03:31:38"
22062,3422,5,"2024-04-28 12:02:45"
22063,1473,5,"2023-08-04 03:40:05"
22064,595,5,"2023-11-09 11:14:44"
22065,107,5,"2023-10-10 16:33:57"
22066,5765,5,"2023-09-21 16:20:33"
22067,932,5,"2023-12-29 04:21:59"
22068,2758,5,"2023-12-07 17:49:38"
22069,6133,5,"2023-10-26 12:58:27"
22070,5858,5,"2023-09-14 21:30:20"
22071,7521,5,"2024-06-14 04:21:24"
22072,4115,5,"2024-05-12 20:17:53"
22073,907,5,"2023-07-17 11:18:59"
22074,3842,5,"2024-04-18 12:31:10"
22075,2079,5,"2023-11-01 11:03:05"
22076,5011,5,"2024-04-22 16:03:44"
22077,872,5,"2023-12-29 08:34:18"
22078,773,5,"2023-07-01 07:35:36"
22079,3034,5,"2023-10-29 01:44:27"
22080,1439,5,"2024-04-29 05:17:02"
22081,1937,5,"2023-08-16 22:02:55"
22082,6015,5,"2023-09-06 08:38:08"
22083,680,5,"2023-09-28 06:32:10"
22084,5547,5,"2024-03-21 20:44:58"
22085,1451,5,"2024-05-02 12:20:47"
22086,6516,5,"2023-09-10 18:59:42"
22087,1944,5,"2023-06-24 16:31:59"
22088,2959,5,"2023-10-05 05:48:48"
22089,382,5,"2024-02-09 22:14:43"
22090,5737,5,"2023-10-11 06:20:54"
22091,4229,5,"2024-02-14 09:46:34"
22092,3664,5,"2023-12-11 09:03:56"
22093,3170,5,"2024-01-14 04:53:54"
22094,2302,5,"2023-11-20 03:20:15"
22095,7206,5,"2024-01-07 00:06:00"
22096,2816,5,"2024-03-12 12:22:51"
22097,3486,5,"2024-04-11 10:22:46"
22098,7227,5,"2023-09-25 11:45:24"
22099,5068,5,"2023-09-09 05:35:34"
22100,4958,5,"2023-10-07 07:02:22"
22101,3362,5,"2024-03-25 03:54:02"
22102,5777,5,"2023-12-17 20:57:53"
22103,4532,5,"2024-04-04 20:48:42"
22104,4011,5,"2024-04-23 03:07:43"
22105,169,5,"2023-07-11 09:57:14"
22106,5504,5,"2024-02-24 12:41:48"
22107,3770,5,"2023-06-22 08:58:04"
22108,5208,5,"2024-03-24 00:51:07"
22109,5469,5,"2023-08-28 11:10:55"
22110,1745,5,"2023-10-23 15:24:50"
22111,3330,5,"2023-10-02 03:06:52"
22112,6085,5,"2024-01-04 08:32:48"
22113,6359,5,"2023-10-21 05:57:33"
22114,5640,5,"2024-05-20 13:34:38"
22115,5611,5,"2023-09-09 18:59:58"
22116,1484,5,"2024-05-29 01:08:13"
22117,1761,5,"2023-12-19 03:03:03"
22118,2841,5,"2024-02-02 11:13:35"
22119,10,5,"2023-11-15 04:13:49"
22120,974,5,"2024-02-19 22:49:23"
22121,32,5,"2024-05-24 04:13:09"
22122,2379,5,"2024-04-09 01:03:07"
22123,2795,5,"2023-11-01 00:20:15"
22124,4655,5,"2023-12-06 07:24:36"
22125,6338,5,"2023-12-21 20:10:17"
22126,3823,5,"2023-08-15 18:16:42"
22127,4684,5,"2023-08-11 18:11:51"
22128,1620,5,"2023-09-15 00:05:44"
22129,961,5,"2024-05-30 00:27:51"
22130,1744,5,"2024-03-29 08:34:18"
22131,1980,5,"2023-11-14 17:20:48"
22132,627,5,"2023-11-07 20:17:08"
22133,4360,5,"2023-11-21 07:50:45"
22134,49,5,"2023-09-01 11:27:45"
22135,4052,5,"2024-04-09 16:30:26"
22136,1090,5,"2024-01-27 08:42:58"
22137,4409,5,"2023-12-31 18:01:57"
22138,7289,5,"2023-11-23 12:54:44"
22139,4142,5,"2023-09-03 18:47:09"
22140,4527,5,"2023-11-05 20:10:49"
22141,5657,5,"2023-10-07 02:01:26"
22142,1152,5,"2024-05-06 19:57:21"
22143,7145,5,"2024-01-20 12:48:48"
22144,7370,6,"2023-06-29 19:12:47"
22145,434,6,"2023-11-01 01:22:28"
22146,4425,6,"2024-01-07 07:47:49"
22147,5881,6,"2023-10-15 03:32:28"
22148,6311,6,"2024-05-16 16:48:49"
22149,6040,6,"2024-02-11 03:36:29"
22150,2935,6,"2024-02-01 13:40:28"
22151,6599,6,"2024-05-22 06:04:37"
22152,1018,6,"2024-03-21 04:15:44"
22153,4401,6,"2023-09-11 16:48:37"
22154,7280,6,"2024-05-30 12:29:02"
22155,897,6,"2023-10-31 19:07:38"
22156,1150,6,"2024-01-01 05:38:09"
22157,5480,6,"2024-06-10 05:24:53"
22158,6868,6,"2023-12-26 19:11:04"
22159,5235,6,"2024-01-11 14:33:34"
22160,1367,6,"2024-05-21 19:45:32"
22161,5400,6,"2023-09-26 12:52:36"
22162,5240,6,"2023-09-23 08:59:29"
22163,5909,6,"2023-09-01 18:26:51"
22164,1480,6,"2023-09-10 04:36:08"
22165,1762,6,"2024-04-29 06:02:51"
22166,1916,6,"2023-10-17 21:28:21"
22167,2420,6,"2024-04-05 15:27:59"
22168,4751,6,"2024-03-02 06:57:10"
22169,4754,6,"2023-11-13 02:53:25"
22170,2677,6,"2023-08-17 07:24:19"
22171,1543,6,"2023-09-05 09:46:36"
22172,5014,6,"2024-03-29 07:37:08"
22173,7106,6,"2023-09-08 01:32:16"
22174,2542,6,"2024-02-16 08:37:36"
22175,6116,6,"2024-01-24 22:05:44"
22176,5720,6,"2023-09-20 15:50:01"
22177,2376,6,"2023-07-19 11:23:55"
22178,7142,6,"2024-01-28 05:05:45"
22179,4286,6,"2023-12-16 18:43:07"
22180,1773,6,"2023-06-22 03:00:38"
22181,6975,6,"2024-03-04 16:52:16"
22182,3878,6,"2023-09-03 12:47:10"
22183,806,6,"2023-10-31 03:33:07"
22184,2108,6,"2024-05-21 06:22:45"
22185,1060,6,"2023-07-12 19:48:53"
22186,4223,6,"2023-12-14 22:56:39"
22187,4365,6,"2024-05-14 01:08:52"
22188,3090,6,"2024-05-18 07:00:34"
22189,5985,6,"2024-06-13 16:03:26"
22190,383,6,"2023-09-09 17:22:53"
22191,5160,6,"2023-11-30 18:33:48"
22192,776,6,"2024-03-19 17:38:28"
22193,630,6,"2024-01-02 08:53:36"
22194,4349,6,"2024-02-23 22:40:46"
22195,1336,6,"2024-04-09 08:24:56"
22196,6106,6,"2024-04-20 02:27:06"
22197,4096,6,"2024-01-26 03:13:50"
22198,358,6,"2023-12-16 08:37:21"
22199,2753,6,"2024-04-15 13:52:08"
22200,994,6,"2024-02-14 19:58:57"
22201,7286,6,"2024-03-05 03:00:24"
22202,3499,6,"2023-08-22 03:03:19"
22203,5110,6,"2024-04-28 10:43:13"
22204,5755,6,"2023-07-13 05:02:46"
22205,7541,6,"2024-02-10 05:25:15"
22206,2173,6,"2023-07-01 00:49:34"
22207,5188,6,"2024-04-20 21:34:17"
22208,6424,6,"2024-03-10 01:17:11"
22209,2238,6,"2024-01-01 01:54:20"
22210,5097,6,"2023-12-13 02:27:47"
22211,5274,6,"2023-08-11 23:33:04"
22212,2975,6,"2024-01-13 03:02:40"
22213,2906,6,"2023-12-04 18:29:43"
22214,606,6,"2023-09-13 05:40:14"
22215,1958,6,"2023-12-27 16:30:55"
22216,2362,6,"2024-01-27 12:42:39"
22217,1895,6,"2024-02-04 08:00:49"
22218,7445,6,"2023-11-14 10:25:04"
22219,90,6,"2024-03-02 09:09:05"
22220,7549,6,"2024-06-14 02:56:57"
22221,1786,6,"2024-01-09 14:10:33"
22222,5616,6,"2023-11-16 14:50:18"
22223,4399,6,"2023-10-08 18:53:45"
22224,5661,6,"2023-08-01 05:12:11"
22225,3860,6,"2023-09-18 12:15:08"
22226,6923,6,"2024-05-04 18:05:43"
22227,717,6,"2023-07-19 04:04:30"
22228,6019,6,"2024-02-29 01:31:37"
22229,2413,6,"2024-03-02 18:44:29"
22230,7224,6,"2024-02-26 09:28:28"
22231,7017,6,"2023-09-29 12:37:42"
22232,6011,6,"2023-09-26 09:57:56"
22233,2341,6,"2024-02-24 23:37:36"
22234,3787,6,"2024-02-24 02:11:37"
22235,2131,6,"2023-12-13 10:04:38"
22236,2929,6,"2023-08-04 08:15:28"
22237,7245,6,"2023-09-27 16:25:45"
22238,5389,6,"2024-04-26 17:18:54"
22239,1465,6,"2024-04-16 23:38:57"
22240,885,6,"2024-03-10 12:49:49"
22241,1002,6,"2023-11-25 14:14:26"
22242,2396,6,"2024-06-04 13:00:07"
22243,3785,6,"2024-03-26 04:10:05"
22244,3197,6,"2024-04-21 19:22:37"
22245,7434,6,"2023-09-05 19:21:45"
22246,5788,6,"2023-08-13 16:54:02"
22247,4165,6,"2023-07-11 03:57:18"
22248,6657,6,"2023-10-23 22:06:44"
22249,723,6,"2024-02-16 18:50:47"
22250,1774,6,"2024-01-17 09:11:56"
22251,7428,6,"2023-08-21 07:27:05"
22252,5320,6,"2024-04-04 08:15:55"
22253,174,6,"2023-08-05 02:41:38"
22254,871,6,"2024-02-23 02:13:35"
22255,6150,6,"2024-05-22 09:34:23"
22256,7492,6,"2024-05-23 23:07:36"
22257,4434,6,"2023-11-03 10:17:48"
22258,1291,6,"2023-08-15 05:41:05"
22259,1715,6,"2024-01-11 16:59:25"
22260,2686,6,"2024-03-14 12:16:32"
22261,469,6,"2024-05-17 04:28:36"
22262,1335,6,"2024-03-24 14:34:08"
22263,1734,6,"2023-08-13 21:36:34"
22264,2183,6,"2023-09-14 07:48:32"
22265,3822,6,"2023-07-03 20:52:29"
22266,6518,6,"2023-10-25 17:59:52"
22267,1566,6,"2024-05-21 04:01:52"
22268,5446,6,"2024-01-20 06:05:23"
22269,1596,6,"2023-09-25 03:23:05"
22270,4647,6,"2023-09-18 10:43:36"
22271,350,6,"2023-07-13 04:07:02"
22272,3361,6,"2024-01-13 02:43:30"
22273,2699,6,"2023-12-16 03:39:56"
22274,4649,6,"2023-10-09 23:35:29"
22275,2756,6,"2024-04-19 16:41:44"
22276,5133,6,"2024-03-30 13:12:56"
22277,3213,6,"2023-12-18 05:46:44"
22278,3548,6,"2024-05-26 19:43:41"
22279,2721,6,"2023-10-18 05:41:40"
22280,1852,6,"2024-01-04 14:16:09"
22281,4856,6,"2024-02-19 13:06:10"
22282,3351,6,"2023-08-05 22:51:07"
22283,1466,6,"2024-04-30 23:06:45"
22284,4501,6,"2024-03-09 01:16:07"
22285,2200,6,"2024-03-16 22:59:25"
22286,5080,6,"2023-10-18 20:48:34"
22287,6888,6,"2023-09-18 09:44:23"
22288,4071,6,"2024-03-12 05:16:43"
22289,2573,6,"2023-07-23 12:32:42"
22290,3380,6,"2023-08-08 18:35:13"
22291,1306,6,"2023-07-25 02:34:58"
22292,1907,6,"2024-03-02 20:20:22"
22293,5734,6,"2023-07-29 01:29:35"
22294,619,6,"2023-06-24 22:01:19"
22295,2461,6,"2023-09-16 09:36:27"
22296,5248,6,"2024-02-15 10:00:39"
22297,6668,6,"2023-11-30 10:04:08"
22298,1572,6,"2023-10-25 03:03:22"
22299,3582,6,"2023-10-18 19:18:45"
22300,4077,6,"2023-10-26 22:07:50"
22301,380,6,"2023-09-30 22:01:17"
22302,5939,6,"2024-03-16 00:29:48"
22303,6438,6,"2023-07-02 12:13:22"
22304,2417,6,"2024-06-13 02:07:40"
22305,1775,6,"2023-06-22 21:37:35"
22306,743,6,"2024-06-07 11:05:45"
22307,6256,6,"2024-06-06 07:22:10"
22308,6115,6,"2023-11-15 03:49:13"
22309,517,6,"2024-02-21 18:03:51"
22310,649,6,"2024-02-23 01:48:53"
22311,6396,6,"2024-05-25 12:01:46"
22312,4391,6,"2024-04-05 23:48:10"
22313,782,6,"2023-12-11 18:59:52"
22314,5439,6,"2024-02-05 00:34:45"
22315,6760,6,"2024-01-06 04:08:06"
22316,2963,6,"2024-01-11 18:06:59"
22317,7003,6,"2023-07-28 06:46:42"
22318,1574,6,"2024-01-15 23:18:46"
22319,4861,6,"2024-05-13 03:15:51"
22320,3862,6,"2024-02-22 22:42:49"
22321,312,6,"2024-02-08 05:21:22"
22322,1296,6,"2023-08-04 02:49:51"
22323,3623,6,"2024-01-22 13:05:57"
22324,3155,6,"2023-08-12 08:30:27"
22325,2952,6,"2023-08-01 05:35:37"
22326,2612,6,"2024-03-08 10:19:26"
22327,5946,6,"2023-12-04 20:33:22"
22328,5072,6,"2024-02-16 17:17:39"
22329,4079,6,"2023-07-15 05:31:05"
22330,2415,6,"2023-11-22 02:17:05"
22331,6243,6,"2024-04-26 05:07:40"
22332,3871,6,"2024-02-13 22:36:34"
22333,6922,6,"2023-12-13 19:46:53"
22334,6364,6,"2024-04-12 09:53:11"
22335,3137,6,"2024-01-05 17:55:11"
22336,5886,6,"2023-07-16 08:30:51"
22337,1541,6,"2023-11-06 04:34:44"
22338,6976,6,"2024-02-24 10:15:55"
22339,5494,6,"2024-04-30 18:57:44"
22340,4438,6,"2024-02-26 21:12:47"
22341,3680,6,"2024-05-11 11:37:48"
22342,2178,6,"2023-12-17 19:39:01"
22343,611,6,"2024-05-11 15:59:59"
